id_a,id_b,nombre_a,nombre_b,grado_a,grado_b,n_senales,nombre,sinonimo,referencia,externo,vecindario,jaccard,detalle_nombre,detalle_sinonimo,detalle_referencia,detalle_externo,detalle_vecindario,detalle_jaccard,alguno_es_cascara,de_identidad,grado_secundario
EFO_0009086,MONDO_0002277,arteriosclerosis,arteriosclerosis disorder,6220,6193,4,True,True,False,True,False,True,arteriosclerosis,arteriosclerosis,,C0003850,,0.994,False,True,6193
MONDO_0007120,Orphanet_1069,aniridia-absent patella syndrome,Aniridia - absent patella,149,140,4,True,True,True,False,False,True,aniridia absent patella,aniridia absent patella,Orphanet:1069,,,0.94,False,True,140
MONDO_0007225,Orphanet_1118,fibular aplasia-ectrodactyly syndrome,Fibular aplasia - ectrodactyly,174,158,4,True,True,True,False,False,True,fibular aplasia ectrodactyly,fibular aplasia ectrodactyly,Orphanet:1118,,,0.908,False,True,158
MONDO_0007226,Orphanet_1246,brachydactyly-nystagmus-cerebellar ataxia syndrome,Brachydactyly - nystagmus - cerebellar ataxia,26,25,4,True,True,True,False,False,True,brachydactyly nystagmus cerebellar ataxia,brachydactyly - nystagmus - cerebellar ataxia,Orphanet:1246,,,0.962,False,True,25
MONDO_0007438,Orphanet_99792,dentin dysplasia-sclerotic bones syndrome,Dentin dysplasia - sclerotic bones,193,192,4,True,True,True,False,False,True,dentin dysplasia sclerotic bones,dentin dysplasia sclerotic bones,Orphanet:99792,,,0.995,False,True,192
MONDO_0008158,Orphanet_1562,dacryocystitis-osteopoikilosis syndrome,Dacryocystitis - osteopoikilosis,141,140,4,True,True,True,False,False,True,dacryocystitis osteopoikilosis,dacryocystitis osteopoikilosis,Orphanet:1562,,,0.993,False,True,140
MONDO_0008245,Orphanet_2885,piebald trait-neurologic defects syndrome,Piebald trait - neurologic defects,178,167,4,True,True,True,False,False,True,piebald trait neurologic defects,piebald trait neurologic defects,Orphanet:2885,,,0.938,False,True,167
MONDO_0008402,Orphanet_2013,cleft palate-large ears-small head syndrome,Cleft palate - large ears - small head,41,38,4,True,True,True,False,False,True,cleft palate large ears small head,cleft palate large ears small head,Orphanet:2013,,,0.927,False,True,38
MONDO_0008488,Orphanet_3186,holoprosencephaly-radial heart renal anomalies syndrome,Holoprosencephaly - radial heart renal anomalies,61,55,4,True,True,True,False,False,True,holoprosencephaly radial heart renal anomalies,holoprosencephaly radial heart renal anomalies,Orphanet:3186,,,0.902,False,True,55
MONDO_0008607,Orphanet_2947,triphalangeal thumbs-brachyectrodactyly syndrome,Triphalangeal thumbs - brachyectrodactyly,41,40,4,True,True,True,False,False,True,triphalangeal thumbs brachyectrodactyly,triphalangeal thumbs brachyectrodactyly,Orphanet:2947,,,0.976,False,True,40
MONDO_0008665,Orphanet_2997,ptosis-vocal cord paralysis syndrome,Ptosis - vocal cord paralysis,12,11,4,True,True,True,False,False,True,ptosis vocal cord paralysis,ptosis vocal cord paralysis,Orphanet:2997,,,0.917,False,True,11
MONDO_0008796,Orphanet_1064,aniridia-renal agenesis-psychomotor retardation syndrome,Aniridia - renal agenesis - psychomotor retardation,46,43,4,True,True,True,False,False,True,aniridia renal agenesis psychomotor retardation,aniridia renal agenesis psychomotor retardation,Orphanet:1064,,,0.935,False,True,43
MONDO_0008894,Orphanet_1375,cataract-hypertrichosis-intellectual disability syndrome,Cataract - hypertrichosis - intellectual disability,139,137,4,True,True,True,False,False,True,cataract hypertrichosis intellectual disability,"cataract, hypertrichosis, intellectual disability syndrome",Orphanet:1375,,,0.986,False,True,137
MONDO_0009182,Orphanet_79404,junctional epidermolysis bullosa Herlitz type,"Junctional epidermolysis bullosa, Herlitz type",68,68,4,True,True,True,False,False,True,junctional epidermolysis bullosa herlitz type,"junctional epidermolysis bullosa, Herlitz type",Orphanet:79404,,,0.971,False,True,68
MONDO_0009268,Orphanet_2072,Gaucher disease-ophthalmoplegia-cardiovascular calcification syndrome,Gaucher disease - ophthalmoplegia - cardiovascular calcification,32,30,4,True,True,True,False,False,True,gaucher disease ophthalmoplegia cardiovascular calcification,Gaucher disease - ophthalmoplegia - cardiovascular calcification,Orphanet:2072,,,0.938,False,True,30
MONDO_0009363,Orphanet_2181,hydrocephaly-tall stature-joint laxity syndrome,Hydrocephaly - tall stature - joint laxity,27,25,4,True,True,True,False,False,True,hydrocephaly tall stature joint laxity,hydrocephaly - tall stature - joint laxity,Orphanet:2181,,,0.926,False,True,25
MONDO_0009900,Orphanet_2934,polysyndactyly-cardiac malformation syndrome,Polysyndactyly - cardiac malformation,43,42,4,True,True,True,False,False,True,polysyndactyly cardiac malformation,polysyndactyly cardiac malformation,Orphanet:2934,,,0.977,False,True,42
MONDO_0010031,Orphanet_816,Sjogren-Larsson syndrome,Sjögren-Larsson syndrome,144,37,4,True,True,True,True,False,False,sjogren larsson,Sjogren Larsson syndrome,Orphanet:816,C0037231,,,False,True,37
MONDO_0010558,Orphanet_1435,choroideremia-deafness-obesity syndrome,Choroideremia - deafness - obesity,94,101,4,True,True,True,False,False,True,choroideremia deafness obesity,choroideremia deafness obesity,Orphanet:1435,,,0.912,False,True,94
MONDO_0010652,Orphanet_3052,X-linked intellectual disability-seizures-psoriasis syndrome,X-linked intellectual disability - seizures - psoriasis,23,22,4,True,True,True,False,False,True,x linked intellectual disability seizures psoriasis,X-linked intellectual disability - seizures - psoriasis,Orphanet:3052,,,0.957,False,True,22
MONDO_0010710,Orphanet_2888,Pierre Robin syndrome-faciodigital anomaly syndrome,Pierre Robin syndrome - faciodigital anomaly,100,99,4,True,True,True,False,False,True,pierre robin syndrome faciodigital anomaly,"Pierre Robin syndrome, faciodigital anomaly",Orphanet:2888,,,0.99,False,True,99
MONDO_0010748,Orphanet_3341,torticollis-keloids-cryptorchidism-renal dysplasia syndrome,Torticollis - keloids - cryptorchidism - renal dysplasia,267,263,4,True,True,True,False,False,True,torticollis keloids cryptorchidism renal dysplasia,torticollis keloids cryptorchidism renal dysplasia,Orphanet:3341,,,0.985,False,True,263
MONDO_0010789,Orphanet_550,MELAS syndrome,MELAS,89,224,4,True,True,True,True,False,False,melas,MELAS,Orphanet:550,C0162671,,,False,True,89
MONDO_0010855,Orphanet_2832,short tarsus-absence of lower eyelashes syndrome,Short tarsus - absence of lower eyelashes,14,13,4,True,True,True,False,False,True,short tarsus absence of lower eyelashes,short tarsus absence of lower eyelashes,Orphanet:2832,,,0.929,False,True,13
MONDO_0011048,Orphanet_1948,epilepsy-microcephaly-skeletal dysplasia syndrome,Epilepsy - microcephaly - skeletal dysplasia,10,9,4,True,True,True,False,False,True,epilepsy microcephaly skeletal dysplasia,epilepsy - microcephaly - skeletal dysplasia,Orphanet:1948,,,0.9,False,True,9
MONDO_0011059,Orphanet_2163,holoprosencephaly-craniosynostosis syndrome,Holoprosencephaly - craniosynostosis,34,32,4,True,True,True,False,False,True,holoprosencephaly craniosynostosis,holoprosencephaly craniosynostosis,Orphanet:2163,,,0.941,False,True,32
MONDO_0011669,Orphanet_163690,hypotonia-cystinuria syndrome,Hypotonia - cystinuria syndrome,894,880,4,True,True,True,False,False,True,hypotonia cystinuria,hypotonia-cystinuria syndrome,Orphanet:163690,,,0.984,False,True,880
MONDO_0011883,Orphanet_307766,Curly hair - acral keratoderma - caries syndrome,Curly hair-acral keratoderma-caries syndrome,72,70,4,True,True,True,False,False,True,curly hair acral keratoderma caries,Curly hair - acral keratoderma - caries syndrome,Orphanet:307766,,,0.972,True,True,70
MONDO_0012043,Orphanet_98961,Reis-Bucklers corneal dystrophy,Reis-Bücklers corneal dystrophy,101,98,4,True,True,True,False,False,True,reis bucklers corneal dystrophy,Reis Bucklers corneal dystrophy,Orphanet:98961,,,0.97,False,True,98
MONDO_0012786,Orphanet_247794,juvenile cataract-microcornea-renal glucosuria syndrome,Juvenile cataract - microcornea - renal glucosuria,307,305,4,True,True,True,False,False,True,juvenile cataract microcornea renal glucosuria,juvenile cataract-microcornea-renal glucosuria syndrome,Orphanet:247794,,,0.993,False,True,305
MONDO_0013971,Orphanet_314051,leukoencephalopathy-thalamus and brainstem anomalies-high lactate syndrome,Leukoencephalopathy - thalamus and brainstem anomalies - high lactate,40,38,4,True,True,True,False,False,True,leukoencephalopathy thalamus and brainstem anomalies high lactate,leukoencephalopathy-thalamus and brainstem anomalies-high lactate syndrome,Orphanet:314051,,,0.95,False,True,38
MONDO_0019772,Orphanet_93964,blepharospasm-oromandibular dystonia syndrome,Blepharospasm - oromandibular dystonia,35,34,4,True,True,True,False,False,True,blepharospasm oromandibular dystonia,blepharospasm - oromandibular dystonia,Orphanet:93964,,,0.971,True,True,34
EFO_0009012,MONDO_0019170,Polyarteritis Nodosa,polyarteritis nodosa,1156,48,3,True,True,False,True,False,False,polyarteritis nodosa,polyarteritis nodosa,,C0031036,,,False,True,48
EFO_0009049,MONDO_0009066,Juvenile nephropathic cystinosis,juvenile nephropathic cystinosis,127,122,3,True,True,False,False,False,True,juvenile nephropathic cystinosis,juvenile nephropathic cystinosis,,,,0.93,False,True,122
MONDO_0001703,Orphanet_98658,color vision disorder,Color-vision disease,1024,621,3,True,True,True,False,False,False,color vision,color-vision disease,Orphanet:98658,,,,False,True,621
MONDO_0002525,Orphanet_309005,inherited lipid metabolism disorder,Disorder of lipid metabolism,6598,2427,3,False,True,True,True,False,False,,disorder of lipid metabolism,Orphanet:309005,C0154251,,,False,True,2427
MONDO_0006037,Orphanet_2189,hydrolethalus syndrome,Hydrolethalus,69,157,3,True,True,True,False,False,False,hydrolethalus,hydrolethalus,Orphanet:2189,,,,False,True,69
MONDO_0007124,Orphanet_1071,ankyloblepharon-ectodermal defects-cleft lip/palate syndrome,Ankyloblepharon - ectodermal defects - cleft lip/palate,81,117,3,True,True,True,False,False,False,ankyloblepharon ectodermal defects cleft lip palate,Ankyloblepharon ectodermal defects cleft lip/palate,Orphanet:1071,,,,False,True,81
MONDO_0007202,Orphanet_1259,blepharoptosis-myopia-ectopia lentis syndrome,Blepharoptosis - myopia - ectopia lentis,112,69,3,True,True,True,False,False,False,blepharoptosis myopia ectopia lentis,blepharoptosis myopia ectopia lentis,Orphanet:1259,,,,False,True,69
MONDO_0007205,Orphanet_85182,diaphyseal medullary stenosis-bone malignancy syndrome,Diaphyseal medullary stenosis - bone malignancy,29,45,3,True,True,True,False,False,False,diaphyseal medullary stenosis bone malignancy,diaphyseal medullary stenosis-bone malignancy syndrome,Orphanet:85182,,,,False,True,29
MONDO_0007230,Orphanet_1292,Brachymorphism-onychodysplasia-dysphalangism syndrome,Brachymorphism - onychodysplasia - dysphalangism,17,12,3,True,True,True,False,False,False,brachymorphism onychodysplasia dysphalangism,Brachymorphism onychodysplasia dysphalangism syndrome,Orphanet:1292,,,,True,True,12
MONDO_0007353,Orphanet_1471,coloboma of macula-brachydactyly type B syndrome,Coloboma of macula - brachydactyly type B,32,29,3,True,False,True,False,False,True,coloboma of macula brachydactyly type b,,Orphanet:1471,,,0.906,False,True,29
MONDO_0007355,Orphanet_1473,uveal coloboma-cleft lip and palate-intellectual disability,Uveal coloboma - cleft lip and palate - intellectual disability,157,103,3,True,True,True,False,False,False,uveal coloboma cleft lip and palate intellectual disability,uveal coloboma-cleft lip and palate-intellectual disability,Orphanet:1473,,,,False,True,103
MONDO_0007401,Orphanet_1538,craniosynostosis-Dandy-Walker malformation-hydrocephalus syndrome,Craniosynostosis - Dandy-Walker malformation - hydrocephalus,53,47,3,True,True,True,False,False,False,craniosynostosis dandy walker malformation hydrocephalus,craniosynostosis-Dandy-Walker malformation-hydrocephalus syndrome,Orphanet:1538,,,,False,True,47
MONDO_0007405,Orphanet_207,Crouzon syndrome,Crouzon disease,104,32,3,True,True,True,False,False,False,crouzon,Crouzon disease,Orphanet:207,,,,False,True,32
MONDO_0007420,Orphanet_79499,autosomal dominant deafness - onychodystrophy syndrome,Autosomal dominant deafness-onychodystrophy syndrome,23,79,3,True,True,True,False,False,False,autosomal dominant deafness onychodystrophy,autosomal dominant deafness-onychodystrophy syndrome,Orphanet:79499,,,,False,True,23
MONDO_0007435,Orphanet_101,dentatorubral-pallidoluysian atrophy,Dentatorubral pallidoluysian atrophy,229,282,3,True,True,True,False,False,False,dentatorubral pallidoluysian atrophy,dentatorubral pallidoluysian atrophy,Orphanet:101,,,,False,True,229
MONDO_0007470,Orphanet_85192,calvarial doughnut lesions-bone fragility syndrome,Calvarial doughnut lesions - bone fragility,109,108,3,True,False,True,False,False,True,calvarial doughnut lesions bone fragility,,Orphanet:85192,,,0.991,False,True,108
MONDO_0007481,Orphanet_240,Leri-Weill dyschondrosteosis,Léri-Weill dyschondrosteosis,326,319,3,True,True,True,False,False,False,leri weill dyschondrosteosis,Leri Weill dyschondrosteosis,Orphanet:240,,,,False,True,319
MONDO_0007504,Orphanet_2405,thickened earlobes-conductive deafness syndrome,Thickened earlobes - conductive deafness,50,49,3,True,False,True,False,False,True,thickened earlobes conductive deafness,,Orphanet:2405,,,0.98,False,True,49
MONDO_0007507,Orphanet_1658,absence of fingerprints-congenital milia syndrome,Absence of fingerprints - congenital milia,24,25,3,True,True,True,False,False,False,absence of fingerprints congenital milia,absence of fingerprints congenital milia,Orphanet:1658,,,,False,True,24
MONDO_0007555,Orphanet_79401,"pidermolysis bullosa simplex 5A, Ogna type","Epidermolysis bullosa simplex, Ogna type",23,22,3,False,True,True,False,False,True,,"epidermolysis bullosa simplex, Ogna type",Orphanet:79401,,,0.957,False,True,22
MONDO_0007620,Orphanet_79292,fish eye disease,Fish-eye disease,71,353,3,True,True,True,False,False,False,fish eye,fish eye disease,Orphanet:79292,,,,False,True,71
MONDO_0007666,Orphanet_2085,glaucoma-sleep apnea syndrome,Glaucoma - sleep apnea,2,1,3,True,True,True,False,False,False,glaucoma sleep apnea,glaucoma sleep apnea,Orphanet:2085,,,,True,True,1
MONDO_0007716,Orphanet_98791,alpha thalassemia-intellectual disability syndrome type 1,Alpha-thalassemia - intellectual disability syndrome linked to chromosome 16,428,418,3,False,True,True,False,False,True,,alpha-thalassemia-intellectual disability syndrome linked to chromosome 16,Orphanet:98791,,,0.958,True,True,418
MONDO_0007787,Orphanet_1023,Ambras type hypertrichosis universalis congenita,"Congenital generalized hypertrichosis, Ambras type",60,58,3,False,True,True,False,False,True,,"congenital generalized hypertrichosis, Ambras type",Orphanet:1023,,,0.967,False,True,58
MONDO_0007791,Orphanet_93372,familial hypocalciuric hypercalcemia 1,Familial hypocalciuric hypercalcemia type 1,73,72,3,False,True,True,False,False,True,,familial hypocalciuric hypercalcemia type 1,Orphanet:93372,,,0.959,False,True,72
MONDO_0007792,Orphanet_101049,familial hypocalciuric hypercalcemia 2,Familial hypocalciuric hypercalcemia type 2,46,44,3,False,True,True,False,False,True,,familial hypocalciuric hypercalcemia type 2,Orphanet:101049,,,0.957,False,True,44
MONDO_0007795,Orphanet_2491,mullerian duct anomalies-limb anomalies syndrome,Müllerian duct anomalies - limb anomalies,52,79,3,True,True,True,False,False,False,mullerian duct anomalies limb anomalies,Müllerian duct anomalies-limb anomalies syndrome,Orphanet:2491,,,,False,True,52
MONDO_0007885,Orphanet_2380,Legg-Calve-Perthes disease,Legg-Calvé-Perthes disease,104,91,3,True,True,True,False,False,False,legg calve perthes,Legg Calvé Perthes Disease,Orphanet:2380,,,,False,True,91
MONDO_0007917,Orphanet_86914,lymphedema-cerebral arteriovenous anomaly syndrome,Lymphedema - cerebral arteriovenous anomaly,28,27,3,True,False,True,False,False,True,lymphedema cerebral arteriovenous anomaly,,Orphanet:86914,,,0.964,False,True,27
MONDO_0007922,Orphanet_33001,lymphedema-distichiasis syndrome,Lymphedema - distichiasis,48,30,3,True,True,True,False,False,False,lymphedema distichiasis,lymphedema-distichiasis syndrome,Orphanet:33001,,,,False,True,30
MONDO_0007984,Orphanet_2504,metaphyseal dysplasia-maxillary hypoplasia-brachydacty syndrome,Metaphyseal dysplasia - maxillary hypoplasia - brachydacty,98,97,3,True,False,True,False,False,True,metaphyseal dysplasia maxillary hypoplasia brachydacty,,Orphanet:2504,,,0.99,False,True,97
MONDO_0007992,Orphanet_2536,microcornea-glaucoma-absent frontal sinuses syndrome,Microcornea - glaucoma - absent frontal sinuses,22,21,3,True,False,True,False,False,True,microcornea glaucoma absent frontal sinuses,,Orphanet:2536,,,0.955,False,True,21
MONDO_0008016,Orphanet_3377,trismus-pseudocamptodactyly syndrome,Trismus - pseudocamptodactyly,33,30,3,True,True,False,False,False,True,trismus pseudocamptodactyly,trismus-pseudocamptodactyly syndrome,,,,0.909,False,True,30
MONDO_0008038,Orphanet_2585,ataxia-pancytopenia syndrome,Ataxia - pancytopenia,460,27,3,True,True,True,False,False,False,ataxia pancytopenia,ataxia-pancytopenia syndrome,Orphanet:2585,,,,False,True,27
MONDO_0008043,Orphanet_2589,myoclonus-cerebellar ataxia-deafness syndrome,Myoclonus - cerebellar ataxia - deafness,122,75,3,True,True,True,False,False,False,myoclonus cerebellar ataxia deafness,myoclonus cerebellar ataxia deafness,Orphanet:2589,,,,False,True,75
MONDO_0008090,Orphanet_2686,cyclic hematopoiesis,Cyclic neutropenia,774,257,3,False,True,True,True,False,False,,cyclic neutropenia,Orphanet:2686,C0221023,,,False,True,257
MONDO_0008341,Orphanet_2999,ptosis-strabismus-ectopic pupils syndrome,Ptosis - strabismus - ectopic pupils,7,6,3,True,True,True,False,False,False,ptosis strabismus ectopic pupils,ptosis strabismus ectopic pupils,Orphanet:2999,,,,False,True,6
MONDO_0008357,Orphanet_2252,radial hypoplasia-triphalangeal thumbs-hypospadias-maxillary diastema syndrome,Radial hypoplasia - triphalangeal thumbs - hypospadias - maxillary diastema,37,5,3,True,True,True,False,False,False,radial hypoplasia triphalangeal thumbs hypospadias maxillary diastema,radial hypoplasia triphalangeal thumbs hypospadias maxillary diastema,Orphanet:2252,,,,True,True,5
MONDO_0008403,Orphanet_1003,scalp defects-postaxial polydactyly syndrome,Scalp defects - postaxial polydactyly,26,17,3,True,True,True,False,False,False,scalp defects postaxial polydactyly,scalp defects postaxial polydactyly,Orphanet:1003,,,,False,True,17
MONDO_0008440,Orphanet_2820,spastic paraplegia-nephritis-deafness syndrome,Spastic paraplegia - nephritis - deafness,91,71,3,True,True,True,False,False,False,spastic paraplegia nephritis deafness,spastic paraplegia - nephritis - deafness,Orphanet:2820,,,,False,True,71
MONDO_0008442,Orphanet_2821,spastic paraplegia-neuropathy-poikiloderma syndrome,Spastic paraplegia - neuropathy - poikiloderma,34,27,3,True,True,True,False,False,False,spastic paraplegia neuropathy poikiloderma,spastic paraplegia neuropathy poikiloderma,Orphanet:2821,,,,False,True,27
MONDO_0008445,Orphanet_3038,delayed speech-facial asymmetry-strabismus-ear lobe creases syndrome,Delayed speech - facial asymmetry - strabismus - ear lobe creases,11,10,3,True,False,True,False,False,True,delayed speech facial asymmetry strabismus ear lobe creases,,Orphanet:3038,,,0.909,True,True,10
MONDO_0008486,Orphanet_3184,steatocystoma multiplex-natal teeth syndrome,Steatocystoma multiplex - natal teeth,59,58,3,True,False,True,False,False,True,steatocystoma multiplex natal teeth,,Orphanet:3184,,,0.983,False,True,58
MONDO_0008520,Orphanet_1275,brachydactyly-elbow wrist dysplasia syndrome,Brachydactyly - elbow wrist dysplasia,124,79,3,True,True,True,False,False,False,brachydactyly elbow wrist dysplasia,brachydactyly elbow wrist dysplasia,Orphanet:1275,,,,False,True,79
MONDO_0008562,Orphanet_2251,thumb deformity-alopecia-pigmentation anomaly syndrome,Thumb deformity - alopecia - pigmentation anomaly,58,7,3,True,True,True,False,False,False,thumb deformity alopecia pigmentation anomaly,"thumb deformity, alopecia, pigmentation anomaly",Orphanet:2251,,,,True,True,7
MONDO_0008645,Orphanet_3201,ventricular extrasystoles with syncopal episodes-perodactyly-robin sequence syndrome,Ventricular extrasystoles with syncopal episodes - perodactyly - Robin sequence,124,94,3,True,True,True,False,False,False,ventricular extrasystoles with syncopal episodes perodactyly robin sequence,ventricular extrasystoles with syncopal episodes - perodactyly - Robin sequence,Orphanet:3201,,,,False,True,94
MONDO_0008699,Orphanet_929,achalasia microcephaly syndrome,Achalasia - microcephaly,11,6,3,True,True,True,False,False,False,achalasia microcephaly,achalasia microcephaly,Orphanet:929,,,,True,True,6
MONDO_0008714,Orphanet_1788,acrofacial dysostosis Rodriguez type,"Acrofacial dysostosis, Rodríguez type",73,118,3,True,True,True,False,False,False,acrofacial dysostosis rodriguez type,"acrofacial dysostosis, Rodríguez type",Orphanet:1788,,,,False,True,73
MONDO_0008750,Orphanet_2513,microcephaly-albinism-digital anomalies syndrome,Microcephaly - albinism - digital anomalies,164,145,3,True,True,True,False,False,False,microcephaly albinism digital anomalies,microcephaly-albinism-digital anomalies syndrome,Orphanet:2513,,,,False,True,145
MONDO_0008754,Orphanet_1005,alopecia - contractures - dwarfism - intellectual disability syndrome,Alopecia-contractures-dwarfism-intellectual disability syndrome,75,83,3,True,True,True,False,False,False,alopecia contractures dwarfism intellectual disability,alopecia-contractures-dwarfism intellectual disability syndrome,Orphanet:1005,,,,False,True,75
MONDO_0008756,Orphanet_2850,alopecia - intellectual disability syndrome,Alopecia-intellectual disability syndrome,2,165,3,True,True,True,False,False,False,alopecia intellectual disability,alopecia-intellectual disability syndrome,Orphanet:2850,,,,False,True,2
MONDO_0008767,Orphanet_228346,neuronal ceroid lipofuscinosis 3,CLN3 disease,60,58,3,False,True,True,False,False,True,,CLN3,Orphanet:228346,,,0.934,False,True,58
MONDO_0008799,Orphanet_77298,anophthalmia/microphthalmia-esophageal atresia syndrome,Anophthalmia/microphthalmia - esophageal atresia,54,51,3,True,True,True,False,False,False,anophthalmia microphthalmia esophageal atresia,anophthalmia microphthalmia esophageal atresia,Orphanet:77298,,,,False,True,51
MONDO_0008808,Orphanet_1116,aplasia cutis congenita-intestinal lymphangiectasia syndrome,Aplasia cutis congenita - intestinal lymphangiectasia,220,109,3,True,True,True,False,False,False,aplasia cutis congenita intestinal lymphangiectasia,aplasia cutis congenita intestinal lymphangiectasia,Orphanet:1116,,,,False,True,109
MONDO_0008809,Orphanet_2926,polyneuropathy-hand defect syndrome,Polyneuropathy - hand defect,7,13,3,True,True,True,False,False,False,polyneuropathy hand defect,"polyneuropathy, hand defect",Orphanet:2926,,,,False,True,7
MONDO_0008814,Orphanet_90,hyperargininemia,Argininemia,54,98,3,False,True,True,True,False,False,,argininemia,Orphanet:90,C0268548,,,False,True,54
MONDO_0008825,Orphanet_1150,arthrogryposis multiplex congenita-whistling face syndrome,Arthrogryposis multiplex congenita - whistling face,33,28,3,True,True,True,False,False,False,arthrogryposis multiplex congenita whistling face,arthrogryposis multiplex congenita whistling face,Orphanet:1150,,,,False,True,28
MONDO_0008840,Orphanet_100,ataxia telangiectasia,Ataxia-telangiectasia,95,2715,3,True,True,True,False,False,False,ataxia telangiectasia,ataxia - telangiectasia,Orphanet:100,,,,False,True,95
MONDO_0008875,Orphanet_2057,blepharophimosis-ptosis-esotropia-syndactyly-short stature syndrome,Blepharophimosis - ptosis - esotropia - syndactyly - short stature,28,19,3,True,True,True,False,False,False,blepharophimosis ptosis esotropia syndactyly short stature,blepharophimosis - ptosis - esotropia - syndactyly - short stature,Orphanet:2057,,,,False,True,19
MONDO_0008919,Orphanet_158,systemic primary carnitine deficiency disease,Systemic primary carnitine deficiency,192,62,3,True,True,True,False,False,False,systemic primary carnitine deficiency,systemic primary carnitine deficiency,Orphanet:158,,,,False,True,62
MONDO_0008924,Orphanet_1376,congenital cataract-ichthyosis syndrome,Congenital cataract - ichthyosis,221,220,3,True,False,True,False,False,True,congenital cataract ichthyosis,,Orphanet:1376,,,0.995,False,True,220
MONDO_0008928,Orphanet_1368,cataract-ataxia-deafness syndrome,Cataract - ataxia - deafness,72,38,3,True,True,True,False,False,False,cataract ataxia deafness,cataract ataxia deafness,Orphanet:1368,,,,False,True,38
MONDO_0008935,Orphanet_1173,cerebellar ataxia-hypogonadism syndrome,Cerebellar ataxia - hypogonadism,55,107,3,True,True,True,False,False,False,cerebellar ataxia hypogonadism,cerebellar ataxia - hypogonadism,Orphanet:1173,,,,False,True,55
MONDO_0008941,Orphanet_2031,hepatic fibrosis-renal cysts-intellectual disability syndrome,Hepatic fibrosis - renal cysts - intellectual disability,32,31,3,True,False,True,False,False,True,hepatic fibrosis renal cysts intellectual disability,,Orphanet:2031,,,0.969,False,True,31
MONDO_0008943,Orphanet_1170,autosomal recessive spinocerebellar ataxia 2,Autosomal recessive cerebelloparenchymal disorder type 3,147,150,3,False,True,True,False,False,True,,autosomal recessive cerebelloparenchymal disorder type 3,Orphanet:1170,,,0.967,False,True,147
MONDO_0008963,Orphanet_167,Chediak-Higashi syndrome,Chédiak-Higashi syndrome,229,2022,3,True,True,True,False,False,False,chediak higashi,Chediak Higashi Syndrome,Orphanet:167,,,,False,True,229
MONDO_0008980,Orphanet_1180,ataxia-hypogonadism-choroidal dystrophy syndrome,Ataxia - hypogonadism - choroidal dystrophy,120,37,3,True,True,True,False,False,False,ataxia hypogonadism choroidal dystrophy,ataxia - hypogonadism - choroidal dystrophy,Orphanet:1180,,,,False,True,37
MONDO_0008993,Orphanet_2010,cleft palate-stapes fixation-oligodontia syndrome,Cleft palate - stapes fixation - oligodontia,64,46,3,True,True,True,False,False,False,cleft palate stapes fixation oligodontia,cleft palate stapes fixation oligodontia,Orphanet:2010,,,,False,True,46
MONDO_0009001,Orphanet_91494,macular coloboma-cleft palate-hallux valgus syndrome,Macular coloboma - cleft palate - hallux valgus,28,27,3,True,False,True,False,False,True,macular coloboma cleft palate hallux valgus,,Orphanet:91494,,,0.964,False,True,27
MONDO_0009018,Orphanet_98972,central cloudy dystrophy of François,Central cloudy dystrophy of Francois,5,187,3,True,True,True,False,False,False,central cloudy dystrophy of francois,central cloudy dystrophy of Francois,Orphanet:98972,,,,False,True,5
MONDO_0009038,Orphanet_1533,craniosynostosis-fibular aplasia syndrome,Craniosynostosis - fibular aplasia,68,67,3,True,False,True,False,False,True,craniosynostosis fibular aplasia,,Orphanet:1533,,,0.985,False,True,67
MONDO_0009085,Orphanet_3239,deafness-vitiligo-achalasia syndrome,Deafness - vitiligo - achalasia,28,23,3,True,True,True,False,False,False,deafness vitiligo achalasia,deafness vitiligo achalasia,Orphanet:3239,,,,False,True,23
MONDO_0009086,Orphanet_3217,deafness-small bowel diverticulosis-neuropathy syndrome,Deafness -  small bowel diverticulosis - neuropathy,77,71,3,True,False,True,False,False,True,deafness small bowel diverticulosis neuropathy,,Orphanet:3217,,,0.922,False,True,71
MONDO_0009089,Orphanet_3230,deafness-oligodontia syndrome,Deafness - oligodontia,45,4,3,True,True,True,False,False,False,deafness oligodontia,deafness oligodontia syndrome,Orphanet:3230,,,,True,True,4
MONDO_0009150,Orphanet_1882,hypohidrotic ectodermal dysplasia-hypothyroidism-ciliary dyskinesia syndrome,Hypohidrotic ectodermal dysplasia - hypothyroidism - ciliary dyskinesia,55,25,3,True,True,True,False,False,False,hypohidrotic ectodermal dysplasia hypothyroidism ciliary dyskinesia,hypohidrotic ectodermal dysplasia - hypothyroidism - ciliary dyskinesia,Orphanet:1882,,,,False,True,25
MONDO_0009156,Orphanet_1892,ectrodactyly-polydactyly syndrome,Ectrodactyly - polydactyly,93,4,3,True,True,True,False,False,False,ectrodactyly polydactyly,ectrodactyly polydactyly,Orphanet:1892,,,,True,True,4
MONDO_0009162,Orphanet_289,Ellis-van Creveld syndrome,Ellis Van Creveld syndrome,108,93,3,True,True,True,False,False,False,ellis van creveld,Ellis Van Creveld Syndrome,Orphanet:289,,,,False,True,93
MONDO_0009188,Orphanet_1951,epilepsy-telangiectasia syndrome,Epilepsy telangiectasia,88,7,3,True,True,True,False,False,False,epilepsy telangiectasia,epilepsy telangiectasia,Orphanet:1951,,,,True,True,7
MONDO_0009265,Orphanet_77259,Gaucher disease type I,Gaucher disease type 1,103,254,3,False,True,True,True,False,False,,Gaucher disease type 1,Orphanet:77259,C1961835,,,False,True,103
MONDO_0009279,Orphanet_869,triple-A syndrome,Triple A syndrome,40,102,3,True,True,True,False,False,False,triple a,triple A syndrome,Orphanet:869,,,,False,True,40
MONDO_0009299,Orphanet_243,46 XX gonadal dysgenesis,"46,XX gonadal dysgenesis",343,472,3,True,True,True,False,False,False,46 xx gonadal dysgenesis,"46,XX gonadal dysgenesis",Orphanet:243,,,,False,True,343
MONDO_0009321,Orphanet_2110,hallux varus-preaxial polysyndactyly syndrome,Hallux varus - preaxial polysyndactyly,80,79,3,True,False,True,False,False,True,hallux varus preaxial polysyndactyly,,Orphanet:2110,,,0.988,False,True,79
MONDO_0009333,Orphanet_1655,mullerian derivatives-lymphangiectasia-polydactyly syndrome,Müllerian derivatives - lymphangiectasia - polydactyly,48,52,3,True,True,True,False,False,False,mullerian derivatives lymphangiectasia polydactyly,Müllerian derivatives-lymphangiectasia-polydactyly syndrome,Orphanet:1655,,,,False,True,48
MONDO_0009344,Orphanet_2153,Hirschsprung disease-nail hypoplasia-dysmorphism syndrome,Hirschsprung disease - nail hypoplasia - dysmorphism,21,20,3,True,False,True,False,False,True,hirschsprung disease nail hypoplasia dysmorphism,,Orphanet:2153,,,0.952,False,True,20
MONDO_0009373,Orphanet_79156,seizures-intellectual disability due to hydroxylysinuria syndrome,Seizures - intellectual disability due to hydroxylysinuria,40,38,3,True,False,True,False,False,True,seizures intellectual disability due to hydroxylysinuria,,Orphanet:79156,,,0.95,False,True,38
MONDO_0009404,Orphanet_2213,"hypertelorism, microtia, facial clefting syndrome",Hypertelorism-microtia-facial clefting syndrome,63,28,3,True,True,True,False,False,False,hypertelorism microtia facial clefting,hypertelorism microtia facial clefting syndrome,Orphanet:2213,,,,False,True,28
MONDO_0009405,Orphanet_2218,cervical hypertrichosis-peripheral neuropathy syndrome,Cervical hypertrichosis - peripheral neuropathy,48,42,3,True,True,True,False,False,False,cervical hypertrichosis peripheral neuropathy,cervical hypertrichosis peripheral neuropathy,Orphanet:2218,,,,False,True,42
MONDO_0009406,Orphanet_1517,hypertrichotic osteochondrodysplasia Cantu type,"Hypertrichotic osteochondrodysplasia, Cantu type",80,75,3,True,True,True,False,False,False,hypertrichotic osteochondrodysplasia cantu type,"hypertrichotic osteochondrodysplasia, Cantu type",Orphanet:1517,,,,False,True,75
MONDO_0009417,Orphanet_2410,hypergonadotropic hypogonadism-cataract syndrome,Hypergonadotropic hypogonadism - cataract syndrome,488,451,3,True,False,True,False,False,True,hypergonadotropic hypogonadism cataract,,Orphanet:2410,,,0.924,False,True,451
MONDO_0009444,Orphanet_2269,ichthyosis-alopecia-eclabion-ectropion-intellectual disability syndrome,Ichthyosis - alopecia - eclabion - ectropion - intellectual disability,70,15,3,True,True,True,False,False,False,ichthyosis alopecia eclabion ectropion intellectual disability,ichthyosis alopecia eclabion ectropion intellectual disability,Orphanet:2269,,,,False,True,15
MONDO_0009490,Orphanet_678,Papillon-Lefevre disease,Papillon-Lefèvre syndrome,71,63,3,True,True,True,False,False,False,papillon lefevre,PAPILLON-Lefevre syndrome,Orphanet:678,,,,False,True,63
MONDO_0009516,Orphanet_2310,absence deformity of leg-cataract syndrome,Absence deformity of leg - cataract,100,90,3,True,False,True,False,False,True,absence deformity of leg cataract,,Orphanet:2310,,,0.9,False,True,90
MONDO_0009524,Orphanet_1891,intellectual disability-spasticity-ectrodactyly syndrome,Intellectual disability - spasticity - ectrodactyly,50,9,3,True,True,True,False,False,False,intellectual disability spasticity ectrodactyly,intellectual disability spasticity ectrodactyly,Orphanet:1891,,,,False,True,9
MONDO_0009543,Orphanet_2083,prominent glabella-microcephaly-hypogenitalism syndrome,Prominent glabella - microcephaly - hypogenitalism,26,17,3,True,True,True,False,False,False,prominent glabella microcephaly hypogenitalism,prominent glabella microcephaly hypogenitalism,Orphanet:2083,,,,True,True,17
MONDO_0009567,Orphanet_559,Marinesco-Sjogren syndrome,Marinesco-Sjögren syndrome,443,42,3,True,True,True,False,False,False,marinesco sjogren,Marinesco-Sjogren syndrome,Orphanet:559,,,,False,True,42
MONDO_0009589,Orphanet_2631,mesomelic dwarfism-cleft palate-camptodactyly syndrome,Mesomelic dwarfism - cleft palate - camptodactyly,124,83,3,True,True,True,False,False,False,mesomelic dwarfism cleft palate camptodactyly,mesomelic dwarfism cleft palate camptodactyly,Orphanet:2631,,,,False,True,83
MONDO_0009599,Orphanet_2502,metaphyseal dysostosis-intellectual disability-conductive deafness syndrome,Metaphyseal dysostosis - intellectual disability - conductive deafness,298,173,3,True,True,True,False,False,False,metaphyseal dysostosis intellectual disability conductive deafness,metaphyseal dysostosis intellectual disability conductive deafness,Orphanet:2502,,,,False,True,173
MONDO_0009618,Orphanet_2515,microcephaly-cardiomyopathy syndrome,Microcephaly - cardiomyopathy,70,52,3,True,True,True,False,False,False,microcephaly cardiomyopathy,microcephaly-cardiomyopathy,Orphanet:2515,,,,False,True,52
MONDO_0009621,Orphanet_2522,microcephaly-cervical spine fusion anomalies syndrome,Microcephaly - cervical spine fusion anomalies,92,51,3,True,True,True,False,False,False,microcephaly cervical spine fusion anomalies,microcephaly cervical spine fusion anomalies,Orphanet:2522,,,,False,True,51
MONDO_0009642,Orphanet_2751,orofaciodigital syndrome type II,Orofaciodigital syndrome type 2,157,170,3,False,True,True,False,False,True,,orofaciodigital syndrome type 2,Orphanet:2751,,,0.901,False,True,157
MONDO_0009698,Orphanet_308,Unverricht-Lundborg syndrome,Unverricht-Lundborg disease,192,280,3,True,True,True,False,False,False,unverricht lundborg,Unverricht - Lundborg disease,Orphanet:308,,,,False,True,192
MONDO_0009699,Orphanet_163696,action myoclonus-renal failure syndrome,Action myoclonus - renal failure syndrome,81,30,3,True,True,True,False,False,False,action myoclonus renal failure,action myoclonus-renal failure syndrome,Orphanet:163696,,,,False,True,30
MONDO_0009729,Orphanet_2668,nephropathy - deafness - hyperparathyroidism syndrome,Nephropathy-deafness-hyperparathyroidism syndrome,1,100,3,True,True,True,False,False,False,nephropathy deafness hyperparathyroidism,nephropathy - deafness - hyperparathyroidism,Orphanet:2668,,,,True,True,1
MONDO_0009820,Orphanet_2788,osteoporosis-pseudoglioma syndrome,Osteoporosis - pseudoglioma,1240,37,3,True,True,True,False,False,False,osteoporosis pseudoglioma,osteoporosis pseudoglioma syndrome,Orphanet:2788,,,,False,True,37
MONDO_0009843,Orphanet_280293,hypomyelinating leukodystrophy 3,Pelizaeus-Merzbacher-like disease due to AIMP1 mutation,31,30,3,False,True,True,False,False,True,,Pelizaeus-Merzbacher-like disease due to AIMP1 mutation,Orphanet:280293,,,0.968,False,True,30
MONDO_0009857,Orphanet_2856,persistent Mullerian duct syndrome,Persistent Müllerian duct syndrome,711,1050,3,True,True,True,False,False,False,persistent mullerian duct,persistent Mullerian duct syndrome,Orphanet:2856,,,,False,True,711
MONDO_0009871,Orphanet_2891,pili torti-developmental delay-neurological abnormalities syndrome,Pili torti - developmental delay - neurological abnormalities,73,33,3,True,True,True,False,False,False,pili torti developmental delay neurological abnormalities,pili torti developmental delay neurological abnormalities,Orphanet:2891,,,,False,True,33
MONDO_0009872,Orphanet_123,Bjornstad syndrome,Björnstad syndrome,458,84,3,True,True,True,False,False,False,bjornstad,BJörnstad syndrome,Orphanet:123,,,,False,True,84
MONDO_0009978,Orphanet_1574,retinal degeneration-nanophthalmos-glaucoma syndrome,Retinal degeneration - nanophthalmos - glaucoma,156,121,3,True,True,True,False,False,False,retinal degeneration nanophthalmos glaucoma,"retinal degeneration, nanophthalmos, glaucoma",Orphanet:1574,,,,False,True,121
MONDO_0010007,Orphanet_2511,microbrachycephaly-ptosis-cleft lip syndrome,Microbrachycephaly - ptosis - cleft lip,58,32,3,True,True,True,False,False,False,microbrachycephaly ptosis cleft lip,microbrachycephaly ptosis cleft lip,Orphanet:2511,,,,True,True,32
MONDO_0010024,Orphanet_93268,Beemer-Langer syndrome,"Short rib-polydactyly syndrome, Beemer-Langer type",105,98,3,False,True,True,False,False,True,,short rib polydactyly syndrome Beemer-Langer type,Orphanet:93268,,,0.933,False,True,98
MONDO_0010046,Orphanet_101003,hereditary spastic paraplegia 23,Autosomal recessive spastic paraplegia type 23,35,35,3,False,True,True,False,False,True,,autosomal recessive spastic paraplegia type 23,Orphanet:101003,,,0.944,False,True,35
MONDO_0010077,Orphanet_93358,spondyloepimetaphyseal dysplasia-short limb-abnormal calcification syndrome,Spondyloepimetaphyseal dysplasia - short limb - abnormal calcification,67,234,3,True,True,True,False,False,False,spondyloepimetaphyseal dysplasia short limb abnormal calcification,spondyloepimetaphyseal dysplasia - short limb - abnormal calcification,Orphanet:93358,,,,False,True,67
MONDO_0010094,Orphanet_3275,spondylocarpotarsal synostosis syndrome,Spondylocarpotarsal synostosis,142,50,3,True,True,True,False,False,False,spondylocarpotarsal synostosis,spondylocarpotarsal synostosis,Orphanet:3275,,,,False,True,50
MONDO_0010121,Orphanet_3320,thrombocytopenia-absent radius syndrome,Thrombocytopenia - absent radius,276,87,3,True,True,True,False,False,False,thrombocytopenia absent radius,Thrombocytopenia Absent Radius Syndrome,Orphanet:3320,,,,False,True,87
MONDO_0010125,Orphanet_2489,upper limb defect-eye and ear abnormalities syndrome,Upper limb defect - eye and ear abnormalities,140,136,3,True,False,True,False,False,True,upper limb defect eye and ear abnormalities,,Orphanet:2489,,,0.971,False,True,136
MONDO_0010161,Orphanet_882,tyrosinemia type I,Tyrosinemia type 1,71,219,3,False,True,True,True,False,False,,Tyrosinemia Type 1,Orphanet:882,C0268490,,,False,True,71
MONDO_0010162,Orphanet_69723,tyrosinemia type III,Tyrosinemia type 3,47,43,3,False,True,True,False,False,True,,tyrosinemia type 3,Orphanet:69723,,,0.915,False,True,43
MONDO_0010319,Orphanet_93952,syndromic X-linked intellectual disability Hedera type,"X-linked intellectual disability, Hedera type",177,191,3,False,True,True,False,False,True,,"X-linked intellectual disability, Hedera type",Orphanet:93952,,,0.907,False,True,177
MONDO_0010337,Orphanet_137831,X-linked intellectual disability-cerebellar hypoplasia syndrome,X-linked intellectual disability - cerebellar hypoplasia,47,41,3,True,True,True,False,False,False,x linked intellectual disability cerebellar hypoplasia,X-linked intellectual disability-cerebellar hypoplasia syndrome,Orphanet:137831,,,,False,True,41
MONDO_0010353,Orphanet_85321,"deafness-intellectual disability, Martin-Probst type syndrome","Deafness - intellectual disability, Martin-Probst type",35,35,3,True,False,True,False,False,True,deafness intellectual disability martin probst type,,Orphanet:85321,,,0.944,False,True,35
MONDO_0010408,Orphanet_140952,syndactyly-telecanthus-anogenital and renal malformations syndrome,Syndactyly - telecanthus - anogenital and renal malformations,67,61,3,True,True,True,False,False,False,syndactyly telecanthus anogenital and renal malformations,"syndactyly, telecanthus, anogenital and renal malformations",Orphanet:140952,,,,False,True,61
MONDO_0010412,Orphanet_163979,X-linked intellectual disability-craniofacioskeletal syndrome,X-linked intellectual disability - craniofacioskeletal syndrome,56,54,3,True,False,True,False,False,True,x linked intellectual disability craniofacioskeletal,,Orphanet:163979,,,0.964,False,True,54
MONDO_0010457,Orphanet_276432,Ogden syndrome,Premature aging appearance-developmental delay-cardiac arrhythmia syndrome,148,135,3,False,True,True,False,False,True,,premature aging appearance-developmental delay-cardiac arrhythmia syndrome,Orphanet:276432,,,0.912,False,True,135
MONDO_0010460,Orphanet_289483,syndromic X-linked intellectual disability 17,Intellectual disability - alacrima - achalasia,20,18,3,False,True,True,False,False,True,,intellectual disability-alacrima-achalasia syndrome,Orphanet:289483,,,0.9,False,True,18
MONDO_0010466,Orphanet_300496,multiple congenital anomalies-hypotonia-seizures syndrome 2,Multiple congenital anomalies-hypotonia-seizures syndrome type 2,209,203,3,False,True,True,False,False,True,,multiple congenital anomalies-hypotonia-seizures syndrome type 2,Orphanet:300496,,,0.971,False,True,203
MONDO_0010519,Orphanet_847,alpha thalassemia-X-linked intellectual disability syndrome,Alpha-thalassemia - X-linked intellectual disability syndrome,124,99,3,True,True,True,False,False,False,alpha thalassemia x linked intellectual disability,Alpha Thalassemia X-linked Intellectual Disability Syndrome,Orphanet:847,,,,False,True,99
MONDO_0010535,Orphanet_113,Bazex-Dupre-Christol syndrome,Bazex-Dupré-Christol syndrome,59,76,3,True,True,True,False,False,False,bazex dupre christol,Bazex-Dupre-Christol syndrome,Orphanet:113,,,,False,True,59
MONDO_0010627,Orphanet_2442,X-linked lymphoproliferative syndrome,X-linked lymphoproliferative disease,53,788,3,True,True,True,False,False,False,x linked lymphoproliferative,X linked Lymphoproliferative Syndrome,Orphanet:2442,,,,False,True,53
MONDO_0010638,Orphanet_2339,keratosis follicularis-dwarfism-cerebral atrophy syndrome,Keratosis follicularis - dwarfism - cerebral atrophy,12,11,3,True,False,True,False,False,True,keratosis follicularis dwarfism cerebral atrophy,,Orphanet:2339,,,0.917,False,True,11
MONDO_0010658,Orphanet_85290,syndromic X-linked intellectual disability 12,"X-linked intellectual disability, Wilson type",16,15,3,False,True,True,False,False,True,,"X-linked intellectual disability, Wilson type",Orphanet:85290,,,0.938,False,True,15
MONDO_0010662,Orphanet_2824,paraplegia-intellectual disability-hyperkeratosis syndrome,Paraplegia - intellectual disability - hyperkeratosis,79,73,3,True,False,True,False,False,True,paraplegia intellectual disability hyperkeratosis,,Orphanet:2824,,,0.924,False,True,73
MONDO_0010709,Orphanet_2379,early-onset parkinsonism-intellectual disability syndrome,Early-onset parkinsonism - intellectual disability,155,80,3,True,True,True,False,False,False,early onset parkinsonism intellectual disability,early-onset parkinsonism-intellectual disability syndrome,Orphanet:2379,,,,False,True,80
MONDO_0010732,Orphanet_2815,spastic paraparesis-deafness syndrome,Spastic paraparesis - deafness,84,73,3,True,True,True,False,False,False,spastic paraparesis deafness,spastic paraparesis - deafness,Orphanet:2815,,,,False,True,73
MONDO_0010733,Orphanet_99015,hereditary spastic paraplegia 2,Spastic paraplegia type 2,61,60,3,False,True,True,False,False,True,,spastic paraplegia type 2,Orphanet:99015,,,0.921,False,True,60
MONDO_0010790,Orphanet_551,MERRF syndrome,MERRF,97,120,3,True,True,True,False,False,False,merrf,MERRF,Orphanet:551,,,,False,True,97
MONDO_0010798,Orphanet_3390,proximal tubulopathy-diabetes mellitus-cerebellar ataxia syndrome,Proximal tubulopathy - diabetes mellitus - cerebellar ataxia,26,25,3,True,False,True,False,False,True,proximal tubulopathy diabetes mellitus cerebellar ataxia,,Orphanet:3390,,,0.962,True,True,25
MONDO_0010816,Orphanet_3010,Qazi Markouizos syndrome,Qazi-Markouizos syndrome,1,12,3,True,True,True,False,False,False,qazi markouizos,Qazi-Markouizos syndrome,Orphanet:3010,,,,True,True,1
MONDO_0010824,Orphanet_2983,disorder of sex development-intellectual disability syndrome,Disorder of sex development - intellectual disability,1,8,3,True,True,True,False,False,False,disorder of sex development intellectual disability,disorder of sex development intellectual disability,Orphanet:2983,,,,True,True,1
MONDO_0010829,Orphanet_199354,CARASIL syndrome,CARASIL,39,57,3,True,True,True,False,False,False,carasil,CARASIL,Orphanet:199354,,,,False,True,39
MONDO_0010840,Orphanet_2798,pachygyria-intellectual disability-epilepsy syndrome,Pachygyria - intellectual disability - epilepsy,42,40,3,True,False,True,False,False,True,pachygyria intellectual disability epilepsy,,Orphanet:2798,,,0.952,False,True,40
MONDO_0010926,Orphanet_101050,familial hypocalciuric hypercalcemia 3,Familial hypocalciuric hypercalcemia type 3,55,54,3,False,True,True,False,False,True,,familial hypocalciuric hypercalcemia type 3,Orphanet:101050,,,0.912,False,True,54
MONDO_0010971,Orphanet_1849,infundibulopelvic stenosis-multicystic kidney syndrome,Infundibulopelvic stenosis - multicystic kidney,95,94,3,True,False,True,False,False,True,infundibulopelvic stenosis multicystic kidney,,Orphanet:1849,,,0.989,False,True,94
MONDO_0010988,Orphanet_1117,aplasia cutis-myopia syndrome,Aplasia cutis - myopia,26,4,3,True,True,True,False,False,False,aplasia cutis myopia,aplasia cutis myopia,Orphanet:1117,,,,True,True,4
MONDO_0010999,Orphanet_3304,fallot complex-intellectual disability-growth delay syndrome,Fallot complex - intellectual disability - growth delay,167,152,3,True,False,True,False,False,True,fallot complex intellectual disability growth delay,,Orphanet:3304,,,0.91,False,True,152
MONDO_0011007,Orphanet_2141,diaphragmatic defect-limb deficiency-skull defect syndrome,Diaphragmatic defect - limb deficiency - skull defect,104,27,3,True,True,True,False,False,False,diaphragmatic defect limb deficiency skull defect,diaphragmatic defect limb deficiency skull defect,Orphanet:2141,,,,False,True,27
MONDO_0011038,Orphanet_1171,cerebellar ataxia-areflexia-pes cavus-optic atrophy-sensorineural hearing loss syndrome,Cerebellar ataxia - areflexia - pes cavus - optic atrophy - sensorineural hearing loss,70,64,3,True,True,True,False,False,False,cerebellar ataxia areflexia pes cavus optic atrophy sensorineural hearing loss,cerebellar ataxia - areflexia - pes cavus - optic atrophy - sensorineural hearing loss,Orphanet:1171,,,,False,True,64
MONDO_0011053,Orphanet_3051,intellectual disability-sparse hair-brachydactyly syndrome,intellectual disability - sparse hair - brachydactyly,102,99,3,True,True,True,False,False,False,intellectual disability sparse hair brachydactyly,intellectual disability-sparse hair-brachydactyly syndrome,Orphanet:3051,,,,False,True,99
MONDO_0011116,Orphanet_1120,lung agenesis-heart defect-thumb anomalies syndrome,Lung agenesis - heart defect - thumb anomalies,175,132,3,True,True,True,False,False,False,lung agenesis heart defect thumb anomalies,lung agenesis heart defect thumb anomalies,Orphanet:1120,,,,False,True,132
MONDO_0011157,Orphanet_1532,Gomez-Lopez-Hernandez syndrome,Gómez-López-Hernández syndrome,51,50,3,True,True,True,False,False,False,gomez lopez hernandez,GOMEZ-LOPEZ-HERNANDEZ syndrome,Orphanet:1532,,,,False,True,50
MONDO_0011166,Orphanet_86915,lymphedema-atrial septal defects-facial changes syndrome,Lymphedema - atrial septal defects - facial changes,58,57,3,True,False,True,False,False,True,lymphedema atrial septal defects facial changes,,Orphanet:86915,,,0.983,False,True,57
MONDO_0011365,Orphanet_3047,"blepharophimosis - intellectual disability syndrome, SBBYS type","Blepharophimosis-intellectual disability syndrome, SBBYS type",46,40,3,True,True,True,False,False,False,blepharophimosis intellectual disability syndrome sbbys type,"blepharophimosis - intellectual disability syndrome, SBBYS type",Orphanet:3047,,,,False,True,40
MONDO_0011402,Orphanet_48431,congenital cataracts-facial dysmorphism-neuropathy syndrome,Congenital cataracts - facial dysmorphism - neuropathy,49,51,3,True,True,True,False,False,False,congenital cataracts facial dysmorphism neuropathy,congenital cataracts-facial dysmorphism-neuropathy syndrome,Orphanet:48431,,,,False,True,49
MONDO_0011486,Orphanet_98893,congenital muscular dystrophy 1B,Congenital muscular dystrophy type 1B,50,49,3,False,True,True,False,False,True,,congenital muscular dystrophy type 1B,Orphanet:98893,,,0.98,False,True,49
MONDO_0011522,Orphanet_100995,hereditary spastic paraplegia 14,Autosomal recessive spastic paraplegia type 14,13,12,3,False,True,True,False,False,True,,autosomal recessive spastic paraplegia type 14,Orphanet:100995,,,0.923,True,True,12
MONDO_0011541,Orphanet_217622,dilated cardiomyopathy 1J,Sensorineural deafness with dilated cardiomyopathy,109,108,3,False,True,True,False,False,True,,sensorineural deafness with dilated cardiomyopathy,Orphanet:217622,,,0.991,False,True,108
MONDO_0011669,Orphanet_238517,hypotonia-cystinuria syndrome,Hypotonia - cystinuria type 1,894,842,3,False,True,True,False,False,True,,hypotonia-cystinuria type 1 syndrome,Orphanet:238517,,,0.942,True,True,842
MONDO_0011889,Orphanet_99942,Charcot-Marie-Tooth disease type 2I,Autosomal dominant Charcot-Marie-Tooth disease type 2I,37,35,3,False,True,True,False,False,True,,autosomal dominant Charcot-Marie-Tooth disease type 2I,Orphanet:99942,,,0.946,False,True,35
MONDO_0011897,Orphanet_137639,leukoencephalopathy-ataxia-hypodontia-hypomyelination syndrome,Leukoencephalopathy - ataxia - hypodontia - hypomyelination,45,68,3,True,True,True,False,False,False,leukoencephalopathy ataxia hypodontia hypomyelination,leukoencephalopathy-ataxia-hypodontia-hypomyelination syndrome,Orphanet:137639,,,,False,True,45
MONDO_0011901,Orphanet_101102,Charcot-Marie-Tooth disease axonal type 2H,Charcot-Marie-Tooth disease type 2H,32,31,3,False,True,True,False,False,True,,Charcot Marie Tooth disease type 2H,Orphanet:101102,,,0.969,False,True,31
MONDO_0011903,Orphanet_99943,Charcot-Marie-Tooth disease type 2J,Autosomal dominant Charcot-Marie-Tooth disease type 2J,30,28,3,False,True,True,False,False,True,,autosomal dominant Charcot-Marie-Tooth disease type 2J,Orphanet:99943,,,0.933,False,True,28
MONDO_0011929,Orphanet_1606,chromosome 1p36 deletion syndrome,1p36 deletion syndrome,120,121,3,False,True,True,False,False,True,,1p36 deletion syndrome,Orphanet:1606,,,0.944,False,True,120
MONDO_0011995,Orphanet_314993,cataract - congenital heart disease - neural tube defect syndrome,Cataract-congenital heart disease-neural tube defect syndrome,28,27,3,True,False,True,False,False,True,cataract congenital heart disease neural tube defect,,Orphanet:314993,,,0.964,False,True,27
MONDO_0012016,Orphanet_137667,capillary malformation-arteriovenous malformation syndrome,Capillary malformation - arteriovenous malformation,23,61,3,True,True,True,False,False,False,capillary malformation arteriovenous malformation,capillary malformation-arteriovenous malformation,Orphanet:137667,,,,False,True,23
MONDO_0012072,Orphanet_79084,"familial partial lipodystrophy, Kobberling type","Familial partial lipodystrophy, Köbberling type",254,347,3,True,True,True,False,False,False,familial partial lipodystrophy kobberling type,"familial partial lipodystrophy, Köbberling type",Orphanet:79084,,,,False,True,254
MONDO_0012123,Orphanet_79322,congenital disorder of glycosylation type 1E,DPM1-CDG,52,50,3,False,True,True,False,False,True,,DPM1-CDG,Orphanet:79322,,,0.962,False,True,50
MONDO_0012124,Orphanet_168593,sudden infant death-dysgenesis of the testes syndrome,Sudden infant death - dysgenesis of the testes,35,32,3,True,True,True,False,False,False,sudden infant death dysgenesis of the testes,sudden infant death - dysgenesis of the testes,Orphanet:168593,,,,False,True,32
MONDO_0012160,Orphanet_85167,spondylometaphyseal dysplasia-cone-rod dystrophy syndrome,Spondylometaphyseal dysplasia - cone-rod dystrophy,106,119,3,True,True,True,False,False,False,spondylometaphyseal dysplasia cone rod dystrophy,spondylometaphyseal dysplasia-cone-rod dystrophy syndrome,Orphanet:85167,,,,False,True,106
MONDO_0012188,Orphanet_228357,neuronal ceroid lipofuscinosis 9,CLN9 disease,27,26,3,False,True,True,False,False,True,,CLN9,Orphanet:228357,,,0.963,False,True,26
MONDO_0012195,Orphanet_65720,arthrogryposis-severe scoliosis syndrome,Arthrogryposis - severe scoliosis,59,58,3,True,False,True,False,False,True,arthrogryposis severe scoliosis,,Orphanet:65720,,,0.983,False,True,58
MONDO_0012269,Orphanet_65286,chromosome 3q29 microdeletion syndrome,3q29 microdeletion syndrome,38,39,3,False,True,True,False,False,True,,3q29 microdeletion syndrome,Orphanet:65286,,,0.925,False,True,38
MONDO_0012354,Orphanet_36355,platelet-type bleeding disorder 8,P2Y12 defect,61,57,3,False,True,True,False,False,True,,P2Y12 defect,Orphanet:36355,,,0.934,False,True,57
MONDO_0012400,Orphanet_163681,cortical dysplasia-focal epilepsy syndrome,Cortical dysplasia - focal epilepsy syndrome,93,122,3,True,True,True,False,False,False,cortical dysplasia focal epilepsy,cortical dysplasia-focal epilepsy syndrome,Orphanet:163681,,,,False,True,93
MONDO_0012622,Orphanet_137898,leukoencephalopathy with brain stem and spinal cord involvement-high lactate syndrome,Leukoencephalopathy with brain stem and spinal cord involvement - high lactate,114,106,3,True,True,True,False,False,False,leukoencephalopathy with brain stem and spinal cord involvement high lactate,leukoencephalopathy with brain stem and spinal cord involvement - high lactate,Orphanet:137898,,,,False,True,106
MONDO_0012639,Orphanet_209951,hereditary spastic paraplegia 18,Autosomal recessive spastic paraplegia type 18,51,50,3,False,True,True,False,False,True,,autosomal recessive spastic paraplegia type 18,Orphanet:209951,,,0.942,False,True,50
MONDO_0012757,Orphanet_137631,"lung fibrosis-immunodeficiency-46,XX gonadal dysgenesis syndrome","Lung fibrosis - immunodeficiency - 46,XX gonadal dysgenesis",502,500,3,True,False,True,False,False,True,lung fibrosis immunodeficiency 46 xx gonadal dysgenesis,,Orphanet:137631,,,0.996,False,True,500
MONDO_0012787,Orphanet_139480,hereditary spastic paraplegia 39,Autosomal recessive spastic paraplegia type 39,109,106,3,False,True,True,False,False,True,,autosomal recessive spastic paraplegia type 39,Orphanet:139480,,,0.955,False,True,106
MONDO_0012792,Orphanet_255235,mitochondrial DNA depletion syndrome 8a,"Mitochondrial DNA depletion syndrome, encephalomyopathic form with renal tubulopathy",30,29,3,False,True,True,False,False,True,,"mitochondrial DNA depletion syndrome, encephalomyopathic form with renal tubulopathy",Orphanet:255235,,,0.967,False,True,29
MONDO_0012866,Orphanet_171629,hereditary spastic paraplegia 35,Autosomal recessive spastic paraplegia type 35,96,97,3,False,True,True,False,False,True,,autosomal recessive spastic paraplegia type 35,Orphanet:171629,,,0.969,False,True,96
MONDO_0012892,Orphanet_300284,"bone fragility with contractures, arterial rupture, and deafness",Connective tissue disorder due to lysyl hydroxylase-3 deficiency,50,47,3,False,True,True,False,False,True,,connective tissue disorder due to lysyl hydroxylase-3 deficiency,Orphanet:300284,,,0.94,False,True,47
MONDO_0013053,Orphanet_217026,"microcephaly-facio-cardio-skeletal syndrome, Hadziselimovic type","Microcephaly - facio-cardio-skeletal syndrome, Hadziselimovic type",45,44,3,True,False,True,False,False,True,microcephaly facio cardio skeletal syndrome hadziselimovic type,,Orphanet:217026,,,0.935,False,True,44
MONDO_0013082,Orphanet_2151,Hirschsprung disease-ganglioneuroblastoma syndrome,Hirschsprung disease - ganglioneuroblastoma,23,1,3,True,True,True,False,False,False,hirschsprung disease ganglioneuroblastoma,Hirschsprung disease ganglioneuroblastoma,Orphanet:2151,,,,True,True,1
MONDO_0013115,Orphanet_217335,RIN2 syndrome,MACS syndrome,51,51,3,False,True,True,False,False,True,,MACS syndrome,Orphanet:217335,,,0.925,False,True,51
MONDO_0013132,Orphanet_320365,hereditary spastic paraplegia 36,Autosomal dominant spastic paraplegia type 36,18,17,3,False,True,True,False,False,True,,autosomal dominant spastic paraplegia type 36,Orphanet:320365,,,0.944,False,True,17
MONDO_0013169,Orphanet_329802,chromosome 5p13 duplication syndrome,5p13 microduplication syndrome,50,46,3,False,True,True,False,False,True,,5p13 microduplication syndrome,Orphanet:329802,,,0.92,True,True,46
MONDO_0013182,Orphanet_217385,chromosome 17p13.3 duplication syndrome,17p13.3 microduplication syndrome,63,62,3,False,True,True,False,False,True,,17p13.3 microduplication syndrome,Orphanet:217385,,,0.953,False,True,62
MONDO_0013212,Orphanet_228174,Charcot-Marie-Tooth disease axonal type 2N,Autosomal dominant Charcot-Marie-Tooth disease type 2N,43,40,3,False,True,True,False,False,True,,autosomal dominant Charcot-Marie-Tooth disease type 2N,Orphanet:228174,,,0.93,False,True,40
MONDO_0013223,Orphanet_401979,"autosomal recessive spondylometaphyseal dysplasia, Megarbane type","Autosomal recessive spondylometaphyseal dysplasia, Mégarbané type",47,93,3,True,True,True,False,False,False,autosomal recessive spondylometaphyseal dysplasia megarbane type,"autosomal recessive spondylometaphyseal dysplasia, Mégarbané type",Orphanet:401979,,,,False,True,47
MONDO_0013282,Orphanet_60,alpha 1-antitrypsin deficiency,Alpha-1-antitrypsin deficiency,321,206,3,True,True,True,False,False,False,alpha 1 antitrypsin deficiency,ALPHA-1-antitrypsin deficiency,Orphanet:60,,,,False,True,206
MONDO_0013540,Orphanet_3226,deafness-lymphedema-leukemia syndrome,Deafness - lymphedema - leukemia,30,62,3,True,True,True,False,False,False,deafness lymphedema leukemia,deafness-lymphedema-leukemia syndrome,Orphanet:3226,,,,False,True,30
MONDO_0013623,Orphanet_98885,platelet-type bleeding disorder 11,Bleeding diathesis due to glycoprotein VI deficiency,147,146,3,False,True,True,False,False,True,,bleeding diathesis due to glycoprotein VI deficiency,Orphanet:98885,,,0.993,False,True,146
MONDO_0013837,Orphanet_254898,deafness-encephaloneuropathy-obesity-valvulopathy syndrome,Deafness - encephaloneuropathy - obesity - valvulopathy,20,20,3,True,False,True,False,False,True,deafness encephaloneuropathy obesity valvulopathy,,Orphanet:254898,,,0.905,False,True,20
MONDO_0013847,Orphanet_370079,chromosome 16p11.2 duplication syndrome,Proximal 16p11.2 microduplication syndrome,21,20,3,False,True,True,False,False,True,,proximal 16p11.2 microduplication syndrome,Orphanet:370079,,,0.952,True,True,20
MONDO_0013866,Orphanet_314629,neuronal ceroid lipofuscinosis 11,CLN11 disease,60,57,3,False,True,True,False,False,True,,CLN11,Orphanet:314629,,,0.95,False,True,57
MONDO_0013886,Orphanet_314647,cerebellar dysfunction with variable cognitive and behavioral abnormalities,Non-progressive cerebellar ataxia with intellectual disability,70,71,3,False,True,True,False,False,True,,non-progressive cerebellar ataxia with intellectual disability,Orphanet:314647,,,0.958,False,True,70
MONDO_0014018,Orphanet_320380,hereditary spastic paraplegia 54,Autosomal recessive spastic paraplegia type 54,30,29,3,False,True,True,False,False,True,,autosomal recessive spastic paraplegia type 54,Orphanet:320380,,,0.967,False,True,29
MONDO_0014044,Orphanet_289553,dysmorphism-conductive hearing loss-heart defect syndrome,Dysmorphism - conductive hearing loss - heart defect,31,30,3,True,False,True,False,False,True,dysmorphism conductive hearing loss heart defect,,Orphanet:289553,,,0.968,False,True,30
MONDO_0014096,Orphanet_137658,microcephaly-intellectual disability-phalangeal and neurological anomalies syndrome,Microcephaly - intellectual disability - phalangeal and neurological anomalies,27,26,3,True,False,True,False,False,True,microcephaly intellectual disability phalangeal and neurological anomalies,,Orphanet:137658,,,0.963,False,True,26
MONDO_0014198,Orphanet_369897,mitochondrial DNA depletion syndrome 13,"Mitochondrial DNA depletion syndrome, encephalomyopathic form with variable craniofacial anomalies",125,120,3,False,True,True,False,False,True,,"mitochondrial DNA depletion syndrome, encephalomyopathic form with variable craniofacial anomalies",Orphanet:369897,,,0.96,False,True,120
MONDO_0014205,Orphanet_352577,severe feeding difficulties-failure to thrive-microcephaly due to ASXL3 deficiency syndrome,Severe feeding difficulties - failure to thrive - microcephaly due to ASXL3 deficiency,97,93,3,True,True,False,False,False,True,severe feeding difficulties failure to thrive microcephaly due to asxl3 deficiency,severe feeding difficulties-failure to thrive-microcephaly due to ASXL3 deficiency syndrome,,,,0.919,False,True,93
MONDO_0014209,Orphanet_352654,early-onset progressive neurodegeneration-blindness-ataxia-spasticity syndrome,Early-onset progressive neurodegeneration - blindness - ataxia - spasticity,140,133,3,True,False,True,False,False,True,early onset progressive neurodegeneration blindness ataxia spasticity,,Orphanet:352654,,,0.95,False,True,133
MONDO_0014225,Orphanet_247790,hemochromatosis type 5,FTH1-related iron overload,265,262,3,False,True,True,False,False,True,,FTH1-related iron overload,Orphanet:247790,,,0.989,False,True,262
MONDO_0014250,Orphanet_397685,familial hyperprolactinemia,Familial  hyperprolactinemia,332,9,3,True,True,True,False,False,False,familial hyperprolactinemia,familial hyperprolactinemia,Orphanet:397685,,,,True,True,9
MONDO_0014258,Orphanet_391376,congenital microcephaly - severe encephalopathy - progressive cerebral atrophy syndrome,Congenital microcephaly-severe encephalopathy-progressive cerebral atrophy syndrome,69,67,3,True,True,False,False,False,True,congenital microcephaly severe encephalopathy progressive cerebral atrophy,congenital microcephaly - severe encephalopathy - progressive cerebral atrophy syndrome,,,,0.971,False,True,67
MONDO_0014335,Orphanet_404437,diffuse cerebral and cerebellar atrophy - intractable seizures - progressive microcephaly syndrome,Diffuse cerebral and cerebellar atrophy-intractable seizures-progressive microcephaly syndrome,29,29,3,True,True,False,False,False,True,diffuse cerebral and cerebellar atrophy intractable seizures progressive microcephaly,diffuse cerebral and cerebellar atrophy - intractable seizures - progressive microcephaly syndrome,,,,0.933,False,True,29
MONDO_0014379,Orphanet_404448,ADNP-related multiple congenital anomalies - intellectual disability - autism spectrum disorder,ADNP-related multiple congenital anomalies-intellectual disability-autism spectrum disorder,164,118,3,True,True,True,False,False,False,adnp related multiple congenital anomalies intellectual disability autism spectrum,ADNP-related multiple congenital anomalies - intellectual disability - autism spectrum disorder,Orphanet:404448,,,,False,True,118
MONDO_0014419,Orphanet_370022,ataxia - intellectual disability - oculomotor apraxia - cerebellar cysts syndrome,Ataxia-intellectual disability-oculomotor apraxia-cerebellar cysts syndrome,50,51,3,True,True,True,False,False,False,ataxia intellectual disability oculomotor apraxia cerebellar cysts,ataxia - intellectual disability - oculomotor apraxia - cerebellar cysts syndrome,Orphanet:370022,,,,False,True,50
MONDO_0014733,Orphanet_391351,Charcot-Marie-Tooth disease type 4K,SURF1-related Charcot-Marie-Tooth disease type 4,43,41,3,False,True,True,False,False,True,,SURF1-related Charcot-Marie-Tooth disease type 4,Orphanet:391351,,,0.953,False,True,41
MONDO_0015253,Orphanet_124,Diamond-Blackfan anemia,Blackfan-Diamond anemia,394,1667,3,False,True,True,True,False,False,,Blackfan-Diamond anemia,Orphanet:124,C1260899,,,False,True,394
MONDO_0015300,Orphanet_1377,cataract - microcornea syndrome,Cataract-microcornea syndrome,3,512,3,True,True,True,False,False,False,cataract microcornea,cataract microcornea syndrome,Orphanet:1377,,,,False,True,3
MONDO_0015541,Orphanet_540,hereditary hemophagocytic lymphohistiocytosis,Familial hemophagocytic lymphohistiocytosis,485,858,3,False,True,True,True,False,False,,familial hemophagocytic lymphohistiocytosis,Orphanet:540,C0272199,,,False,True,485
MONDO_0015993,Orphanet_1872,cone-rod dystrophy,Cone rod dystrophy,446,658,3,True,True,True,False,False,False,cone rod dystrophy,cone rod dystrophy,Orphanet:1872,,,,False,True,446
MONDO_0016294,Orphanet_2150,Hirschsprung disease-type D brachydactyly syndrome,Hirschsprung disease - type D brachydactyly,25,3,3,True,True,True,False,False,False,hirschsprung disease type d brachydactyly,Hirschsprung disease type d brachydactyly,Orphanet:2150,,,,True,True,3
MONDO_0016543,Orphanet_238583,hyperphenylalaninemia due to tetrahydrobiopterin deficiency,Hyperphenylalaninemia,77,253,3,False,True,True,True,False,False,,hyperphenylalaninemia,Orphanet:238583,C0751436,,,False,True,77
MONDO_0016758,Orphanet_2523,microcephaly-brain defect-spasticity-hypernatremia syndrome,Microcephaly - brain defect - spasticity - hypernatremia,11,85,3,True,True,True,False,False,False,microcephaly brain defect spasticity hypernatremia,microcephaly - brain defect - spasticity - hypernatremia,Orphanet:2523,,,,False,True,11
MONDO_0016764,Orphanet_2542,isolated anophthalmia-microphthalmia syndrome,Isolated anophthalmia - microphthalmia,344,303,3,True,True,True,False,False,False,isolated anophthalmia microphthalmia,isolated anophthalmia - microphthalmia,Orphanet:2542,,,,False,True,303
MONDO_0017123,Orphanet_2697,arthrogryposis-renal dysfunction-cholestasis syndrome,Arthrogryposis - renal dysfunction - cholestasis,21,85,3,True,True,True,False,False,False,arthrogryposis renal dysfunction cholestasis,arthrogryposis - renal dysfunction - cholestasis,Orphanet:2697,,,,False,True,21
MONDO_0017162,Orphanet_2759,imperforate oropharynx-costo vetebral anomalies syndrome,Imperforate oropharynx - costo vetebral anomalies,2,21,3,True,True,True,False,False,False,imperforate oropharynx costo vetebral anomalies,imperforate oropharynx-costo vetebral anomalies,Orphanet:2759,,,,True,True,2
MONDO_0017771,Orphanet_3109,Mayer-Rokitansky-Kuster-Hauser syndrome,Mayer-Rokitansky-Küster-Hauser syndrome,590,230,3,True,True,True,False,False,False,mayer rokitansky kuster hauser,Mayer-Rokitansky-Küster-Hauser Syndrome,Orphanet:3109,,,,False,True,230
MONDO_0017836,Orphanet_315,erythrokeratoderma en cocardes,"Erythrokeratoderma ""en cocardes""",1,35,3,True,True,True,False,False,False,erythrokeratoderma en cocardes,"erythrokeratoderma ""en cocardes""",Orphanet:315,,,,True,True,1
MONDO_0018214,Orphanet_36387,generalized epilepsy with febrile seizures plus,Generalized epilepsy with febrile seizures-plus,106,182,3,True,True,True,False,False,False,generalized epilepsy with febrile seizures plus,generalized epilepsy with febrile seizures plus,Orphanet:36387,,,,False,True,106
MONDO_0018266,Orphanet_370109,ataxia - telangiectasia variant,Ataxia-telangiectasia variant,12,11,3,True,False,True,False,False,True,ataxia telangiectasia variant,,Orphanet:370109,,,0.917,True,True,11
MONDO_0018306,Orphanet_381,Griscelli syndrome,Griscelli disease,554,497,3,True,True,True,False,False,False,griscelli,Griscelli disease,Orphanet:381,,,,False,True,497
MONDO_0018544,Orphanet_43,adrenoleukodystrophy,X-linked adrenoleukodystrophy,351,228,3,False,True,True,True,False,False,,X-Linked Adrenoleukodystrophy,Orphanet:43,C0162309,,,False,True,228
MONDO_0018866,Orphanet_51,Aicardi-Goutieres syndrome,Aicardi-Goutières syndrome,243,204,3,True,True,True,False,False,False,aicardi goutieres,Aicardi Goutieres syndrome,Orphanet:51,,,,False,True,204
MONDO_0019195,Orphanet_79091,hereditary inclusion body myopathy-joint contractures-ophthalmoplegia syndrome,Hereditary inclusion body myopathy - joint contractures - ophthalmoplegia,8,80,3,True,True,True,False,False,False,hereditary inclusion body myopathy joint contractures ophthalmoplegia,Hereditary inclusion body myopathy - joint contractures - ophthalmoplegia,Orphanet:79091,,,,False,True,8
MONDO_0019307,Orphanet_79402,generalized junctional epidermolysis bullosa non-Herlitz type,"Generalized junctional epidermolysis bullosa, non-Herlitz type",6,128,3,True,True,True,False,False,False,generalized junctional epidermolysis bullosa non herlitz type,"generalized junctional epidermolysis bullosa, non-Herlitz type",Orphanet:79402,,,,False,True,6
MONDO_0019402,Orphanet_848,beta thalassemia,Beta-thalassemia,1439,1027,3,True,False,True,True,False,False,beta thalassemia,,Orphanet:848,C0005283,,,False,True,1027
MONDO_0019666,Orphanet_93282,"spondyloepimetaphyseal dysplasia, PAPSS2 type","Spondyloepimetaphyseal dysplasia, Pakistani type",49,46,3,False,True,True,False,False,True,,spondyloepimetaphyseal dysplasia Pakistani type,Orphanet:93282,,,0.939,False,True,46
MONDO_0800044,Orphanet_404454,congenital disorder of deglycosylation 1,Alacrimia-choreoathetosis-liver dysfunction syndrome,85,79,3,False,True,True,False,False,True,,alacrimia - choreoathetosis - liver dysfunction syndrome,Orphanet:404454,,,0.929,False,True,79
EFO_0000616,MONDO_0045024,neoplasm,cancer or benign tumor,24477,22728,2,False,True,False,False,False,True,,neoplasm,,,,0.922,False,True,22728
EFO_0000712,MONDO_0005098,stroke,stroke disorder,2380,26,2,True,True,False,False,False,False,stroke,stroke,,,,,False,True,26
EFO_0003769,MONDO_0021069,endocrine neoplasm,malignant endocrine neoplasm,15428,14698,2,False,True,False,False,False,True,,endocrine neoplasm,,,,0.951,False,True,14698
EFO_0003818,MONDO_0021117,lung disease,lung neoplasm,15618,14285,2,False,True,False,False,False,True,,lung,,,,0.902,False,True,14285
EFO_0003857,MONDO_0015225,arthrogryposis,arthrogryposis syndrome,266,4756,2,True,True,False,False,False,False,arthrogryposis,arthrogryposis syndrome,,,,,False,True,266
EFO_0004606,MONDO_0005411,gallbladder neoplasm,gallbladder cancer,1934,1926,2,False,True,False,False,False,True,,gallbladder neoplasm,,,,0.965,False,True,1926
EFO_0005570,MONDO_0044925,oral cavity cancer,oral cavity carcinoma,6043,5840,2,False,True,False,False,False,True,,oral cavity cancer,,,,0.964,False,True,5840
EFO_0007318,MONDO_0017182,hyperinsulinemic hypoglycemia,familial hyperinsulinism,4923,4918,2,False,True,False,False,False,True,,hyperinsulinemic hypoglycemia,,,,0.996,False,True,4918
EFO_0007466,MONDO_0001502,retroperitoneal cancer,retroperitoneum carcinoma,3548,3515,2,False,True,False,False,False,True,,retroperitoneal cancer,,,,0.989,False,True,3515
EFO_0008559,MONDO_0001444,American trypanosomiasis,Chagas disease,238,951,2,False,True,False,True,False,False,,American trypanosomiasis,,C0041234,,,False,True,238
EFO_0009162,MONDO_0014866,"charcot-marie-tooth disease, axonal, type 2t",Charcot-Marie-Tooth disease axonal type 2T,19,17,2,True,True,False,False,False,False,charcot marie tooth disease axonal type 2t,"Charcot-Marie-Tooth disease, axonal, type 2T",,,,,False,True,17
EFO_0022093,MONDO_0012792,mitochondrial dna depletion syndrome 8b (mngie type),mitochondrial DNA depletion syndrome 8a,30,30,2,False,True,False,False,False,True,,mitochondrial DNA depletion syndrome 8B (Mngie type),,,,0.935,False,True,30
EFO_0700061,Orphanet_2680,hypomyelination neuropathy-arthrogryposis syndrome,Hypomyelination neuropathy - arthrogryposis,8,27,2,True,False,True,False,False,False,hypomyelination neuropathy arthrogryposis,,Orphanet:2680,,,,True,True,8
EFO_0700106,Orphanet_88637,hypomyelination-hypogonadotropic hypogonadism-hypodontia syndrome,Hypomyelination - hypogonadotropic hypogonadism - hypodontia,31,76,2,True,False,True,False,False,False,hypomyelination hypogonadotropic hypogonadism hypodontia,,Orphanet:88637,,,,False,True,31
EFO_1000115,MONDO_0036915,Benign Ovarian Mucinous Tumor,benign ovarian mucinous tumor,15,8,2,True,True,False,False,False,False,benign ovarian mucinous tumor,benign ovarian mucinous tumor,,,,,False,True,8
EFO_1000132,MONDO_0003945,Bone Epithelioid Hemangioma,bone epithelioid hemangioma,1,4,2,True,True,False,False,False,False,bone epithelioid hemangioma,bone epithelioid hemangioma,,,,,False,True,1
EFO_1000142,MONDO_0003869,Brain Stem Glioma,childhood brain stem glioma,473,441,2,False,True,False,False,False,True,,brain stem glioma,,,,0.916,False,True,441
EFO_1000177,MONDO_0009837,Choroid Plexus Papilloma,choroid plexus papilloma,121,38,2,True,True,False,False,False,False,choroid plexus papilloma,choroid plexus papilloma,,,,,False,True,38
EFO_1000224,MONDO_0004411,Duodenal Gastrin-Producing Neuroendocrine Tumor,duodenal gastrin-producing neuroendocrine tumor,5,11,2,True,True,False,False,False,False,duodenal gastrin producing neuroendocrine tumor,duodenal gastrin-producing neuroendocrine tumor,,,,,False,True,5
EFO_1000306,MONDO_0021097,Intraductal Breast Papilloma,intraductal breast papilloma,17,11,2,True,True,False,False,False,False,intraductal breast papilloma,intraductal breast papilloma,,,,,False,True,11
EFO_1000312,MONDO_0004555,Kidney Angiomyolipoma,kidney angiomyolipoma,37,120,2,True,True,False,False,False,False,kidney angiomyolipoma,kidney angiomyolipoma,,,,,False,True,37
EFO_1000315,MONDO_0003825,Kidney Oncocytoma,kidney oncocytoma,1214,210,2,True,True,False,False,False,False,kidney oncocytoma,kidney oncocytoma,,,,,False,True,210
EFO_1000322,MONDO_0006267,Liver Cavernous Hemangioma,liver cavernous hemangioma,8,6,2,True,True,False,False,False,False,liver cavernous hemangioma,liver cavernous hemangioma,,,,,False,True,6
EFO_1000324,MONDO_0004726,Liver Inflammatory Myofibroblastic Tumor,liver inflammatory myofibroblastic tumor,10,4,2,True,True,False,False,False,False,liver inflammatory myofibroblastic tumor,liver inflammatory myofibroblastic tumor,,,,,False,True,4
EFO_1000398,MONDO_0004334,Non-Functional Pancreatic Neuroendocrine Tumor,non-functional pancreatic neuroendocrine tumor,32,2,2,True,True,False,False,False,False,non functional pancreatic neuroendocrine tumor,non-functional pancreatic neuroendocrine tumor,,,,,False,True,2
EFO_1000420,MONDO_0002697,Ovarian Gonadoblastoma,ovarian gonadoblastoma,1,11,2,True,True,False,False,False,False,ovarian gonadoblastoma,ovarian gonadoblastoma,,,,,False,True,1
EFO_1000421,MONDO_0023283,Ovarian Granulosa Cell Tumor,ovarian granulosa cell tumor,157,14,2,True,True,False,False,False,False,ovarian granulosa cell tumor,ovarian granulosa cell tumor,,,,,False,True,14
EFO_1000440,MONDO_0024638,Pancreatic Gastrinoma,pancreatic gastrinoma,15,12,2,True,True,False,False,False,False,pancreatic gastrinoma,pancreatic gastrinoma,,,,,False,True,12
EFO_1000567,MONDO_0003395,Testicular Granulosa Cell Tumor,testicular granulosa cell tumor,4,18,2,True,True,False,False,False,False,testicular granulosa cell tumor,testicular granulosa cell tumor,,,,,False,True,4
EFO_1000569,MONDO_0003124,Testicular Leydig Cell Tumor,testicular Leydig cell tumor,49,9,2,True,True,False,False,False,False,testicular leydig cell tumor,testicular Leydig cell tumor,,,,,False,True,9
EFO_1000817,MONDO_0009025,apparent mineralocorticoid excess syndrome,apparent mineralocorticoid excess,3,84,2,True,True,False,False,False,False,apparent mineralocorticoid excess,apparent mineralocorticoid EXCESS,,,,,False,True,3
EFO_1001120,MONDO_0003019,potassium deficiency,potassium deficiency disease,151,100,2,True,True,False,False,False,False,potassium deficiency,potassium deficiency disorder,,,,,False,True,100
EFO_1001167,MONDO_0017705,scimitar syndrome,congenital pulmonary venous return anomaly,219,223,2,False,True,False,False,False,True,,scimitar syndrome,,,,0.964,False,True,219
EFO_1001347,MONDO_0043653,Herpes Labialis,herpes labialis,53,14,2,True,True,False,False,False,False,herpes labialis,herpes labialis,,,,,False,True,14
EFO_1001411,MONDO_0043919,Radiation Pneumonitis,radiation pneumonitis,200,99,2,True,True,False,False,False,False,radiation pneumonitis,radiation pneumonitis,,,,,False,True,99
EFO_1001888,MONDO_0043885,eye infection,eye infectious disorder,367,1462,2,False,True,False,True,False,False,,eye infection,,C0015403,,,False,True,367
EFO_1001919,MONDO_0043797,Spinal cord injury,spinal cord injury,3042,1018,2,True,True,False,False,False,False,spinal cord injury,spinal cord injury,,,,,False,True,1018
MONDO_0000133,Orphanet_2268,immunodeficiency-centromeric instability-facial anomalies syndrome,ICF syndrome,64,574,2,False,True,True,False,False,False,,ICF syndrome,Orphanet:2268,,,,False,True,64
MONDO_0000193,Orphanet_168588,cortisone reductase deficiency,Hyperandrogenism due to cortisone reductase deficiency,6,239,2,False,True,True,False,False,False,,hyperandrogenism due to cortisone reductase deficiency,Orphanet:168588,,,,False,True,6
MONDO_0000211,Orphanet_228169,"striatal degeneration, autosomal dominant",Autosomal dominant striatal neurodegeneration,163,137,2,False,True,True,False,False,False,,autosomal dominant striatal neurodegeneration,Orphanet:228169,,,,False,True,137
MONDO_0000212,Orphanet_300547,"hypercalcemia, infantile",Autosomal recessive infantile hypercalcemia,121,80,2,False,True,True,False,False,False,,autosomal recessive infantile hypercalcemia,Orphanet:300547,,,,False,True,80
MONDO_0000355,Orphanet_75840,Ullrich congenital muscular dystrophy,"Congenital muscular dystrophy, Ullrich type",145,57,2,False,True,True,False,False,False,,"congenital muscular dystrophy, Ullrich type",Orphanet:75840,,,,False,True,57
MONDO_0000405,MONDO_0007108,anal canal cancer,anal canal carcinoma,170,171,2,False,True,False,False,False,True,,anal canal cancer,,,,0.905,False,True,170
MONDO_0000447,Orphanet_2924,autosomal dominant polycystic liver disease,Isolated polycystic liver disease,191,69,2,False,True,True,False,False,False,,isolated polycystic liver disease,Orphanet:2924,,,,False,True,69
MONDO_0000453,Orphanet_51083,short QT syndrome,Familial short QT syndrome,57,460,2,False,True,True,False,False,False,,familial short QT syndrome,Orphanet:51083,,,,False,True,57
MONDO_0000455,Orphanet_1871,cone dystrophy,Progressive cone dystrophy,188,210,2,False,True,True,False,False,False,,progressive cone dystrophy,Orphanet:1871,,,,False,True,188
MONDO_0000554,MONDO_0004259,endocervical adenocarcinoma,endocervical carcinoma,668,719,2,False,True,False,False,False,True,,endocervical adenocarcinoma,,,,0.924,False,True,668
MONDO_0000688,Orphanet_289899,inborn organic aciduria,Organic aciduria,1122,93,2,False,True,True,False,False,False,,organic aciduria,Orphanet:289899,,,,False,True,93
MONDO_0000721,MONDO_0018106,xanthinuria,hereditary xanthinuria,168,166,2,False,True,False,False,False,True,,xanthinuria,,,,0.942,False,True,166
MONDO_0000722,MONDO_0021651,non-syndromic synpolydactyly,synpolydactyly,164,168,2,False,True,False,False,False,True,,synpolydactyly,,,,0.908,False,True,164
MONDO_0000736,Orphanet_241,dyschromatosis universalis hereditaria,Dyschromatosis universalis,75,47,2,False,True,True,False,False,False,,dyschromatosis universalis,Orphanet:241,,,,False,True,47
MONDO_0000863,Orphanet_2598,"myopathy, lactic acidosis, and sideroblastic anemia",Mitochondrial myopathy and sideroblastic anemia,7,80,2,False,True,True,False,False,False,,mitochondrial myopathy and sideroblastic anemia,Orphanet:2598,,,,False,True,7
MONDO_0000902,Orphanet_1496,agenesis of the corpus callosum with peripheral neuropathy,Corpus callosum agenesis - neuronopathy,82,67,2,False,True,True,False,False,False,,corpus callosum agenesis neuronopathy,Orphanet:1496,,,,False,True,67
MONDO_0000914,Orphanet_136,"cerebral arteriopathy, autosomal dominant, with subcortical infarcts and leukoencephalopathy, type 1",CADASIL,48,162,2,False,True,True,False,False,False,,CADASIL,Orphanet:136,,,,False,True,48
MONDO_0000995,Orphanet_371433,familial periodic paralysis,Genetic periodic paralysis,1302,68,2,False,True,True,False,False,False,,genetic periodic paralysis,Orphanet:371433,,,,True,True,68
MONDO_0001082,MONDO_0024339,lymph node cancer,lymph node neoplasm,5625,5629,2,False,True,False,False,False,True,,lymph node neoplasm,,,,0.998,False,True,5625
MONDO_0001187,MONDO_0004986,urinary bladder cancer,urinary bladder carcinoma,7817,7405,2,False,True,False,False,False,True,,urinary bladder cancer,,,,0.942,False,True,7405
MONDO_0001235,MONDO_0003196,appendix cancer,appendix carcinoma,353,349,2,False,True,False,False,False,True,,appendix cancer,,,,0.918,False,True,349
MONDO_0001309,Orphanet_98685,oculomotor nerve paralysis,Oculomotor palsy,4691,168,2,False,True,True,False,False,False,,oculomotor palsy,Orphanet:98685,,,,True,True,168
MONDO_0001347,Orphanet_269,facioscapulohumeral muscular dystrophy,Facioscapulohumeral dystrophy,452,264,2,False,True,True,False,False,False,,facioscapulohumeral dystrophy,Orphanet:269,,,,False,True,264
MONDO_0002256,MONDO_0021230,cervix disorder,uterine cervix neoplasm,8384,8375,2,False,True,False,False,False,True,,cervix,,,,0.997,False,True,8375
MONDO_0002413,Orphanet_364,glycogen storage disease I,Glycogen storage disease due to glucose-6-phosphatase deficiency,162,274,2,False,True,True,False,False,False,,glycogen storage disease due to glucose-6-phosphatase deficiency,Orphanet:364,,,,False,True,162
MONDO_0002441,MONDO_0024540,Jervell and Lange-Nielsen syndrome,Jervell and Lange-Nielsen syndrome 1,289,266,2,False,True,False,False,False,True,,Jervell and Lange-Nielsen syndrome,,,,0.914,False,True,266
MONDO_0002561,Orphanet_68366,lysosomal storage disease,Lysosomal disease,4979,1512,2,False,True,True,False,False,False,,lysosomal disease,Orphanet:68366,,,,False,True,1512
MONDO_0002691,MONDO_0018531,liver cancer,carcinoma of liver and intrahepatic biliary tract,13533,13509,2,False,True,False,False,False,True,,liver cancer,,,,0.939,False,True,13509
MONDO_0003582,Orphanet_145,hereditary breast ovarian cancer syndrome,Hereditary breast and ovarian cancer syndrome,190,338,2,False,True,True,False,False,False,,Hereditary Breast and Ovarian Cancer Syndrome,Orphanet:145,,,,False,True,190
MONDO_0003778,MONDO_0009453,inborn error of immunity,immune deficiency disease,5919,5820,2,False,True,False,False,False,True,,immune deficiency disorder,,,,0.981,False,True,5820
MONDO_0004069,MONDO_0044970,inborn mitochondrial metabolism disorder,mitochondrial disease,4699,5092,2,False,True,False,False,False,True,,mitochondrial disease,,,,0.916,False,True,4699
MONDO_0004739,Orphanet_79167,urea cycle disorder,Disorder of urea cycle metabolism and ammonia detoxification,1099,166,2,False,True,True,False,False,False,,disorder of urea cycle metabolism and ammonia detoxification,Orphanet:79167,,,,False,True,166
MONDO_0005321,Orphanet_98974,Fuchs' endothelial dystrophy,Fuchs endothelial corneal dystrophy,236,424,2,False,True,True,False,False,False,,Fuchs endothelial corneal dystrophy,Orphanet:98974,,,,False,True,236
MONDO_0005374,MONDO_0021138,bone marrow neoplasm,bone marrow cancer,10658,10658,2,False,True,False,False,False,True,,bone marrow cancer,,,,0.999,False,True,10658
MONDO_0007029,Orphanet_107,branchio-oto-renal syndrome,BOR syndrome,30,125,2,False,True,True,False,False,False,,bor syndrome,Orphanet:107,,,,False,True,30
MONDO_0007064,Orphanet_277,"severe combined immunodeficiency, autosomal recessive, T cell-negative, B cell-negative, NK cell-negative, due to adenosine deaminase deficiency",Severe combined immunodeficiency due to adenosine deaminase deficiency,378,622,2,False,True,True,False,False,False,,severe combined immunodeficiency due to adenosine deaminase deficiency,Orphanet:277,,,,False,True,378
MONDO_0007073,Orphanet_989,Hypoglossia-hypodactyly syndrome,Hypoglossia - hypodactyly,70,23,2,True,False,True,False,False,False,hypoglossia hypodactyly,,Orphanet:989,,,,False,True,23
MONDO_0007098,Orphanet_100008,ACys amyloidosis,"Hereditary cerebral hemorrhage with amyloidosis, Icelandic type",29,23,2,False,True,True,False,False,False,,"hereditary cerebral hemorrhage with amyloidosis, Icelandic type",Orphanet:100008,,,,False,True,23
MONDO_0007123,Orphanet_1072,ankyloblepharon filiforme adnatum-cleft palate syndrome,Ankyloblepharon filiforme adnatum - cleft palate,125,71,2,True,True,False,False,False,False,ankyloblepharon filiforme adnatum cleft palate,ankyloblepharon filiforme adnatum cleft palate,,,,,False,True,71
MONDO_0007143,Orphanet_1110,aortic arch anomaly-facial dysmorphism-intellectual disability syndrome,Aortic arch anomaly - peculiar facies - intellectual disability,51,32,2,False,True,True,False,False,False,,aortic arch anomaly - peculiar facies - intellectual disability,Orphanet:1110,,,,False,True,32
MONDO_0007154,Orphanet_46724,arteriovenous malformations of the brain,Cerebral arteriovenous malformation,180,83,2,False,True,True,False,False,False,,cerebral arteriovenous malformation,Orphanet:46724,,,,False,True,83
MONDO_0007158,Orphanet_1154,arthrogryposis- oculomotor limitation-electroretinal anomalies syndrome,Arthrogryposis with oculomotor limitation and electroretinal anomalies,46,44,2,False,False,True,False,False,True,,,Orphanet:1154,,,0.957,False,True,44
MONDO_0007159,Orphanet_1144,arthrogryposis-like hand anomaly-sensorineural deafness syndrome,Arthrogryposis-like hand anomaly - sensorineural deafness,25,22,2,True,False,True,False,False,False,arthrogryposis like hand anomaly sensorineural deafness,,Orphanet:1144,,,,False,True,22
MONDO_0007163,Orphanet_97,episodic ataxia type 2,Familial paroxysmal ataxia,140,85,2,False,True,True,False,False,False,,familial paroxysmal ataxia,Orphanet:97,,,,False,True,85
MONDO_0007165,Orphanet_1182,spastic ataxia 7,Spastic ataxia with congenital miosis,18,47,2,False,True,True,False,False,False,,spastic ataxia with congenital miosis,Orphanet:1182,,,,False,True,18
MONDO_0007173,Orphanet_1479,atrial septal defect 7,Atrial septal defect - atrioventricular conduction defects,268,10,2,False,True,True,False,False,False,,atrial septal defect-atrioventricular conduction defects syndrome,Orphanet:1479,,,,False,True,10
MONDO_0007174,Orphanet_844,Lown-Ganong-Levine syndrome,Atrial tachyarrhythmia with short PR interval,12,254,2,False,True,True,False,False,False,,atrial tachyarrhythmia with short PR interval,Orphanet:844,,,,False,True,12
MONDO_0007182,Orphanet_98757,Machado-Joseph disease,Spinocerebellar ataxia type 3,331,317,2,False,True,True,False,False,False,,spinocerebellar ataxia type 3,Orphanet:98757,,,,False,True,317
MONDO_0007188,Orphanet_2285,primary basilar invagination,Primary basilar impression,79,15,2,False,True,True,False,False,False,,primary basilar impression,Orphanet:2285,,,,False,True,15
MONDO_0007211,Orphanet_1276,brachydactyly-arterial hypertension syndrome,Brachydactyly - arterial hypertension,45,45,2,True,False,True,False,False,False,brachydactyly arterial hypertension,,Orphanet:1276,,,,False,True,45
MONDO_0007214,Orphanet_1278,brachydactyly-preaxial hallux varus syndrome,Brachydactyly - preaxial hallux varus,100,73,2,True,False,True,False,False,False,brachydactyly preaxial hallux varus,,Orphanet:1278,,,,False,True,73
MONDO_0007219,Orphanet_93382,Osebold-Remondini syndrome,Brachydactyly type A6,311,20,2,False,True,True,False,False,False,,brachydactyly type A6,Orphanet:93382,,,,True,True,20
MONDO_0007235,Orphanet_1297,branchiooculofacial syndrome,Branchio-oculo-facial syndrome,108,91,2,False,True,True,False,False,False,,Branchio Oculo Facial Syndrome,Orphanet:1297,,,,False,True,91
MONDO_0007245,Orphanet_2678,"cafe au lait spots, multiple",Neurofibromatosis type 6,3,74,2,False,True,True,False,False,False,,neurofibromatosis type 6,Orphanet:2678,,,,True,True,3
MONDO_0007269,Orphanet_300751,dilated cardiomyopathy 1A,Familial dilated cardiomyopathy with conduction defect due to LMNA mutation,48,395,2,False,True,True,False,False,False,,familial dilated cardiomyopathy with conduction defect due to LMNA mutation,Orphanet:300751,,,,False,True,48
MONDO_0007293,Orphanet_99842,leukocyte adhesion deficiency 1,Leukocyte adhesion deficiency type I,87,82,2,False,True,True,False,False,False,,leukocyte adhesion deficiency type I,Orphanet:99842,,,,False,True,82
MONDO_0007295,Orphanet_1945,childhood epilepsy with centrotemporal spikes,Rolandic epilepsy,94,111,2,False,True,True,False,False,False,,Rolandic epilepsy,Orphanet:1945,,,,False,True,94
MONDO_0007301,Orphanet_1393,cerebrocostomandibular syndrome,Cerebro-costo-mandibular syndrome,126,60,2,False,True,True,False,False,False,,cerebro-costo-mandibular syndrome,Orphanet:1393,,,,False,True,60
MONDO_0007308,Orphanet_99946,Charcot-Marie-Tooth disease type 2A1,Autosomal dominant Charcot-Marie-Tooth disease type 2A1,96,79,2,False,True,True,False,False,False,,autosomal dominant Charcot-Marie-Tooth disease type 2A1,Orphanet:99946,,,,False,True,79
MONDO_0007316,Orphanet_268882,Chiari malformation type I,Arnold-Chiari malformation type I,60,37,2,False,True,True,False,False,False,,Arnold-Chiari malformation type I,Orphanet:268882,,,,False,True,37
MONDO_0007339,Orphanet_1997,blepharocheilodontic syndrome,Blepharo-cheilo-odontic syndrome,16,68,2,False,True,True,False,False,False,,blepharo-cheilo-odontic syndrome,Orphanet:1997,,,,False,True,16
MONDO_0007346,Orphanet_3233,cochleosaccular degeneration-cataract syndrome,Cochleosaccular degeneration - cataract,342,219,2,True,False,True,False,False,False,cochleosaccular degeneration cataract,,Orphanet:3233,,,,False,True,219
MONDO_0007375,Orphanet_98956,epithelial basement membrane dystrophy,Microcystic corneal dystrophy,142,130,2,False,True,False,False,False,True,,microcystic corneal dystrophy,,,,0.915,False,True,130
MONDO_0007404,Orphanet_281,Cri-du-chat syndrome,Monosomy 5p,109,100,2,False,True,True,False,False,False,,monosomy 5p,Orphanet:281,,,,False,True,100
MONDO_0007412,Orphanet_1555,Beare-Stevenson cutis gyrata syndrome,Cutis gyrata - acanthosis nigricans - craniosynostosis,62,60,2,False,True,True,False,False,False,,cutis gyrata - acanthosis nigricans - craniosynostosis,Orphanet:1555,,,,False,True,60
MONDO_0007450,Orphanet_30925,neurohypophyseal diabetes insipidus,Hereditary central diabetes insipidus,100,52,2,False,True,True,False,False,False,,hereditary central diabetes insipidus,Orphanet:30925,,,,False,True,52
MONDO_0007471,Orphanet_75376,Doyne honeycomb retinal dystrophy,Familial drusen,127,528,2,False,True,True,False,False,False,,familial drusen,Orphanet:75376,,,,False,True,127
MONDO_0007477,Orphanet_2616,3-M syndrome,3M syndrome,5,198,2,False,True,True,False,False,False,,3M syndrome,Orphanet:2616,,,,False,True,5
MONDO_0007493,Orphanet_98805,torsion dystonia 4,"Primary dystonia, DYT4 type",17,215,2,False,True,True,False,False,False,,"primary dystonia, DYT4 type",Orphanet:98805,,,,False,True,17
MONDO_0007496,Orphanet_71517,dystonia 12,Rapid-onset dystonia-parkinsonism,167,169,2,False,True,True,False,False,False,,rapid-onset dystonia-parkinsonism,Orphanet:71517,,,,False,True,167
MONDO_0007526,Orphanet_75496,"Ehlers-Danlos syndrome, spondylodysplastic type","Ehlers-Danlos syndrome, progeroid type",142,133,2,False,True,True,False,False,False,,Ehlers-Danlos syndrome progeroid type,Orphanet:75496,,,,False,True,133
MONDO_0007550,Orphanet_79396,"epidermolysis bullosa simplex 1A, generalized severe","Epidermolysis bullosa simplex, Dowling-Meara type",20,22,2,False,True,True,False,False,False,,epidermolysis bullosa simplex Dowling-Meara type,Orphanet:79396,,,,False,True,20
MONDO_0007551,Orphanet_79400,"epidermolysis bullosa simplex 1C, localized",Localized epidermolysis bullosa simplex,50,13,2,False,True,True,False,False,False,,localized epidermolysis bullosa simplex,Orphanet:79400,,,,False,True,13
MONDO_0007554,Orphanet_79399,"epidermolysis bullosa simplex 1B, generalized intermediate","Generalized epidermolysis bullosa simplex, non-Dowling-Meara type",12,69,2,False,True,True,False,False,False,,"generalized epidermolysis bullosa simplex, non-Dowling-Meara type",Orphanet:79399,,,,False,True,12
MONDO_0007556,Orphanet_79397,"epidermolysis bullosa simplex 2F, with mottled pigmentation",Epidermolysis bullosa simplex with mottled pigmentation,49,88,2,False,True,True,False,False,False,,epidermolysis bullosa simplex with mottled pigmentation,Orphanet:79397,,,,False,True,49
MONDO_0007584,Orphanet_1962,exostoses-anetodermia-brachydactyly type E syndrome,Exostoses - anetodermia - brachydactyly type E,19,17,2,True,False,True,False,False,False,exostoses anetodermia brachydactyly type e,,Orphanet:1962,,,,False,True,17
MONDO_0007612,Orphanet_2027,gingival fibromatosis-progressive deafness syndrome,Gingival fibromatosis - progressive deafness,103,13,2,True,False,True,False,False,False,gingival fibromatosis progressive deafness,,Orphanet:2027,,,,False,True,13
MONDO_0007639,MONDO_0100443,fundus albipunctatus,RDH5-related retinopathy,143,135,2,False,True,False,False,False,True,,fundus albipunctatus,,,,0.917,False,True,135
MONDO_0007640,Orphanet_59181,Sorsby fundus dystrophy,Sorsby's fundus dystrophy,60,332,2,False,True,True,False,False,False,,Sorsby's fundus dystrophy,Orphanet:59181,,,,False,True,60
MONDO_0007646,Orphanet_324442,Gamstorp-Wohlfart syndrome,Autosomal recessive axonal neuropathy with neuromyotonia,24,104,2,False,True,True,False,False,False,,autosomal recessive axonal neuropathy with neuromyotonia,Orphanet:324442,,,,False,True,24
MONDO_0007693,Orphanet_2220,hypertrichosis cubiti-short stature syndrome,Hypertrichosis cubiti - short stature,11,10,2,True,False,True,False,False,False,hypertrichosis cubiti short stature,,Orphanet:2220,,,,False,True,10
MONDO_0007706,Orphanet_2124,cavernous hemangiomas of face-supraumbilical midline raphe syndrome,Cavernous hemangiomas of face - supraumbilical midline raphe,46,45,2,True,False,False,False,False,True,cavernous hemangiomas of face supraumbilical midline raphe,,,,,0.978,False,True,45
MONDO_0007727,Orphanet_32960,autosomal dominant familial periodic fever,Tumor necrosis factor receptor 1 associated periodic syndrome,381,60,2,False,True,True,False,False,False,,tumor necrosis factor receptor 1 associated periodic syndrome,Orphanet:32960,,,,False,True,60
MONDO_0007737,Orphanet_3265,humeroradial synostosis,Humero-radial synostosis,18,38,2,False,True,True,False,False,False,,humero-radial synostosis,Orphanet:3265,,,,False,True,18
MONDO_0007738,Orphanet_263463,spondyloepiphyseal dysplasia with congenital joint dislocations,CHST3-related skeletal dysplasia,175,185,2,False,True,True,False,False,False,,CHST3-related skeletal dysplasia,Orphanet:263463,,,,False,True,175
MONDO_0007758,MONDO_0968949,"epidermolytic palmoplantar keratoderma, 1","palmoplantar keratoderma, epidermolytic",178,176,2,False,True,False,False,False,True,,"palmoplantar keratoderma, epidermolytic",,,,0.924,False,True,176
MONDO_0007762,Orphanet_70470,hyperlipoproteinemia type V,Hyperlipoproteinemia type 5,103,91,2,False,True,True,False,False,False,,hyperlipoproteinemia type 5,Orphanet:70470,,,,False,True,91
MONDO_0007768,Orphanet_99880,hyperparathyroidism 2 with jaw tumors,Hyperparathyroidism-jaw tumor syndrome,74,38,2,False,True,True,False,False,False,,hyperparathyroidism-jaw tumor syndrome,Orphanet:99880,,,,False,True,38
MONDO_0007800,Orphanet_1598,chromosome 18p deletion syndrome,Monosomy 18p,41,48,2,False,True,True,False,False,False,,monosomy 18p,Orphanet:1598,,,,False,True,41
MONDO_0007800,Orphanet_261974,chromosome 18p deletion syndrome,Partial deletion of the short arm of chromosome 18,41,14,2,False,True,True,False,False,False,,partial deletion of the short arm of chromosome 18,Orphanet:261974,,,,True,True,14
MONDO_0007818,Orphanet_2314,"hyper-IgE recurrent infection syndrome 1, autosomal dominant",Autosomal dominant hyper-IgE syndrome,58,129,2,False,True,True,False,False,False,,autosomal dominant hyper IgE syndrome,Orphanet:2314,,,,False,True,58
MONDO_0007857,Orphanet_86919,keratosis palmaris et plantaris-clinodactyly syndrome,Keratosis palmaris et plantaris - clinodactyly,7,5,2,True,False,True,False,False,False,keratosis palmaris et plantaris clinodactyly,,Orphanet:86919,,,,False,True,5
MONDO_0007864,Orphanet_90308,angioosteohypertrophic syndrome,Klippel-Trénaunay syndrome,233,46,2,False,True,True,False,False,False,,Klippel Trenaunay syndrome,Orphanet:90308,,,,False,True,46
MONDO_0007872,Orphanet_2363,LADD syndrome,Lacrimoauriculodentodigital syndrome,59,62,2,False,True,True,False,False,False,,LACRIMOAURICULODENTODIGITAL syndrome,Orphanet:2363,,,,False,True,59
MONDO_0007874,Orphanet_502,trichorhinophalangeal syndrome type II,Langer-Giedion syndrome,124,140,2,False,True,True,False,False,False,,Langer Giedion syndrome,Orphanet:502,,,,False,True,124
MONDO_0007875,Orphanet_503,Larsen syndrome,Autosomal dominant Larsen syndrome,160,56,2,False,True,True,False,False,False,,autosomal dominant Larsen syndrome,Orphanet:503,,,,False,True,56
MONDO_0007919,Orphanet_79452,lymphatic malformation 1,Milroy disease,19,130,2,False,True,True,False,False,False,,Milroy disease,Orphanet:79452,,,,False,True,19
MONDO_0007920,Orphanet_90186,lymphatic malformation 5,Meige disease,21,39,2,False,True,True,False,False,False,,Meige disease,Orphanet:90186,,,,False,True,21
MONDO_0007931,Orphanet_1243,vitelliform macular dystrophy 2,Best vitelliform macular dystrophy,78,94,2,False,True,True,False,False,False,,Best Vitelliform Macular Dystrophy,Orphanet:1243,,,,False,True,78
MONDO_0007935,Orphanet_75381,cystoid macular edema,Cystoid macular dystrophy,119,33,2,False,True,True,False,False,False,,cystoid macular dystrophy,Orphanet:75381,,,,False,True,33
MONDO_0007937,Orphanet_34528,renal hypomagnesemia 2,Autosomal dominant primary hypomagnesemia with hypocalciuria,64,143,2,False,True,True,False,False,False,,autosomal dominant primary hypomagnesemia with hypocalciuria,Orphanet:34528,,,,False,True,64
MONDO_0007943,Orphanet_245,Nager acrofacial dysostosis,Nager syndrome,321,125,2,False,True,True,False,False,False,,Nager Syndrome,Orphanet:245,,,,False,True,125
MONDO_0007946,Orphanet_91412,jaw-winking syndrome,Marcus-Gunn syndrome,22,3,2,False,True,True,False,False,False,,Marcus Gunn syndrome,Orphanet:91412,,,,True,True,3
MONDO_0007953,Orphanet_1248,Binder syndrome,Maxillonasal dysplasia,74,106,2,False,True,True,False,False,False,,maxillonasal dysplasia,Orphanet:1248,,,,False,True,74
MONDO_0007983,Orphanet_174,Schmid metaphyseal chondrodysplasia,"Metaphyseal chondrodysplasia, Schmid type",35,459,2,False,True,True,False,False,False,,"Metaphyseal Chondrodysplasia, Schmid Type",Orphanet:174,,,,False,True,35
MONDO_0007988,Orphanet_2514,autosomal dominant primary microcephaly,Autosomal dominant microcephaly,21,51,2,False,True,True,False,False,False,,autosomal dominant microcephaly,Orphanet:2514,,,,False,True,21
MONDO_0008006,Orphanet_570,Mobius syndrome,Moebius syndrome,2968,114,2,False,True,True,False,False,False,,Moebius Syndrome,Orphanet:570,,,,False,True,114
MONDO_0008007,Orphanet_1077,tooth ankylosis,Dental ankylosis,11,79,2,False,True,True,False,False,False,,dental ankylosis,Orphanet:1077,,,,True,True,11
MONDO_0008013,Orphanet_261112,chromosome 9p deletion syndrome,Monosomy 9p,86,60,2,False,True,True,False,False,False,,monosomy 9p,Orphanet:261112,,,,False,True,60
MONDO_0008023,Orphanet_2579,muscular atrophy-ataxia-retinitis pigmentosa-diabetes mellitus syndrome,Muscular atrophy - ataxia - retinitis pigmentosa - diabetes mellitus,109,21,2,True,False,True,False,False,False,muscular atrophy ataxia retinitis pigmentosa diabetes mellitus,,Orphanet:2579,,,,False,True,21
MONDO_0008045,Orphanet_2590,spinal muscular atrophy-progressive myoclonic epilepsy syndrome,Hereditary myoclonus - progressive distal muscular atrophy,109,57,2,False,True,True,False,False,False,,hereditary myoclonus-progressive distal muscular atrophy syndrome,Orphanet:2590,,,,False,True,57
MONDO_0008050,Orphanet_59135,MYH7-related skeletal myopathy,Laing early-onset distal myopathy,140,30,2,False,True,True,False,False,False,,Laing early-onset distal myopathy,Orphanet:59135,,,,False,True,30
MONDO_0008056,Orphanet_273,myotonic dystrophy type 1,Steinert myotonic dystrophy,700,48,2,False,True,True,False,False,False,,Steinert myotonic dystrophy,Orphanet:273,,,,False,True,48
MONDO_0008060,Orphanet_79153,nonsyndromic congenital nail disorder 1,Autosomal dominant nail dysplasia,15,81,2,False,True,True,False,False,False,,autosomal dominant nail dysplasia,Orphanet:79153,,,,False,True,15
MONDO_0008073,Orphanet_88950,familial juvenile hyperuricemic nephropathy type 1,Autosomal dominant medullary cystic kidney disease with hyperuricemia,482,1,2,False,True,True,False,False,False,,autosomal dominant medullary cystic kidney disease with hyperuricemia,Orphanet:88950,,,,True,True,1
MONDO_0008083,Orphanet_228343,"ceroid lipofuscinosis, neuronal, 4 (Kufs type)",CLN4B disease,105,21,2,False,True,True,False,False,False,,CLN4B,Orphanet:228343,,,,False,True,21
MONDO_0008130,Orphanet_2743,ophthalmoplegia-intellectual disability-lingua scrotalis syndrome,Ophthalmoplegia - intellectual disability - lingua scrotalis,30,17,2,True,True,False,False,False,False,ophthalmoplegia intellectual disability lingua scrotalis,ophthalmoplegia-intellectual disability-lingua scrotalis syndrome,,,,,False,True,17
MONDO_0008137,Orphanet_2756,orofaciodigital syndrome X,Orofaciodigital syndrome type 10,54,9,2,False,True,True,False,False,False,,orofaciodigital syndrome type 10,Orphanet:2756,,,,True,True,9
MONDO_0008145,Orphanet_296,Ollier disease,Enchondromatosis,150,99,2,False,True,True,False,False,False,,enchondromatosis,Orphanet:296,,,,False,True,99
MONDO_0008156,Orphanet_53,autosomal dominant osteopetrosis 2,Albers-Schönberg osteopetrosis,24,144,2,False,True,True,False,False,False,,Albers-Schonberg osteopetrosis,Orphanet:53,,,,False,True,24
MONDO_0008199,Orphanet_411602,late-onset Parkinson disease,Hereditary late-onset Parkinson disease,98,281,2,False,True,True,False,False,False,,hereditary late onset Parkinson disease,Orphanet:411602,,,,False,True,98
MONDO_0008207,Orphanet_1428,chondromalacia patellae,Familial chondromalacia patellae,8,2,2,False,True,True,False,False,False,,familial chondromalacia patellae,Orphanet:1428,,,,True,True,2
MONDO_0008215,Orphanet_99027,adult-onset autosomal dominant demyelinating leukodystrophy,Adult-onset autosomal dominant leukodystrophy,141,77,2,False,True,True,False,False,False,,adult-onset autosomal dominant leukodystrophy,Orphanet:99027,,,,False,True,77
MONDO_0008218,Orphanet_2841,Hailey-Hailey disease,Familial benign chronic pemphigus,104,3,2,False,True,True,False,False,False,,familial benign chronic pemphigus,Orphanet:2841,,,,False,True,3
MONDO_0008222,Orphanet_37553,Andersen-Tawil syndrome,Cardiodysrhythmic potassium-sensitive periodic paralysis,1247,127,2,False,True,True,False,False,False,,cardiodysrhythmic potassium-sensitive periodic paralysis,Orphanet:37553,,,,False,True,127
MONDO_0008247,Orphanet_3104,Robin sequence-oligodactyly syndrome,Robin sequence - oligodactyly,156,92,2,True,False,True,False,False,False,robin sequence oligodactyly,,Orphanet:3104,,,,False,True,92
MONDO_0008265,Orphanet_2924,polycystic liver disease 1,Isolated polycystic liver disease,33,69,2,False,True,True,False,False,False,,isolated polycystic liver disease,Orphanet:2924,,,,False,True,33
MONDO_0008267,Orphanet_2919,orofaciodigital syndrome V,Orofaciodigital syndrome type 5,79,144,2,False,True,True,False,False,False,,orofaciodigital syndrome type 5,Orphanet:2919,,,,False,True,79
MONDO_0008270,Orphanet_2950,polydactyly of a triphalangeal thumb,Triphalangeal thumb - polysyndactyly syndrome,128,127,2,False,True,False,False,False,True,,triphalangeal thumb-polysyndactyly syndrome,,,,0.962,False,True,127
MONDO_0008297,Orphanet_79473,variegate porphyria,Porphyria variegata,92,18,2,False,True,True,False,False,False,,porphyria variegata,Orphanet:79473,,,,False,True,18
MONDO_0008311,Orphanet_2959,progeria-short stature-pigmented nevi syndrome,Progéria - short stature - pigmented nevi,44,32,2,True,False,True,False,False,False,progeria short stature pigmented nevi,,Orphanet:2959,,,,False,True,32
MONDO_0008315,MONDO_0021259,prostate cancer,prostate neoplasm,11275,10829,2,False,True,False,False,False,True,,prostate neoplasm,,,,0.936,False,True,10829
MONDO_0008329,Orphanet_171871,autosomal dominant pseudohypoaldosteronism type 1,Renal pseudohypoaldosteronism type 1,41,35,2,False,True,True,False,False,False,,renal pseudohypoaldosteronism type 1,Orphanet:171871,,,,False,True,35
MONDO_0008335,Orphanet_2994,short stature-craniofacial anomalies-genital hypoplasia syndrome,Short stature - craniofacial anomalies - genital hypoplasia,31,23,2,True,False,True,False,False,False,short stature craniofacial anomalies genital hypoplasia,,Orphanet:2994,,,,False,True,23
MONDO_0008340,Orphanet_91411,"ptosis, hereditary congenital, 1",Congenital ptosis,16,28,2,False,True,True,False,False,False,,congenital ptosis,Orphanet:91411,,,,False,True,16
MONDO_0008392,Orphanet_3115,Roussy-Levy syndrome,Roussy-Lévy syndrome,93,121,2,True,True,False,False,False,False,roussy levy,Roussy Lévy Syndrome,,,,,False,True,93
MONDO_0008410,Orphanet_3135,Scheuermann disease,Familial Scheuermann disease,73,5,2,False,True,True,False,False,False,,familial Scheuermann disease,Orphanet:3135,,,,False,True,5
MONDO_0008428,Orphanet_3157,septooptic dysplasia,Septo-optic dysplasia,43,80,2,False,True,True,False,False,False,,septo-optic dysplasia,Orphanet:3157,,,,False,True,43
MONDO_0008437,Orphanet_100984,hereditary spastic paraplegia 3A,Autosomal dominant spastic paraplegia type 3,41,64,2,False,True,True,False,False,False,,autosomal dominant spastic paraplegia type 3,Orphanet:100984,,,,False,True,41
MONDO_0008438,Orphanet_100985,hereditary spastic paraplegia 4,Autosomal dominant spastic paraplegia type 4,50,56,2,False,True,True,False,False,False,,autosomal dominant spastic paraplegia type 4,Orphanet:100985,,,,False,True,50
MONDO_0008439,Orphanet_2816,spastic paraplegia-epilepsy-intellectual disability syndrome,Spastic paraplegia - epilepsy - intellectual disability,1,12,2,True,True,False,False,False,False,spastic paraplegia epilepsy intellectual disability,spastic paraplegia epilepsy intellectual disability,,,,,True,True,1
MONDO_0008460,Orphanet_2063,splenogonadal fusion-limb defects-micrognathia syndrome,Splenogonadal fusion - limb defects - micrognathia,115,101,2,True,False,True,False,False,False,splenogonadal fusion limb defects micrognathia,,Orphanet:2063,,,,False,True,101
MONDO_0008473,Orphanet_263482,"spondyloepimetaphyseal dysplasia, Maroteaux type","Spondyloepiphyseal dysplasia, Maroteaux type",21,99,2,False,True,True,False,False,False,,spondyloepiphyseal dysplasia Maroteaux type,Orphanet:263482,,,,False,True,21
MONDO_0008476,Orphanet_93346,"spondyloepimetaphyseal dysplasia, Strudwick type","Spondyloepimetaphyseal dysplasia congenita, Strudwick type",225,114,2,False,True,True,False,False,False,,"spondyloepimetaphyseal dysplasia congenita, Strudwick type",Orphanet:93346,,,,False,True,114
MONDO_0008490,Orphanet_166100,"otospondylomegaepiphyseal dysplasia, autosomal dominant",Stickler syndrome type 3,49,48,2,False,True,True,False,False,False,,"Stickler syndrome, type 3",Orphanet:166100,,,,False,True,48
MONDO_0008494,Orphanet_398088,cryohydrocytosis,Hereditary cryohydrocytosis with normal stomatin,1407,7,2,False,True,True,False,False,False,,hereditary cryohydrocytosis with normal stomatin,Orphanet:398088,,,,False,True,7
MONDO_0008497,Orphanet_3204,Stormorken syndrome,Stormorken-Sjaastad-Langslet syndrome,58,96,2,False,True,True,False,False,False,,Stormorken-Sjaastad-Langslet syndrome,Orphanet:3204,,,,False,True,58
MONDO_0008563,Orphanet_1078,thumb stiffness-brachydactyly-intellectual disability syndrome,Thumb stiffness - brachydactyly - intellectual disability,26,17,2,True,False,True,False,False,False,thumb stiffness brachydactyly intellectual disability,,Orphanet:1078,,,,False,True,17
MONDO_0008572,Orphanet_3332,"tibia, hypoplasia or aplasia of, with polydactyly",Hypoplastic tibiae - postaxial polydactyly,224,9,2,False,True,True,False,False,False,,hypoplastic tibiae-postaxial polydactyly syndrome,Orphanet:3332,,,,False,True,9
MONDO_0008572,Orphanet_988,"tibia, hypoplasia or aplasia of, with polydactyly",Absent tibia - polydactyly,224,129,2,False,True,True,False,False,False,,absent tibia-polydactyly syndrome,Orphanet:988,,,,False,True,129
MONDO_0008582,Orphanet_2228,tooth and nail syndrome,Hypodontia - dysplasia of nails,275,131,2,False,True,True,False,False,False,,hypodontia - dysplasia of nails,Orphanet:2228,,,,False,True,131
MONDO_0008610,Orphanet_88629,blue color blindness,Tritanopia,8,22,2,False,True,True,False,False,False,,tritanopia,Orphanet:88629,,,,False,True,8
MONDO_0008636,Orphanet_3411,double uterus-hemivagina-renal agenesis syndrome,Double uterus - hemivagina - renal agenesis,99,2,2,True,False,True,False,False,False,double uterus hemivagina renal agenesis,,Orphanet:3411,,,,True,True,2
MONDO_0008650,Orphanet_2064,posterior fusion of lumbosacral vertebrae-blepharoptosis syndrome,Posterior fusion of lumbosacral vertebrae - blepharoptosis,113,44,2,True,False,True,False,False,False,posterior fusion of lumbosacral vertebrae blepharoptosis,,Orphanet:2064,,,,False,True,44
MONDO_0008668,Orphanet_166078,von Willebrand disease 1,Von Willebrand disease type 1,108,73,2,False,True,True,False,False,False,,"VON WILLEBRAND disease, type 1",Orphanet:166078,,,,False,True,73
MONDO_0008695,Orphanet_2388,chorea-acanthocytosis,Choreoacanthocytosis,101,112,2,False,True,True,False,False,False,,CHOREOACANTHOCYTOSIS,Orphanet:2388,,,,False,True,101
MONDO_0008696,Orphanet_90301,acanthosis nigricans-insulin resistance-muscle cramps-acral enlargement syndrome,Acanthosis nigricans - Insulin resistance - muscle cramps - acral enlargement,143,70,2,True,False,True,False,False,False,acanthosis nigricans insulin resistance muscle cramps acral enlargement,,Orphanet:90301,,,,False,True,70
MONDO_0008700,Orphanet_931,acheiropody,Acheiropodia,271,216,2,False,True,True,False,False,False,,acheiropodia,Orphanet:931,,,,False,True,216
MONDO_0008701,Orphanet_93299,achondrogenesis type IA,Achondrogenesis type 1A,51,145,2,False,True,True,False,False,False,,achondrogenesis type 1A,Orphanet:93299,,,,False,True,51
MONDO_0008702,Orphanet_93296,achondrogenesis type II,Achondrogenesis type 2,129,157,2,False,True,True,False,False,False,,achondrogenesis type 2,Orphanet:93296,,,,False,True,129
MONDO_0008703,Orphanet_2098,acromesomelic dysplasia 2A,"Acromesomelic dysplasia, Grebe type",404,251,2,False,True,True,False,False,False,,"acromesomelic dysplasia, Grebe type",Orphanet:2098,,,,False,True,251
MONDO_0008715,Orphanet_1784,acrofrontofacionasal dysostosis,Acro-fronto-facio-nasal dysostosis,22,46,2,False,True,True,False,False,False,,acro fronto facio nasal dysostosis,Orphanet:1784,,,,False,True,22
MONDO_0008717,Orphanet_968,"acromesomelic dysplasia 2C, Hunter-Thompson type","Acromesomelic dysplasia, Hunter-Thomson type",345,325,2,False,False,True,False,False,True,,,Orphanet:968,,,0.942,False,True,325
MONDO_0008724,Orphanet_2952,"adducted thumbs-arthrogryposis syndrome, Christian type","Adducted thumbs - arthrogryposis, Christian type",27,25,2,False,False,True,False,False,True,,,Orphanet:2952,,,0.926,False,True,25
MONDO_0008737,Orphanet_98880,congenital afibrinogenemia,Familial afibrinogenemia,114,85,2,False,True,True,False,False,False,,familial afibrinogenemia,Orphanet:98880,,,,False,True,85
MONDO_0008740,Orphanet_990,agnathia-otocephaly complex,Agnathia - holoprosencephaly - situs inversus,49,27,2,False,True,True,False,False,False,,agnathia-holoprosencephaly-situs inversus syndrome,Orphanet:990,,,,False,True,27
MONDO_0008744,Orphanet_2007,alar cartilages hypoplasia-coloboma-telecanthus syndrome,Alar cartilages hypoplasia - coloboma - telecanthus,14,4,2,True,False,True,False,False,False,alar cartilages hypoplasia coloboma telecanthus,,Orphanet:2007,,,,True,True,4
MONDO_0008757,Orphanet_701,alopecia universalis congenita,Alopecia universalis,240,166,2,False,True,True,False,False,False,,alopecia universalis,Orphanet:701,,,,False,True,166
MONDO_0008758,Orphanet_726,mitochondrial DNA depletion syndrome 4a,Alpers syndrome,1554,145,2,False,True,True,False,False,False,,Alper's disease,Orphanet:726,,,,False,True,145
MONDO_0008768,Orphanet_228340,"ceroid lipofuscinosis, neuronal, 6B (Kufs type)",CLN4A disease,159,24,2,False,True,True,False,False,False,,CLN4A,Orphanet:228340,,,,False,True,24
MONDO_0008769,Orphanet_228349,neuronal ceroid lipofuscinosis 2,CLN2 disease,26,76,2,False,True,True,False,False,False,,CLN2,Orphanet:228349,,,,False,True,26
MONDO_0008791,Orphanet_1048,anencephaly 1,Isolated anencephaly/exencephaly,202,67,2,False,True,True,False,False,False,,isolated anencephaly/exencephaly,Orphanet:1048,,,,False,True,67
MONDO_0008795,Orphanet_1065,aniridia-cerebellar ataxia-intellectual disability syndrome,Aniridia - cerebellar ataxia - intellectual disability,74,96,2,True,False,True,False,False,False,aniridia cerebellar ataxia intellectual disability,,Orphanet:1065,,,,False,True,74
MONDO_0008798,Orphanet_94150,nonsyndromic congenital nail disorder 4,Anonychia congenita totalis,7,4,2,False,True,True,False,False,False,,anonychia congenita totalis,Orphanet:94150,,,,False,True,4
MONDO_0008816,Orphanet_1136,Chiari malformation type II,Arnold-Chiari malformation type II,52,22,2,False,True,True,False,False,False,,Arnold Chiari malformation type II,Orphanet:1136,,,,False,True,22
MONDO_0008823,Orphanet_1143,"arthrogryposis multiplex congenita 2, neurogenic type",Neurogenic arthrogryposis multiplex congenita,67,61,2,False,True,True,False,False,False,,neurogenic arthrogryposis multiplex congenita,Orphanet:1143,,,,False,True,61
MONDO_0008832,Orphanet_97548,right atrial isomerism,Ivemark syndrome,218,29,2,False,True,True,False,False,False,,Ivemark Syndrome,Orphanet:97548,,,,False,True,29
MONDO_0008838,Orphanet_1188,ataxia - deafness - intellectual disability syndrome,Ataxia-deafness-intellectual disability syndrome,52,56,2,True,False,True,False,False,False,ataxia deafness intellectual disability,,Orphanet:1188,,,,False,True,52
MONDO_0008842,Orphanet_1168,"ataxia, early-onset, with oculomotor apraxia and hypoalbuminemia",Ataxia - oculomotor apraxia type 1,135,128,2,False,True,True,False,False,False,,ataxia-oculomotor apraxia type 1,Orphanet:1168,,,,False,True,128
MONDO_0008843,Orphanet_1192,atherosclerosis-deafness-diabetes-epilepsy-nephropathy syndrome,Atherosclerosis - deafness - diabetes - epilepsy - nephropathy,34,30,2,True,False,True,False,False,False,atherosclerosis deafness diabetes epilepsy nephropathy,,Orphanet:1192,,,,False,True,30
MONDO_0008846,Orphanet_1195,atransferrinemia,Congenital atransferrinemia,112,101,2,False,True,True,False,False,False,,congenital atransferrinemia,Orphanet:1195,,,,False,True,101
MONDO_0008855,Orphanet_572,MHC class II deficiency,Immunodeficiency by defective expression of HLA class 2,435,538,2,False,True,True,False,False,False,,immunodeficiency by defective expression of HLA class 2,Orphanet:572,,,,False,True,435
MONDO_0008865,Orphanet_41751,Bietti crystalline corneoretinal dystrophy,Bietti crystalline dystrophy,65,142,2,False,True,True,False,False,False,,Bietti crystalline dystrophy,Orphanet:41751,,,,False,True,65
MONDO_0008885,Orphanet_1299,Elsahy-Waters syndrome,Branchio-skeleto-genital syndrome,90,87,2,False,True,True,False,False,False,,branchio-skeleto-genital syndrome,Orphanet:1299,,,,False,True,87
MONDO_0008903,MONDO_0021117,lung cancer,lung neoplasm,14213,14285,2,False,True,False,False,False,True,,lung neoplasm,,,,0.955,False,True,14213
MONDO_0008915,Orphanet_2229,dilated cardiomyopathy-hypergonadotropic hypogonadism syndrome,Dilated cardiomyopathy - hypergonadotropic hypogonadism,183,35,2,True,False,True,False,False,False,dilated cardiomyopathy hypergonadotropic hypogonadism,,Orphanet:2229,,,,False,True,35
MONDO_0008922,Orphanet_1369,Sengers syndrome,Congenital cataract - hypertrophic cardiomyopathy - mitochondrial myopathy,73,78,2,False,True,True,False,False,False,,congenital cataract-hypertrophic cardiomyopathy-mitochondrial myopathy syndrome,Orphanet:1369,,,,False,True,73
MONDO_0008931,Orphanet_3258,Cenani-Lenz syndactyly syndrome,Cenani-Lenz syndrome,77,66,2,False,True,True,False,False,False,,Cenani-Lenz syndrome,Orphanet:3258,,,,False,True,66
MONDO_0008960,Orphanet_90103,Charcot-Marie-Tooth disease-hearing loss-intellectual disability syndrome,Charcot-Marie-Tooth disease - deafness - intellectual disability,54,94,2,False,True,True,False,False,False,,Charcot-Marie-tooth disease-deafness-intellectual disability syndrome,Orphanet:90103,,,,False,True,54
MONDO_0008962,Orphanet_79476,Griscelli syndrome type 1,Griscelli disease type 1,60,392,2,False,True,True,False,False,False,,Griscelli disease type 1,Orphanet:79476,,,,False,True,60
MONDO_0008964,Orphanet_53689,congenital secretory chloride diarrhea 1,Congenital chloride diarrhea,1016,39,2,False,True,True,False,False,False,,congenital chloride diarrhea,Orphanet:53689,,,,False,True,39
MONDO_0008966,Orphanet_1414,Aagenaes syndrome,Cholestasis-lymphedema syndrome,23,178,2,False,True,True,False,False,False,,cholestasis lymphedema syndrome,Orphanet:1414,,,,False,True,23
MONDO_0008967,Orphanet_79095,congenital bile acid synthesis defect 4,Congenital bile acid synthesis defect type 4,21,94,2,False,True,True,False,False,False,,congenital bile acid synthesis defect type 4,Orphanet:79095,,,,False,True,21
MONDO_0008970,Orphanet_50945,chondrodysplasia Blomstrand type,Blomstrand lethal chondrodysplasia,96,280,2,False,True,True,False,False,False,,Blomstrand lethal chondrodysplasia,Orphanet:50945,,,,False,True,96
MONDO_0009008,Orphanet_1338,heart defect - tongue hamartoma - polysyndactyly syndrome,Heart defect-tongue hamartoma-polysyndactyly syndrome,18,76,2,True,True,False,False,False,False,heart defect tongue hamartoma polysyndactyly,heart defect - tongue hamartoma - polysyndactyly syndrome,,,,,False,True,18
MONDO_0009015,Orphanet_1490,corneal dystrophy-perceptive deafness syndrome,Corneal dystrophy - perceptive deafness,102,86,2,True,False,True,False,False,False,corneal dystrophy perceptive deafness,,Orphanet:1490,,,,False,True,86
MONDO_0009045,Orphanet_1380,cataract-nephropathy-encephalopathy syndrome,Cataract - nephropathy - encephalopathy,85,37,2,True,False,True,False,False,False,cataract nephropathy encephalopathy,,Orphanet:1380,,,,False,True,37
MONDO_0009075,Orphanet_1566,Dandy-Walker malformation-postaxial polydactyly syndrome,Dandy-Walker malformation - postaxial polydactyly,45,29,2,True,False,True,False,False,False,dandy walker malformation postaxial polydactyly,,Orphanet:1566,,,,False,True,29
MONDO_0009080,Orphanet_71271,split hand-foot malformation 1 with sensorineural hearing loss,Split hand - split foot - deafness,24,18,2,False,True,True,False,False,False,,split hand-split foot-deafness syndrome,Orphanet:71271,,,,False,True,18
MONDO_0009084,Orphanet_3236,conductive deafness-ptosis-skeletal anomalies syndrome,Conductive deafness - ptosis - skeletal anomalies,46,20,2,True,False,True,False,False,False,conductive deafness ptosis skeletal anomalies,,Orphanet:3236,,,,False,True,20
MONDO_0009092,Orphanet_2770,polycystic lipomembranous osteodysplasia with sclerosing leukoencephaly,Nasu-Hakola disease,69,152,2,False,True,True,False,False,False,,Nasu-Hakola disease,Orphanet:2770,,,,False,True,69
MONDO_0009099,Orphanet_3145,nephrogenic diabetes insipidus-intracranial calcification syndrome,Nephrogenic diabetes insipidus - intracranial calcification,5,52,2,True,False,True,False,False,False,nephrogenic diabetes insipidus intracranial calcification,,Orphanet:3145,,,,False,True,5
MONDO_0009105,Orphanet_84064,trichohepatoenteric syndrome,Syndromic diarrhea,15,133,2,False,True,True,False,False,False,,syndromic diarrhea,Orphanet:84064,,,,False,True,15
MONDO_0009107,Orphanet_628,diastrophic dysplasia,Diastrophic dwarfism,214,33,2,False,True,True,False,False,False,,diastrophic dwarfism,Orphanet:628,,,,False,True,33
MONDO_0009131,Orphanet_1764,Riley-Day syndrome,Familial dysautonomia,49,101,2,False,True,True,False,False,False,,familial dysautonomia,Orphanet:1764,,,,False,True,49
MONDO_0009133,Orphanet_1766,"cerebellar ataxia, intellectual disability, and dysequilibrium",Dysequilibrium syndrome,296,341,2,False,True,True,False,False,False,,dysequilibrium syndrome,Orphanet:1766,,,,False,True,296
MONDO_0009134,Orphanet_98873,congenital dyserythropoietic anemia type 2,Congenital dyserythropoietic anemia type II,344,341,2,False,False,True,False,False,True,,,Orphanet:98873,,,0.952,False,True,341
MONDO_0009140,Orphanet_1865,Silverman-Handmaker type dyssegmental dysplasia,"Dyssegmental dysplasia, Silverman-Handmaker type",30,84,2,False,True,True,False,False,False,,dyssegmental dysplasia Silverman-Handmaker type,Orphanet:1865,,,,False,True,30
MONDO_0009145,Orphanet_50944,SchC6pf-Schulz-Passarge syndrome,Schöpf-Schulz-Passarge syndrome,26,168,2,False,True,True,False,False,False,,SCHOPF-Schulz-Passarge syndrome,Orphanet:50944,,,,False,True,26
MONDO_0009146,Orphanet_1883,ectodermal dysplasia-sensorineural deafness syndrome,Ectodermal dysplasia - sensorineural deafness,51,19,2,True,False,True,False,False,False,ectodermal dysplasia sensorineural deafness,,Orphanet:1883,,,,False,True,19
MONDO_0009151,Orphanet_3253,cleft lip/palate-ectodermal dysplasia syndrome,Zlotogora-Ogur syndrome,84,34,2,False,True,True,False,False,False,,Zlotogora-Ogur syndrome,Orphanet:3253,,,,False,True,34
MONDO_0009181,Orphanet_257,"epidermolysis bullosa simplex 5B, with muscular dystrophy",Epidermolysis bullosa simplex with muscular dystrophy,62,33,2,False,True,True,False,False,False,,epidermolysis bullosa simplex with muscular dystrophy,Orphanet:257,,,,False,True,33
MONDO_0009183,Orphanet_79403,junctional epidermolysis bullosa with pyloric atresia,Junctional epidermolysis bullosa - pyloric atresia,44,39,2,False,True,True,False,False,False,,junctional epidermolysis bullosa - pyloric atresia,Orphanet:79403,,,,False,True,39
MONDO_0009209,Orphanet_1974,autosomal recessive faciodigitogenital syndrome,Autosomal recessive facio-digito-genital syndrome,63,59,2,False,False,True,False,False,True,,,Orphanet:1974,,,0.937,False,True,59
MONDO_0009223,Orphanet_325448,hypogonadotropic hypogonadism 23 with or without anosmia,Leydig cell hypoplasia due to LHB deficiency,727,1,2,False,True,True,False,False,False,,Leydig cell hypoplasia due to LHB deficiency,Orphanet:325448,,,,True,True,1
MONDO_0009239,Orphanet_52901,hypogonadotropic hypogonadism 24 without anosmia,Isolated follicle stimulating hormone deficiency,669,972,2,False,True,True,False,False,False,,isolated follicle stimulating hormone deficiency,Orphanet:52901,,,,False,True,669
MONDO_0009266,Orphanet_77260,Gaucher disease type II,Gaucher disease type 2,40,54,2,False,True,True,False,False,False,,Gaucher disease type 2,Orphanet:77260,,,,False,True,40
MONDO_0009267,Orphanet_77261,Gaucher disease type III,Gaucher disease type 3,41,110,2,False,True,True,False,False,False,,Gaucher disease type 3,Orphanet:77261,,,,False,True,41
MONDO_0009290,Orphanet_365,glycogen storage disease II,Glycogen storage disease due to acid maltase deficiency,162,606,2,False,True,True,False,False,False,,glycogen storage disease due to acid maltase deficiency,Orphanet:365,,,,False,True,162
MONDO_0009297,Orphanet_69076,familial renal glucosuria,Renal glucosuria,87,85,2,False,True,True,False,False,False,,renal glucosuria,Orphanet:69076,,,,False,True,85
MONDO_0009329,Orphanet_199241,pulmonary venoocclusive disease 2,Pulmonary capillary hemangiomatosis,16,74,2,False,True,True,False,False,False,,pulmonary capillary hemangiomatosis,Orphanet:199241,,,,False,True,16
MONDO_0009331,Orphanet_2128,isolated hemihyperplasia,Hemihypertrophy,89,72,2,False,True,True,False,False,False,,hemihypertrophy,Orphanet:2128,,,,False,True,72
MONDO_0009338,Orphanet_79124,hepatic veno-occlusive disease-immunodeficiency syndrome,Hepatic veno-occlusive disease - immunodeficiency,230,368,2,True,False,True,False,False,False,hepatic veno occlusive disease immunodeficiency,,Orphanet:79124,,,,False,True,230
MONDO_0009339,Orphanet_79303,congenital bile acid synthesis defect 2,Congenital bile acid synthesis defect type 2,16,139,2,False,True,True,False,False,False,,congenital bile acid synthesis defect type 2,Orphanet:79303,,,,False,True,16
MONDO_0009342,Orphanet_2155,Hirschsprung disease-hearing loss-polydactyly syndrome,Hirschsprung disease - deafness - polydactyly,24,27,2,False,True,True,False,False,False,,Hirschsprung disease-deafness-polydactyly syndrome,Orphanet:2155,,,,False,True,24
MONDO_0009352,Orphanet_394,classic homocystinuria,Classical homocystinuria,77,74,2,False,False,True,False,False,True,,,Orphanet:394,,,0.961,False,True,74
MONDO_0009377,Orphanet_927,hyperammonemia due to N-acetylglutamate synthase deficiency,Hyperammonemia due to N-acetylglutamate synthetase deficiency,34,38,2,False,True,True,False,False,False,,hyperammonemia due to N-acetylglutamate synthetase deficiency,Orphanet:927,,,,False,True,34
MONDO_0009387,Orphanet_411,familial lipoprotein lipase deficiency,Hyperlipoproteinemia type 1,184,749,2,False,True,False,True,False,False,,"hyperlipoproteinemia, type 1",,C0023817,,,False,True,184
MONDO_0009393,Orphanet_415,ornithine translocase deficiency,Hyperornithinemia-hyperammonemia-homocitrullinuria,91,57,2,False,True,True,False,False,False,,hyperornithinemia-hyperammonemia-homocitrullinuria syndrome,Orphanet:415,,,,False,True,57
MONDO_0009402,Orphanet_2211,acrofrontofacionasal dysostosis 2,Hypertelorism - hypospadias - polysyndactyly syndrome,43,26,2,False,True,True,False,False,False,,hypertelorism hypospadias polysyndactyly syndrome,Orphanet:2211,,,,True,True,26
MONDO_0009411,Orphanet_3453,autoimmune polyendocrine syndrome type 1,Autoimmune polyendocrinopathy type 1,239,71,2,False,True,True,False,False,False,,autoimmune polyendocrinopathy type 1,Orphanet:3453,,,,False,True,71
MONDO_0009414,Orphanet_2089,glycogen storage disorder due to hepatic glycogen synthase deficiency,Glycogen storage disease due to hepatic glycogen synthase deficiency,429,517,2,False,True,True,False,False,False,,glycogen storage disease due to hepatic glycogen synthase deficiency,Orphanet:2089,,,,False,True,429
MONDO_0009420,Orphanet_2232,primary hypergonadotropic hypogonadism-partial alopecia syndrome,Primary hypergonadotropic hypogonadism - partial alopecia,278,183,2,True,False,True,False,False,False,primary hypergonadotropic hypogonadism partial alopecia,,Orphanet:2232,,,,False,True,183
MONDO_0009426,Orphanet_2323,hypoparathyroidism-retardation-dysmorphism syndrome,Sanjad-Sakati syndrome,288,52,2,False,True,True,False,False,False,,Sanjad-Sakati syndrome,Orphanet:2323,,,,False,True,52
MONDO_0009443,Orphanet_457,autosomal recessive congenital ichthyosis 4B,Harlequin ichthyosis,15,57,2,False,True,True,False,False,False,,Harlequin Ichthyosis,Orphanet:457,,,,False,True,15
MONDO_0009445,Orphanet_2274,ichthyosis-hepatosplenomegaly-cerebellar degeneration syndrome,Ichthyosis - hepatosplenomegaly - cerebellar degeneration,175,31,2,True,False,True,False,False,False,ichthyosis hepatosplenomegaly cerebellar degeneration,,Orphanet:2274,,,,False,True,31
MONDO_0009446,Orphanet_2278,ichthyosis-intellectual disability-dwarfism-renal impairment syndrome,Ichthyosis - intellectual disability - dwarfism - renal impairment,137,97,2,True,False,True,False,False,False,ichthyosis intellectual disability dwarfism renal impairment,,Orphanet:2278,,,,False,True,97
MONDO_0009459,Orphanet_88642,"channelopathy-associated congenital insensitivity to pain, autosomal recessive",Channelopathy-associated congenital insensitivity to pain,20,18,2,False,False,True,False,False,True,,,Orphanet:88642,,,0.9,False,True,18
MONDO_0009461,Orphanet_137893,spermatogenic failure 5,Male infertility due to large-headed multiflagellar polyploid spermatozoa,936,13,2,False,True,True,False,False,False,,male infertility due to large-headed multiflagellar polyploid spermatozoa,Orphanet:137893,,,,False,True,13
MONDO_0009467,Orphanet_1654,natal teeth-intestinal pseudoobstruction-patent ductus syndrome,Natal teeth - intestinal pseudoobstruction - patent ductus,65,64,2,True,False,False,False,False,True,natal teeth intestinal pseudoobstruction patent ductus,,,,,0.985,False,True,64
MONDO_0009504,Orphanet_17,mitochondrial DNA depletion syndrome 9,Fatal infantile lactic acidosis with methylmalonic aciduria,57,49,2,False,True,True,False,False,False,,fatal infantile lactic acidosis with methylmalonic aciduria,Orphanet:17,,,,False,True,49
MONDO_0009513,Orphanet_2407,laryngo-onycho-cutaneous syndrome,LOC syndrome,51,45,2,False,True,True,False,False,False,,LOC syndrome,Orphanet:2407,,,,False,True,45
MONDO_0009515,Orphanet_79293,Norum disease,Familial LCAT deficiency,93,19,2,False,True,True,False,False,False,,familial LCAT deficiency,Orphanet:79293,,,,False,True,19
MONDO_0009517,Orphanet_508,Donohue syndrome,Leprechaunism,84,87,2,False,True,True,False,False,False,,Leprechaunism,Orphanet:508,,,,False,True,84
MONDO_0009532,Orphanet_531,Miller-Dieker lissencephaly syndrome,Miller-Dieker syndrome,113,96,2,False,True,True,False,False,False,,Miller-Dieker syndrome,Orphanet:531,,,,False,True,96
MONDO_0009583,Orphanet_2728,"blepharophimosis - intellectual disability syndrome, Ohdo type","Blepharophimosis-intellectual disability syndrome, Ohdo type",59,65,2,True,False,True,False,False,False,blepharophimosis intellectual disability syndrome ohdo type,,Orphanet:2728,,,,False,True,59
MONDO_0009603,Orphanet_88639,3-hydroxyisobutyryl-CoA hydrolase deficiency,Neurodegeneration due to 3-hydroxyisobutyryl-CoA hydrolase deficiency,43,28,2,False,True,True,False,False,False,,neurodegeneration due to 3-hydroxyisobutyryl-CoA hydrolase deficiency,Orphanet:88639,,,,False,True,28
MONDO_0009607,Orphanet_168598,methionine adenosyltransferase deficiency,Brain demyelination due to methionine adenosyltransferase deficiency,32,41,2,False,True,True,False,False,False,,brain demyelination due to methionine adenosyltransferase deficiency,Orphanet:168598,,,,False,True,32
MONDO_0009626,Orphanet_1229,pseudo-TORCH syndrome,Congenital intrauterine infection-like syndrome,66,60,2,False,True,True,False,False,False,,congenital intrauterine infection-like syndrome,Orphanet:1229,,,,False,True,60
MONDO_0009636,Orphanet_279934,mitochondrial DNA depletion syndrome 3 (hepatocerebral type),"Mitochondrial DNA depletion syndrome, hepatocerebral form due to DGUOK deficiency",75,40,2,False,True,True,False,False,False,,"mitochondrial DNA depletion syndrome, hepatocerebral form due to DGUOK deficiency",Orphanet:279934,,,,False,True,40
MONDO_0009637,Orphanet_206966,inborn mitochondrial myopathy,Mitochondrial myopathy,990,712,2,False,True,True,False,False,False,,mitochondrial myopathy,Orphanet:206966,,,,False,True,712
MONDO_0009670,Orphanet_1486,lethal congenital contracture syndrome 1,Lethal congenital contracture syndrome type 1,43,89,2,False,True,True,False,False,False,,lethal congenital contracture syndrome type 1,Orphanet:1486,,,,False,True,43
MONDO_0009672,Orphanet_83419,"spinal muscular atrophy, type III",Proximal spinal muscular atrophy type 3,165,76,2,False,True,True,False,False,False,,proximal spinal muscular atrophy type 3,Orphanet:83419,,,,False,True,76
MONDO_0009673,Orphanet_83418,"spinal muscular atrophy, type II",Proximal spinal muscular atrophy type 2,106,18,2,False,True,True,False,False,False,,proximal spinal muscular atrophy type 2,Orphanet:83418,,,,False,True,18
MONDO_0009678,Orphanet_272,"muscular dystrophy-dystroglycanopathy (congenital with brain and eye anomalies), type A, 4","Congenital muscular dystrophy, Fukuyama type",126,98,2,False,True,True,False,False,False,,"congenital muscular dystrophy, Fukuyama type",Orphanet:272,,,,False,True,98
MONDO_0009680,Orphanet_1875,congenital muscular dystrophy-infantile cataract-hypogonadism syndrome,Congenital muscular dystrophy - infantile cataract - hypogonadism,286,172,2,True,False,True,False,False,False,congenital muscular dystrophy infantile cataract hypogonadism,,Orphanet:1875,,,,False,True,172
MONDO_0009722,Orphanet_168572,Bailey-Bloch congenital myopathy,Native American myopathy,90,49,2,False,True,True,False,False,False,,Native American myopathy,Orphanet:168572,,,,False,True,49
MONDO_0009728,Orphanet_93592,nephronophthisis 1,Juvenile nephronophthisis,221,15,2,False,True,True,False,False,False,,juvenile nephronophthisis,Orphanet:93592,,,,True,True,15
MONDO_0009731,Orphanet_2669,nephrosis-deafness-urinary tract-digital malformations syndrome,Nephrosis - deafness - urinary tract - digital malformations,50,21,2,True,False,True,False,False,False,nephrosis deafness urinary tract digital malformations,,Orphanet:2669,,,,False,True,21
MONDO_0009738,Orphanet_87876,sialidosis type 2,sialidosis type II,74,47,2,False,True,True,False,False,False,,sialidosis type II,Orphanet:87876,,,,False,True,47
MONDO_0009744,Orphanet_228329,neuronal ceroid lipofuscinosis 1,CLN1 disease,227,34,2,False,True,True,False,False,False,,CLN1,Orphanet:228329,,,,False,True,34
MONDO_0009745,Orphanet_228360,neuronal ceroid lipofuscinosis 5,CLN5 disease,36,173,2,False,True,True,False,False,False,,CLN5,Orphanet:228360,,,,False,True,36
MONDO_0009760,Orphanet_89844,Norman-Roberts syndrome,"Lissencephaly syndrome, Norman-Roberts type",22,21,2,False,True,True,False,False,False,,lissencephaly syndrome Norman-Roberts type,Orphanet:89844,,,,False,True,21
MONDO_0009793,Orphanet_2752,orofaciodigital syndrome III,Orofaciodigital syndrome type 3,68,26,2,False,True,True,False,False,False,,orofaciodigital syndrome type 3,Orphanet:2752,,,,False,True,26
MONDO_0009794,Orphanet_2753,orofaciodigital syndrome IV,Orofaciodigital syndrome type 4,97,45,2,False,True,True,False,False,False,,orofaciodigital syndrome type 4,Orphanet:2753,,,,False,True,45
MONDO_0009795,Orphanet_141007,orofaciodigital syndrome IX,Orofaciodigital syndrome type 9,42,26,2,False,True,True,False,False,False,,orofaciodigital syndrome type 9,Orphanet:141007,,,,False,True,26
MONDO_0009796,Orphanet_414,ornithine aminotransferase deficiency,Gyrate atrophy of choroid and retina,39,61,2,False,True,True,False,False,False,,gyrate atrophy of choroid and retina,Orphanet:414,,,,False,True,39
MONDO_0009798,Orphanet_3042,Primrose syndrome,Intellectual disability - cataracts - calcified pinnae - myopathy,129,90,2,False,True,True,False,False,False,,intellectual disability-cataracts-calcified pinnae-myopathy syndrome,Orphanet:3042,,,,True,True,90
MONDO_0009803,Orphanet_2772,congenital osteogenesis imperfecta-microcephaly-cataracts syndrome,Congenital osteogenesis imperfecta - microcephaly - cataracts,20,16,2,True,False,True,False,False,False,congenital osteogenesis imperfecta microcephaly cataracts,,Orphanet:2772,,,,False,True,16
MONDO_0009814,Orphanet_2324,osteopenia-intellectual disability-sparse hair syndrome,Kaler-Garrity-Stern syndrome,93,79,2,False,True,True,False,False,False,,Kaler Garrity Stern syndrome,Orphanet:2324,,,,False,True,79
MONDO_0009818,Orphanet_2785,autosomal recessive osteopetrosis 3,Osteopetrosis with renal tubular acidosis,73,106,2,False,True,True,False,False,False,,osteopetrosis with renal tubular acidosis,Orphanet:2785,,,,False,True,73
MONDO_0009832,Orphanet_2805,pancreatic agenesis,Partial pancreatic agenesis,204,21,2,False,True,True,False,False,False,,partial pancreatic agenesis,Orphanet:2805,,,,False,True,21
MONDO_0009839,Orphanet_240085,progressive supranuclear palsy-parkinsonism syndrome,Progressive supranuclear palsy - parkinsonism,13,90,2,True,False,True,False,False,False,progressive supranuclear palsy parkinsonism,,Orphanet:240085,,,,False,True,13
MONDO_0009863,Orphanet_13,BH4-deficient hyperphenylalaninemia A,6-pyruvoyl-tetrahydropterin synthase deficiency,62,91,2,False,True,True,False,False,False,,6-pyruvoyl tetrahydropterin synthase deficiency,Orphanet:13,,,,False,True,62
MONDO_0009880,Orphanet_85442,short stature-pituitary and cerebellar defects-small sella turcica syndrome,Short stature - pituitary and cerebellar defects - small sella turcica,19,75,2,True,False,True,False,False,False,short stature pituitary and cerebellar defects small sella turcica,,Orphanet:85442,,,,False,True,19
MONDO_0009883,Orphanet_79,alpha-2-plasmin inhibitor deficiency,Congenital alpha2 antiplasmin deficiency,29,47,2,False,True,True,False,False,False,,congenital alpha2-antiplasmin deficiency,Orphanet:79,,,,False,True,29
MONDO_0009892,Orphanet_238557,Chuvash polycythemia,Chuvash erythrocytosis,88,66,2,False,True,True,False,False,False,,Chuvash erythrocytosis,Orphanet:238557,,,,False,True,66
MONDO_0009908,Orphanet_1578,pterin-4 alpha-carbinolamine dehydratase 1 deficiency,Dehydratase deficiency,18,41,2,False,True,True,False,False,False,,dehydratase deficiency,Orphanet:1578,,,,False,True,18
MONDO_0009915,Orphanet_2975,"46,XX disorder of sex development-skeletal anomalies syndrome","46,XX disorder of sex development - skeletal anomalies",56,59,2,True,False,False,False,False,True,46 xx disorder of sex development skeletal anomalies,,,,,0.917,False,True,56
MONDO_0009917,Orphanet_171876,"pseudohypoaldosteronism, type IB1, autosomal recessive",Generalized pseudohypoaldosteronism type 1,60,29,2,False,True,True,False,False,False,,generalized pseudohypoaldosteronism type 1,Orphanet:171876,,,,False,True,29
MONDO_0009921,Orphanet_2166,holoprosencephaly-postaxial polydactyly syndrome,Holoprosencephaly - postaxial polydactyly,75,67,2,True,False,True,False,False,False,holoprosencephaly postaxial polydactyly,,Orphanet:2166,,,,False,True,67
MONDO_0009924,Orphanet_289157,"vitamin D-dependent rickets, type 1",Hypocalcemic vitamin D-dependent rickets,61,186,2,False,True,True,False,False,False,,hypocalcemic vitamin D-dependent rickets,Orphanet:289157,,,,False,True,61
MONDO_0009925,Orphanet_758,autosomal recessive inherited pseudoxanthoma elasticum,Pseudoxanthoma elasticum,38,287,2,False,True,True,False,False,False,,Pseudoxanthoma Elasticum,Orphanet:758,,,,False,True,38
MONDO_0009934,Orphanet_210122,alveolar capillary dysplasia with misalignment of pulmonary veins,Congenital alveolar capillary dysplasia,150,145,2,False,True,True,False,False,False,,congenital alveolar capillary dysplasia,Orphanet:210122,,,,False,True,145
MONDO_0009958,Orphanet_773,adult Refsum disease,Refsum disease,47,88,2,False,True,True,False,False,False,,Refsum Disease,Orphanet:773,,,,False,True,47
MONDO_0009974,Orphanet_540,familial hemophagocytic lymphohistiocytosis type 1,Familial hemophagocytic lymphohistiocytosis,135,858,2,False,True,True,False,False,False,,familial hemophagocytic lymphohistiocytosis,Orphanet:540,,,,False,True,135
MONDO_0009983,Orphanet_3085,retinitis pigmentosa-intellectual disability-deafness-hypogenitalism syndrome,Retinitis pigmentosa - intellectual disability - deafness - hypogenitalism,73,92,2,True,False,True,False,False,False,retinitis pigmentosa intellectual disability deafness hypogenitalism,,Orphanet:3085,,,,False,True,73
MONDO_0010001,Orphanet_1806,ectodermal dysplasia-blindness syndrome,Ectodermal dysplasia - blindness,43,25,2,True,False,True,False,False,False,ectodermal dysplasia blindness,,Orphanet:1806,,,,False,True,25
MONDO_0010015,Orphanet_289499,anterior segment dysgenesis 7,Congenital cataract microcornea with corneal opacity,388,17,2,False,True,True,False,False,False,,congenital cataract microcornea with corneal opacity,Orphanet:289499,,,,False,True,17
MONDO_0010017,Orphanet_158029,sea-blue histiocyte syndrome,Sea-blue histiocytosis,16,257,2,False,True,True,False,False,False,,sea-blue histiocytosis,Orphanet:158029,,,,False,True,16
MONDO_0010029,Orphanet_101063,situs inversus,Situs inversus totalis,150,45,2,False,True,True,False,False,False,,situs inversus totalis,Orphanet:101063,,,,True,True,45
MONDO_0010041,Orphanet_98,Charlevoix-Saguenay spastic ataxia,Autosomal recessive spastic ataxia of Charlevoix-Saguenay,185,157,2,False,True,True,False,False,False,,autosomal recessive spastic ataxia of Charlevoix-Saguenay,Orphanet:98,,,,False,True,157
MONDO_0010043,Orphanet_100998,hereditary spastic paraplegia 17,Autosomal dominant spastic paraplegia type 17,61,68,2,False,True,True,False,False,False,,autosomal dominant spastic paraplegia type 17,Orphanet:100998,,,,False,True,61
MONDO_0010044,Orphanet_100996,hereditary spastic paraplegia 15,Autosomal recessive spastic paraplegia type 15,42,41,2,False,True,True,False,False,False,,autosomal recessive spastic paraplegia type 15,Orphanet:100996,,,,False,True,41
MONDO_0010047,Orphanet_100986,hereditary spastic paraplegia 5A,Autosomal recessive spastic paraplegia type 5A,86,69,2,False,True,True,False,False,False,,autosomal recessive spastic paraplegia type 5A,Orphanet:100986,,,,False,True,69
MONDO_0010049,Orphanet_2818,spastic paraplegia-glaucoma-intellectual disability syndrome,Spastic paraplegia - glaucoma - intellectual disability,8,6,2,True,False,True,False,False,False,spastic paraplegia glaucoma intellectual disability,,Orphanet:2818,,,,False,True,6
MONDO_0010051,Orphanet_3011,spastic tetraplegia-retinitis pigmentosa-intellectual disability syndrome,Spastic tetraplegia - retinitis pigmentosa - intellectual disability,19,6,2,True,False,True,False,False,False,spastic tetraplegia retinitis pigmentosa intellectual disability,,Orphanet:3011,,,,True,True,6
MONDO_0010056,Orphanet_83420,"spinal muscular atrophy, type IV",Proximal spinal muscular atrophy type 4,228,23,2,False,True,True,False,False,False,,proximal spinal muscular atrophy type 4,Orphanet:83420,,,,False,True,23
MONDO_0010064,Orphanet_2572,spastic ataxia-corneal dystrophy syndrome,Spastic ataxia - corneal dystrophy,154,101,2,True,False,True,False,False,False,spastic ataxia corneal dystrophy,,Orphanet:2572,,,,False,True,101
MONDO_0010068,Orphanet_93357,"spondyloepimetaphyseal dysplasia, sponastrime type",SPONASTRIME dysplasia,138,157,2,False,True,True,False,False,False,,Sponastrime dysplasia,Orphanet:93357,,,,False,True,138
MONDO_0010069,Orphanet_94095,spondylocostal dysostosis-anal and genitourinary malformations syndrome,Spondylocostal dysostosis - anal and genitourinary malformations,68,59,2,True,False,True,False,False,False,spondylocostal dysostosis anal and genitourinary malformations,,Orphanet:94095,,,,False,True,59
MONDO_0010078,Orphanet_1856,spondyloperipheral dysplasia,Spondyloperipheral dysplasia - short ulna,215,41,2,False,True,True,False,False,False,,spondyloperipheral dysplasia-short ulna syndrome,Orphanet:1856,,,,True,True,41
MONDO_0010088,Orphanet_585,mucosulfatidosis,Multiple sulfatase deficiency,40,93,2,False,True,True,False,False,False,,Multiple Sulfatase Deficiency,Orphanet:585,,,,False,True,40
MONDO_0010091,Orphanet_1545,Cold-induced sweating syndrome 1,Crisponi syndrome,59,10,2,False,True,True,False,False,False,,Crisponi syndrome,Orphanet:1545,,,,True,True,10
MONDO_0010099,Orphanet_309246,Tay-Sachs disease AB variant,"GM2-gangliosidosis, AB variant",30,79,2,False,True,True,False,False,False,,"GM2 gangliosidosis, AB variant",Orphanet:309246,,,,False,True,30
MONDO_0010110,Orphanet_3301,tetraamelia-multiple malformations syndrome,Tetraamelia - multiple malformations,35,83,2,True,False,True,False,False,False,tetraamelia multiple malformations,,Orphanet:3301,,,,False,True,35
MONDO_0010152,Orphanet_3363,trichomegaly-retina pigmentary degeneration-dwarfism syndrome,Trichomegaly - retina pigmentary degeneration - dwarfism,218,70,2,True,False,True,False,False,False,trichomegaly retina pigmentary degeneration dwarfism,,Orphanet:3363,,,,False,True,70
MONDO_0010159,MONDO_0031219,mismatch repair cancer syndrome 1,mismatch repair cancer syndrome,382,360,2,False,True,False,False,False,True,,mismatch repair cancer syndrome,,,,0.922,False,True,360
MONDO_0010160,Orphanet_28378,tyrosinemia type II,Tyrosinemia type 2,62,52,2,False,True,True,False,False,False,,tyrosinemia type 2,Orphanet:28378,,,,False,True,52
MONDO_0010165,Orphanet_2249,ulna hypoplasia-intellectual disability syndrome,Ulna hypoplasia - intellectual disability,66,39,2,True,False,True,False,False,False,ulna hypoplasia intellectual disability,,Orphanet:2249,,,,False,True,39
MONDO_0010176,Orphanet_2754,orofaciodigital syndrome type 6,Joubert syndrome with orofaciodigital defect,100,139,2,False,True,True,False,False,False,,Joubert syndrome with orofaciodigital defect,Orphanet:2754,,,,False,True,100
MONDO_0010178,MONDO_0018801,congenital bilateral aplasia of vas deferens from CFTR mutation,congenital bilateral absence of vas deferens,1394,1419,2,False,True,False,False,False,True,,congenital bilateral absence of vas deferens,,,,0.975,False,True,1394
MONDO_0010187,Orphanet_98434,"vitamin K-dependent clotting factors, combined deficiency of, type 1",Hereditary combined deficiency of vitamin K-dependent clotting factors,36,30,2,False,True,True,False,False,False,,hereditary combined deficiency of vitamin K-dependent clotting factors,Orphanet:98434,,,,False,True,30
MONDO_0010188,Orphanet_96,familial isolated deficiency of vitamin E,Ataxia with vitamin E deficiency,32,170,2,False,True,True,False,False,False,,Ataxia with Vitamin E Deficiency,Orphanet:96,,,,False,True,32
MONDO_0010210,Orphanet_276249,xeroderma pigmentosum group A,Xeroderma pigmentosum complementation group A,88,47,2,False,True,True,False,False,False,,xeroderma pigmentosum complementation group A,Orphanet:276249,,,,False,True,47
MONDO_0010211,Orphanet_276255,xeroderma pigmentosum group C,Xeroderma pigmentosum complementation group C,94,55,2,False,True,True,False,False,False,,"xeroderma pigmentosum, complementation group C",Orphanet:276255,,,,False,True,55
MONDO_0010212,Orphanet_276258,xeroderma pigmentosum group D,Xeroderma pigmentosum complementation group D,117,66,2,False,True,True,False,False,False,,"xeroderma pigmentosum, complementation group D",Orphanet:276258,,,,False,True,66
MONDO_0010213,Orphanet_276261,xeroderma pigmentosum group E,Xeroderma pigmentosum complementation group E,47,25,2,False,True,True,False,False,False,,"xeroderma pigmentosum, complementation group E",Orphanet:276261,,,,False,True,25
MONDO_0010214,Orphanet_90342,xeroderma pigmentosum variant type,Xeroderma pigmentosum variant,21,35,2,False,True,True,False,False,False,,xeroderma pigmentosum variant,Orphanet:90342,,,,False,True,21
MONDO_0010215,Orphanet_276264,xeroderma pigmentosum group F,Xeroderma pigmentosum complementation group F,46,40,2,False,True,True,False,False,False,,"xeroderma pigmentosum, complementation group F",Orphanet:276264,,,,False,True,40
MONDO_0010216,Orphanet_276267,xeroderma pigmentosum group G,Xeroderma pigmentosum complementation group G,79,66,2,False,True,True,False,False,False,,xeroderma pigmentosum complementation group G,Orphanet:276267,,,,False,True,66
MONDO_0010264,Orphanet_95702,X-linked adrenal hypoplasia congenita,Cytomegalic congenital adrenal hypoplasia,198,458,2,False,True,True,False,False,False,,cytomegalic congenital adrenal hypoplasia,Orphanet:95702,,,,False,True,198
MONDO_0010277,Orphanet_85286,syndromic X-linked intellectual disability Shashi type,"X-linked intellectual disability, Shashi type",19,17,2,False,True,True,False,False,False,,X-linked intellectual disability Shashi type,Orphanet:85286,,,,False,True,17
MONDO_0010279,Orphanet_88630,terminal osseous dysplasia-pigmentary defects syndrome,Terminal osseous dysplasia - pigmentary defects,88,69,2,True,False,True,False,False,False,terminal osseous dysplasia pigmentary defects,,Orphanet:88630,,,,False,True,69
MONDO_0010285,Orphanet_85273,syndromic X-linked intellectual disability Abidi type,"X-linked intellectual disability, Abidi type",4,9,2,False,True,True,False,False,False,,"X-linked intellectual disability, Abidi type",Orphanet:85273,,,,False,True,4
MONDO_0010287,Orphanet_100997,hereditary spastic paraplegia 16,X-linked spastic paraplegia type 16,26,30,2,False,True,True,False,False,False,,X-linked spastic paraplegia type 16,Orphanet:100997,,,,False,True,26
MONDO_0010295,Orphanet_69088,anhidrotic ectodermal dysplasia-immunodeficiency-osteopetrosis-lymphedema syndrome,Anhidrotic ectodermal dysplasia - immunodeficiency - osteopetrosis - lymphedema,6,1,2,True,False,True,False,False,False,anhidrotic ectodermal dysplasia immunodeficiency osteopetrosis lymphedema,,Orphanet:69088,,,,True,True,1
MONDO_0010305,Orphanet_52503,creatine transporter deficiency,X-linked creatine transporter deficiency,63,58,2,False,True,True,False,False,False,,X-linked creatine transporter deficiency,Orphanet:52503,,,,False,True,58
MONDO_0010310,Orphanet_2780,osteopathia striata with cranial sclerosis,Osteopathia striata - cranial sclerosis,356,135,2,False,True,True,False,False,False,,osteopathia striata - cranial sclerosis,Orphanet:2780,,,,False,True,135
MONDO_0010328,Orphanet_231401,alpha-thalassemia-myelodysplastic syndrome,Alpha-thalassemia - myelodysplastic syndrome,891,709,2,True,False,True,False,False,False,alpha thalassemia myelodysplastic,,Orphanet:231401,,,,False,True,709
MONDO_0010332,Orphanet_85280,X-linked intellectual disability-cubitus valgus-dysmorphism syndrome,X-linked intellectual disability - cubitus valgus - dysmorphism,15,12,2,True,False,True,False,False,False,x linked intellectual disability cubitus valgus dysmorphism,,Orphanet:85280,,,,False,True,12
MONDO_0010333,Orphanet_52055,corpus callosum agenesis-intellectual disability-coloboma-micrognathia syndrome,Agenesis of the corpus callosum - intellectual disability - coloboma - micrognathia,46,37,2,False,True,True,False,False,False,,agenesis of the corpus callosum-intellectual disability-coloboma-micrognathia syndrome,Orphanet:52055,,,,False,True,37
MONDO_0010336,Orphanet_2755,orofaciodigital syndrome VIII,Orofaciodigital syndrome type 8,41,18,2,False,True,True,False,False,False,,orofaciodigital syndrome type 8,Orphanet:2755,,,,True,True,18
MONDO_0010339,Orphanet_85294,"epilepsy, X-linked 1, with variable learning disabilities and behavior disorders",X-linked epilepsy - learning disabilities - behavior disorders,16,10,2,False,True,True,False,False,False,,X-linked epilepsy-learning disabilities-behavior disorders syndrome,Orphanet:85294,,,,False,True,10
MONDO_0010371,Orphanet_178333,Aland island eye disease,Åland Islands eye disease,30,1506,2,False,True,True,False,False,False,,Åland Islands eye disease,Orphanet:178333,,,,False,True,30
MONDO_0010378,Orphanet_139583,X-linked hereditary sensory and autonomic neuropathy with hearing loss,X-linked hereditary sensory and autonomic neuropathy with deafness,95,134,2,False,True,True,False,False,False,,X-linked hereditary sensory and autonomic neuropathy with deafness,Orphanet:139583,,,,False,True,95
MONDO_0010379,Orphanet_3057,Brunner syndrome,Monoamine oxidase A deficiency,77,94,2,False,True,True,False,False,False,,monoamine oxidase A deficiency,Orphanet:3057,,,,False,True,77
MONDO_0010403,Orphanet_998,albinism-hearing loss syndrome,Albinism-deafness syndrome,9,158,2,False,True,True,False,False,False,,albinism deafness syndrome,Orphanet:998,,,,False,True,9
MONDO_0010407,Orphanet_85328,"intellectual disability, X-linked syndromic, Turner type","X-linked intellectual disability, Turner type",108,9,2,False,True,True,False,False,False,,"X-linked intellectual disability, Turner type",Orphanet:85328,,,,False,True,9
MONDO_0010409,Orphanet_85324,syndromic X-linked intellectual disability Shrimpton type,"X-linked intellectual disability, Shrimpton type",2,1,2,False,True,True,False,False,False,,"X-linked intellectual disability, Shrimpton type",Orphanet:85324,,,,True,True,1
MONDO_0010417,Orphanet_163937,syndromic X-linked intellectual disability Najm type,"X-linked intellectual disability, Najm type",62,59,2,False,True,True,False,False,False,,"X-linked intellectual disability, Najm type",Orphanet:163937,,,,False,True,59
MONDO_0010418,Orphanet_171607,hereditary spastic paraplegia 34,X-linked spastic paraplegia type 34,18,22,2,False,True,True,False,False,False,,X-linked spastic paraplegia type 34,Orphanet:171607,,,,False,True,18
MONDO_0010421,Orphanet_47,Bruton-type agammaglobulinemia,X-linked agammaglobulinemia,424,707,2,False,True,True,False,False,False,,X-linked agammaglobulinemia,Orphanet:47,,,,False,True,424
MONDO_0010428,Orphanet_217377,chromosome Xp11.23-p11.22 duplication syndrome,Microduplication Xp11.22-p11.23 syndrome,35,53,2,False,True,True,False,False,False,,microduplication Xp11.22-p11.23 syndrome,Orphanet:217377,,,,False,True,35
MONDO_0010448,Orphanet_280679,moyamoya angiopathy-short stature-facial dysmorphism-hypergonadotropic hypogonadism syndrome,Moyamoya disease - short stature - facial dysmorphism - hypergonadotropic hypogonadism,76,52,2,False,True,True,False,False,False,,Moyamoya disease-short stature-facial dysmorphism-hypergonadotropic hypogonadism,Orphanet:280679,,,,False,True,52
MONDO_0010461,Orphanet_163956,syndromic X-linked intellectual disability Nascimento type,"X-linked intellectual disability, Nascimento type",47,48,2,False,True,True,False,False,False,,"X-linked intellectual disability, Nascimento type",Orphanet:163956,,,,False,True,47
MONDO_0010473,Orphanet_324410,X-linked intellectual disability-cardiomegaly-congestive heart failure syndrome,X-linked intellectual disability - cardiomegaly - congestive heart failure,39,32,2,True,False,True,False,False,False,x linked intellectual disability cardiomegaly congestive heart failure,,Orphanet:324410,,,,False,True,32
MONDO_0010477,Orphanet_293707,"blepharophimosis - intellectual disability syndrome, MKB type","Blepharophimosis-intellectual disability syndrome, MKB type",63,66,2,True,False,True,False,False,False,blepharophimosis intellectual disability syndrome mkb type,,Orphanet:293707,,,,False,True,63
MONDO_0010479,Orphanet_352675,Charcot-Marie-Tooth disease X-linked dominant 6,X-linked Charcot-Marie-Tooth disease type 6,20,62,2,False,True,True,False,False,False,,X-linked Charcot-Marie-Tooth disease type 6,Orphanet:352675,,,,False,True,20
MONDO_0010532,Orphanet_1145,infantile-onset X-linked spinal muscular atrophy,X-linked distal arthrogryposis multiplex congenita,69,41,2,False,True,True,False,False,False,,X-linked distal arthrogryposis multiplex congenita,Orphanet:1145,,,,False,True,41
MONDO_0010533,Orphanet_1187,Arts syndrome,Lethal ataxia with deafness and optic atrophy,53,28,2,False,True,True,False,False,False,,lethal ataxia with deafness and optic atrophy,Orphanet:1187,,,,False,True,28
MONDO_0010535,Orphanet_166113,Bazex-Dupre-Christol syndrome,Bazex syndrome,59,67,2,False,True,True,False,False,False,,Bazex syndrome,Orphanet:166113,,,,True,True,59
MONDO_0010549,Orphanet_101075,Charcot-Marie-Tooth disease X-linked dominant 1,X-linked Charcot-Marie-Tooth disease type 1,137,126,2,False,True,True,False,False,False,,X-linked Charcot-Marie-Tooth disease type 1,Orphanet:101075,,,,False,True,126
MONDO_0010550,Orphanet_101076,Charcot-Marie-Tooth disease X-linked recessive 2,X-linked Charcot-Marie-Tooth disease type 2,41,52,2,False,True,True,False,False,False,,X-linked Charcot-Marie-Tooth disease type 2,Orphanet:101076,,,,False,True,41
MONDO_0010551,Orphanet_101077,Charcot-Marie-Tooth disease X-linked recessive 3,X-linked Charcot-Marie-Tooth disease type 3,40,56,2,False,True,True,False,False,False,,X-linked Charcot-Marie-Tooth disease type 3,Orphanet:101077,,,,False,True,40
MONDO_0010563,Orphanet_16,blue cone monochromacy,Blue cone monochromatism,232,48,2,False,True,True,False,False,False,,blue cone monochromatism,Orphanet:16,,,,False,True,48
MONDO_0010570,Orphanet_1520,craniofrontonasal syndrome,Craniofrontonasal dysplasia,74,72,2,False,True,True,False,False,False,,Craniofrontonasal Dysplasia,Orphanet:1520,,,,False,True,72
MONDO_0010574,Orphanet_1568,syndromic X-linked intellectual disability 5,X-linked intellectual disability - Dandy-Walker malformation - basal ganglia disease - Seizures,438,48,2,False,True,True,False,False,False,,X-linked intellectual disability - Dandy-Walker malformation - basal ganglia disease - seizures,Orphanet:1568,,,,False,True,48
MONDO_0010576,Orphanet_383,X-linked mixed hearing loss with perilymphatic gusher,X-linked mixed deafness with perilymphatic gusher,18,138,2,False,True,True,False,False,False,,X-linked mixed deafness with perilymphatic gusher,Orphanet:383,,,,False,True,18
MONDO_0010578,Orphanet_52368,deafness dystonia syndrome,Mohr-Tranebjaerg syndrome,36,112,2,False,True,True,False,False,False,,MOHR-Tranebjaerg syndrome,Orphanet:52368,,,,False,True,36
MONDO_0010589,MONDO_0021005,"Aarskog-Scott syndrome, X-linked",faciodigitogenital syndrome,1510,1462,2,False,True,False,False,False,True,,faciodigitogenital syndrome,,,,0.934,False,True,1462
MONDO_0010611,Orphanet_2182,X-linked hydrocephalus with stenosis of the aqueduct of Sylvius,Hydrocephalus with stenosis of the aqueduct of Sylvius,65,197,2,False,True,True,False,False,False,,hydrocephalus with stenosis of the aqueduct of Sylvius,Orphanet:2182,,,,False,True,65
MONDO_0010613,Orphanet_308993,inborn glycerol kinase deficiency,Glycerol kinase deficiency,84,6,2,False,True,True,False,False,False,,glycerol kinase deficiency,Orphanet:308993,,,,True,True,6
MONDO_0010617,Orphanet_2234,male hypergonadotropic hypogonadism-intellectual disability-skeletal anomalies syndrome,Male hypergonadotropic hypogonadism - intellectual disability - skeletal anomalies,267,237,2,True,False,True,False,False,False,male hypergonadotropic hypogonadism intellectual disability skeletal anomalies,,Orphanet:2234,,,,False,True,237
MONDO_0010619,Orphanet_89936,X-linked dominant hypophosphatemic rickets,X-linked hypophosphatemia,153,236,2,False,True,True,False,False,False,,X-linked hypophosphatemia,Orphanet:89936,,,,False,True,153
MONDO_0010626,Orphanet_101088,hyper-IgM syndrome type 1,X-linked hyper-IgM syndrome,503,923,2,False,True,True,False,False,False,,X-linked hyper IgM syndrome,Orphanet:101088,,,,False,True,503
MONDO_0010639,Orphanet_2375,laryngeal abductor paralysis-intellectual disability syndrome,Laryngeal abductor paralysis - intellectual disability,3,1,2,True,False,True,False,False,False,laryngeal abductor paralysis intellectual disability,,Orphanet:2375,,,,True,True,1
MONDO_0010641,Orphanet_1018,X-linked diffuse leiomyomatosis-Alport syndrome,X-linked diffuse leiomyomatosis - Alport syndrome,55,71,2,True,False,True,False,False,False,x linked diffuse leiomyomatosis alport,,Orphanet:1018,,,,False,True,55
MONDO_0010663,Orphanet_73220,"intellectual disability-hypotonic facies syndrome, X-linked, 1",X-linked intellectual disability - hypotonic face,90,72,2,False,True,True,False,False,False,,X-linked intellectual disability-hypotonic face syndrome,Orphanet:73220,,,,False,True,72
MONDO_0010664,Orphanet_3063,syndromic X-linked intellectual disability Snyder type,"X-linked intellectual disability, Snyder type",75,84,2,False,True,True,False,False,False,,"X-linked intellectual disability, Snyder type",Orphanet:3063,,,,False,True,75
MONDO_0010667,Orphanet_2958,Prieto syndrome,X-linked intellectual disability - dysmorphism - cerebral atrophy,41,26,2,False,True,True,False,False,False,,X-linked intellectual disability-dysmorphism-cerebral atrophy syndrome,Orphanet:2958,,,,True,True,26
MONDO_0010668,Orphanet_1436,skeletal dysplasia-intellectual disability syndrome,Skeletal dysplasia - intellectual disability,49,183,2,True,False,True,False,False,False,skeletal dysplasia intellectual disability,,Orphanet:1436,,,,False,True,49
MONDO_0010672,Orphanet_2556,linear skin defects with multiple congenital anomalies,Microphthalmia with linear skin defects syndrome,10,92,2,False,True,True,False,False,False,,microphthalmia with linear skin defects syndrome,Orphanet:2556,,,,False,True,10
MONDO_0010689,Orphanet_101078,Charcot-Marie-Tooth disease X-linked recessive 4,X-linked Charcot-Marie-Tooth disease type 4,24,88,2,False,True,True,False,False,False,,X-linked Charcot-Marie-Tooth disease type 4,Orphanet:101078,,,,False,True,24
MONDO_0010699,Orphanet_99014,Charcot-Marie-Tooth disease X-linked recessive 5,X-linked Charcot-Marie-Tooth disease type 5,39,71,2,False,True,True,False,False,False,,X-linked Charcot-Marie-Tooth disease type 5,Orphanet:99014,,,,False,True,39
MONDO_0010702,Orphanet_2750,orofaciodigital syndrome I,Orofaciodigital syndrome type 1,89,78,2,False,True,True,False,False,False,,orofaciodigital syndrome type 1,Orphanet:2750,,,,False,True,78
MONDO_0010708,Orphanet_2804,Pallister-W syndrome,W syndrome,1,22,2,False,True,True,False,False,False,,W syndrome,Orphanet:2804,,,,True,True,1
MONDO_0010718,Orphanet_3016,absent radius-anogenital anomalies syndrome,Radius absent - anogenital anomalies,25,19,2,False,True,True,False,False,False,,radius absent anogenital anomalies,Orphanet:3016,,,,False,True,19
MONDO_0010742,Orphanet_1335,pentalogy of Cantrell,Cantrell pentalogy,99,44,2,False,True,True,False,False,False,,Cantrell pentalogy,Orphanet:1335,,,,False,True,44
MONDO_0010745,Orphanet_231393,beta-thalassemia-X-linked thrombocytopenia syndrome,Beta-thalassemia - X-linked thrombocytopenia,1121,433,2,True,False,True,False,False,False,beta thalassemia x linked thrombocytopenia,,Orphanet:231393,,,,False,True,433
MONDO_0010749,Orphanet_3369,trigonocephaly-short stature-developmental delay syndrome,Trigonocephaly - short stature - developmental delay,38,32,2,True,False,True,False,False,False,trigonocephaly short stature developmental delay,,Orphanet:3369,,,,False,True,32
MONDO_0010758,Orphanet_3454,Wieacker-Wolff syndrome,Intellectual disability-developmental delay-contractures syndrome,78,84,2,False,True,True,False,False,False,,intellectual disability-developmental delay-contractures syndrome,Orphanet:3454,,,,False,True,78
MONDO_0010814,Orphanet_1422,chondrodysplasia-pseudohermaphroditism syndrome,Chondrodysplasia - disorder of sex development,36,53,2,False,True,True,False,False,False,,chondrodysplasia-disorder of sex development syndrome,Orphanet:1422,,,,False,True,36
MONDO_0010823,MONDO_0100274,rhizomelic chondrodysplasia punctata type 3,alkylglycerone-phosphate synthase deficiency,141,133,2,False,True,False,False,False,True,,alkylglycerone-phosphate synthase deficiency,,,,0.916,False,True,133
MONDO_0010830,Orphanet_228354,neuronal ceroid lipofuscinosis 8,CLN8 disease,51,98,2,False,True,True,False,False,False,,CLN8,Orphanet:228354,,,,False,True,51
MONDO_0010842,Orphanet_2451,multiple cutaneous and mucosal venous malformations,Mucocutaneous venous malformations,22,16,2,False,True,True,False,False,False,,mucocutaneous venous malformations,Orphanet:2451,,,,False,True,16
MONDO_0010878,Orphanet_100988,hereditary spastic paraplegia 6,Autosomal dominant spastic paraplegia type 6,105,114,2,False,True,True,False,False,False,,autosomal dominant spastic paraplegia type 6,Orphanet:100988,,,,False,True,105
MONDO_0010882,Orphanet_1113,aphalangy-syndactyly-microcephaly syndrome,Aphalangy - syndactyly - microcephaly,59,41,2,True,False,True,False,False,False,aphalangy syndactyly microcephaly,,Orphanet:1113,,,,False,True,41
MONDO_0010907,Orphanet_2224,familial hypertryptophanemia,Hypertryptophanemia,25,29,2,False,True,True,False,False,False,,hypertryptophanemia,Orphanet:2224,,,,False,True,25
MONDO_0010949,Orphanet_99936,Charcot-Marie-Tooth disease type 2B,Autosomal dominant Charcot-Marie-Tooth disease type 2B,40,57,2,False,True,True,False,False,False,,autosomal dominant Charcot-Marie-Tooth disease type 2B,Orphanet:99936,,,,False,True,40
MONDO_0010966,Orphanet_93298,achondrogenesis type IB,Achondrogenesis type 1B,49,63,2,False,True,True,False,False,False,,achondrogenesis type 1B,Orphanet:93298,,,,False,True,49
MONDO_0010976,Orphanet_89838,"epidermolysis bullosa simplex 1D, generalized, intermediate or severe, autosomal recessive",KRT14-related epidermolysis bullosa simplex,13,51,2,False,True,True,False,False,False,,KRT14-related epidermolysis bullosa simplex,Orphanet:89838,,,,False,True,13
MONDO_0010983,Orphanet_53583,dystonia 9,Paroxysmal dystonic choreathetosis with episodic ataxia and spasticity,46,82,2,False,True,True,False,False,False,,paroxysmal dystonic choreathetosis with episodic ataxia and spasticity,Orphanet:53583,,,,False,True,46
MONDO_0010989,Orphanet_2578,Mayer-Rokitansky-Küster-Hauser syndrome type 2,MURCS association,257,83,2,False,True,True,False,False,False,,MURCS association,Orphanet:2578,,,,False,True,83
MONDO_0011011,Orphanet_1858,skeletal dysplasia-epilepsy-short stature syndrome,Skeletal dysplasia - epilepsy - short stature,80,18,2,True,False,True,False,False,False,skeletal dysplasia epilepsy short stature,,Orphanet:1858,,,,False,True,18
MONDO_0011025,Orphanet_94122,Cayman type cerebellar ataxia,"Cerebellar ataxia, Cayman type",23,161,2,False,True,True,False,False,False,,"cerebellar ataxia, CAYMAN type",Orphanet:94122,,,,False,True,23
MONDO_0011050,Orphanet_2516,microcephaly-cardiac defect-lung malsegmentation syndrome,Microcephaly - cardiac defect - lung malsegmentation,76,58,2,True,False,True,False,False,False,microcephaly cardiac defect lung malsegmentation,,Orphanet:2516,,,,False,True,58
MONDO_0011076,Orphanet_98909,myofibrillar myopathy 1,Desminopathy,100,184,2,False,True,True,False,False,False,,desminopathy,Orphanet:98909,,,,False,True,100
MONDO_0011091,Orphanet_99938,Charcot-Marie-Tooth disease type 2D,Autosomal dominant Charcot-Marie-Tooth disease type 2D,48,38,2,False,True,True,False,False,False,,autosomal dominant Charcot-Marie-Tooth disease type 2D,Orphanet:99938,,,,False,True,38
MONDO_0011093,Orphanet_67041,mucopolysaccharidosis type 9,Hyaluronidase deficiency,25,48,2,False,True,True,False,False,False,,hyaluronidase deficiency,Orphanet:67041,,,,False,True,25
MONDO_0011099,Orphanet_69739,human HOXA1 syndromes,Athabaskan brainstem dysgenesis syndrome,119,11,2,False,True,True,False,False,False,,Athabaskan brainstem dysgenesis,Orphanet:69739,,,,False,True,11
MONDO_0011107,Orphanet_1573,congenital hypotrichosis with juvenile macular dystrophy,Hypotrichosis with juvenile macular degeneration,88,129,2,False,True,True,False,False,False,,hypotrichosis with juvenile macular degeneration,Orphanet:1573,,,,False,True,88
MONDO_0011124,Orphanet_168451,spondyloepimetaphyseal dysplasia-abnormal dentition syndrome,Spondyloepimetaphyseal dysplasia - abnormal dentition,2,1,2,True,False,True,False,False,False,spondyloepimetaphyseal dysplasia abnormal dentition,,Orphanet:168451,,,,True,True,1
MONDO_0011132,Orphanet_169095,"T-cell immunodeficiency, congenital alopecia, and nail dystrophy",Alymphoid cystic thymic dysgenesis,289,353,2,False,True,True,False,False,False,,alymphoid cystic thymic dysgenesis,Orphanet:169095,,,,False,True,289
MONDO_0011144,Orphanet_228363,"ceroid lipofuscinosis, neuronal, 6A",CLN6 disease,106,22,2,False,True,True,False,False,False,,CLN6,Orphanet:228363,,,,False,True,22
MONDO_0011152,Orphanet_79351,PHGDH deficiency,"3-phosphoglycerate dehydrogenase deficiency, infantile/juvenile form",39,18,2,False,True,True,False,False,False,,"3-phosphoglycerate dehydrogenase deficiency, infantile/juvenile form",Orphanet:79351,,,,False,True,18
MONDO_0011176,Orphanet_30924,intestinal hypomagnesemia 1,Primary hypomagnesemia with secondary hypocalcemia,19,202,2,False,True,True,False,False,False,,primary hypomagnesemia with secondary hypocalcemia,Orphanet:30924,,,,False,True,19
MONDO_0011235,Orphanet_2840,pelvic dysplasia-arthrogryposis of lower limbs syndrome,Pelvic dysplasia - arthrogryposis of lower limbs,39,29,2,True,True,False,False,False,False,pelvic dysplasia arthrogryposis of lower limbs,pelvic dysplasia arthrogryposis of lower limbs,,,,,False,True,29
MONDO_0011255,Orphanet_357158,mandibulofacial dysostosis-macroblepharon-macrostomia syndrome,Mandibulofacial dysostosis - macroblepharon - macrostomia,42,40,2,True,False,False,False,False,True,mandibulofacial dysostosis macroblepharon macrostomia,,,,,0.952,False,True,40
MONDO_0011264,Orphanet_98806,torsion dystonia 6,"Primary dystonia, DYT6 type",17,53,2,False,True,True,False,False,False,,"primary dystonia, DYT6 type",Orphanet:98806,,,,False,True,17
MONDO_0011266,Orphanet_606,myotonic dystrophy type 2,Proximal myotonic myopathy,484,46,2,False,True,True,False,False,False,,proximal myotonic myopathy,Orphanet:606,,,,False,True,46
MONDO_0011275,Orphanet_40,"acromesomelic dysplasia 1, Maroteaux type","Acromesomelic dysplasia, Maroteaux type",147,207,2,False,True,True,False,False,False,,acromesomelic dysplasia Maroteaux type,Orphanet:40,,,,False,True,147
MONDO_0011287,Orphanet_85199,craniosynostosis-anal anomalies-porokeratosis syndrome,Craniosynostosis - anal anomalies - porokeratosis,79,42,2,True,False,True,False,False,False,craniosynostosis anal anomalies porokeratosis,,Orphanet:85199,,,,False,True,42
MONDO_0011339,Orphanet_100989,hereditary spastic paraplegia 8,Autosomal dominant spastic paraplegia type 8,40,61,2,False,True,True,False,False,False,,autosomal dominant spastic paraplegia type 8,Orphanet:100989,,,,False,True,40
MONDO_0011359,Orphanet_1827,acromelic frontonasal dysostosis,Acromelic frontonasal dysplasia,66,63,2,False,True,True,False,False,False,,acromelic frontonasal dysplasia,Orphanet:1827,,,,False,True,63
MONDO_0011396,Orphanet_79395,loricrin keratoderma,Keratoderma hereditarium mutilans with ichthyosis,11,110,2,False,True,True,False,False,False,,keratoderma hereditarium mutilans with ichthyosis,Orphanet:79395,,,,False,True,11
MONDO_0011399,Orphanet_846,alpha thalassemia spectrum,Alpha-thalassemia,1128,874,2,False,True,True,False,False,False,,alpha-thalassemia,Orphanet:846,,,,False,True,874
MONDO_0011408,Orphanet_100991,hereditary spastic paraplegia 10,Autosomal dominant spastic paraplegia type 10,68,33,2,False,True,True,False,False,False,,autosomal dominant spastic paraplegia type 10,Orphanet:100991,,,,False,True,33
MONDO_0011432,Orphanet_293725,"blepharophimosis - intellectual disability syndrome, Verloes type","Blepharophimosis-intellectual disability syndrome, Verloes type",51,61,2,True,True,False,False,False,False,blepharophimosis intellectual disability syndrome verloes type,"blepharophimosis-intellectual disability syndrome, Verloes type",,,,,False,True,51
MONDO_0011436,Orphanet_98920,autosomal recessive distal spinal muscular atrophy 1,Spinal muscular atrophy with respiratory distress type 1,46,75,2,False,True,True,False,False,False,,spinal muscular atrophy with respiratory distress type 1,Orphanet:98920,,,,False,True,46
MONDO_0011445,Orphanet_2822,hereditary spastic paraplegia 11,Autosomal recessive spastic paraplegia type 11,50,73,2,False,True,True,False,False,False,,autosomal recessive spastic paraplegia type 11,Orphanet:2822,,,,False,True,50
MONDO_0011454,Orphanet_228190,patent ductus arteriosus-bicuspid aortic valve-hand anomalies syndrome,Patent ductus arteriosus - bicuspid aortic valve - hand anomalies,84,65,2,True,False,True,False,False,False,patent ductus arteriosus bicuspid aortic valve hand anomalies,,Orphanet:228190,,,,False,True,65
MONDO_0011462,Orphanet_69126,pyogenic arthritis-pyoderma gangrenosum-acne syndrome,Pyogenic arthritis - pyoderma gangrenosum - acne,273,221,2,True,False,True,False,False,False,pyogenic arthritis pyoderma gangrenosum acne,,Orphanet:69126,,,,False,True,221
MONDO_0011476,Orphanet_34592,MHC class I deficiency,Immunodeficiency by defective expression of HLA class 1,12,72,2,False,True,True,False,False,False,,immunodeficiency by defective expression of HLA class 1,Orphanet:34592,,,,False,True,12
MONDO_0011489,Orphanet_100993,hereditary spastic paraplegia 12,Autosomal dominant spastic paraplegia type 12,27,50,2,False,True,True,False,False,False,,autosomal dominant spastic paraplegia type 12,Orphanet:100993,,,,False,True,27
MONDO_0011532,Orphanet_100994,hereditary spastic paraplegia 13,Autosomal dominant spastic paraplegia type 13,19,26,2,False,True,True,False,False,False,,autosomal dominant spastic paraplegia type 13,Orphanet:100994,,,,False,True,19
MONDO_0011539,Orphanet_98902,nemaline myopathy 5,Amish nemaline myopathy,196,78,2,False,True,True,False,False,False,,Amish nemaline myopathy,Orphanet:98902,,,,True,True,78
MONDO_0011551,Orphanet_101150,TH-deficient dopa-responsive dystonia,Autosomal recessive dopa-responsive dystonia,26,187,2,False,True,True,False,False,False,,autosomal recessive dopa-responsive dystonia,Orphanet:101150,,,,False,True,26
MONDO_0011555,Orphanet_71289,radio-ulnar synostosis-amegakaryocytic thrombocytopenia syndrome,Radio-ulnar synostosis - amegakaryocytic thrombocytopenia,70,204,2,True,False,True,False,False,False,radio ulnar synostosis amegakaryocytic thrombocytopenia,,Orphanet:71289,,,,False,True,70
MONDO_0011603,Orphanet_602,GNE myopathy,"Distal myopathy, Nonaka type",292,204,2,False,True,True,False,False,False,,"distal myopathy, Nonaka type",Orphanet:602,,,,False,True,204
MONDO_0011621,Orphanet_85203,acropectoral syndrome,Acro-pectoral syndrome,68,7,2,False,True,True,False,False,False,,acro-pectoral syndrome,Orphanet:85203,,,,True,True,7
MONDO_0011633,Orphanet_99937,Charcot-Marie-Tooth disease axonal type 2C,Autosomal dominant Charcot-Marie-Tooth disease type 2C,47,45,2,False,True,True,False,False,False,,autosomal dominant Charcot-Marie-Tooth disease type 2C,Orphanet:99937,,,,False,True,45
MONDO_0011652,Orphanet_48652,Phelan-McDermid syndrome,Monosomy 22q13,614,81,2,False,True,True,False,False,False,,monosomy 22q13,Orphanet:48652,,,,False,True,81
MONDO_0011674,Orphanet_100044,Charcot-Marie-Tooth disease dominant intermediate B,Autosomal dominant intermediate Charcot-Marie-Tooth disease type B,20,96,2,False,True,True,False,False,False,,autosomal dominant intermediate Charcot-Marie-Tooth disease type B,Orphanet:100044,,,,False,True,20
MONDO_0011675,Orphanet_100043,"Charcot-Marie-Tooth Disease, axonal, type 2GG",Autosomal dominant intermediate Charcot-Marie-Tooth disease type A,63,24,2,False,True,True,False,False,False,,autosomal dominant intermediate Charcot-Marie-Tooth disease type A,Orphanet:100043,,,,False,True,24
MONDO_0011686,Orphanet_99812,DNA ligase IV deficiency,LIG4 syndrome,34,66,2,False,True,True,False,False,False,,LIG4 syndrome,Orphanet:99812,,,,False,True,34
MONDO_0011687,Orphanet_99940,Charcot-Marie-Tooth disease axonal type 2F,Autosomal dominant Charcot-Marie-Tooth disease type 2F,42,51,2,False,True,True,False,False,False,,autosomal dominant Charcot-Marie-Tooth disease type 2F,Orphanet:99940,,,,False,True,42
MONDO_0011728,Orphanet_93955,benign essential blepharospasm,Benign essential blepharospasm,76,12,2,True,True,False,False,False,False,benign essential blepharospasm,benign essential blepharospasm,,,,,False,True,12
MONDO_0011785,Orphanet_100999,hereditary spastic paraplegia 19,Autosomal dominant spastic paraplegia type 19,24,57,2,False,True,True,False,False,False,,autosomal dominant spastic paraplegia type 19,Orphanet:100999,,,,False,True,24
MONDO_0011801,Orphanet_94124,"spinocerebellar ataxia, autosomal recessive, with axonal neuropathy 1",Spinocerebellar ataxia type 1 with axonal neuropathy,117,55,2,False,True,True,False,False,False,,spinocerebellar ataxia type 1 with axonal neuropathy,Orphanet:94124,,,,False,True,55
MONDO_0011804,Orphanet_275517,autoimmune lymphoproliferative syndrome type 2B,Autoimmune lymphoproliferative syndrome with recurrent viral infections,1273,619,2,False,True,True,False,False,False,,autoimmune lymphoproliferative syndrome with recurrent viral infections,Orphanet:275517,,,,False,True,619
MONDO_0011811,Orphanet_95434,autosomal recessive cerebellar ataxia-saccadic intrusion syndrome,Autosomal recessive cerebellar ataxia - saccadic intrusion,140,182,2,True,False,True,False,False,False,autosomal recessive cerebellar ataxia saccadic intrusion,,Orphanet:95434,,,,False,True,140
MONDO_0011812,Orphanet_93293,Duane-radial ray syndrome,Okihiro syndrome,105,59,2,False,True,True,False,False,False,,Okihiro syndrome,Orphanet:93293,,,,False,True,59
MONDO_0011823,Orphanet_79107,developmental malformations-deafness-dystonia syndrome,Developmental malformations - deafness - dystonia,45,27,2,True,False,True,False,False,False,developmental malformations deafness dystonia,,Orphanet:79107,,,,False,True,27
MONDO_0011835,Orphanet_70595,"sensory ataxic neuropathy, dysarthria, and ophthalmoparesis",Sensory ataxic neuropathy - dysarthria - ophthalmoparesis,120,89,2,False,True,True,False,False,False,,sensory ataxic neuropathy-dysarthria-ophthalmoparesis syndrome,Orphanet:70595,,,,False,True,89
MONDO_0011841,Orphanet_199348,biotin-responsive basal ganglia disease,Thiamine-responsive encephalopathy,97,90,2,False,True,False,False,False,True,,thiamine-responsive encephalopathy,,,,0.928,False,True,90
MONDO_0011862,Orphanet_101004,hereditary spastic paraplegia 24,Autosomal recessive spastic paraplegia type 24,31,35,2,False,True,True,False,False,False,,autosomal recessive spastic paraplegia type 24,Orphanet:101004,,,,False,True,31
MONDO_0011868,Orphanet_137776,lethal congenital contracture syndrome 2,Lethal congenital contracture syndrome type 2,31,15,2,False,True,True,False,False,False,,lethal congenital contracture syndrome type 2,Orphanet:137776,,,,False,True,15
MONDO_0011872,Orphanet_79477,Griscelli syndrome type 2,Griscelli disease type 2,204,147,2,False,True,True,False,False,False,,Griscelli disease type 2,Orphanet:79477,,,,False,True,147
MONDO_0011877,Orphanet_2783,autosomal dominant osteopetrosis 1,Autosomal dominant osteopetrosis type 1,17,170,2,False,True,True,False,False,False,,autosomal dominant osteopetrosis type 1,Orphanet:2783,,,,False,True,17
MONDO_0011886,Orphanet_98807,torsion dystonia 13,"Primary dystonia, DYT13 type",9,229,2,False,True,True,False,False,False,,"primary dystonia, DYT13 type",Orphanet:98807,,,,False,True,9
MONDO_0011888,Orphanet_70592,immunodeficiency 67,Immunodeficiency due to interleukin-1 receptor-associated kinase-4 deficiency,711,301,2,False,True,True,False,False,False,,immunodeficiency due to interleukin-1 receptor-associated kinase-4 deficiency,Orphanet:70592,,,,False,True,301
MONDO_0011894,Orphanet_99939,Charcot-Marie-Tooth disease type 2E,Autosomal dominant Charcot-Marie-Tooth disease type 2E,86,95,2,False,True,True,False,False,False,,autosomal dominant Charcot-Marie-Tooth disease type 2E,Orphanet:99939,,,,False,True,86
MONDO_0011904,Orphanet_140927,"seizures, benign familial infantile, 3",Benign familial neonatal-infantile seizures,66,51,2,False,True,True,False,False,False,,benign familial neonatal-infantile seizures,Orphanet:140927,,,,False,True,51
MONDO_0011906,Orphanet_79301,congenital bile acid synthesis defect 1,Congenital bile acid synthesis defect type 1,22,383,2,False,True,True,False,False,False,,congenital bile acid synthesis defect type 1,Orphanet:79301,,,,False,True,22
MONDO_0011909,Orphanet_100046,Charcot-Marie-Tooth disease dominant intermediate D,Autosomal dominant intermediate Charcot-Marie-Tooth disease type D,110,33,2,False,True,True,False,False,False,,autosomal dominant intermediate Charcot-Marie-Tooth disease type D,Orphanet:100046,,,,False,True,33
MONDO_0011916,Orphanet_101097,Charcot-Marie-Tooth disease axonal type 2K,Autosomal recessive Charcot-Marie-Tooth disease with hoarseness,30,112,2,False,True,True,False,False,False,,autosomal recessive Charcot-Marie-Tooth disease with hoarseness,Orphanet:101097,,,,False,True,30
MONDO_0011925,Orphanet_258,congenital merosin-deficient muscular dystrophy 1A,Congenital muscular dystrophy type 1A,55,78,2,False,True,True,False,False,False,,congenital muscular dystrophy type 1A,Orphanet:258,,,,False,True,55
MONDO_0011970,Orphanet_163727,rolandic epilepsy-paroxysmal exercise-induced dystonia-writer's cramp syndrome,Rolandic epilepsy - paroxysmal exercise-induced dystonia - writer's cramp,26,66,2,True,False,True,False,False,False,rolandic epilepsy paroxysmal exercise induced dystonia writers cramp,,Orphanet:163727,,,,False,True,26
MONDO_0011976,Orphanet_50811,lipodystrophy-intellectual disability-deafness syndrome,Lipodystrophy - intellectual disability - deafness,96,74,2,True,False,True,False,False,False,lipodystrophy intellectual disability deafness,,Orphanet:50811,,,,False,True,74
MONDO_0011992,Orphanet_101005,hereditary spastic paraplegia 25,Autosomal recessive spastic paraplegia type 25,20,21,2,False,True,True,False,False,False,,autosomal recessive spastic paraplegia type 25,Orphanet:101005,,,,False,True,20
MONDO_0011997,Orphanet_183678,Hermansky-Pudlak syndrome 2,Hermansky-Pudlak syndrome with neutropenia,102,81,2,False,True,True,False,False,False,,Hermansky-Pudlak syndrome with neutropenia,Orphanet:183678,,,,False,True,81
MONDO_0012012,Orphanet_100045,Charcot-Marie-Tooth disease dominant intermediate C,Autosomal dominant intermediate Charcot-Marie-Tooth disease type C,18,65,2,False,True,True,False,False,False,,autosomal dominant intermediate Charcot-Marie-Tooth disease type C,Orphanet:100045,,,,False,True,18
MONDO_0012014,Orphanet_217055,Charcot-Marie-Tooth disease recessive intermediate A,Autosomal recessive intermediate Charcot-Marie-Tooth disease type A,137,122,2,False,True,True,False,False,False,,autosomal recessive intermediate Charcot-Marie-Tooth disease type A,Orphanet:217055,,,,False,True,122
MONDO_0012020,Orphanet_1727,chromosome 22q11.2 microduplication syndrome,22q11.2 microduplication syndrome,64,73,2,False,True,True,False,False,False,,22q11.2 microduplication syndrome,Orphanet:1727,,,,False,True,64
MONDO_0012055,Orphanet_2370,Larsen-like osseous dysplasia-short stature syndrome,Larsen-like osseous dysplasia - short stature,115,66,2,True,False,True,False,False,False,larsen like osseous dysplasia short stature,,Orphanet:2370,,,,False,True,66
MONDO_0012063,Orphanet_52056,ulnar/fibula ray defect-brachydactyly syndrome,Ulnar/fibula ray defect - brachydactyly,57,1,2,True,False,True,False,False,False,ulnar fibula ray defect brachydactyly,,Orphanet:52056,,,,True,True,1
MONDO_0012064,Orphanet_1200,choanal atresia-hearing loss-cardiac defects-craniofacial dysmorphism syndrome,Choanal atresia-deafness-cardiac defects-dysmorphism syndrome,77,82,2,False,True,True,False,False,False,,choanal atresia deafness cardiac defects dysmorphism,Orphanet:1200,,,,False,True,77
MONDO_0012075,Orphanet_300576,oligodontia-cancer predisposition syndrome,Oligodontia - cancer predisposition syndrome,50,12,2,True,True,False,False,False,False,oligodontia cancer predisposition,oligodontia-cancer predisposition syndrome,,,,,False,True,12
MONDO_0012096,Orphanet_99945,Charcot-Marie-Tooth disease axonal type 2L,Autosomal dominant Charcot-Marie-Tooth disease type 2L,48,62,2,False,True,True,False,False,False,,autosomal dominant Charcot-Marie-Tooth disease type 2L,Orphanet:99945,,,,False,True,48
MONDO_0012125,Orphanet_280282,hypomyelinating leukodystrophy 2,Pelizaeus-Merzbacher-like disease due to GJC2 mutation,37,65,2,False,True,True,False,False,False,,Pelizaeus-Merzbacher-like disease due to GJC2 mutation,Orphanet:280282,,,,False,True,37
MONDO_0012130,Orphanet_399058,myofibrillar myopathy 2,Alpha-B crystallin-related late-onset distal myopathy,114,123,2,False,True,True,False,False,False,,alpha-B crystallin-related late-onset distal myopathy,Orphanet:399058,,,,True,True,114
MONDO_0012137,Orphanet_319340,Carney complex - trismus - pseudocamptodactyly syndrome,Carney complex-trismus-pseudocamptodactyly syndrome,8,6,2,True,False,True,False,False,False,carney complex trismus pseudocamptodactyly,,Orphanet:319340,,,,False,True,6
MONDO_0012177,Orphanet_88628,posterior column ataxia-retinitis pigmentosa syndrome,Posterior column ataxia - retinitis pigmentosa,63,85,2,True,False,True,False,False,False,posterior column ataxia retinitis pigmentosa,,Orphanet:88628,,,,False,True,63
MONDO_0012181,Orphanet_101007,hereditary spastic paraplegia 27,Autosomal recessive spastic paraplegia type 27,16,66,2,False,True,True,False,False,False,,autosomal recessive spastic paraplegia type 27,Orphanet:101007,,,,False,True,16
MONDO_0012191,Orphanet_137681,hepatoencephalopathy due to combined oxidative phosphorylation defect type 1,Hepatoencephalopathy due to combined oxidative phosphorylation deficiency type 1,36,35,2,False,False,True,False,False,True,,,Orphanet:137681,,,0.972,False,True,35
MONDO_0012192,Orphanet_65288,permanent neonatal diabetes mellitus-pancreatic and cerebellar agenesis syndrome,Permanent neonatal diabetes mellitus - pancreatic and cerebellar agenesis,368,35,2,True,False,True,False,False,False,permanent neonatal diabetes mellitus pancreatic and cerebellar agenesis,,Orphanet:65288,,,,False,True,35
MONDO_0012198,Orphanet_163746,PCWH syndrome,Neurologic Waardenburg-Shah syndrome,65,60,2,False,True,True,False,False,False,,neurologic Waardenburg-Shah syndrome,Orphanet:163746,,,,False,True,60
MONDO_0012213,Orphanet_101006,hereditary spastic paraplegia 26,Autosomal recessive spastic paraplegia type 26,60,71,2,False,True,True,False,False,False,,autosomal recessive spastic paraplegia type 26,Orphanet:101006,,,,False,True,60
MONDO_0012215,Orphanet_98911,myofibrillar myopathy 3,Distal myotilinopathy,259,211,2,False,True,True,False,False,False,,distal myotilinopathy,Orphanet:98911,,,,False,True,211
MONDO_0012216,Orphanet_397618,foveal hypoplasia - optic nerve decussation defect - anterior segment dysgenesis syndrome,Foveal hypoplasia-optic nerve decussation defect-anterior segment dysgenesis syndrome,17,69,2,True,True,False,False,False,False,foveal hypoplasia optic nerve decussation defect anterior segment dysgenesis,foveal hypoplasia - optic nerve decussation defect - anterior segment dysgenesis syndrome,,,,,False,True,17
MONDO_0012220,Orphanet_79478,Griscelli syndrome type 3,Griscelli disease type 3,353,313,2,False,True,True,False,False,False,,Griscelli disease type 3,Orphanet:79478,,,,False,True,313
MONDO_0012231,Orphanet_99947,Charcot-Marie-Tooth disease type 2A2,Autosomal dominant Charcot-Marie-Tooth disease type 2A2,89,121,2,False,True,True,False,False,False,,autosomal dominant Charcot-Marie-Tooth disease type 2A2,Orphanet:99947,,,,False,True,89
MONDO_0012235,Orphanet_284324,autosomal recessive spinocerebellar ataxia 7,Childhood-onset autosomal recessive slowly progressive spinocerebellar ataxia,183,219,2,False,True,True,False,False,False,,childhood onset autosomal recessive slowly progressive spinocerebellar ataxia,Orphanet:284324,,,,False,True,183
MONDO_0012256,Orphanet_101008,hereditary spastic paraplegia 28,Autosomal recessive spastic paraplegia type 28,18,17,2,False,True,True,False,False,False,,autosomal recessive spastic paraplegia type 28,Orphanet:101008,,,,False,True,17
MONDO_0012276,Orphanet_79137,generalized epilepsy-paroxysmal dyskinesia syndrome,Generalized epilepsy - paroxysmal dyskinesia,53,62,2,True,False,True,False,False,False,generalized epilepsy paroxysmal dyskinesia,,Orphanet:79137,,,,False,True,53
MONDO_0012277,Orphanet_98912,myofibrillar myopathy 4,"Late-onset distal myopathy, Markesbery-Griggs type",154,174,2,False,True,True,False,False,False,,"late-onset distal myopathy, Markesbery-Griggs type",Orphanet:98912,,,,False,True,154
MONDO_0012289,Orphanet_171445,myofibrillar myopathy 5,Muscle filaminopathy,53,196,2,False,True,True,False,False,False,,muscle filaminopathy,Orphanet:171445,,,,False,True,53
MONDO_0012297,Orphanet_320406,"spastic paraplegia, optic atropy, and neuropathy",Spastic paraplegia-optic atrophy-neuropathy syndrome,28,199,2,False,True,True,False,False,False,,spastic paraplegia-optic atrophy-neuropathy syndrome,Orphanet:320406,,,,False,True,28
MONDO_0012324,Orphanet_264200,Frias syndrome,14q22q23 microdeletion syndrome,16,13,2,False,True,True,False,False,False,,14q22q23 microdeletion syndrome,Orphanet:264200,,,,False,True,13
MONDO_0012334,Orphanet_101009,hereditary spastic paraplegia 29,Autosomal dominant spastic paraplegia type 29,24,26,2,False,True,True,False,False,False,,autosomal dominant spastic paraplegia type 29,Orphanet:101009,,,,False,True,24
MONDO_0012382,Orphanet_71212,"hyperinsulinemic hypoglycemia, familial, 4",Hyperinsulinism due to short chain 3-hydroxylacyl-CoA dehydrogenase deficiency,4353,85,2,False,True,True,False,False,False,,hyperinsulinism due to short chain 3-hydroxylacyl-CoA dehydrogenase deficiency,Orphanet:71212,,,,False,True,85
MONDO_0012383,Orphanet_75391,primary immunodeficiency with natural-killer cell deficiency and adrenal insufficiency,Immunodeficiency with natural-killer cell deficiency and adrenal insufficiency,87,86,2,False,False,True,False,False,True,,,Orphanet:75391,,,0.989,False,True,86
MONDO_0012387,Orphanet_75325,osteosclerosis-ichthyosis-premature ovarian failure syndrome,Osteosclerosis - ichthyosis - premature ovarian failure,241,177,2,True,False,True,False,False,False,osteosclerosis ichthyosis premature ovarian failure,,Orphanet:75325,,,,False,True,177
MONDO_0012391,Orphanet_1947,neuronal ceroid lipofuscinosis 8 northern epilepsy variant,"Progressive epilepsy - intellectual disability, Finnish type",40,61,2,False,True,True,False,False,False,,"progressive epilepsy - intellectual disability, Finnish type",Orphanet:1947,,,,False,True,40
MONDO_0012399,Orphanet_300573,complex cortical dysplasia with other brain malformations 7,Polymicrogyria due to TUBB2B mutation,72,107,2,False,True,True,False,False,False,,polymicrogyria due to TUBB2B mutation,Orphanet:300573,,,,False,True,72
MONDO_0012414,Orphanet_228337,neuronal ceroid lipofuscinosis 10,CLN10 disease,41,37,2,False,True,True,False,False,False,,CLN10,Orphanet:228337,,,,False,True,37
MONDO_0012435,Orphanet_66634,3-methylglutaconic aciduria type 5,Dilated cardiomyopathy with ataxia,61,55,2,False,True,True,False,False,False,,dilated cardiomyopathy with ataxia,Orphanet:66634,,,,False,True,55
MONDO_0012453,Orphanet_101011,hereditary spastic paraplegia 31,Autosomal dominant spastic paraplegia type 31,25,35,2,False,True,True,False,False,False,,autosomal dominant spastic paraplegia type 31,Orphanet:101011,,,,False,True,25
MONDO_0012479,Orphanet_83620,congenital malabsorptive diarrhea 4,Congenital malabsorptive diarrhea due to paucity of enteroendocrine cells,22,83,2,False,True,True,False,False,False,,congenital malabsorptive diarrhea due to paucity of enteroendocrine cells,Orphanet:83620,,,,False,True,22
MONDO_0012504,Orphanet_85164,camptodactyly-tall stature-scoliosis-hearing loss syndrome,Camptodactyly - tall stature - scoliosis - hearing loss,23,28,2,True,False,True,False,False,False,camptodactyly tall stature scoliosis hearing loss,,Orphanet:85164,,,,False,True,23
MONDO_0012512,Orphanet_168566,fatal mitochondrial disease due to combined oxidative phosphorylation defect type 3,Fatal mitochondrial disease due to combined oxidative phosphorylation deficiency 3,47,46,2,False,False,True,False,False,True,,,Orphanet:168566,,,0.979,False,True,46
MONDO_0012514,Orphanet_85163,hypomyelinating leukodystrophy 5,Hypomyelination - congenital cataract,58,79,2,False,True,True,False,False,False,,hypomyelination - congenital cataract,Orphanet:85163,,,,False,True,58
MONDO_0012521,Orphanet_1930,herpes simplex encephalitis,Herpetic encephalitis,213,61,2,False,True,True,False,False,False,,herpetic encephalitis,Orphanet:1930,,,,False,True,61
MONDO_0012530,Orphanet_85112,palmoplantar keratoderma-XX sex reversal-predisposition to squamous cell carcinoma syndrome,Palmoplantar keratoderma - XX sex reversal - predisposition to squamous cell carcinoma,70,30,2,True,False,True,False,False,False,palmoplantar keratoderma xx sex reversal predisposition to squamous cell carcinoma,,Orphanet:85112,,,,False,True,30
MONDO_0012531,Orphanet_276252,xeroderma pigmentosum group B,Xeroderma pigmentosum complementation group B,61,38,2,False,True,True,False,False,False,,"xeroderma pigmentosum, complementation group B",Orphanet:276252,,,,False,True,38
MONDO_0012557,Orphanet_91130,cardiomyopathy-hypotonia-lactic acidosis syndrome,Cardiomyopathy - hypotonia - lactic acidosis,26,11,2,True,False,True,False,False,False,cardiomyopathy hypotonia lactic acidosis,,Orphanet:91130,,,,False,True,11
MONDO_0012580,Orphanet_264675,hereditary pulmonary alveolar proteinosis,Congenital pulmonary alveolar proteinosis,162,109,2,False,True,True,False,False,False,,congenital pulmonary alveolar proteinosis,Orphanet:264675,,,,False,True,109
MONDO_0012588,Orphanet_228366,neuronal ceroid lipofuscinosis 7,CLN7 disease,119,104,2,False,True,True,False,False,False,,CLN7,Orphanet:228366,,,,False,True,104
MONDO_0012596,Orphanet_284417,PSAT deficiency,Phosphoserine aminotransferase deficiency,18,22,2,False,True,True,False,False,False,,phosphoserine aminotransferase deficiency,Orphanet:284417,,,,False,True,18
MONDO_0012605,Orphanet_251279,isolated microphthalmia 5,Microphthalmia - retinitis pigmentosa - foveoschisis - optic disc drusen,19,177,2,False,True,True,False,False,False,,microphthalmia-retinitis pigmentosa-foveoschisis-optic disc drusen syndrome,Orphanet:251279,,,,False,True,19
MONDO_0012643,Orphanet_171622,hereditary spastic paraplegia 32,Autosomal recessive spastic paraplegia type 32,35,54,2,False,True,True,False,False,False,,autosomal recessive spastic paraplegia type 32,Orphanet:171622,,,,False,True,35
MONDO_0012656,Orphanet_137783,lethal congenital contracture syndrome 3,Lethal congenital contracture syndrome type 3,30,17,2,False,True,True,False,False,False,,lethal congenital contracture syndrome type 3,Orphanet:137783,,,,False,True,17
MONDO_0012664,Orphanet_314603,spastic ataxia 3,Autosomal recessive spastic ataxia with leukoencephalopathy,100,141,2,False,True,True,False,False,False,,autosomal recessive spastic ataxia with leukoencephalopathy,Orphanet:314603,,,,False,True,100
MONDO_0012679,Orphanet_210110,autosomal recessive osteopetrosis 6,Intermediate osteopetrosis,134,211,2,False,True,True,False,False,False,,intermediate osteopetrosis,Orphanet:210110,,,,False,True,134
MONDO_0012682,Orphanet_331226,immunodeficiency 35,Autosomal recessive hyper-IgE syndrome due to TYK2 deficiency,420,8,2,False,True,True,False,False,False,,autosomal recessive hyper-IgE syndrome due to TYK2 deficiency,Orphanet:331226,,,,False,True,8
MONDO_0012700,Orphanet_93610,"renal tubular acidosis, distal, 4, with hemolytic anemia",Distal renal tubular acidosis with anemia,94,20,2,False,True,True,False,False,False,,distal renal tubular acidosis with anemia,Orphanet:93610,,,,False,True,20
MONDO_0012724,Orphanet_247868,familial cold autoinflammatory syndrome 2,NLRP12-associated hereditary periodic fever syndrome,135,27,2,False,True,True,False,False,False,,NLRP12-associated hereditary periodic fever syndrome,Orphanet:247868,,,,False,True,27
MONDO_0012726,Orphanet_73229,autosomal dominant familial hematuria-retinal arteriolar tortuosity-contractures syndrome,Autosomal dominant familial hematuria - retinal arteriolar tortuosity - contractures,170,156,2,True,False,True,False,False,False,autosomal dominant familial hematuria retinal arteriolar tortuosity contractures,,Orphanet:73229,,,,False,True,156
MONDO_0012739,Orphanet_139450,microtia-eye coloboma-imperforation of the nasolacrimal duct syndrome,Microtia - eye coloboma - imperforation of the nasolacrimal duct,14,7,2,True,False,True,False,False,False,microtia eye coloboma imperforation of the nasolacrimal duct,,Orphanet:139450,,,,False,True,7
MONDO_0012740,Orphanet_261330,"chromosome 22q11.2 deletion syndrome, distal",Distal 22q11.2 microdeletion syndrome,40,26,2,False,True,True,False,False,False,,distal 22q11.2 microdeletion syndrome,Orphanet:261330,,,,False,True,26
MONDO_0012761,Orphanet_251038,chromosome 3q29 microduplication syndrome,3q29 microduplication,34,25,2,False,True,True,False,False,False,,3q29 microduplication,Orphanet:251038,,,,False,True,25
MONDO_0012766,Orphanet_171612,hereditary spastic paraplegia 37,Autosomal dominant spastic paraplegia type 37,18,37,2,False,True,True,False,False,False,,autosomal dominant spastic paraplegia type 37,Orphanet:171612,,,,False,True,18
MONDO_0012774,Orphanet_199318,chromosome 15q13.3 microdeletion syndrome,15q13.3 microdeletion syndrome,29,44,2,False,True,True,False,False,False,,15q13.3 microdeletion,Orphanet:199318,,,,False,True,29
MONDO_0012802,Orphanet_157962,oculoauricular syndrome,"Oculoauricular syndrome, Schorderet type",138,34,2,False,True,True,False,False,False,,"oculoauricular syndrome, Schorderet type",Orphanet:157962,,,,False,True,34
MONDO_0012805,Orphanet_98811,childhood onset GLUT1 deficiency syndrome 2,Paroxysmal exertion-induced dyskinesia,31,266,2,False,True,True,False,False,False,,paroxysmal exertion-induced dyskinesia,Orphanet:98811,,,,False,True,31
MONDO_0012807,Orphanet_158684,"epidermolysis bullosa simplex 5C, with pyloric atresia",Epidermolysis bullosa simplex with pyloric atresia,20,23,2,False,True,True,False,False,False,,epidermolysis bullosa simplex with pyloric atresia,Orphanet:158684,,,,False,True,20
MONDO_0012824,Orphanet_280288,hypomyelinating leukodystrophy 4,Pelizaeus-Merzbacher-like disease due to HSPD1 mutation,26,23,2,False,True,True,False,False,False,,Pelizaeus-Merzbacher-like disease due to HSPD1 mutation,Orphanet:280288,,,,False,True,23
MONDO_0012833,Orphanet_93262,Crouzon syndrome-acanthosis nigricans syndrome,Crouzon syndrome - acanthosis nigricans,567,14,2,True,False,True,False,False,False,crouzon syndrome acanthosis nigricans,,Orphanet:93262,,,,False,True,14
MONDO_0012853,Orphanet_2963,Fontaine progeroid syndrome,"Progeroid syndrome, Petty type",328,106,2,False,True,True,False,False,False,,progeroid syndrome Petty type,Orphanet:2963,,,,False,True,106
MONDO_0012854,Orphanet_140963,bilateral microtia-deafness-cleft palate syndrome,Bilateral microtia - deafness - cleft palate,12,35,2,True,False,True,False,False,False,bilateral microtia deafness cleft palate,,Orphanet:140963,,,,False,True,12
MONDO_0012859,Orphanet_178389,autosomal recessive osteopetrosis 7,Osteopetrosis - hypogammaglobulinemia,32,99,2,False,True,True,False,False,False,,osteopetrosis-hypogammaglobulinemia syndrome,Orphanet:178389,,,,False,True,32
MONDO_0012867,Orphanet_171617,hereditary spastic paraplegia 38,Autosomal dominant spastic paraplegia type 38,32,42,2,False,True,True,False,False,False,,autosomal dominant spastic paraplegia type 38,Orphanet:171617,,,,False,True,32
MONDO_0012901,Orphanet_749,inherited prekallikrein deficiency,Congenital prekallikrein deficiency,10,6,2,False,True,True,False,False,False,,congenital prekallikrein deficiency,Orphanet:749,,,,False,True,6
MONDO_0012905,Orphanet_139441,hypomyelinating leukodystrophy 6,Hypomyelination with atrophy of basal ganglia and cerebellum,36,88,2,False,True,True,False,False,False,,hypomyelination with atrophy of basal ganglia and cerebellum,Orphanet:139441,,,,False,True,36
MONDO_0012907,Orphanet_171844,blindness - scoliosis - arachnodactyly syndrome,Blindness-scoliosis-arachnodactyly syndrome,2,111,2,True,False,True,False,False,False,blindness scoliosis arachnodactyly,,Orphanet:171844,,,,True,True,2
MONDO_0012914,Orphanet_250989,chromosome 1q21.1 deletion syndrome,1q21.1 microdeletion syndrome,109,120,2,False,True,True,False,False,False,,1q21.1 microdeletion,Orphanet:250989,,,,False,True,109
MONDO_0012915,Orphanet_250994,chromosome 1q21.1 duplication syndrome,1q21.1 microduplication syndrome,15,15,2,False,True,True,False,False,False,,1q21.1 microduplication syndrome,Orphanet:250994,,,,False,True,15
MONDO_0012928,Orphanet_171863,hereditary spastic paraplegia 42,Autosomal dominant spastic paraplegia type 42,10,48,2,False,True,True,False,False,False,,autosomal dominant spastic paraplegia type 42,Orphanet:171863,,,,False,True,10
MONDO_0012929,Orphanet_210163,Compton-North congenital myopathy,"Congenital lethal myopathy, Compton-North type",36,33,2,False,True,False,False,False,True,,"congenital lethal myopathy, Compton-North type",,,,0.917,False,True,33
MONDO_0012984,Orphanet_171848,PHARC syndrome,Polyneuropathy - hearing loss - ataxia - retinitis pigmentosa - cataract,44,82,2,False,True,True,False,False,False,,polyneuropathy-hearing loss-ataxia-retinitis pigmentosa-cataract syndrome,Orphanet:171848,,,,False,True,44
MONDO_0012992,Orphanet_199337,pancreatic insufficiency-anemia-hyperostosis syndrome,Pancreatic insufficiency - anemia - hyperostosis,25,150,2,True,False,True,False,False,False,pancreatic insufficiency anemia hyperostosis,,Orphanet:199337,,,,False,True,25
MONDO_0012996,Orphanet_35704,AGAT deficiency,Arginine:glycine amidinotransferase deficiency,51,13,2,False,True,True,False,False,False,,arginine:glycine amidinotransferase deficiency,Orphanet:35704,,,,False,True,13
MONDO_0013016,Orphanet_99844,leukocyte adhesion deficiency 3,Leukocyte adhesion deficiency type III,25,251,2,False,True,True,False,False,False,,leukocyte adhesion deficiency type III,Orphanet:99844,,,,False,True,25
MONDO_0013035,Orphanet_141000,orofaciodigital syndrome XI,Orofaciodigital syndrome type 11,24,11,2,False,True,True,False,False,False,,orofaciodigital syndrome type 11,Orphanet:141000,,,,True,True,11
MONDO_0013038,Orphanet_140944,CLOVES syndrome,CLOVE syndrome,48,39,2,False,True,True,False,False,False,,CLOVE syndrome,Orphanet:140944,,,,False,True,39
MONDO_0013056,Orphanet_353217,"developmental and epileptic encephalopathy, 39",Epileptic encephalopathy with global cerebral demyelination,50,51,2,False,True,True,False,False,False,,epileptic encephalopathy with global cerebral demyelination,Orphanet:353217,,,,False,True,50
MONDO_0013060,Orphanet_199351,autosomal recessive Parkinson disease 14,Adult-onset dystonia-parkinsonism,43,280,2,False,True,True,False,False,False,,adult-onset dystonia - parkinsonism,Orphanet:199351,,,,False,True,43
MONDO_0013090,Orphanet_217346,chromosome 19q13.11 deletion syndrome,19q13.11 microdeletion syndrome,11,62,2,False,True,True,False,False,False,,19q13.11 microdeletion syndrome,Orphanet:217346,,,,False,True,11
MONDO_0013099,Orphanet_95494,"combined pituitary hormone deficiencies, genetic form","Combined pituitary hormone deficiencies, genetic forms",778,307,2,False,True,True,False,False,False,,"combined pituitary hormone deficiencies, genetic forms",Orphanet:95494,,,,False,True,307
MONDO_0013116,Orphanet_330054,congenital cataract-progressive muscular hypotonia-hearing loss-developmental delay syndrome,Congenital cataract - progressive muscular hypotonia - hearing loss - developmental delay,185,8,2,True,True,False,False,False,False,congenital cataract progressive muscular hypotonia hearing loss developmental delay,congenital cataract-progressive muscular hypotonia-hearing loss-developmental delay syndrome,,,,,False,True,8
MONDO_0013127,Orphanet_93271,asphyxiating thoracic dystrophy 3,"Short rib-polydactyly syndrome, Verma-Naumoff type",133,197,2,False,True,True,False,False,False,,short rib polydactyly syndrome Verma Naumoff type,Orphanet:93271,,,,False,True,133
MONDO_0013128,Orphanet_217330,familial juvenile hyperuricemic nephropathy type 2,Hyperuricemia - anemia - renal failure,299,316,2,False,False,True,False,False,True,,,Orphanet:217330,,,0.934,False,True,299
MONDO_0013165,Orphanet_320396,hereditary spastic paraplegia 45,Autosomal recessive spastic paraplegia type 45,32,33,2,False,True,True,False,False,False,,autosomal recessive spastic paraplegia type 45,Orphanet:320396,,,,False,True,32
MONDO_0013166,Orphanet_2066,GABA aminotransaminase deficiency,Gamma-aminobutyric acid transaminase deficiency,25,28,2,False,True,True,False,False,False,,gamma aminobutyric acid transaminase deficiency,Orphanet:2066,,,,False,True,25
MONDO_0013177,Orphanet_34520,congenital muscular dystrophy due to integrin alpha-7 deficiency,Congenital muscular dystrophy with integrin alpha-7 deficiency,19,103,2,False,True,True,False,False,False,,congenital muscular dystrophy with integrin alpha-7 deficiency,Orphanet:34520,,,,False,True,19
MONDO_0013179,Orphanet_320401,hereditary spastic paraplegia 44,Autosomal recessive spastic paraplegia type 44,28,177,2,False,True,True,False,False,False,,autosomal recessive spastic paraplegia type 44,Orphanet:320401,,,,False,True,28
MONDO_0013184,Orphanet_92050,congenital diarrhea 5 with tufting enteropathy,Intestinal epithelial dysplasia,49,94,2,False,True,True,False,False,False,,intestinal epithelial dysplasia,Orphanet:92050,,,,False,True,49
MONDO_0013208,Orphanet_309854,cirrhosis - dystonia - polycythemia - hypermanganesemia syndrome,Cirrhosis-dystonia-polycythemia-hypermanganesemia syndrome,27,112,2,True,True,False,False,False,False,cirrhosis dystonia polycythemia hypermanganesemia,cirrhosis - dystonia - polycythemia - hypermanganesemia syndrome,,,,,False,True,27
MONDO_0013225,Orphanet_228429,congenital generalized lipodystrophy type 4,Generalized congenital lipodystrophy with myopathy,49,354,2,False,True,True,False,False,False,,generalized congenital lipodystrophy with myopathy,Orphanet:228429,,,,False,True,49
MONDO_0013239,Orphanet_320355,hereditary spastic paraplegia 41,Autosomal dominant spastic paraplegia type 41,16,29,2,False,True,True,False,False,False,,autosomal dominant spastic paraplegia type 41,Orphanet:320355,,,,False,True,16
MONDO_0013254,Orphanet_228418,"microcephaly, seizures, and developmental delay",Microcephaly - seizures - developmental delay,44,10,2,False,True,True,False,False,False,,microcephaly - seizures - developmental delay,Orphanet:228418,,,,True,True,10
MONDO_0013256,Orphanet_94065,chromosome 15q24 deletion syndrome,15q24 microdeletion syndrome,137,143,2,False,True,True,False,False,False,,15q24 microdeletion syndrome,Orphanet:94065,,,,False,True,137
MONDO_0013273,Orphanet_96078,chromosome 16p13.3 duplication syndrome,16p13.3 microduplication syndrome,86,72,2,False,True,True,False,False,False,,16p13.3 microduplication syndrome,Orphanet:96078,,,,True,True,72
MONDO_0013292,Orphanet_238750,chromosome 4q21 deletion syndrome,4q21 microdeletion syndrome,17,17,2,False,True,True,False,False,False,,4q21 microdeletion syndrome,Orphanet:238750,,,,False,True,17
MONDO_0013304,Orphanet_166081,von Willebrand disease 2,Von Willebrand disease type 2,60,42,2,False,True,True,False,False,False,,"VON WILLEBRAND disease, type 2",Orphanet:166081,,,,False,True,42
MONDO_0013308,Orphanet_363972,CBL-related disorder,Noonan syndrome-like disorder with juvenile myelomonocytic leukemia,78,70,2,False,True,True,False,False,False,,Noonan syndrome-like disorder with juvenile myelomonocytic leukemia,Orphanet:363972,,,,False,True,70
MONDO_0013311,Orphanet_247820,ectodermal dysplasia-syndactyly syndrome,Ectodermal dysplasia - syndactyly syndrome,88,109,2,True,False,True,False,False,False,ectodermal dysplasia syndactyly,,Orphanet:247820,,,,False,True,88
MONDO_0013313,Orphanet_247827,ectodermal dysplasia-cutaneous syndactyly syndrome,Ectodermal dysplasia - cutaneous syndactyly syndrome,99,98,2,True,False,False,False,False,True,ectodermal dysplasia cutaneous syndactyly,,,,,0.99,False,True,98
MONDO_0013336,Orphanet_357001,chromosome 19p13.13 deletion syndrome,19p13.13 microdeletion syndrome,25,2,2,False,True,True,False,False,False,,19p13.13 microdeletion syndrome,Orphanet:357001,,,,True,True,2
MONDO_0013338,Orphanet_254334,Charcot-Marie-Tooth disease recessive intermediate B,Autosomal recessive intermediate Charcot-Marie-Tooth disease type B,13,44,2,False,True,True,False,False,False,,autosomal recessive intermediate Charcot-Marie-Tooth disease type B,Orphanet:254334,,,,False,True,13
MONDO_0013342,Orphanet_306511,hereditary spastic paraplegia 48,Autosomal recessive spastic paraplegia type 48,30,61,2,False,True,True,False,False,False,,autosomal recessive spastic paraplegia type 48,Orphanet:306511,,,,False,True,30
MONDO_0013354,Orphanet_254343,spastic ataxia 4,Autosomal recessive spastic ataxia - optic atrophy - dysarthria,59,70,2,False,True,True,False,False,False,,autosomal recessive spastic ataxia - optic atrophy - dysarthria,Orphanet:254343,,,,False,True,59
MONDO_0013355,Orphanet_293825,congenital dyserythropoietic anemia type 4,Congenital dyserythropoietic anemia type IV,811,807,2,False,False,True,False,False,True,,,Orphanet:293825,,,0.993,False,True,807
MONDO_0013357,Orphanet_137634,"chromosome 17q11.2 deletion syndrome, 1.4Mb",Overgrowth - macrocephaly - facial dysmorphism,48,1,2,False,True,True,False,False,False,,overgrowth-macrocephaly-facial dysmorphism syndrome,Orphanet:137634,,,,True,True,1
MONDO_0013357,Orphanet_97685,"chromosome 17q11.2 deletion syndrome, 1.4Mb",17q11 microdeletion syndrome,48,43,2,False,True,True,False,False,False,,17q11 microdeletion syndrome,Orphanet:97685,,,,True,True,43
MONDO_0013361,Orphanet_325,congenital prothrombin deficiency,Congenital factor II deficiency,19,147,2,False,True,True,False,False,False,,congenital factor II deficiency,Orphanet:325,,,,False,True,19
MONDO_0013391,Orphanet_163684,sterol carrier protein 2 deficiency,Leukoencephalopathy - dystonia - motor neuropathy,20,126,2,False,True,True,False,False,False,,leukoencephalopathy - dystonia - motor neuropathy,Orphanet:163684,,,,False,True,20
MONDO_0013392,Orphanet_284289,autosomal recessive spinocerebellar ataxia 10,Adult-onset autosomal recessive cerebellar ataxia,25,262,2,False,True,True,False,False,False,,adult-onset autosomal recessive cerebellar ataxia,Orphanet:284289,,,,False,True,25
MONDO_0013400,Orphanet_168558,"Congenital adrenal insufficiency with 46, XY sex reversal OR 46,XY disorder of sex development-adrenal insufficiency due to CYP11A1 deficiency","46,XY disorder of sex development - adrenal insufficiency due to CYP11A1 deficiency",40,80,2,False,True,True,False,False,False,,"46,XY disorder of sex development-adrenal insufficiency due to CYP11A1 deficiency",Orphanet:168558,,,,False,True,40
MONDO_0013404,Orphanet_88618,hypermethioninemia with deficiency of S-adenosylhomocysteine hydrolase,Psychomotor retardation due to S-adenosylhomocysteine hydrolase deficiency,22,77,2,False,True,True,False,False,False,,psychomotor retardation due to S-adenosylhomocysteine hydrolase deficiency,Orphanet:88618,,,,False,True,22
MONDO_0013426,Orphanet_284984,aneurysm-osteoarthritis syndrome,Aneurysm - osteoarthritis syndrome,96,235,2,True,True,False,False,False,False,aneurysm osteoarthritis,aneurysm - osteoarthritis syndrome,,,,,False,True,96
MONDO_0013439,Orphanet_79302,congenital bile acid synthesis defect 3,Congenital bile acid synthesis defect type 3,24,223,2,False,True,True,False,False,False,,congenital bile acid synthesis defect type 3,Orphanet:79302,,,,False,True,24
MONDO_0013531,Orphanet_79350,PSPH deficiency,3-phosphoserine phosphatase deficiency,24,12,2,False,True,True,False,False,False,,3-phosphoserine phosphatase deficiency,Orphanet:79350,,,,False,True,12
MONDO_0013539,Orphanet_79507,hypotonia-failure to thrive-microcephaly syndrome,Hypotonia - failure to thrive - microcephaly,9,7,2,True,False,True,False,False,False,hypotonia failure to thrive microcephaly,,Orphanet:79507,,,,True,True,7
MONDO_0013541,Orphanet_300570,complex cortical dysplasia with other brain malformations 1,Cortical dysgenesis with pontocerebellar hypoplasia due to TUBB3 mutation,24,67,2,False,True,True,False,False,False,,cortical dysgenesis with pontocerebellar hypoplasia due to TUBB3 mutation,Orphanet:300570,,,,False,True,24
MONDO_0013546,Orphanet_1194,mitochondrial complex V (ATP synthase) deficiency nuclear type 2,Mitochondrial encephalo-cardio-myopathy due to TMEM70 deficiency,45,46,2,False,False,True,False,False,True,,,Orphanet:1194,,,0.936,False,True,45
MONDO_0013559,Orphanet_231531,Hermansky-Pudlak syndrome 7,Hermansky-Pudlak syndrome type 7,81,19,2,False,True,True,False,False,False,,Hermansky-Pudlak syndrome type 7,Orphanet:231531,,,,False,True,19
MONDO_0013560,Orphanet_231537,Hermansky-Pudlak syndrome 8,Hermansky-Pudlak syndrome type 8,43,30,2,False,True,True,False,False,False,,Hermansky-Pudlak syndrome type 8,Orphanet:231537,,,,True,True,30
MONDO_0013563,Orphanet_280633,multiple congenital anomalies-hypotonia-seizures syndrome 1,Multiple congenital anomalies - hypotonia - seizures syndrome,67,58,2,False,True,True,False,False,False,,multiple congenital anomalies - hypotonia - seizures syndrome,Orphanet:280633,,,,False,True,58
MONDO_0013574,Orphanet_171719,cutis laxa - Marfanoid syndrome,Cutis laxa-Marfanoid syndrome,41,45,2,True,True,False,False,False,False,cutis laxa marfanoid,cutis laxa - Marfanoid syndrome,,,,,False,True,41
MONDO_0013579,Orphanet_289307,methylmalonate semialdehyde dehydrogenase deficiency,Developmental delay due to methylmalonate semialdehyde dehydrogenase deficiency,44,41,2,False,True,False,False,False,True,,developmental delay due to methylmalonate semialdehyde dehydrogenase deficiency,,,,0.932,False,True,41
MONDO_0013599,Orphanet_391487,autoimmune enteropathy and endocrinopathy - susceptibility to chronic infections syndrome,Autoimmune enteropathy and endocrinopathy-susceptibility to chronic infections syndrome,48,61,2,True,False,True,False,False,False,autoimmune enteropathy and endocrinopathy susceptibility to chronic infections,,Orphanet:391487,,,,True,True,48
MONDO_0013606,Orphanet_280663,Hermansky-Pudlak syndrome 9,Hermansky-Pudlak syndrome type 9,133,11,2,False,True,True,False,False,False,,Hermansky-Pudlak syndrome type 9,Orphanet:280663,,,,False,True,11
MONDO_0013644,Orphanet_284232,Charcot-Marie-Tooth disease axonal type 2O,Autosomal dominant Charcot-Marie-Tooth disease type 2O,17,15,2,False,True,True,False,False,False,,autosomal dominant Charcot-Marie-Tooth disease type 2O,Orphanet:284232,,,,False,True,15
MONDO_0013645,Orphanet_284271,autosomal recessive spinocerebellar ataxia 11,Autosomal recessive cerebellar ataxia - psychomotor retardation,16,120,2,False,True,True,False,False,False,,autosomal recessive cerebellar ataxia-psychomotor retardation syndrome,Orphanet:284271,,,,False,True,16
MONDO_0013646,Orphanet_284160,chromosome 8q21.11 deletion syndrome,8q21.11 microdeletion syndrome,53,53,2,False,True,True,False,False,False,,8q21.11 microdeletion syndrome,Orphanet:284160,,,,False,True,53
MONDO_0013675,Orphanet_401874,multiple mitochondrial dysfunctions syndrome 2,Fatal multiple mitochondrial dysfunction syndrome type 2,38,40,2,False,False,True,False,False,True,,,Orphanet:401874,,,0.902,False,True,38
MONDO_0013722,Orphanet_85186,hypomyelinating leukodystrophy 8 with or without oligodontia and-or hypogonadotropic hypogonadism,Endosteal sclerosis - cerebellar hypoplasia,46,1,2,False,True,True,False,False,False,,endosteal sclerosis-cerebellar hypoplasia syndrome,Orphanet:85186,,,,True,True,1
MONDO_0013737,Orphanet_320391,hereditary spastic paraplegia 46,Autosomal recessive spastic paraplegia type 46,41,198,2,False,True,True,False,False,False,,autosomal recessive spastic paraplegia type 46,Orphanet:320391,,,,False,True,41
MONDO_0013758,Orphanet_93114,Charcot-Marie-Tooth disease dominant intermediate E,Autosomal dominant intermediate Charcot-Marie-Tooth disease type E,27,66,2,False,True,True,False,False,False,,autosomal dominant intermediate Charcot-Marie-Tooth disease type E,Orphanet:93114,,,,False,True,27
MONDO_0013759,Orphanet_293822,"melanoma, cutaneous malignant, susceptibility to, 8",MITF-related melanoma and renal cell carcinoma predisposition syndrome,6,3,2,False,True,True,False,False,False,,MITF-related melanoma and renal cell carcinoma predisposition syndrome,Orphanet:293822,,,,False,True,3
MONDO_0013760,Orphanet_352333,congenital ichthyosis-intellectual disability-spastic quadriplegia syndrome,Congenital ichthyosis - intellectual disability - spastic quadriplegia,36,34,2,True,False,False,False,False,True,congenital ichthyosis intellectual disability spastic quadriplegia,,,,,0.944,False,True,34
MONDO_0013766,Orphanet_300359,familial cold autoinflammatory syndrome 3,PLCG2-associated antibody deficiency and immune dysregulation,28,336,2,False,True,True,False,False,False,,PLCG2-associated antibody deficiency and immune dysregulation,Orphanet:300359,,,,False,True,28
MONDO_0013767,Orphanet_268114,autoimmune lymphoproliferative syndrome type 4,RAS-associated autoimmune leukoproliferative disease,855,22,2,False,True,True,False,False,False,,RAS-associated autoimmune leukoproliferative disease,Orphanet:268114,,,,False,True,22
MONDO_0013776,Orphanet_313772,spastic ataxia 5,Early-onset spastic ataxia-neuropathy syndrome,128,133,2,False,False,True,False,False,True,,,Orphanet:313772,,,0.905,False,True,128
MONDO_0013796,Orphanet_261272,chromosome 17q12 duplication syndrome,17q12 microduplication syndrome,30,27,2,False,True,True,False,False,False,,17q12 microduplication,Orphanet:261272,,,,False,True,27
MONDO_0013797,Orphanet_261265,chromosome 17q12 deletion syndrome,17q12 microdeletion syndrome,66,78,2,False,True,True,False,False,False,,17q12 microdeletion syndrome,Orphanet:261265,,,,False,True,66
MONDO_0013813,Orphanet_306734,dystonia 21,"Primary dystonia, DYT21 type",12,18,2,False,True,True,False,False,False,,"primary dystonia, DYT21 type",Orphanet:306734,,,,False,True,12
MONDO_0013825,Orphanet_314373,congenital diarrhea 6,Chronic diarrhea due to guanylate cyclase 2C overactivity,10,8,2,False,True,True,False,False,False,,chronic diarrhea due to guanylate cyclase 2C overactivity,Orphanet:314373,,,,False,True,8
MONDO_0013875,Orphanet_352328,"3-methylglutaconic aciduria with deafness, encephalopathy, and Leigh-like syndrome",MEGDEL syndrome,38,46,2,False,True,True,False,False,False,,MEGDEL,Orphanet:352328,,,,False,True,38
MONDO_0013881,Orphanet_306504,"epidermolysis bullosa, junctional 7, with interstitial lung disease and nephrotic syndrome",Congenital nephrotic syndrome-interstitial lung disease-epidermolysis bullosa syndrome,47,36,2,False,True,True,False,False,False,,congenital nephrotic syndrome - interstitial lung disease - epidermolysis bullosa syndrome,Orphanet:306504,,,,False,True,36
MONDO_0013905,Orphanet_324262,autosomal recessive spinocerebellar ataxia 13,Autosomal recessive congenital cerebellar ataxia due to MGLUR1 deficiency,34,38,2,False,True,True,False,False,False,,autosomal recessive congenital cerebellar ataxia due to MGLUR1 deficiency,Orphanet:324262,,,,False,True,34
MONDO_0013922,Orphanet_319675,Seckel syndrome 7,"Microcephalic primordial dwarfism, Dauber type",53,32,2,False,True,True,False,False,False,,"microcephalic primordial dwarfism, Dauber type",Orphanet:319675,,,,False,True,32
MONDO_0013931,Orphanet_95433,peroxisome biogenesis disorder 4B,Autosomal recessive cerebellar ataxia - blindness - deafness,28,184,2,False,True,True,False,False,False,,autosomal recessive cerebellar ataxia - blindness - deafness,Orphanet:95433,,,,False,True,28
MONDO_0013962,Orphanet_319199,hereditary spastic paraplegia 53,Autosomal recessive spastic paraplegia type 53,20,41,2,False,True,True,False,False,False,,autosomal recessive spastic paraplegia type 53,Orphanet:319199,,,,False,True,20
MONDO_0013981,Orphanet_319189,"myoclonus, familial",Familial cortical myoclonus,14,227,2,False,True,True,False,False,False,,familial cortical myoclonus,Orphanet:319189,,,,False,True,14
MONDO_0014006,Orphanet_329224,Schuurs-Hoeijmakers syndrome,Intellectual disability - craniofacial dysmorphism - cryptorchidism,67,43,2,False,True,True,False,False,False,,intellectual disability-craniofacial dysmorphism-cryptorchidism syndrome,Orphanet:329224,,,,False,True,43
MONDO_0014012,Orphanet_329258,Charcot-Marie-Tooth disease axonal type 2Q,Autosomal dominant Charcot-Marie-Tooth disease type 2Q,12,27,2,False,True,True,False,False,False,,autosomal dominant Charcot-Marie-Tooth disease type 2Q,Orphanet:329258,,,,False,True,12
MONDO_0014015,Orphanet_320411,hereditary spastic paraplegia 56,Autosomal recessive spastic paraplegia type 56,31,32,2,False,True,True,False,False,False,,autosomal recessive spastic paraplegia type 56,Orphanet:320411,,,,False,True,31
MONDO_0014016,Orphanet_320385,hereditary spastic paraplegia 49,Autosomal recessive spastic paraplegia type 49,27,29,2,False,True,True,False,False,False,,autosomal recessive spastic paraplegia type 49,Orphanet:320385,,,,False,True,27
MONDO_0014024,Orphanet_320370,hereditary spastic paraplegia 43,Autosomal recessive spastic paraplegia type 43,21,48,2,False,True,True,False,False,False,,autosomal recessive spastic paraplegia type 43,Orphanet:320370,,,,False,True,21
MONDO_0014039,Orphanet_352447,mitochondrial DNA depletion syndrome 11,Progressive external ophthalmoplegia - myopathy - emaciation,43,40,2,False,True,True,False,False,False,,progressive external ophthalmoplegia-myopathy-emaciation syndrome,Orphanet:352447,,,,False,True,40
MONDO_0014058,Orphanet_352712,facial dysmorphism-immunodeficiency-livedo-short stature syndrome,Facial dysmorphism - immunodeficiency - livedo - short stature,35,86,2,True,False,True,False,False,False,facial dysmorphism immunodeficiency livedo short stature,,Orphanet:352712,,,,False,True,35
MONDO_0014067,Orphanet_357175,short ulna-dysmorphism-hypotonia-intellectual disability syndrome,Short ulna - dysmorphism - hypotonia - intellectual disability,42,39,2,True,False,False,False,False,True,short ulna dysmorphism hypotonia intellectual disability,,,,,0.929,False,True,39
MONDO_0014069,Orphanet_357332,syndactyly-camptodactyly and clinodactyly of fifth fingers-bifid toes syndrome,Syndactyly - camptodactyly and clinodactyly of fifth fingers - bifid toes,72,71,2,True,False,False,False,False,True,syndactyly camptodactyly and clinodactyly of fifth fingers bifid toes,,,,,0.986,False,True,71
MONDO_0014074,Orphanet_352670,Charcot-Marie-Tooth disease dominant intermediate F,Autosomal dominant intermediate Charcot-Marie-Tooth disease type F,23,44,2,False,True,True,False,False,False,,autosomal dominant intermediate Charcot-Marie-Tooth disease type F,Orphanet:352670,,,,False,True,23
MONDO_0014132,Orphanet_363424,multiple mitochondrial dysfunctions syndrome 3,Hypotonia-cerebral atrophy-hyperglycinemia syndrome,45,42,2,False,False,True,False,False,True,,,Orphanet:363424,,,0.933,True,True,42
MONDO_0014144,Orphanet_369840,autosomal recessive limb-girdle muscular dystrophy type R18,Autosomal recessive limb-girdle muscular dystrophy type 2S,59,59,2,False,True,True,False,False,False,,autosomal recessive limb-girdle muscular dystrophy type 2S,Orphanet:369840,,,,False,True,59
MONDO_0014147,Orphanet_352709,neuronal ceroid lipofuscinosis 13,CLN13 disease,157,26,2,False,True,True,False,False,False,,CLN13,Orphanet:352709,,,,False,True,26
MONDO_0014154,Orphanet_369867,Charcot-Marie-Tooth disease recessive intermediate C,Autosomal recessive intermediate Charcot-Marie-Tooth disease type C,17,51,2,False,True,True,False,False,False,,autosomal recessive intermediate Charcot-Marie-Tooth disease type C,Orphanet:369867,,,,False,True,17
MONDO_0014159,Orphanet_352403,autosomal recessive spinocerebellar ataxia 14,Spectrin-associated autosomal recessive cerebellar ataxia,20,118,2,False,True,True,False,False,False,,spectrin-associated autosomal recessive cerebellar ataxia,Orphanet:352403,,,,False,True,20
MONDO_0014165,Orphanet_369837,multiple congenital anomalies-hypotonia-seizures syndrome 3,Intellectual disability-seizures-hypotonia-ophthalmologic-skeletal anomalies syndrome,84,59,2,False,True,True,False,False,False,,intellectual disability-seizures-hypotonia-ophthalmologic-skeletal anomalies syndrome,Orphanet:369837,,,,False,True,59
MONDO_0014248,Orphanet_370943,autism spectrum disorder - epilepsy - arthrogryposis syndrome,Autism spectrum disorder-epilepsy-arthrogryposis syndrome,433,39,2,True,False,True,False,False,False,autism spectrum disorder epilepsy arthrogryposis,,Orphanet:370943,,,,False,True,39
MONDO_0014290,Orphanet_397725,neurodegeneration with brain iron accumulation 6,COASY protein-associated neurodegeneration,82,38,2,False,True,True,False,False,False,,COASY protein-associated neurodegeneration,Orphanet:397725,,,,False,True,38
MONDO_0014294,Orphanet_261183,chromosome 15q11.2 deletion syndrome,15q11.2 microdeletion syndrome,58,106,2,False,True,True,False,False,False,,15q11.2 microdeletion,Orphanet:261183,,,,False,True,58
MONDO_0014302,Orphanet_401785,hereditary spastic paraplegia 62,Autosomal recessive spastic paraplegia type 62,64,33,2,False,True,True,False,False,False,,autosomal recessive spastic paraplegia type 62,Orphanet:401785,,,,False,True,33
MONDO_0014303,Orphanet_401810,hereditary spastic paraplegia 64,Autosomal recessive spastic paraplegia type 64,16,18,2,False,True,True,False,False,False,,autosomal recessive spastic paraplegia type 64,Orphanet:401810,,,,False,True,16
MONDO_0014304,Orphanet_401780,hereditary spastic paraplegia 61,Autosomal recessive spastic paraplegia type 61,24,25,2,False,True,True,False,False,False,,autosomal recessive spastic paraplegia type 61,Orphanet:401780,,,,False,True,24
MONDO_0014305,Orphanet_401805,hereditary spastic paraplegia 63,Autosomal recessive spastic paraplegia type 63,30,34,2,False,True,True,False,False,False,,autosomal recessive spastic paraplegia type 63,Orphanet:401805,,,,False,True,30
MONDO_0014320,Orphanet_401777,Bosch-Boonstra-Schaaf optic atrophy syndrome,Optic atrophy-intellectual disability syndrome,41,32,2,False,True,True,False,False,False,,optic atrophy-intellectual disability syndrome,Orphanet:401777,,,,False,True,32
MONDO_0014375,Orphanet_329242,congenital diarrhea 7 with exudative enteropathy,Congenital chronic diarrhea with protein-losing enteropathy,194,17,2,False,True,True,False,False,False,,congenital chronic diarrhea with protein-losing enteropathy,Orphanet:329242,,,,False,True,17
MONDO_0014401,Orphanet_329191,tall stature-scoliosis-macrodactyly of the great toes syndrome,Tall stature - scoliosis - macrodactyly of the great toes,16,57,2,True,False,True,False,False,False,tall stature scoliosis macrodactyly of the great toes,,Orphanet:329191,,,,False,True,16
MONDO_0014471,Orphanet_254913,mitochondrial proton-transporting ATP synthase complex deficiency,Isolated ATP synthase deficiency,72,102,2,False,True,True,False,False,False,,isolated ATP synthase deficiency,Orphanet:254913,,,,False,True,72
MONDO_0014474,Orphanet_352479,autosomal recessive limb-girdle muscular dystrophy type 2U,Autosomal recessive limb-girdle muscular dystrophy due to ISPD deficiency,100,129,2,False,True,True,False,False,False,,autosomal recessive limb-girdle muscular dystrophy due to ISPD deficiency,Orphanet:352479,,,,False,True,100
MONDO_0014530,Orphanet_363432,autosomal recessive spinocerebellar ataxia 18,Autosomal recessive congenital cerebellar ataxia due to GRID2 deficiency,26,115,2,False,True,True,False,False,False,,autosomal recessive congenital cerebellar ataxia due to GRID2 deficiency,Orphanet:363432,,,,False,True,26
MONDO_0014566,Orphanet_397735,Charcot-Marie-Tooth disease axonal type 2U,Autosomal dominant Charcot-Marie-Tooth disease type 2 due to MARS mutation,22,34,2,False,True,True,False,False,False,,autosomal dominant Charcot-Marie-Tooth disease type 2 due to MARS mutation,Orphanet:397735,,,,False,True,22
MONDO_0014601,Orphanet_397709,autosomal recessive spinocerebellar ataxia 20,Intellectual disability-coarse face-macrocephaly-cerebellar hypotrophy syndrome,63,158,2,False,True,True,False,False,False,,intellectual disability-coarse face-macrocephaly-cerebellar hypotrophy syndrome,Orphanet:397709,,,,False,True,63
MONDO_0014658,Orphanet_85165,severe achondroplasia-developmental delay-acanthosis nigricans syndrome,Severe achondroplasia - developmental delay - acanthosis nigricans,74,132,2,True,False,True,False,False,False,severe achondroplasia developmental delay acanthosis nigricans,,Orphanet:85165,,,,False,True,74
MONDO_0014773,Orphanet_369891,cardiac anomalies - developmental delay - facial dysmorphism syndrome,Cardiac anomalies-developmental delay-facial dysmorphism syndrome,46,96,2,True,True,False,False,False,False,cardiac anomalies developmental delay facial dysmorphism,cardiac anomalies - developmental delay - facial dysmorphism syndrome,,,,,False,True,46
MONDO_0015033,Orphanet_100006,"ABeta amyloidosis, dutch type","Hereditary cerebral hemorrhage with amyloidosis, Dutch type",13,14,2,False,True,True,False,False,False,,"hereditary cerebral hemorrhage with amyloidosis, Dutch type",Orphanet:100006,,,,False,True,13
MONDO_0015131,Orphanet_101972,combined immunodeficiency,Combined T and B cell immunodeficiency,2712,978,2,False,True,True,False,False,False,,combined T and B cell immunodeficiency,Orphanet:101972,,,,False,True,978
MONDO_0015151,Orphanet_102014,"muscular dystrophy, limb-girdle, autosomal dominant",Autosomal dominant limb-girdle muscular dystrophy,326,149,2,False,True,True,False,False,False,,autosomal dominant limb-girdle muscular dystrophy,Orphanet:102014,,,,True,True,149
MONDO_0015199,Orphanet_1068,aniridia - intellectual disability syndrome,Aniridia-intellectual disability syndrome,1,369,2,True,False,True,False,False,False,aniridia intellectual disability,,Orphanet:1068,,,,True,True,1
MONDO_0015201,Orphanet_1074,ankyloblepharon filiforme-imperforate anus syndrome,Ankyloblepharon filiforme - imperforate anus,2,85,2,True,False,True,False,False,False,ankyloblepharon filiforme imperforate anus,,Orphanet:1074,,,,True,True,2
MONDO_0015293,Orphanet_137608,segmental outgrowth-lipomatosis-arteriovenous malformation-epidermal nevus syndrome,Segmental outgrowth - lipomatosis - arteriovenous malformation - epidermal nevus,11,5,2,True,False,True,False,False,False,segmental outgrowth lipomatosis arteriovenous malformation epidermal nevus,,Orphanet:137608,,,,True,True,5
MONDO_0015356,Orphanet_140162,hereditary neoplastic syndrome,Inherited cancer-predisposing syndrome,5674,3274,2,False,True,True,False,False,False,,inherited cancer-predisposing syndrome,Orphanet:140162,,,,False,True,3274
MONDO_0015426,Orphanet_1425,Desbuquois dysplasia,Desbuquois syndrome,100,229,2,False,True,True,False,False,False,,desbuquois syndrome,Orphanet:1425,,,,False,True,100
MONDO_0015448,Orphanet_1460,mitochondrial complex III deficiency,Isolated CoQ-cytochrome C reductase deficiency,14,424,2,False,True,True,False,False,False,,isolated CoQ-cytochrome C reductase deficiency,Orphanet:1460,,,,False,True,14
MONDO_0015463,Orphanet_1514,craniodigital syndrome-intellectual disability syndrome,Craniodigital syndrome - intellectual disability,2,24,2,True,False,True,False,False,False,craniodigital syndrome intellectual disability,,Orphanet:1514,,,,True,True,2
MONDO_0015541,Orphanet_158038,hereditary hemophagocytic lymphohistiocytosis,Primary hemophagocytic lymphohistiocytosis,485,2729,2,False,True,False,True,False,False,,primary hemophagocytic lymphohistiocytosis,,C0272199,,,False,True,485
MONDO_0015587,Orphanet_163721,rolandic epilepsy-speech dyspraxia syndrome,Rolandic epilepsy - speech dyspraxia,23,28,2,True,False,True,False,False,False,rolandic epilepsy speech dyspraxia,,Orphanet:163721,,,,False,True,23
MONDO_0015609,Orphanet_164736,advanced sleep phase syndrome,Familial advanced sleep-phase syndrome,25,38,2,False,True,True,False,False,False,,familial advanced sleep phase syndrome,Orphanet:164736,,,,False,True,25
MONDO_0015748,Orphanet_171723,hereditary mucosal leukokeratosis,White sponge nevus,7,65,2,False,True,True,False,False,False,,white sponge nevus,Orphanet:171723,,,,False,True,7
MONDO_0015830,Orphanet_180068,partial bilateral aplasia of the mullerian ducts,Partial bilateral aplasia of the Müllerian ducts,617,189,2,True,True,False,False,False,False,partial bilateral aplasia of the mullerian ducts,partial bilateral aplasia of the Müllerian ducts,,,,,True,True,189
MONDO_0015898,MONDO_0018479,adrenogenital syndrome,congenital adrenal hyperplasia,1152,1091,2,False,True,False,False,False,True,,adrenogenital disorder,,,,0.907,False,True,1091
MONDO_0016002,Orphanet_1900,"Ehlers-Danlos syndrome, kyphoscoliotic type 1","Ehlers-Danlos syndrome, kyphoscoliotic type",80,56,2,False,True,True,False,False,False,,Ehlers-Danlos syndrome kyphoscoliotic type,Orphanet:1900,,,,False,True,56
MONDO_0016027,Orphanet_1949,benign neonatal seizures,Benign familial neonatal seizures,19,89,2,False,True,True,False,False,False,,benign familial neonatal seizures,Orphanet:1949,,,,False,True,19
MONDO_0016146,Orphanet_207078,caveolinopathy,Qualitative or quantitative defects of caveolin-3,257,1,2,False,True,True,False,False,False,,qualitative or quantitative defects of caveolin-3,Orphanet:207078,,,,True,True,1
MONDO_0016210,MONDO_0016241,alternating hemiplegia,alternating hemiplegia of childhood,356,362,2,False,True,False,False,False,True,,alternating hemiplegia,,,,0.967,False,True,356
MONDO_0016215,Orphanet_210141,spastic quadriplegic cerebral palsy,Inherited congenital spastic tetraplegia,6,43,2,False,True,True,False,False,False,,inherited congenital spastic tetraplegia,Orphanet:210141,,,,False,True,6
MONDO_0016297,Orphanet_216445,prelingual non-syndromic genetic hearing loss,Prelingual non-syndromic genetic deafness,9,167,2,False,True,True,False,False,False,,prelingual non-syndromic genetic deafness,Orphanet:216445,,,,True,True,9
MONDO_0016298,Orphanet_216452,postlingual non-syndromic genetic hearing loss,Postlingual non-syndromic genetic deafness,42,74,2,False,True,True,False,False,False,,postlingual non-syndromic genetic deafness,Orphanet:216452,,,,True,True,42
MONDO_0016366,Orphanet_2209,maternal phenylketonuria,Maternal hyperphenylalaninemia,34,31,2,False,True,True,False,False,False,,maternal hyperphenylalaninemia,Orphanet:2209,,,,False,True,31
MONDO_0016390,Orphanet_2238,familial hypoparathyroidism,Familial isolated hypoparathyroidism,542,299,2,False,True,True,False,False,False,,Familial Isolated Hypoparathyroidism,Orphanet:2238,,,,False,True,299
MONDO_0016419,Orphanet_227535,hereditary breast carcinoma,Hereditary breast cancer,80,415,2,False,True,True,False,False,False,,hereditary breast cancer,Orphanet:227535,,,,False,True,80
MONDO_0016424,Orphanet_228012,progressive sensorineural hearing loss-hypertrophic cardiomyopathy syndrome,Progressive sensorineural hearing loss - hypertrophic cardiomyopathy,2,5,2,True,False,True,False,False,False,progressive sensorineural hearing loss hypertrophic cardiomyopathy,,Orphanet:228012,,,,False,True,2
MONDO_0016433,Orphanet_2282,dysmorphism-short stature-deafness-disorder of sex development syndrome,Dysmorphism - short stature - deafness - disorder of sex development,2,2,2,True,False,True,False,False,False,dysmorphism short stature deafness disorder of sex development,,Orphanet:2282,,,,True,True,2
MONDO_0016483,Orphanet_231160,intracranial berry aneurysm,Familial cerebral saccular aneurysm,49,56,2,False,True,True,False,False,False,,familial cerebral saccular aneurysm,Orphanet:231160,,,,False,True,49
MONDO_0016491,Orphanet_231249,hemoglobin E-beta-thalassemia syndrome,Hemoglobin E - beta-thalassemia,922,1,2,True,False,True,False,False,False,hemoglobin e beta thalassemia,,Orphanet:231249,,,,True,True,1
MONDO_0016521,Orphanet_2349,muscular pseudohypertrophy-hypothyroidism syndrome,Muscular pseudohypertrophy - hypothyroidism,4,5,2,True,False,True,False,False,False,muscular pseudohypertrophy hypothyroidism,,Orphanet:2349,,,,True,True,4
MONDO_0016539,Orphanet_238523,atypical hypotonia-cystinuria syndrome,Atypical hypotonia - cystinuria syndrome,4,41,2,True,False,True,False,False,False,atypical hypotonia cystinuria,,Orphanet:238523,,,,False,True,4
MONDO_0016542,Orphanet_238569,immune dysregulation-inflammatory bowel disease-arthritis-recurrent infections syndrome,Autosomal recessive early-onset inflammatory bowel disease,19,576,2,False,True,True,False,False,False,,autosomal recessive early-onset inflammatory bowel disease,Orphanet:238569,,,,False,True,19
MONDO_0016576,Orphanet_2440,split hand-foot malformation,Split hand-split foot malformation,78,188,2,False,True,True,False,False,False,,Split Hand/Split Foot Malformation,Orphanet:2440,,,,False,True,78
MONDO_0016581,MONDO_0018072,conotruncal heart malformations,persistent truncus arteriosus,1463,1421,2,False,True,False,False,False,True,,persistent truncus arteriosus,,,,0.969,False,True,1421
MONDO_0016587,Orphanet_247,arrhythmogenic right ventricular cardiomyopathy,Arrhythmogenic right ventricular dysplasia,823,617,2,False,True,True,False,False,False,,arrhythmogenic right ventricular dysplasia,Orphanet:247,,,,False,True,617
MONDO_0016620,Orphanet_2796,primary hypertrophic osteoarthropathy,Pachydermoperiostosis,180,79,2,False,True,True,False,False,False,,pachydermoperiostosis,Orphanet:2796,,,,False,True,79
MONDO_0016639,Orphanet_2487,lower limb deficiency-hypospadias syndrome,Lower limb deficiency - hypospadias,1,14,2,True,False,True,False,False,False,lower limb deficiency hypospadias,,Orphanet:2487,,,,True,True,1
MONDO_0016649,Orphanet_2510,Warburg micro syndrome,Micro syndrome,66,124,2,False,True,True,False,False,False,,micro syndrome,Orphanet:2510,,,,False,True,66
MONDO_0016669,Orphanet_251365,sickle cell-hemoglobin c disease syndrome,Sickle cell - hemoglobin C disease,2,2,2,False,True,True,False,False,False,,sickle cell - hemoglobin C disease,Orphanet:251365,,,,True,True,2
MONDO_0016750,Orphanet_2521,microcephaly-cleft palate syndrome,Microcephaly - cleft palate,1,55,2,True,False,True,False,False,False,microcephaly cleft palate,,Orphanet:2521,,,,True,True,1
MONDO_0016811,Orphanet_254902,renal tubulopathy-encephalopathy-liver failure syndrome,Renal tubulopathy - encephalopathy - liver failure,2,57,2,True,False,True,False,False,False,renal tubulopathy encephalopathy liver failure,,Orphanet:254902,,,,True,True,2
MONDO_0016817,Orphanet_2554,Meier-Gorlin syndrome,Ear-patella-short stature syndrome,42,246,2,False,True,True,False,False,False,,ear-patella-short stature syndrome,Orphanet:2554,,,,False,True,42
MONDO_0016825,Orphanet_2597,mitochondrial myopathy-lactic acidosis-deafness syndrome,Mitochondrial myopathy - lactic acidosis - deafness,35,21,2,True,False,True,False,False,False,mitochondrial myopathy lactic acidosis deafness,,Orphanet:2597,,,,False,True,21
MONDO_0017079,Orphanet_268820,meningoencephalocele,Cranial meningocele,18,8,2,False,True,True,False,False,False,,cranial meningocele,Orphanet:268820,,,,True,True,8
MONDO_0017232,Orphanet_280384,recessive intellectual disability-motor dysfunction-multiple joint contractures syndrome,Recessive intellectual disability - motor dysfunction - multiple joint contractures,4,1,2,True,False,True,False,False,False,recessive intellectual disability motor dysfunction multiple joint contractures,,Orphanet:280384,,,,True,True,1
MONDO_0017338,Orphanet_289573,fatal multiple mitochondrial dysfunctions syndrome,Fatal multiple mitochondrial dysfunction syndrome,56,109,2,False,True,True,False,False,False,,fatal multiple mitochondrial dysfunction syndrome,Orphanet:289573,,,,False,True,56
MONDO_0017350,Orphanet_289829,inborn disorder of tryptophan metabolism,Disorder of tryptophan metabolism,33,8,2,False,True,True,False,False,False,,disorder of tryptophan metabolism,Orphanet:289829,,,,True,True,8
MONDO_0017355,Orphanet_289866,inborn disorder of proline metabolism,Disorder of proline metabolism,494,1,2,False,True,True,False,False,False,,disorder of proline metabolism,Orphanet:289866,,,,True,True,1
MONDO_0017356,Orphanet_289869,inborn disorder of ornithine metabolism,Disorder of ornithine metabolism,215,48,2,False,True,True,False,False,False,,disorder of ornithine metabolism,Orphanet:289869,,,,True,True,48
MONDO_0017400,Orphanet_293864,hypoplastic pancreas-intestinal atresia-hypoplastic gallbalder syndrome,Hypoplastic pancreas-intestinal atresia-hypoplastic gallbladder syndrome,116,115,2,False,True,True,False,False,False,,hypoplastic pancreas-intestinal atresia-hypoplastic gallbladder syndrome,Orphanet:293864,,,,False,True,115
MONDO_0017408,Orphanet_293987,rapid-onset childhood obesity-hypothalamic dysfunction-hypoventilation-autonomic dysregulation syndrome,Rapid-onset childhood obesity - hypothalamic dysfunction - hypoventilation - autonomic dysregulation syndrome,17,36,2,True,False,True,False,False,False,rapid onset childhood obesity hypothalamic dysfunction hypoventilation autonomic dysregulation,,Orphanet:293987,,,,True,True,17
MONDO_0017454,Orphanet_2950,triphalangeal thumb-polysyndactyly syndrome,Triphalangeal thumb - polysyndactyly syndrome,96,127,2,True,False,True,False,False,False,triphalangeal thumb polysyndactyly,,Orphanet:2950,,,,False,True,96
MONDO_0017573,Orphanet_2973,"46,XX disorder of sex development-anorectal anomalies syndrome","46,XX disorder of sex development - anorectal anomalies",1,45,2,True,False,True,False,False,False,46 xx disorder of sex development anorectal anomalies,,Orphanet:2973,,,,True,True,1
MONDO_0017579,Orphanet_2995,Baraitser-Winter cerebrofrontofacial syndrome,Baraitser-Winter syndrome,20,69,2,False,True,True,False,False,False,,Baraitser-Winter syndrome,Orphanet:2995,,,,False,True,20
MONDO_0017686,Orphanet_308448,inborn aminoacylase deficiency,Aminoacylase deficiency,110,14,2,False,True,True,False,False,False,,aminoacylase deficiency,Orphanet:308448,,,,False,True,14
MONDO_0017754,Orphanet_309813,inborn disorder of porphyrin metabolism,Disorder of porphyrin and haem metabolism,1802,201,2,False,True,True,False,False,False,,disorder of porphyrin and haem metabolism,Orphanet:309813,,,,False,True,201
MONDO_0017755,MONDO_0024431,inborn disorder of bilirubin metabolism,bilirubin metabolism disease,910,919,2,False,True,False,False,False,True,,bilirubin metabolism disorder,,,,0.975,False,True,910
MONDO_0017755,Orphanet_309816,inborn disorder of bilirubin metabolism,Disorder of bilirubin metabolism and excretion,910,49,2,False,True,True,False,False,False,,disorder of bilirubin metabolism and excretion,Orphanet:309816,,,,False,True,49
MONDO_0017758,Orphanet_309827,disorder of vitamin and non-protein cofactor absorption and transport,Disorder of vitamin and non-protein cofactor absorption and transport ,697,1122,2,True,True,False,False,False,False,disorder of vitamin and non protein cofactor absorption and transport,disorder of vitamin and non-protein cofactor absorption and transport,,,,,True,True,697
MONDO_0017813,Orphanet_314679,van Maldergem syndrome,Cerebro-facio-articular syndrome,58,78,2,False,True,True,False,False,False,,cerebro-facio-articular syndrome,Orphanet:314679,,,,False,True,58
MONDO_0017924,Orphanet_3240,central nervous system calcification-deafness-tubular acidosis-anemia syndrome,Central nervous system calcification - deafness - tubular acidosis - anemia,1,6,2,True,False,True,False,False,False,central nervous system calcification deafness tubular acidosis anemia,,Orphanet:3240,,,,True,True,1
MONDO_0017939,Orphanet_324604,classic multiminicore myopathy,Classic multiminicore myopathy,49,131,2,True,True,False,False,False,False,classic multiminicore myopathy,classic multiminicore myopathy,,,,,False,True,49
MONDO_0017945,Orphanet_324703,ABetaL34V amyloidosis,"Hereditary cerebral hemorrhage with amyloidosis, Piedmont type",19,12,2,False,True,True,False,False,False,,"hereditary cerebral hemorrhage with amyloidosis, Piedmont type",Orphanet:324703,,,,True,True,12
MONDO_0017946,Orphanet_324708,"ABeta amyloidosis, Iowa type","Hereditary cerebral hemorrhage with amyloidosis, Iowa type",12,12,2,False,True,True,False,False,False,,"hereditary cerebral hemorrhage with amyloidosis, Iowa type",Orphanet:324708,,,,True,True,12
MONDO_0017947,Orphanet_324713,"ABeta amyloidosis, Italian type","Hereditary cerebral hemorrhage with amyloidosis, Italian type",12,12,2,False,True,True,False,False,False,,"hereditary cerebral hemorrhage with amyloidosis, Italian type",Orphanet:324713,,,,True,True,12
MONDO_0017948,Orphanet_324718,ABetaA21G amyloidosis,"Hereditary cerebral hemorrhage with amyloidosis, Flemish type",2,12,2,False,True,True,False,False,False,,"hereditary cerebral hemorrhage with amyloidosis, Flemish type",Orphanet:324718,,,,True,True,2
MONDO_0017949,Orphanet_324723,"ABeta amyloidosis, Arctic type","Hereditary cerebral hemorrhage with amyloidosis, Arctic type",2,12,2,False,True,True,False,False,False,,"hereditary cerebral hemorrhage with amyloidosis, Arctic type",Orphanet:324723,,,,True,True,2
MONDO_0018023,Orphanet_330041,hemoglobin M disease,Autosomal dominant methemoglobinemia,437,433,2,False,True,False,False,False,True,,autosomal dominant methemoglobinemia,,,,0.986,True,True,433
MONDO_0018050,Orphanet_3329,tibial aplasia-ectrodactyly syndrome,Tibial aplasia - ectrodactyly,312,154,2,True,False,True,False,False,False,tibial aplasia ectrodactyly,,Orphanet:3329,,,,False,True,154
MONDO_0018155,Orphanet_35689,lateral sclerosis,Primary lateral sclerosis,92,115,2,False,True,True,False,False,False,,primary lateral sclerosis,Orphanet:35689,,,,False,True,92
MONDO_0018160,Orphanet_357027,hereditary retinoblastoma,Familial retinoblastoma,32,13,2,False,True,True,False,False,False,,familial retinoblastoma,Orphanet:357027,,,,True,True,13
MONDO_0018189,Orphanet_363429,autosomal recessive cerebellar ataxia - pyramidal signs - nystagmus - oculomotor apraxia syndrome,Autosomal recessive cerebellar ataxia-pyramidal signs-nystagmus-oculomotor apraxia syndrome,7,130,2,True,False,True,False,False,False,autosomal recessive cerebellar ataxia pyramidal signs nystagmus oculomotor apraxia,,Orphanet:363429,,,,False,True,7
MONDO_0018230,Orphanet_364526,skeletal dysplasia,Primary bone dysplasia,8313,2352,2,False,True,True,False,False,False,,primary bone dysplasia,Orphanet:364526,,,,True,True,2352
MONDO_0018424,Orphanet_401854,inherited lipoic acid biosynthesis defect,Lipoic acid biosynthesis defect,146,14,2,False,True,True,False,False,False,,lipoic acid biosynthesis defect,Orphanet:401854,,,,True,True,14
MONDO_0018749,Orphanet_46532,hereditary persistence of fetal hemoglobin-beta-thalassemia syndrome,Hereditary persistence of fetal hemoglobin - beta-thalassemia,756,9,2,True,False,True,False,False,False,hereditary persistence of fetal hemoglobin beta thalassemia,,Orphanet:46532,,,,False,True,9
MONDO_0018768,Orphanet_47045,familial cold autoinflammatory syndrome,Familial cold urticaria,165,35,2,False,True,True,False,False,False,,familial cold urticaria,Orphanet:47045,,,,False,True,35
MONDO_0018870,Orphanet_51608,arterial calcification of infancy,Generalized arterial calcification of infancy,191,40,2,False,True,True,False,False,False,,Generalized Arterial Calcification of Infancy,Orphanet:51608,,,,False,True,40
MONDO_0018911,Orphanet_552,maturity-onset diabetes of the young,MODY,398,1331,2,False,True,True,False,False,False,,MODY,Orphanet:552,,,,False,True,398
MONDO_0018940,Orphanet_590,congenital myasthenic syndrome,Congenital myasthenic syndromes,87,415,2,False,True,True,False,False,False,,Congenital Myasthenic Syndromes,Orphanet:590,,,,False,True,87
MONDO_0018994,Orphanet_64747,Charcot-Marie-Tooth disease type X,X-linked Charcot-Marie-Tooth disease,143,133,2,False,True,True,False,False,False,,X-linked Charcot-Marie-Tooth disease,Orphanet:64747,,,,True,True,133
MONDO_0018996,Orphanet_64753,"spinocerebellar ataxia, autosomal recessive, with axonal neuropathy 2",Spinocerebellar ataxia with axonal neuropathy type 2,97,149,2,False,True,True,False,False,False,,spinocerebellar ataxia with axonal neuropathy type 2,Orphanet:64753,,,,False,True,97
MONDO_0019004,Orphanet_654,kidney Wilms tumor,Nephroblastoma,300,495,2,False,True,True,False,False,False,,nephroblastoma,Orphanet:654,,,,False,True,300
MONDO_0019026,Orphanet_667,autosomal recessive osteopetrosis,Autosomal recessive malignant osteopetrosis,210,305,2,False,True,True,False,False,False,,autosomal recessive malignant osteopetrosis,Orphanet:667,,,,False,True,210
MONDO_0019050,MONDO_0044348,inherited hemoglobinopathy,hemoglobinopathy,3312,3357,2,False,True,False,False,False,True,,hemoglobinopathy,,,,0.977,False,True,3312
MONDO_0019078,Orphanet_7,Ritscher-Schinzel syndrome,3C syndrome,63,183,2,False,True,True,False,False,False,,3C syndrome,Orphanet:7,,,,False,True,63
MONDO_0019128,Orphanet_73217,mullerian aplasia,Müllerian aplasia,622,189,2,True,True,False,False,False,False,mullerian aplasia,Müllerian aplasia,,,,,True,True,189
MONDO_0019130,Orphanet_73224,tubular renal disease-cardiomyopathy syndrome,Tubular renal disease - cardiomyopathy,2,26,2,True,False,True,False,False,False,tubular renal disease cardiomyopathy,,Orphanet:73224,,,,True,True,2
MONDO_0019171,Orphanet_101016,familial long QT syndrome,Romano-Ward syndrome,2867,484,2,False,True,True,False,False,False,,Romano-Ward syndrome,Orphanet:101016,,,,False,True,484
MONDO_0019181,Orphanet_777,non-syndromic X-linked intellectual disability,X-linked non-syndromic intellectual disability,387,877,2,False,True,True,False,False,False,,X-linked non-syndromic intellectual disability,Orphanet:777,,,,False,True,387
MONDO_0019211,Orphanet_79143,isolated congenital anonychia,Congenital anonychia,6,14,2,False,True,True,False,False,False,,congenital anonychia,Orphanet:79143,,,,False,True,6
MONDO_0019214,MONDO_0037792,inborn carbohydrate metabolic disorder,carbohydrate metabolism disease,7905,7899,2,False,True,False,False,False,True,,carbohydrate metabolism disorder,,,,0.996,False,True,7899
MONDO_0019214,Orphanet_79161,inborn carbohydrate metabolic disorder,Disorder of carbohydrate metabolism,7905,5502,2,False,True,True,False,False,False,,disorder of carbohydrate metabolism,Orphanet:79161,,,,False,True,5502
MONDO_0019218,Orphanet_79168,inborn disorder of bile acid synthesis,Disorder of bile acid synthesis,498,432,2,False,True,True,False,False,False,,disorder of bile acid synthesis,Orphanet:79168,,,,False,True,432
MONDO_0019222,Orphanet_79173,inborn disorder of methionine cycle and sulfur amino acid metabolism,Disorder of methionine cycle and sulfur amino acid metabolism,855,105,2,False,True,True,False,False,False,,disorder of methionine cycle and sulfur amino acid metabolism,Orphanet:79173,,,,True,True,105
MONDO_0019234,Orphanet_79189,peroxisome biogenesis disorder,Peroxisome biogenesis disorder-Zellweger syndrome spectrum,361,227,2,False,True,True,False,False,False,,peroxisome biogenesis disorder-Zellweger syndrome spectrum,Orphanet:79189,,,,True,True,227
MONDO_0019236,Orphanet_79191,inborn disorder of purine metabolism,Disorder of purine metabolism,1560,2667,2,False,True,True,False,False,False,,disorder of purine metabolism,Orphanet:79191,,,,False,True,1560
MONDO_0019237,Orphanet_79192,inborn disorder of pyridoxine metabolism,Disorder of pyridoxine metabolism,189,6,2,False,True,True,False,False,False,,disorder of pyridoxine metabolism,Orphanet:79192,,,,True,True,6
MONDO_0019238,Orphanet_79193,inborn disorder of pyrimidine metabolism,Disorder of pyrimidine metabolism,379,66,2,False,True,True,False,False,False,,disorder of pyrimidine metabolism,Orphanet:79193,,,,True,True,66
MONDO_0019239,Orphanet_79194,inborn disorder of serine family metabolism,Disorder of serine or glycine metabolism,400,9,2,False,True,True,False,False,False,,disorder of serine or glycine metabolism,Orphanet:79194,,,,True,True,9
MONDO_0019242,Orphanet_79197,inborn disorder of branched-chain amino acid metabolism,Disorder of branched-chain amino acid metabolism,270,1,2,False,True,True,False,False,False,,disorder of branched chain amino acid metabolism,Orphanet:79197,,,,True,True,1
MONDO_0019243,Orphanet_79200,inborn disorder of energy metabolism,Disorder of energy metabolism,7574,2909,2,False,True,True,False,False,False,,disorder of energy metabolism,Orphanet:79200,,,,False,True,2909
MONDO_0019245,Orphanet_79204,lysosomal lipid storage disorder,Lipid storage disease,3158,720,2,False,True,True,False,False,False,,lipid storage disease,Orphanet:79204,,,,False,True,720
MONDO_0019259,Orphanet_79254,classic phenylketonuria,Classical phenylketonuria,30,22,2,False,False,True,True,False,False,,,Orphanet:79254,C0751434,,,False,True,22
MONDO_0019284,Orphanet_79369,inherited isolated nail anomaly,Isolated nail anomaly,63,82,2,False,True,True,False,False,False,,isolated nail anomaly,Orphanet:79369,,,,False,True,63
MONDO_0019346,Orphanet_812,sialidosis type 1,sialidosis type I,8,37,2,False,True,True,False,False,False,,sialidosis type I,Orphanet:812,,,,False,True,8
MONDO_0019375,Orphanet_83473,megalencephaly-polymicrogyria-postaxial polydactyly-hydrocephalus syndrome,Megalencephaly - polymicrogyria - postaxial polydactyly - hydrocephalus,60,55,2,True,False,True,False,False,False,megalencephaly polymicrogyria postaxial polydactyly hydrocephalus,,Orphanet:83473,,,,False,True,55
MONDO_0019416,Orphanet_85317,X-linked intellectual disability-hypogammaglobulinemia-progressive neurological deterioration syndrome,X-linked intellectual disability - hypogammaglobulinemia - progressive neurological deterioration,7,2,2,True,False,True,False,False,False,x linked intellectual disability hypogammaglobulinemia progressive neurological deterioration,,Orphanet:85317,,,,True,True,2
MONDO_0019443,Orphanet_860,dextro-looped transposition of the great arteries,Congenitally uncorrected transposition of the great arteries,216,250,2,False,True,True,False,False,False,,congenitally uncorrected transposition of the great arteries,Orphanet:860,,,,False,True,216
MONDO_0019489,Orphanet_86918,diffuse palmoplantar keratoderma - acrocyanosis syndrome,Diffuse palmoplantar keratoderma-acrocyanosis syndrome,1,14,2,True,False,True,False,False,False,diffuse palmoplantar keratoderma acrocyanosis,,Orphanet:86918,,,,True,True,1
MONDO_0019490,Orphanet_871,progressive familial heart block,Familial progressive cardiac conduction defect,141,456,2,False,True,True,False,False,False,,familial progressive cardiac conduction defect,Orphanet:871,,,,False,True,141
MONDO_0019497,Orphanet_87884,nonsyndromic genetic hearing loss,Non-syndromic genetic deafness,676,209,2,False,True,True,False,False,False,,non-syndromic genetic deafness,Orphanet:87884,,,,False,True,209
MONDO_0019503,Orphanet_88632,anterior segment dysgenesis,Familial ocular anterior segment mesenchymal dysgenesis,876,814,2,False,True,True,False,False,False,,familial ocular anterior segment mesenchymal dysgenesis,Orphanet:88632,,,,False,True,814
MONDO_0019516,Orphanet_891,exudative vitreoretinopathy,Familial exudative vitreoretinopathy,2179,844,2,False,True,True,False,False,False,,familial exudative vitreoretinopathy,Orphanet:891,,,,False,True,844
MONDO_0019565,Orphanet_903,hereditary von Willebrand disease,Von Willebrand disease,294,340,2,False,True,True,False,False,False,,von Willebrand disease,Orphanet:903,,,,False,True,294
MONDO_0019567,Orphanet_90309,"Ehlers-Danlos syndrome, classic type, 1",Ehlers-Danlos syndrome type 1,47,39,2,False,True,True,False,False,False,,"Ehlers-Danlos syndrome, type 1",Orphanet:90309,,,,False,True,39
MONDO_0019609,Orphanet_912,Zellweger spectrum disorders,Zellweger syndrome,284,315,2,False,True,True,False,False,False,,Zellweger syndrome,Orphanet:912,,,,False,True,284
MONDO_0019629,Orphanet_91490,sclerocornea,Isolated congenital sclerocornea,378,1,2,False,True,True,False,False,False,,isolated congenital sclerocornea,Orphanet:91490,,,,True,True,1
MONDO_0019636,Orphanet_93100,"renal agenesis, unilateral",Unilateral renal agenesis,13,5,2,False,True,True,False,False,False,,unilateral renal agenesis,Orphanet:93100,,,,True,True,5
MONDO_0019642,Orphanet_93160,"vitamin D-dependent rickets, type 2",Hypocalcemic vitamin D-resistant rickets,8,348,2,False,True,True,False,False,False,,hypocalcemic vitamin D-resistant rickets,Orphanet:93160,,,,False,True,8
MONDO_0019792,Orphanet_94145,autosomal dominant cerebellar ataxia type I,Autosomal dominant cerebellar ataxia type 1,1977,659,2,False,True,True,False,False,False,,autosomal dominant cerebellar ataxia type 1,Orphanet:94145,,,,False,True,659
MONDO_0019793,Orphanet_94148,autosomal dominant cerebellar ataxia type III,Autosomal dominant cerebellar ataxia type 3,337,222,2,False,True,True,False,False,False,,autosomal dominant cerebellar ataxia type 3,Orphanet:94148,,,,False,True,222
MONDO_0019804,Orphanet_95430,tracheomalacia,Congenital tracheomalacia,47,20,2,False,True,True,False,False,False,,Congenital Tracheomalacia,Orphanet:95430,,,,True,True,20
MONDO_0019852,Orphanet_95710,inherited primary ovarian failure,Non-acquired premature ovarian failure,1670,1676,2,False,True,True,False,False,False,,non-acquired premature ovarian failure,Orphanet:95710,,,,False,True,1670
MONDO_0020074,Orphanet_98261,progressive myoclonus epilepsy,Progressive myoclonic epilepsy,676,612,2,False,True,True,False,False,False,,progressive myoclonic epilepsy,Orphanet:98261,,,,False,True,612
MONDO_0020367,Orphanet_98977,juvenile open angle glaucoma,Juvenile glaucoma,50,73,2,False,True,True,False,False,False,,juvenile glaucoma,Orphanet:98977,,,,False,True,50
MONDO_0020488,Orphanet_99750,atypical progressive supranuclear palsy syndrome,Atypical progressive supranuclear palsy,169,90,2,True,False,True,False,False,False,atypical progressive supranuclear palsy,,Orphanet:99750,,,,False,True,90
MONDO_0020677,MONDO_0043373,sudden hearing loss disorder,sudden sensorineural hearing loss,193,191,2,False,True,False,False,False,True,,sudden hearing loss,,,,0.969,False,True,191
MONDO_0021018,Orphanet_34516,autosomal dominant limb-girdle muscular dystrophy type 1D (DNAJB6),Autosomal dominant limb-girdle muscular dystrophy type 1D,113,165,2,False,True,True,False,False,False,,autosomal dominant limb-girdle muscular dystrophy type 1D,Orphanet:34516,,,,False,True,113
MONDO_0021055,Orphanet_733,classic familial adenomatous polyposis,Familial adenomatous polyposis,279,628,2,False,True,True,False,False,False,,Familial Adenomatous Polyposis,Orphanet:733,,,,False,True,279
MONDO_0021181,Orphanet_183654,inherited blood coagulation disorder,Rare genetic coagulation disorder,3277,2857,2,False,True,True,False,False,False,,rare genetic coagulation disorder,Orphanet:183654,,,,False,True,2857
MONDO_0021569,Orphanet_264,"Emery-Dreifuss muscular dystrophy 2, autosomal dominant",Autosomal dominant limb-girdle muscular dystrophy type 1B,165,3,2,False,True,True,False,False,False,,autosomal dominant limb-girdle muscular dystrophy type 1B,Orphanet:264,,,,True,True,3
MONDO_0021651,Orphanet_93403,synpolydactyly,Syndactyly type 2,168,186,2,False,True,True,False,False,False,,syndactyly type 2,Orphanet:93403,,,,False,True,168
MONDO_0022316,Orphanet_1408,hair defect with photosensitivity and intellectual disability syndrome,Hair defect - photosensitivity - intellectual disability,93,92,2,False,True,False,False,False,True,,hair defect-photosensitivity-intellectual disability syndrome,,,,0.989,False,True,92
MONDO_0022754,Orphanet_261965,chromosome 17p deletion,Partial monosomy of the short arm of chromosome 17,222,43,2,False,True,True,False,False,False,,partial monosomy of the short arm of chromosome 17,Orphanet:261965,,,,True,True,43
MONDO_0022756,Orphanet_262001,chromosome 1q deletion,Partial deletion of the long arm of chromosome 1,33,22,2,False,True,True,False,False,False,,partial deletion of the long arm of chromosome 1,Orphanet:262001,,,,True,True,22
MONDO_0024237,Orphanet_183500,inherited neurodegenerative disorder,Genetic neurodegenerative disease,11702,3594,2,False,True,True,False,False,False,,genetic neurodegenerative disease,Orphanet:183500,,,,False,True,3594
MONDO_0024257,Orphanet_98505,hereditary motor neuron disease,Genetic motor neuron disease,1664,217,2,False,True,True,False,False,False,,genetic motor neuron disease,Orphanet:98505,,,,False,True,217
MONDO_0024539,MONDO_0100441,"choroidal dystrophy, central areolar, 1",GUCY2D-related dominant retinopathy,231,227,2,False,True,False,False,False,True,,"choroidal dystrophy, central areolar, 1",,,,0.957,False,True,227
MONDO_0024568,Orphanet_370088,infantile liver failure syndrome 1,Acute infantile liver failure-multisystemic involvement syndrome,59,78,2,False,True,True,False,False,False,,acute infantile liver failure - multisystemic involvement syndrome,Orphanet:370088,,,,False,True,59
MONDO_0024574,Orphanet_903,von Willebrand disease (hereditary or acquired),Von Willebrand disease,392,340,2,False,True,False,True,False,False,,Von Willebrand Disease,,C0042974,,,False,True,340
MONDO_0031213,Orphanet_1662,restrictive dermopathy,Lethal restrictive dermopathy,52,61,2,False,True,True,False,False,False,,lethal restrictive dermopathy,Orphanet:1662,,,,False,True,52
MONDO_0031219,Orphanet_252202,mismatch repair cancer syndrome,Constitutional mismatch repair deficiency syndrome,360,80,2,False,True,True,False,False,False,,constitutional mismatch repair deficiency syndrome,Orphanet:252202,,,,False,True,80
MONDO_0044807,Orphanet_391799,inherited dystonia,Rare genetic dystonia,1958,1082,2,False,True,True,False,False,False,,rare genetic dystonia,Orphanet:391799,,,,False,True,1082
MONDO_0800025,Orphanet_1519,Teebi hypertelorism syndrome 1,"Hypertelorism, Teebi type",61,57,2,False,True,True,False,False,False,,"hypertelorism, Teebi type",Orphanet:1519,,,,False,True,57
MONDO_0800026,Orphanet_661,"central hypoventilation syndrome, congenital, 1, with or without Hirschsprung disease",Ondine syndrome,43,31,2,False,True,True,False,False,False,,Ondine syndrome,Orphanet:661,,,,False,True,31
MONDO_0800448,Orphanet_135,leukoencephalopathy with vanishing white matter,CACH syndrome,144,147,2,False,True,True,False,False,False,,CACH,Orphanet:135,,,,False,True,144
MONDO_0968955,Orphanet_100032,hypocalcified amelogenesis imperfecta,Hypocalcified amelogenesis imperfecta,109,111,2,True,False,False,False,False,True,hypocalcified amelogenesis imperfecta,,,,,0.913,False,True,109
MONDO_8000015,Orphanet_983,"46,XY sex reversal 11",Testicular regression syndrome,318,953,2,False,True,True,False,False,False,,testicular regression syndrome,Orphanet:983,,,,False,True,318
EFO_0000094,MONDO_0020511,B-cell acute lymphoblastic leukemia,precursor B-cell acute lymphoblastic leukemia,1209,1390,1,False,True,False,False,False,False,,B-cell acute lymphoblastic leukemia,,,,,False,True,1209
EFO_0000182,MONDO_0007256,hepatocellular carcinoma,hepatocellular carcinoma,13889,2,1,True,False,False,False,False,False,hepatocellular carcinoma,,,,,,True,True,2
EFO_0000183,MONDO_0004952,Hodgkins lymphoma,Hodgkins lymphoma,2867,4,1,True,False,False,False,False,False,hodgkins lymphoma,,,,,,True,True,4
EFO_0000195,EFO_0000589,metabolic syndrome,metabolic disease,4299,16816,1,True,False,False,False,False,False,metabolic,,,,,,False,True,4299
EFO_0000195,MONDO_0000816,metabolic syndrome,abdominal obesity-metabolic syndrome,4299,473,1,False,True,False,False,False,False,,metabolic syndrome,,,,,False,True,473
EFO_0000222,MONDO_0018874,acute myeloid leukemia,acute myeloid leukemia,10652,3,1,True,False,False,False,False,False,acute myeloid leukemia,,,,,,True,True,3
EFO_0000222,MONDO_0015667,acute myeloid leukemia,acute myeloid leukemia by FAB classification,10652,5780,1,False,True,False,False,False,False,,acute myeloid leukemia,,,,,False,True,5780
EFO_0000228,MONDO_0004970,adenocarcinoma,adenocarcinoma,17361,3,1,True,False,False,False,False,False,adenocarcinoma,,,,,,True,True,3
EFO_0000266,MONDO_0042981,aortic stenosis,aortic valve stenosis,965,517,1,False,True,False,False,False,False,,aortic stenosis,,,,,False,True,517
EFO_0000272,MONDO_0021636,astrocytoma,astrocytic tumor,10701,10707,1,False,True,False,False,False,False,,astrocytoma,,,,,False,True,10701
EFO_0000272,MONDO_0024498,astrocytoma,glioma susceptibility 1,10701,16,1,False,True,False,False,False,False,,astrocytoma,,,,,False,True,16
EFO_0000274,MONDO_0004980,atopic eczema,atopic eczema,3215,12,1,True,False,False,False,False,False,atopic eczema,,,,,,True,True,12
EFO_0000275,MONDO_0004981,atrial fibrillation,atrial fibrillation,5774,3,1,True,False,False,False,False,False,atrial fibrillation,,,,,,True,True,3
EFO_0000284,MONDO_0010811,benign prostatic hyperplasia,benign prostatic hyperplasia,3359,1,1,True,False,False,False,False,False,benign prostatic hyperplasia,,,,,,True,True,1
EFO_0000319,MONDO_0004995,cardiovascular disease,cardiovascular disorder,16880,42,1,True,False,False,False,False,False,cardiovascular,,,,,,True,True,42
EFO_0000326,MONDO_0002714,central nervous system cancer,central nervous system cancer,11741,1,1,True,False,False,False,False,False,central nervous system cancer,,,,,,True,True,1
EFO_0000341,MONDO_0005002,chronic obstructive pulmonary disease,chronic obstructive pulmonary disease,7485,19,1,True,False,False,False,False,False,chronic obstructive pulmonary,,,,,,True,True,19
EFO_0000400,MONDO_0005015,diabetes mellitus,diabetes mellitus,13218,76,1,True,False,False,False,False,False,diabetes mellitus,,,,,,True,True,76
EFO_0000403,MONDO_0018905,diffuse large B-cell lymphoma,diffuse large B-cell lymphoma,4927,2,1,True,False,False,False,False,False,diffuse large b cell lymphoma,,,,,,True,True,2
EFO_0000407,MONDO_0005021,dilated cardiomyopathy,dilated cardiomyopathy,2207,1,1,True,False,False,False,False,False,dilated cardiomyopathy,,,,,,True,True,1
EFO_0000474,MONDO_0005027,epilepsy,epilepsy,7564,1,1,True,False,False,False,False,False,epilepsy,,,,,,True,True,1
EFO_0000474,MONDO_0015650,epilepsy,epilepsy syndrome,7564,4705,1,True,False,False,False,False,False,epilepsy,,,,,,False,True,4705
EFO_0000495,MONDO_0005030,fetal growth restriction,fetal growth restriction,2597,33,1,True,False,False,False,False,False,fetal growth restriction,,,,,,True,True,33
EFO_0000514,MONDO_0003751,germ cell tumor,childhood germ cell tumor,4463,271,1,False,True,False,False,False,False,,germ cell tumor,,,,,False,True,271
EFO_0000514,MONDO_0044878,germ cell tumor,adult germ cell tumor,4463,6,1,False,True,False,False,False,False,,germ cell tumor,,,,,False,True,6
EFO_0000519,MONDO_0018177,glioblastoma multiforme,glioblastoma,10676,7004,1,False,True,False,False,False,False,,glioblastoma multiforme,,,,,False,True,7004
EFO_0000519,MONDO_0024498,glioblastoma multiforme,glioma susceptibility 1,10676,16,1,False,True,False,False,False,False,,glioblastoma multiforme,,,,,False,True,16
EFO_0000536,MONDO_0005043,hyperplasia,hyperplasia,4432,1,1,True,False,False,False,False,False,hyperplasia,,,,,,True,True,1
EFO_0000537,MONDO_0005044,hypertension,hypertensive disorder,8482,1621,1,False,True,False,False,False,False,,hypertension,,,,,False,True,1621
EFO_0000545,MONDO_0005047,infertility,infertility disorder,5543,4,1,True,False,False,False,False,False,infertility,,,,,,True,True,4
EFO_0000549,MONDO_0024677,insulinoma,pancreatic insulinoma,1559,104,1,False,True,False,False,False,False,,insulinoma,,,,,False,True,104
EFO_0000565,MONDO_0005059,leukemia,leukemia,12474,28,1,True,False,False,False,False,False,leukemia,,,,,,True,True,28
EFO_0000565,MONDO_0004355,leukemia,childhood leukemia,12474,2290,1,False,True,False,False,False,False,,leukemia,,,,,False,True,2290
EFO_0000569,MONDO_0003585,liposarcoma,adult liposarcoma,1391,2,1,False,True,False,False,False,False,,liposarcoma,,,,,False,True,2
EFO_0000569,MONDO_0003587,liposarcoma,pediatric liposarcoma,1391,2,1,False,True,False,False,False,False,,liposarcoma,,,,,False,True,2
EFO_0000574,MONDO_0005062,lymphoma,lymphoma,11373,6,1,True,False,False,False,False,False,lymphoma,,,,,,True,True,6
EFO_0000574,MONDO_0003659,lymphoma,pediatric lymphoma,11373,109,1,False,True,False,False,False,False,,lymphoma,,,,,False,True,109
EFO_0000574,MONDO_0003660,lymphoma,adult lymphoma,11373,1210,1,False,True,False,False,False,False,,lymphoma,,,,,False,True,1210
EFO_0000588,MONDO_0005065,mesothelioma,mesothelioma,3357,1,1,True,False,False,False,False,False,mesothelioma,,,,,,True,True,1
EFO_0000589,MONDO_0000816,metabolic disease,abdominal obesity-metabolic syndrome,16816,473,1,False,True,False,False,False,False,,metabolic syndrome,,,,,False,True,473
EFO_0000612,MONDO_0005068,myocardial infarction,myocardial infarction,6070,20,1,True,False,False,False,False,False,myocardial infarction,,,,,,True,True,20
EFO_0000616,MONDO_0005070,neoplasm,neoplasm,24477,63,1,True,False,False,False,False,False,neoplasm,,,,,,True,True,63
EFO_0000618,MONDO_0005071,nervous system disease,nervous system disorder,20468,3,1,True,False,False,False,False,False,nervous system,,,,,,True,True,3
EFO_0000632,MONDO_0002540,oligodendroglioma,childhood oligodendroglioma,2707,7,1,False,True,False,False,False,False,,oligodendroglioma,,,,,False,True,7
EFO_0000632,MONDO_0002543,oligodendroglioma,adult oligodendroglioma,2707,15,1,False,True,False,False,False,False,,oligodendroglioma,,,,,False,True,15
EFO_0000632,MONDO_0024498,oligodendroglioma,glioma susceptibility 1,2707,16,1,False,True,False,False,False,False,,oligodendroglioma,,,,,False,True,16
EFO_0000637,MONDO_0002623,osteosarcoma,pediatric osteosarcoma,7231,8,1,False,True,False,False,False,False,,osteosarcoma,,,,,False,True,8
EFO_0000660,MONDO_0008487,polycystic ovary syndrome,polycystic ovary syndrome,3768,5,1,True,False,False,False,False,False,polycystic ovary,,,,,,True,True,5
EFO_0000668,MONDO_0005081,preeclampsia,preeclampsia,4094,17,1,True,False,False,False,False,False,preeclampsia,,,,,,True,True,17
EFO_0000678,MONDO_0009926,pterygium,autosomal recessive multiple pterygium syndrome,856,194,1,False,True,False,False,False,False,,pterygium syndrome,,,,,False,True,194
EFO_0000678,MONDO_0017415,pterygium,multiple pterygium syndrome,856,239,1,False,True,False,False,False,False,,pterygium syndrome,,,,,False,True,239
EFO_0000681,MONDO_0005086,renal cell carcinoma,renal cell carcinoma,9285,3,1,True,False,False,False,False,False,renal cell carcinoma,,,,,,True,True,3
EFO_0000681,MONDO_0007763,renal cell carcinoma,nonpapillary renal cell carcinoma,9285,6822,1,False,True,False,False,False,False,,renal cell carcinoma,,,,,False,True,6822
EFO_0000684,MONDO_0005087,respiratory system disease,respiratory system disorder,17372,36,1,True,False,False,False,False,False,respiratory system,,,,,,True,True,36
EFO_0000685,MONDO_0008383,rheumatoid arthritis,rheumatoid arthritis,4215,19,1,True,False,False,False,False,False,rheumatoid arthritis,,,,,,True,True,19
EFO_0000691,MONDO_0005089,sarcoma,sarcoma,10651,3,1,True,False,False,False,False,False,sarcoma,,,,,,True,True,3
EFO_0000701,MONDO_0005093,skin disease,skin disorder,14133,8,1,True,False,False,False,False,False,skin,,,,,,True,True,8
EFO_0000702,MONDO_0008433,small cell lung carcinoma,small cell lung carcinoma,5387,4,1,True,False,False,False,False,False,small cell lung carcinoma,,,,,,True,True,4
EFO_0000707,MONDO_0005096,squamous cell carcinoma,squamous cell carcinoma,12850,6,1,True,False,False,False,False,False,squamous cell carcinoma,,,,,,True,True,6
EFO_0000729,MONDO_0005101,ulcerative colitis,ulcerative colitis,9358,1,1,True,False,False,False,False,False,ulcerative colitis,,,,,,True,True,1
EFO_0000729,MONDO_0009960,ulcerative colitis,inflammatory bowel disease 1,9358,182,1,False,True,False,False,False,False,,ulcerative colitis,,,,,False,True,182
EFO_0000756,MONDO_0005105,melanoma,melanoma,10264,13,1,True,False,False,False,False,False,melanoma,,,,,,True,True,13
EFO_0000759,MONDO_0007909,lipoma,familial multiple lipomatosis,586,20,1,False,True,False,False,False,False,,lipoma,,,,,False,True,20
EFO_0000760,MONDO_0004545,malignant peripheral nerve sheath tumor,adult malignant schwannoma,1094,1,1,False,True,False,False,False,False,,malignant peripheral nerve sheath tumor,,,,,False,True,1
EFO_0001060,MONDO_0005130,celiac disease,celiac disease,1511,1,1,True,False,False,False,False,False,celiac,,,,,,True,True,1
EFO_0001065,MONDO_0005133,endometriosis,endometriosis,3678,8,1,True,False,False,False,False,False,endometriosis,,,,,,True,True,8
EFO_0001358,MONDO_0005146,post-traumatic stress disorder,post-traumatic stress disorder,1887,1,1,True,False,False,False,False,False,post traumatic stress,,,,,,True,True,1
EFO_0001361,MONDO_0024533,pulmonary arterial hypertension,"pulmonary hypertension, primary, 1",3790,127,1,False,True,False,False,False,False,,pulmonary arterial hypertension,,,,,False,True,127
EFO_0001379,MONDO_0005151,endocrine system disease,endocrine system disorder,19524,1,1,True,False,False,False,False,False,endocrine system,,,,,,True,True,1
EFO_0001421,MONDO_0005154,liver disease,liver disorder,15426,7,1,True,False,False,False,False,False,liver,,,,,,True,True,7
EFO_0001645,MONDO_0005010,coronary artery disease,coronary artery disorder,6288,29,1,True,False,False,False,False,False,coronary artery,,,,,,True,True,29
EFO_0002087,MONDO_0002676,fibrosarcoma,adult fibrosarcoma,2109,10,1,False,True,False,False,False,False,,fibrosarcoma,,,,,False,True,10
EFO_0002087,MONDO_0002678,fibrosarcoma,pediatric fibrosarcoma,2109,267,1,False,True,False,False,False,False,,fibrosarcoma,,,,,False,True,267
EFO_0002689,MONDO_0017278,antiphospholipid syndrome,autoimmune polyendocrinopathy,517,245,1,False,True,False,False,False,False,,Antiphospholipid Syndrome,,,,,False,True,245
EFO_0002893,MONDO_0004491,choriocarcinoma,uterine corpus choriocarcinoma,1105,3,1,False,True,False,False,False,False,,choriocarcinoma,,,,,False,True,3
EFO_0002939,MONDO_0007959,medulloblastoma,medulloblastoma,3645,1,1,True,False,False,False,False,False,medulloblastoma,,,,,,True,True,1
EFO_0002939,MONDO_0002794,medulloblastoma,adult medulloblastoma,3645,3,1,False,True,False,False,False,False,,medulloblastoma,,,,,False,True,3
EFO_0002939,MONDO_0002797,medulloblastoma,childhood medulloblastoma,3645,16,1,False,True,False,False,False,False,,medulloblastoma,,,,,False,True,16
EFO_0002950,EFO_0009682,pregnancy,pregnancy disorder,331,9032,1,True,False,False,False,False,False,pregnancy,,,,,,False,True,331
EFO_0002950,MONDO_0024575,pregnancy,pregnancy disorder,331,14,1,True,False,False,False,False,False,pregnancy,,,,,,True,True,14
EFO_0002970,MONDO_0003939,muscular disease,muscle tissue disorder,10058,11359,1,False,True,False,False,False,False,,muscular disorder,,,,,False,True,10058
EFO_0003035,MONDO_0005230,cellulitis,cellulitis,371,1,1,True,False,False,False,False,False,cellulitis,,,,,,True,True,1
EFO_0003086,MONDO_0005240,kidney disease,kidney disorder,14638,8,1,True,False,False,False,False,False,kidney,,,,,,True,True,8
EFO_0003086,MONDO_0001343,kidney disease,impaired renal function disease,14638,1319,1,False,True,False,False,False,False,,kidney disease,,,,,False,True,1319
EFO_0003103,MONDO_0005247,urinary tract infection,bacterial urinary tract infection,2121,1615,1,False,True,False,False,False,False,,urinary tract infection,,,,,False,True,1615
EFO_0003105,MONDO_0008449,spina bifida,spina bifida,1372,10,1,True,False,False,False,False,False,spina bifida,,,,,,True,True,10
EFO_0003106,MONDO_0005249,pneumonia,pneumonia,2590,14,1,True,False,False,False,False,False,pneumonia,,,,,,True,True,14
EFO_0003144,MONDO_0005252,heart failure,heart failure,5171,8,1,True,False,False,False,False,False,heart failure,,,,,,True,True,8
EFO_0003758,MONDO_0005260,autism,autism,1926,13,1,True,False,False,False,False,False,autism,,,,,,True,True,13
EFO_0003763,MONDO_0011057,cerebrovascular disorder,cerebrovascular disorder,5451,6,1,True,False,False,False,False,False,cerebrovascular,,,,,,True,True,6
EFO_0003764,MONDO_0005264,transient ischemic attack,transient ischemic attack,953,1,1,True,False,False,False,False,False,transient ischemic attack,,,,,,True,True,1
EFO_0003767,MONDO_0005265,inflammatory bowel disease,inflammatory bowel disease,8669,1,1,True,False,False,False,False,False,inflammatory bowel,,,,,,True,True,1
EFO_0003768,MONDO_0008575,nicotine dependence,nicotine dependence,877,1,1,True,False,False,False,False,False,nicotine dependence,,,,,,True,True,1
EFO_0003777,MONDO_0005267,heart disease,heart disorder,13369,10,1,True,False,False,False,False,False,heart,,,,,,True,True,10
EFO_0003781,MONDO_0005269,carotid artery disease,carotid artery disorder,929,2,1,True,False,False,False,False,False,carotid artery,,,,,,True,True,2
EFO_0003782,MONDO_0020128,motor neuron disease,motor neuron disorder,2525,1,1,True,False,False,False,False,False,motor neuron,,,,,,True,True,1
EFO_0003817,MONDO_0021071,laryngeal neoplasm,laryngeal neoplasm,2963,1,1,True,False,False,False,False,False,laryngeal neoplasm,,,,,,True,True,1
EFO_0003818,MONDO_0005275,lung disease,lung disorder,15618,8,1,True,False,False,False,False,False,lung,,,,,,True,True,8
EFO_0003819,MONDO_0005276,dental caries,dental caries,1093,4,1,True,False,False,False,False,False,dental caries,,,,,,True,True,4
EFO_0003824,MONDO_0002236,eye neoplasm,ocular cancer,3094,2526,1,False,True,False,False,False,False,,eye neoplasm,,,,,False,True,2526
EFO_0003825,MONDO_0024621,serous adenocarcinoma,serous cystadenocarcinoma,3181,1110,1,False,True,False,False,False,False,,serous adenocarcinoma,,,,,False,True,1110
EFO_0003827,MONDO_0005279,pulmonary embolism,pulmonary embolism,361,1,1,True,False,False,False,False,False,pulmonary embolism,,,,,,True,True,1
EFO_0003828,MONDO_0003544,spinal cord neoplasm,spinal cord cancer,224,116,1,False,True,False,False,False,False,,spinal cord neoplasm,,,,,False,True,116
EFO_0003833,MONDO_0001657,brain neoplasm,brain cancer,6546,3410,1,False,True,False,False,False,False,,brain neoplasm,,,,,False,True,3410
EFO_0003837,MONDO_0002123,calcification,calcinosis,437,395,1,False,True,False,False,False,False,,calcification,,,,,False,True,395
EFO_0003851,MONDO_0016642,meningeal neoplasm,meningioma,2784,2395,1,False,True,False,False,False,False,,meningeal neoplasm,,,,,False,True,2395
EFO_0003852,MONDO_0005287,developmental disability,developmental disability,287,6,1,True,False,False,False,False,False,developmental disability,,,,,,True,True,6
EFO_0003860,MONDO_0021040,pancreatic neoplasm,pancreatic neoplasm,8037,12,1,True,False,False,False,False,False,pancreatic neoplasm,,,,,,True,True,12
EFO_0003865,MONDO_0002730,kidney neoplasm,childhood kidney neoplasm,10042,153,1,False,True,False,False,False,False,,kidney neoplasm,,,,,False,True,153
EFO_0003869,MONDO_0021100,breast neoplasm,breast neoplasm,15893,79,1,True,False,False,False,False,False,breast neoplasm,,,,,,True,True,79
EFO_0003882,MONDO_0005298,osteoporosis,osteoporosis,1369,9,1,True,False,False,False,False,False,osteoporosis,,,,,,True,True,9
EFO_0003884,MONDO_0005300,chronic kidney disease,chronic kidney disease,7229,18,1,True,False,False,False,False,False,chronic kidney,,,,,,True,True,18
EFO_0003893,MONDO_0008170,ovarian neoplasm,ovarian cancer,10681,9955,1,False,True,False,False,False,False,,ovarian neoplasm,,,,,False,True,9955
EFO_0003914,MONDO_0005311,atherosclerosis,atherosclerosis,6212,14,1,True,False,False,False,False,False,atherosclerosis,,,,,,True,True,14
EFO_0003928,MONDO_0005313,necrotizing enterocolitis,necrotizing enterocolitis,756,1,1,True,False,False,False,False,False,necrotizing enterocolitis,,,,,,True,True,1
EFO_0003931,MONDO_0005315,bone fracture,bone fracture,1261,1,1,True,False,False,False,False,False,bone fracture,,,,,,True,True,1
EFO_0003956,MONDO_0005324,seasonal allergic rhinitis,seasonal allergic rhinitis,427,4,1,True,False,False,False,False,False,seasonal allergic rhinitis,,,,,,True,True,4
EFO_0003966,MONDO_0005328,eye disease,eye disorder,13489,13,1,True,False,False,False,False,False,eye,,,,,,True,True,13
EFO_0003968,MONDO_0003022,angiosarcoma,pediatric angiosarcoma,2387,3,1,False,True,False,False,False,False,,angiosarcoma,,,,,False,True,3
EFO_0004128,MONDO_0018965,hereditary nephritis,Alport syndrome,2604,627,1,False,True,False,False,False,False,,hereditary nephritis,,,,,False,True,627
EFO_0004142,MONDO_0005335,colorectal neoplasm,colorectal neoplasm,13376,20,1,True,False,False,False,False,False,colorectal neoplasm,,,,,,True,True,20
EFO_0004143,MONDO_0020730,carpal tunnel syndrome,carpal tunnel syndrome 1,487,23,1,False,True,False,False,False,False,,carpal tunnel syndrome,,,,,False,True,23
EFO_0004192,MONDO_0004907,alopecia areata,alopecia,775,2689,1,False,True,False,False,False,False,,alopecia areata,,,,,False,True,775
EFO_0004193,MONDO_0020804,basal cell carcinoma,basal cell carcinoma,3073,1,1,True,False,False,False,False,False,basal cell carcinoma,,,,,,True,True,1
EFO_0004193,MONDO_0005341,basal cell carcinoma,skin basal cell carcinoma,3073,2392,1,False,True,False,False,False,False,,basal cell carcinoma,,,,,False,True,2392
EFO_0004198,MONDO_0002531,skin neoplasm,skin neoplasm,7852,1,1,True,False,False,False,False,False,skin neoplasm,,,,,,True,True,1
EFO_0004199,MONDO_0007964,dysplastic nevus,"melanoma, cutaneous malignant, susceptibility to, 2",570,14,1,False,True,False,False,False,False,,dysplastic nevus syndrome,,,,,False,True,14
EFO_0004209,MONDO_0005345,hypospadias,hypospadias,532,4,1,True,False,False,False,False,False,hypospadias,,,,,,True,True,4
EFO_0004210,MONDO_0005346,gallstones,gallstones,792,1,1,True,False,False,False,False,False,gallstones,,,,,,True,True,1
EFO_0004211,MONDO_0005347,Hypertriglyceridemia,hypertriglyceridemia,1563,5,1,True,False,False,False,False,False,hypertriglyceridemia,,,,,,True,True,5
EFO_0004214,MONDO_0024521,Abdominal Aortic Aneurysm,"aortic aneurysm, familial abdominal, 1",1321,34,1,False,True,False,False,False,False,,abdominal aortic aneurysm,,,,,False,True,34
EFO_0004216,MONDO_0005352,conduct disorder,conduct disorder,190,6,1,True,False,False,False,False,False,conduct,,,,,,True,True,6
EFO_0004228,MONDO_0005359,drug-induced liver injury,drug-induced liver injury,107,17,1,True,False,False,False,False,False,drug induced liver injury,,,,,,True,True,17
EFO_0004229,MONDO_0007476,Dupuytren Contracture,familial Dupuytren contracture,368,8,1,False,True,False,False,False,False,,Dupuytren contracture,,,,,False,True,8
EFO_0004230,MONDO_0011962,endometrial neoplasm,endometrial cancer,646,6504,1,False,True,False,False,False,False,,endometrial neoplasm,,,,,False,True,646
EFO_0004230,MONDO_0021251,endometrial neoplasm,endometrium neoplasm,646,6420,1,False,True,False,False,False,False,,endometrial neoplasm,,,,,False,True,646
EFO_0004234,MONDO_0005362,erectile dysfunction,erectile dysfunction,567,3,1,True,False,False,False,False,False,erectile dysfunction,,,,,,True,True,3
EFO_0004238,MONDO_0005365,hearing loss,hearing loss disorder,3266,1,1,True,False,False,False,False,False,hearing loss,,,,,,True,True,1
EFO_0004242,MONDO_0008114,obsessive-compulsive disorder,obsessive-compulsive disorder,855,3,1,True,False,False,False,False,False,obsessive compulsive,,,,,,True,True,3
EFO_0004243,MONDO_0024503,carcinoid tumor,digestive system neuroendocrine neoplasm,1176,2803,1,False,True,False,False,False,False,,carcinoid tumor,,,,,False,True,1176
EFO_0004244,MONDO_0015925,interstitial lung disease,interstitial lung disease,5580,4,1,True,False,False,False,False,False,interstitial lung,,,,,,True,True,4
EFO_0004246,MONDO_0012727,mucocutaneous lymph node syndrome,mucocutaneous lymph node syndrome,1644,1,1,True,False,False,False,False,False,mucocutaneous lymph node,,,,,,True,True,1
EFO_0004248,MONDO_0005372,male infertility,male infertility,4456,20,1,True,False,False,False,False,False,male infertility,,,,,,True,True,20
EFO_0004255,MONDO_0005377,nephrotic syndrome,nephrotic syndrome,1998,1,1,True,False,False,False,False,False,nephrotic,,,,,,True,True,1
EFO_0004257,MONDO_0005379,neurotic disorder,neurotic disorder,2151,32,1,True,False,False,False,False,False,neurotic,,,,,,True,True,32
EFO_0004260,MONDO_0005381,bone disease,bone disorder,15853,1,1,True,False,False,False,False,False,bone,,,,,,True,True,1
EFO_0004262,MONDO_0005383,panic disorder,panic disorder,445,2,1,True,False,False,False,False,False,panic,,,,,,True,True,2
EFO_0004264,MONDO_0005385,vascular disease,vascular disorder,14282,3,1,True,False,False,False,False,False,vascular,,,,,,True,True,3
EFO_0004265,MONDO_0005386,peripheral arterial disease,peripheral arterial disease,1610,5,1,True,False,False,False,False,False,peripheral arterial,,,,,,True,True,5
EFO_0004269,MONDO_0020745,cardiac arrhythmia,ventricular arrhythmias due to cardiac ryanodine receptor calcium release deficiency syndrome,6268,241,1,False,True,False,False,False,False,,cardiac arrhythmia,,,,,False,True,241
EFO_0004281,MONDO_0021348,testicular neoplasm,neoplasm of testis,167,2352,1,False,True,False,False,False,False,,testicular neoplasm,,,,,False,True,167
EFO_0004286,MONDO_0008559,venous thromboembolism,thrombophilia due to thrombin defect,1444,21,1,False,True,False,False,False,False,,Venous thromboembolism,,,,,False,True,21
EFO_0004288,MONDO_0005401,colonic neoplasm,colonic neoplasm,6742,24,1,True,False,False,False,False,False,colonic neoplasm,,,,,,True,True,24
EFO_0004562,MONDO_0009047,cryptorchidism,cryptorchidism,753,11,1,True,False,False,False,False,False,cryptorchidism,,,,,,True,True,11
EFO_0004593,MONDO_0005406,gestational diabetes,gestational diabetes,2763,36,1,True,False,False,False,False,False,gestational diabetes,,,,,,True,True,36
EFO_0004599,MONDO_0020546,acute graft vs. host disease,acute graft versus host disease,162,648,1,False,True,False,False,False,False,,acute graft vs. host disease,,,,,False,True,162
EFO_0004610,MONDO_0015796,acute lung injury,acute lung injury,2629,1,1,True,False,False,False,False,False,acute lung injury,,,,,,True,True,1
EFO_0004705,MONDO_0005420,hypothyroidism,hypothyroidism,2652,46,1,True,False,False,False,False,False,hypothyroidism,,,,,,True,True,46
EFO_0004711,MONDO_0005424,elephantiasis,elephantiasis,110,3,1,True,False,False,False,False,False,elephantiasis,,,,,,True,True,3
EFO_0004718,MONDO_0004648,vascular dementia,vascular dementia,814,3,1,True,False,False,False,False,False,vascular dementia,,,,,,True,True,3
EFO_0004986,MONDO_0018843,embryonal carcinoma,embryonal carcinoma of the central nervous system,1639,8,1,False,True,False,False,False,False,,embryonal carcinoma,,,,,False,True,8
EFO_0004992,MONDO_0005441,Otitis media,otitis media,842,3,1,True,False,False,False,False,False,otitis media,,,,,,True,True,3
EFO_0004992,MONDO_0024330,Otitis media,infectious otitis media,842,95,1,False,True,False,False,False,False,,otitis media,,,,,False,True,95
EFO_0005140,MONDO_0007179,autoimmune disease,autoimmune disease,12383,3,1,True,False,False,False,False,False,autoimmune,,,,,,True,True,3
EFO_0005207,MONDO_0005453,congenital heart disease,congenital heart disease,4887,1,1,True,False,False,False,False,False,congenital heart,,,,,,True,True,1
EFO_0005221,MONDO_0019087,cholangiocarcinoma,cholangiocarcinoma,4931,2,1,True,False,False,False,False,False,cholangiocarcinoma,,,,,,True,True,2
EFO_0005229,MONDO_0001697,reading,reading disorder,1572,313,1,True,False,False,False,False,False,reading,,,,,,False,True,313
EFO_0005287,MONDO_0009975,reticulum cell sarcoma,reticulum cell sarcoma,524,32,1,True,False,False,False,False,False,reticulum cell sarcoma,,,,,,True,True,32
EFO_0005297,MONDO_0012105,Granulomatosis with Polyangiitis,granulomatosis with polyangiitis,743,3,1,True,False,False,False,False,False,granulomatosis with polyangiitis,,,,,,True,True,3
EFO_0005401,EFO_0005403,response to high sodium diet,response to dietary potassium supplementation,5,5,1,False,False,False,False,True,False,,,,,3df30fd09d279e7302a651a7fcd145a40f27baf8,,False,False,5
EFO_0005411,MONDO_0005090,schizoaffective disorder,schizophrenia,389,7319,1,False,True,False,False,False,False,,schizoaffective disorder,,,,,False,True,389
EFO_0005424,MONDO_0005489,dyslexia,dyslexia,315,1,1,True,False,False,False,False,False,dyslexia,,,,,,True,True,1
EFO_0005543,MONDO_0021042,glioma,glioma,12666,24,1,True,False,False,False,False,False,glioma,,,,,,True,True,24
EFO_0005543,MONDO_0100342,glioma,malignant glioma,12666,10782,1,False,True,False,False,False,False,,glioma,,,,,False,True,10782
EFO_0005546,MONDO_0011933,congenital disorder of glycosylation type II,ALG2-congenital disorder of glycosylation,856,60,1,False,True,False,False,False,False,,congenital disorder of glycosylation type Ii,,,,,False,True,60
EFO_0005556,MONDO_0007745,Gilbert syndrome,Gilbert syndrome,198,10,1,True,False,False,False,False,False,gilbert,,,,,,True,True,10
EFO_0005560,MONDO_0005508,hereditary multiple exostoses,hereditary multiple osteochondromas,76,60,1,False,True,False,False,False,False,,hereditary multiple exostoses,,,,,False,True,60
EFO_0005568,EFO_0005597,methylmalonic aciduria and homocystinuria type cblE,methylmalonic aciduria and homocystinuria type cblG,3,3,1,False,False,False,False,True,False,,,,,cba2be55963083c323a3b521113b4772503d8b66,,False,False,3
EFO_0005595,MONDO_0005527,toxic encephalopathy,toxic encephalopathy,81,5,1,True,False,False,False,False,False,toxic encephalopathy,,,,,,True,True,5
EFO_0005669,MONDO_0013792,intracerebral hemorrhage,intracerebral hemorrhage,1193,1,1,True,False,False,False,False,False,intracerebral hemorrhage,,,,,,True,True,1
EFO_0005699,MONDO_0016711,desmoplastic medulloblastoma,desmoplastic/nodular medulloblastoma,12,4,1,False,True,False,False,False,False,,Desmoplastic medulloblastoma,,,,,False,True,4
EFO_0005771,MONDO_0005558,ovarian disease,ovarian disorder,12424,1,1,True,False,False,False,False,False,ovarian,,,,,,True,True,1
EFO_0005774,MONDO_0005560,brain disease,brain disorder,17947,1,1,True,False,False,False,False,False,brain,,,,,,True,True,1
EFO_0005784,MONDO_0005564,embryonal neoplasm,embryonal neoplasm,8325,3,1,True,False,False,False,False,False,embryonal neoplasm,,,,,,True,True,3
EFO_0005803,MONDO_0005570,hematologic disease,hematologic disorder,16387,1,1,True,False,False,False,False,False,hematologic,,,,,,True,True,1
EFO_0005855,MONDO_0021107,narcolepsy without cataplexy,narcolepsy,19,552,1,False,True,False,False,False,False,,"narcolepsy, without cataplexy",,,,,False,True,19
EFO_0005922,MONDO_0005580,esophageal squamous cell carcinoma,esophageal squamous cell carcinoma,6573,1,1,True,False,False,False,False,False,esophageal squamous cell carcinoma,,,,,,True,True,1
EFO_0006471,MONDO_0005184,pancreatic tubular adenocarcinoma,pancreatic ductal adenocarcinoma,4,5150,1,False,True,False,False,False,False,,pancreatic tubular adenocarcinoma,,,,,False,True,4
EFO_0006505,MONDO_0005607,chronic bronchitis,chronic bronchitis,542,23,1,True,False,False,False,False,False,chronic bronchitis,,,,,,True,True,23
EFO_0006788,MONDO_0005618,anxiety disorder,anxiety disorder,3274,8,1,True,False,False,False,False,False,anxiety,,,,,,True,True,8
EFO_0006790,MONDO_0007098,cerebral amyloid angiopathy,ACys amyloidosis,1171,29,1,False,True,False,False,False,False,,cerebral amyloid angiopathy,,,,,False,True,29
EFO_0007153,MONDO_0016466,asbestosis,asbestosis,243,2,1,True,False,False,False,False,False,asbestosis,,,,,,True,True,2
EFO_0007164,MONDO_0007416,Balkan nephropathy,Balkan nephropathy,391,4,1,True,False,False,False,False,False,balkan nephropathy,,,,,,True,True,4
EFO_0007171,MONDO_0000253,black piedra,piedra,1,4,1,False,True,False,False,False,False,,black piedra,,,,,False,True,1
EFO_0007206,MONDO_0016718,choroid plexus cancer,choroid plexus carcinoma,75,72,1,False,True,False,False,False,False,,choroid plexus cancer,,,,,False,True,72
EFO_0007211,MONDO_0005706,coccidioidomycosis,coccidioidomycosis,174,1,1,True,False,False,False,False,False,coccidioidomycosis,,,,,,True,True,1
EFO_0007214,MONDO_0005709,common cold,common cold,271,1,1,True,False,False,False,False,False,common cold,,,,,,True,True,1
EFO_0007224,MONDO_0020753,coronavirus infectious disease,Orthocoronavirinae infectious disease,1073,6931,1,False,True,False,False,False,False,,coronavirus infectious disease,,,,,False,True,1073
EFO_0007227,MONDO_0005722,croup,croup,27,1,1,True,False,False,False,False,False,croup,,,,,,True,True,1
EFO_0007237,EFO_0007482,dipetalonemiasis,setariasis,3,3,1,False,False,False,False,True,False,,,,,ac158d024829a47ada7f2fbe750c919aab4da860,,False,False,3
EFO_0007276,MONDO_0004380,follicular dendritic cell sarcoma,dendritic cell sarcoma,75,142,1,False,True,False,False,False,False,,follicular dendritic cell sarcoma,,,,,False,True,75
EFO_0007299,MONDO_0005784,hemorrhagic fever with renal syndrome,hantavirus hemorrhagic fever with renal syndrome,65,444,1,False,True,False,False,False,False,,hemorrhagic fever with renal syndrome,,,,,False,True,65
EFO_0007319,MONDO_0014250,hyperprolactinemia,familial hyperprolactinemia,768,332,1,False,True,False,False,False,False,,hyperprolactinemia,,,,,False,True,332
EFO_0007319,MONDO_0024305,hyperprolactinemia,acquired hyperprolactinemia,768,2,1,False,True,False,False,False,False,,hyperprolactinemia,,,,,False,True,2
EFO_0007322,MONDO_0014226,idiopathic CD4-positive T-lymphocytopenia,idiopathic CD4 lymphocytopenia,3,481,1,False,True,False,False,False,False,,idiopathic CD4 positive T-lymphocytopenia,,,,,False,True,3
EFO_0007328,MONDO_0005812,influenza,influenza,3448,2,1,True,False,False,False,False,False,influenza,,,,,,True,True,2
EFO_0007345,MONDO_0005826,lipid pneumonia,lipid pneumonia,5,1,1,True,False,False,False,False,False,lipid pneumonia,,,,,,True,True,1
EFO_0007346,MONDO_0018883,lipoatrophic diabetes,Berardinelli-Seip congenital lipodystrophy,27,273,1,False,True,False,False,False,False,,lipoatrophic diabetes,,,,,False,True,27
EFO_0007365,MONDO_0017043,mesoblastic nephroma,congenital mesoblastic nephroma,131,113,1,False,True,False,False,False,False,,mesoblastic nephroma,,,,,False,True,113
EFO_0007401,MONDO_0005881,oligohydramnios,oligohydramnios,113,1,1,True,False,False,False,False,False,oligohydramnios,,,,,,True,True,1
EFO_0007441,MONDO_0005917,placenta disease,placenta disorder,6628,2,1,True,False,False,False,False,False,placenta,,,,,,True,True,2
EFO_0007459,MONDO_0010717,pyruvate decarboxylase deficiency,pyruvate dehydrogenase E1-alpha deficiency,1,68,1,False,True,False,False,False,False,,pyruvate decarboxylase deficiency,,,,,False,True,1
EFO_0007459,MONDO_0019169,pyruvate decarboxylase deficiency,pyruvate dehydrogenase deficiency,1,214,1,False,True,False,False,False,False,,pyruvate decarboxylase deficiency,,,,,False,True,1
EFO_0007485,MONDO_0005960,silicosis,silicosis,768,2,1,True,False,False,False,False,False,silicosis,,,,,,True,True,2
EFO_0007916,OBA_2040089,response to tricyclic antidepressant,trait in response to tetracyclic antidepressant,2,2,1,False,False,False,False,True,False,,,,,263b79bb39e757cb8de2785d61ef0c0535fc5de9,,True,False,2
EFO_0008514,MONDO_0018975,neurofibromatosis,neurofibromatosis type 1,850,713,1,False,True,False,False,False,False,,neurofibromatosis,,,,,False,True,713
EFO_0008521,MONDO_0003014,rhinitis,rhinitis,3628,19,1,True,False,False,False,False,False,rhinitis,,,,,,True,True,19
EFO_0008524,MONDO_0000402,small cell carcinoma,small cell carcinoma,4767,1,1,True,False,False,False,False,False,small cell carcinoma,,,,,,True,True,1
EFO_0008525,MONDO_0019079,spinal muscular atrophy,proximal spinal muscular atrophy,1197,518,1,False,True,False,False,False,False,,Spinal Muscular Atrophy,,,,,False,True,518
EFO_0008546,MONDO_0029000,poisoning,poisoning,844,5,1,True,False,False,False,False,False,poisoning,,,,,,True,True,5
EFO_0008560,MONDO_0021124,female infertility,female infertility,2289,13,1,True,False,False,False,False,False,female infertility,,,,,,True,True,13
EFO_0008568,MONDO_0003406,Sleep Disorder,sleep-wake disorder,4283,2928,1,False,True,False,False,False,False,,sleep disorder,,,,,False,True,2928
EFO_0008576,MONDO_0008410,Spinal Osteochondrosis,Scheuermann disease,5,73,1,False,True,False,False,False,False,,spinal Osteochondrosis,,,,,False,True,5
EFO_0008585,MONDO_0041656,ST Elevation Myocardial Infarction,ST-elevation myocardial infarction,477,2,1,True,False,False,False,False,False,st elevation myocardial infarction,,,,,,True,True,2
EFO_0008618,MONDO_0008073,Medullary Cystic Kidney Disease Type II,familial juvenile hyperuricemic nephropathy type 1,1,482,1,False,True,False,False,False,False,,medullary cystic kidney disease type II,,,,,False,True,1
EFO_0009014,MONDO_0014561,"3-methylglutaconic aciduria with cataracts, neurologic involvement, and neutropenia","3-methylglutaconic aciduria, type VIIB",13,71,1,False,True,False,False,False,False,,"3-METHYLGLUTACONIC aciduria with cataracts, neurologic involvement, and neutropenia",,,,,False,True,13
EFO_0009017,MONDO_0014295,Autosomal recessive spastic paraplegia type 57,hereditary spastic paraplegia 57,63,17,1,False,True,False,False,False,False,,autosomal recessive spastic paraplegia type 57,,,,,False,True,17
EFO_0009035,MONDO_0014636,Combined oxidative phosphorylation defect type 25,combined oxidative phosphorylation defect type 25,2,29,1,True,False,False,False,False,False,combined oxidative phosphorylation defect type 25,,,,,,False,True,2
EFO_0009060,MONDO_0014867,Spinocerebellar ataxia type 43,spinocerebellar ataxia 43,66,138,1,False,True,False,False,False,False,,spinocerebellar ataxia type 43,,,,,False,True,66
EFO_0009074,MONDO_0002012,methylmalonic aciduria cblb type,methylmalonic acidemia,2,338,1,False,True,False,False,False,False,,methylmalonic aciduria cblB type,,,,,False,True,2
EFO_0009075,MONDO_0014671,"neuropathy, hereditary motor and sensory, type vib","neuropathy, hereditary motor and sensory, type 6B",65,46,1,False,True,False,False,False,False,,"neuropathy, hereditary motor and sensory, type VIB",,,,,False,True,46
EFO_0009076,MONDO_0019497,nonsyndromic deafness,nonsyndromic genetic hearing loss,145,676,1,False,True,False,False,False,False,,nonsyndromic deafness,,,,,False,True,145
EFO_0009079,MONDO_0014606,white-sutton syndrome,intellectual disability-microcephaly-strabismus-behavioral abnormalities syndrome,20,145,1,False,True,False,False,False,False,,WHITE-Sutton syndrome,,,,,False,True,20
EFO_0009093,MONDO_0003878,choroidal melanoma,malignant choroid melanoma,238,59,1,False,True,False,False,False,False,,choroidal melanoma,,,,,False,True,59
EFO_0009094,MONDO_0016333,idiopathic dilated cardiomyopathy,familial dilated cardiomyopathy,319,1793,1,False,True,False,False,False,False,,idiopathic dilated cardiomyopathy,,,,,False,True,319
EFO_0009117,MONDO_0019362,typhus,epidemic louse-borne typhus,332,22,1,False,True,False,False,False,False,,typhus,,,,,False,True,22
EFO_0009118,MONDO_0002480,female reproductive endometrioid cancer,endometrioid tumor,29,1063,1,False,True,False,False,False,False,,female reproductive endometrioid cancer,,,,,False,True,29
EFO_0009139,MONDO_0011724,"glut1 deficiency syndrome 1, autosomal recessive",encephalopathy due to GLUT1 deficiency,3,79,1,False,True,False,False,False,False,,"GLUT1 deficiency syndrome 1, autosomal recessive",,,,,False,True,3
EFO_0009144,MONDO_0013784,Lethal neonatal spasticity-epileptic encephalopathy syndrome,neonatal-onset encephalopathy with rigidity and seizures,40,39,1,False,True,False,False,False,False,,lethal neonatal spasticity-epileptic encephalopathy syndrome,,,,,False,True,39
EFO_0009146,MONDO_1040002,pik3ca related overgrowth spectrum,PIK3CA-related overgrowth spectrum,65,263,1,True,False,False,False,False,False,pik3ca related overgrowth spectrum,,,,,,False,True,65
EFO_0009154,MONDO_0010604,hemophilia b leyden,hemophilia B,2,329,1,False,True,False,False,False,False,,hemophilia B Leyden,,,,,False,True,2
EFO_0009189,MONDO_0004425,hyperthyroidism,hyperthyroidism,2329,34,1,True,False,False,False,False,False,hyperthyroidism,,,,,,True,True,34
EFO_0009296,MONDO_0012041,mutyh-associated polyposis,familial adenomatous polyposis 2,30,79,1,False,True,False,False,False,False,,MUTYH-associated polyposis,,,,,False,True,30
EFO_0009297,MONDO_0010590,fg syndrome,FG syndrome 1,1473,107,1,False,True,False,False,False,False,,FG syndrome,,,,,False,True,107
EFO_0009300,MONDO_0013655,"neurodevelopmental disorder with or without hyperkinetic movements and seizures, autosomal dominant","intellectual disability, autosomal dominant 8",84,41,1,False,True,False,False,False,False,,"neurodevelopmental disorder with or without hyperkinetic movements and seizures, autosomal dominant",,,,,False,True,41
EFO_0009316,MONDO_0019145,protein c deficiency,hereditary thrombophilia due to congenital protein C deficiency,49,13,1,False,True,False,False,False,False,,Protein C Deficiency,,,,,False,True,13
EFO_0009380,MONDO_0016374,facial neuralgia,cranial neuralgia,4,201,1,False,True,False,False,False,False,,facial neuralgia,,,,,False,True,4
EFO_0009387,MONDO_0003620,peripheral nervous system disease,peripheral nervous system disorder,9103,1,1,True,False,False,False,False,False,peripheral nervous system,,,,,,True,True,1
EFO_0009406,MONDO_0002908,glucose metabolism disease,glucose metabolism disease,12885,4,1,True,False,False,False,False,False,glucose metabolism,,,,,,True,True,4
EFO_0009429,MONDO_0020590,Mycobacterium infection,mycobacterial infectious disease,1255,3626,1,False,True,False,False,False,False,,mycobacterium infection,,,,,False,True,1255
EFO_0009448,MONDO_0002771,pulmonary fibrosis,pulmonary fibrosis,4201,2,1,True,False,False,False,False,False,pulmonary fibrosis,,,,,,True,True,2
EFO_0009450,MONDO_0003799,conjunctivitis,conjunctivitis,2663,6,1,True,False,False,False,False,False,conjunctivitis,,,,,,True,True,6
EFO_0009483,MONDO_0002657,breast disease,breast disorder,15780,1,1,True,False,False,False,False,False,breast,,,,,,True,True,1
EFO_0009491,MONDO_0013065,adrenocortical insufficiency,premature ovarian failure 7,1639,193,1,False,True,False,False,False,False,,adrenocortical insufficiency,,,,,False,True,193
EFO_0009551,MONDO_0002869,heart valve disease,heart valve disorder,2072,1,1,True,False,False,False,False,False,heart valve,,,,,,True,True,1
EFO_0009556,MONDO_0024301,mineral metabolism disease,acquired mineral metabolism disease,3297,2,1,False,True,False,False,False,False,,mineral metabolism disease,,,,,False,True,2
EFO_0009562,MONDO_0001824,polyneuropathy,polyneuropathy,823,8,1,True,False,False,False,False,False,polyneuropathy,,,,,,True,True,8
EFO_0009606,MONDO_0003004,macular degeneration,macular degeneration,3850,2,1,True,False,False,False,False,False,macular degeneration,,,,,,True,True,2
EFO_0009607,MONDO_0021156,pituitary gland disease,hypophysitis,3765,291,1,False,True,False,False,False,False,,pituitary gland,,,,,False,True,291
EFO_0009608,MONDO_0004298,stomach disease,stomach disorder,11040,1,1,True,False,False,False,False,False,stomach,,,,,,True,True,1
EFO_0009626,MONDO_0001561,pyloric stenosis,pyloric stenosis,218,1,1,True,False,False,False,False,False,pyloric stenosis,,,,,,True,True,1
EFO_0009657,MONDO_0002258,acute pharyngitis,pharyngitis,54,327,1,False,True,False,False,False,False,,acute pharyngitis,,,,,False,True,54
EFO_0009661,MONDO_0003781,bronchitis,bronchitis,743,8,1,True,False,False,False,False,False,bronchitis,,,,,,True,True,8
EFO_0009662,MONDO_0001209,common wart,common wart,299,1,1,True,False,False,False,False,False,common wart,,,,,,True,True,1
EFO_0009682,MONDO_0024575,pregnancy disorder,pregnancy disorder,9032,14,1,True,False,False,False,False,False,pregnancy,,,,,,True,True,14
EFO_0009686,MONDO_0021113,respiratory failure,respiratory failure,3560,3,1,True,False,False,False,False,False,respiratory failure,,,,,,True,True,3
EFO_0009687,MONDO_0003117,somatoform disorder,somatoform disorder,43,1,1,True,False,False,False,False,False,somatoform,,,,,,True,True,1
EFO_0009689,MONDO_0001730,urethral disease,urethral syndrome,377,10,1,True,False,False,False,False,False,urethral,,,,,,False,True,10
EFO_0009690,MONDO_0002118,urinary system disease,urinary system disorder,15392,2,1,True,False,False,False,False,False,urinary system,,,,,,True,True,2
EFO_0009759,MONDO_0004979,Chronic Obstructive Asthma,asthma,319,3648,1,False,True,False,False,False,False,,chronic obstructive asthma,,,,,False,True,319
EFO_0009948,MONDO_0000409,chorioamnionitis,chorioamnionitis,580,2,1,True,False,False,False,False,False,chorioamnionitis,,,,,,True,True,2
EFO_0010263,MONDO_0018794,"gastrointestinal ulceration, recurrent, with dysfunctional platelets",cytosolic phospholipase-A2 alpha deficiency associated bleeding disorder,40,13,1,False,True,False,False,False,False,,"GASTROINTESTINAL ULCERATION, RECURRENT, WITH DYSFUNCTIONAL PLATELETS",,,,,False,True,13
EFO_0010638,MONDO_0004784,atopic asthma,allergic asthma,531,1660,1,False,True,False,False,False,False,,atopic asthma,,,,,False,True,531
EFO_0010642,MONDO_0700092,Neurodevelopmental disorder,neurodevelopmental disorder,7033,7,1,True,False,False,False,False,False,neurodevelopmental,,,,,,True,True,7
EFO_0010698,MONDO_0001539,retinal break,retinal perforation,4,22,1,False,True,False,False,False,False,,retinal break,,,,,False,True,4
EFO_0010831,MONDO_0003120,testicular mixed germ cell tumor,mixed testicular germ cell cancer,138,3,1,False,True,False,False,False,False,,testicular mixed germ cell tumor,,,,,False,True,3
EFO_0010955,MONDO_0014489,"muscular dystrophy-dystroglycanopathy (limb-girdle), type c, 12",limb-girdle muscular dystrophy due to POMK deficiency,19,18,1,False,True,False,False,False,False,,"muscular dystrophy-dystroglycanopathy (limb-girdle), type C, 12",,,,,False,True,18
EFO_0010956,MONDO_0013936,"peroxisome biogenesis disorder, complementation group 7",peroxisome biogenesis disorder 6A (Zellweger),21,38,1,False,True,False,False,False,False,,"peroxisome biogenesis disorder, complementation group 7",,,,,False,True,21
EFO_0020027,MONDO_0012104,susceptibility to partial acquired lipodystrophy,acquired partial lipodystrophy,160,71,1,False,True,False,False,False,False,,susceptibility to partial acquired lipodystrophy,,,,,False,True,71
EFO_0022485,MONDO_0008192,paragangliomas with sensorineural hearing loss,paragangliomas 1,40,46,1,False,True,False,False,False,False,,paragangliomas with sensorineural hearing loss,,,,,False,True,40
EFO_0022494,MONDO_0100344,antenatal Bartter syndrome,Bartter disease type 1,5,110,1,False,True,False,False,False,False,,antenatal Bartter syndrome,,,,,False,True,5
EFO_0022911,MONDO_0015356,hereditary cancer,hereditary neoplastic syndrome,255,5674,1,False,True,False,False,False,False,,hereditary cancer syndrome,,,,,False,True,255
EFO_0022913,MONDO_0009136,autosomal recessive dyskeratosis congenita,"dyskeratosis congenita, autosomal recessive 1",4,33,1,False,True,False,False,False,False,,autosomal recessive dyskeratosis congenita,,,,,False,True,4
EFO_0600095,MONDO_0002233,primary dental caries,enamel caries,4,38,1,False,True,False,False,False,False,,primary dental caries,,,,,False,True,4
EFO_0700020,Orphanet_122,Birt-Hogg-Dube syndrome,Birt-Hogg-Dubé syndrome,138,88,1,True,False,False,False,False,False,birt hogg dube,,,,,,False,True,88
EFO_0700022,MONDO_0019148,lysosomal acid lipase deficiency,Wolman disease,383,169,1,False,True,False,False,False,False,,lysosomal acid lipase deficiency,,,,,False,True,169
EFO_0700025,Orphanet_98676,autosomal recessive optic atrophy,Autosomal recessive isolated optic atrophy,9,16,1,False,False,True,False,False,False,,,Orphanet:98676,,,,False,True,9
EFO_0700098,MONDO_0000733,congenital cornea plana,cornea plana,4,182,1,False,True,False,False,False,False,,congenital cornea plana,,,,,False,True,4
EFO_0700101,MONDO_0009635,intractable diarrhea of infancy,microvillus inclusion disease,3,202,1,False,True,False,False,False,False,,intractable diarrhea of infancy,,,,,False,True,3
EFO_0700103,Orphanet_77258,trichorhinophalangeal syndrome type I or III,Trichorhinophalangeal syndrome type 1 and 3,3,157,1,False,False,True,False,False,False,,,Orphanet:77258,,,,False,True,3
EFO_0700127,Orphanet_98914,presynaptic congenital myasthenic syndrome,Presynaptic congenital myasthenic syndromes,7,104,1,False,False,True,False,False,False,,,Orphanet:98914,,,,False,True,7
EFO_0700128,Orphanet_98915,synaptic congenital myasthenic syndrome,Synaptic congenital myasthenic syndromes,4,37,1,False,False,True,False,False,False,,,Orphanet:98915,,,,False,True,4
EFO_0700130,MONDO_0800448,ovarioleukodystrophy,leukoencephalopathy with vanishing white matter,12,144,1,False,True,False,False,False,False,,ovarioleukodystrophy,,,,,False,True,12
EFO_0700131,Orphanet_99878,primary parathyroid hyperplasia,Primary parathyroids hyperplasia,9,11,1,False,False,True,False,False,False,,,Orphanet:99878,,,,False,True,9
EFO_0700133,MONDO_0016002,kyphoscoliotic Ehlers-Danlos syndrome,"Ehlers-Danlos syndrome, kyphoscoliotic type 1",13,80,1,False,True,False,False,False,False,,kyphoscoliotic Ehlers-Danlos syndrome,,,,,False,True,13
EFO_0700136,MONDO_0032766,apolipoprotein A-I deficiency,"hypoalphalipoproteinemia, primary, 2",19,181,1,False,True,False,False,False,False,,Apolipoprotein A-I Deficiency,,,,,False,True,19
EFO_1000028,MONDO_0003478,ependymoma,childhood ependymoma,2535,80,1,False,True,False,False,False,False,,ependymoma,,,,,False,True,80
EFO_1000028,MONDO_0024498,ependymoma,glioma susceptibility 1,2535,16,1,False,True,False,False,False,False,,ependymoma,,,,,False,True,16
EFO_1000036,MONDO_0024306,lactic acidosis,acquired lactic acidosis,662,2,1,False,True,False,False,False,False,,lactic acidosis,,,,,False,True,2
EFO_1000049,MONDO_0006052,pulmonary tuberculosis,pulmonary tuberculosis,2002,4,1,True,False,False,False,False,False,pulmonary tuberculosis,,,,,,True,True,4
EFO_1000052,MONDO_0021657,sex cord-stromal tumor,ovarian sex cord-stromal tumor,756,71,1,False,True,False,False,False,False,,sex cord stromal tumor,,,,,False,True,71
EFO_1000072,MONDO_0017795,Adenomatoid Odontogenic Tumor,ameloblastoma,83,682,1,False,True,False,False,False,False,,adenomatoid odontogenic tumor,,,,,False,True,83
EFO_1000082,MONDO_0020635,Anaplastic (Malignant) Meningioma,anaplastic meningioma,292,120,1,False,True,False,False,False,False,,anaplastic (malignant) meningioma,,,,,False,True,120
EFO_1000090,MONDO_0018017,Appendix Goblet Cell Carcinoid,goblet cell carcinoma,75,208,1,False,True,False,False,False,False,,appendix goblet cell carcinoid,,,,,False,True,75
EFO_1000111,MONDO_0002513,Benign Kidney Neoplasm,kidney benign neoplasm,5,384,1,False,True,False,False,False,False,,benign kidney neoplasm,,,,,False,True,5
EFO_1000118,MONDO_0021467,Benign Renal Pelvis Neoplasm,benign neoplasm of renal pelvis,3,3,1,False,True,False,False,False,False,,benign renal pelvis neoplasm,,,,,False,True,3
EFO_1000118,EFO_1000409,Benign Renal Pelvis Neoplasm,Ossifying Renal Tumor of Infancy,3,3,1,False,False,False,False,True,False,,,,,8fc5176e34e8e3ef9ca83ec344d5f64eb5750783,,False,False,3
EFO_1000142,MONDO_0003153,Brain Stem Glioma,adult brainstem glioma,473,2,1,False,True,False,False,False,False,,brain stem glioma,,,,,False,True,2
EFO_1000210,MONDO_0045059,Cribriform Carcinoma,cribriform carcinoma of breast,337,23,1,False,True,False,False,False,False,,cribriform carcinoma,,,,,False,True,23
EFO_1000213,MONDO_0002385,Cystic Nephroma,benign cystic nephroma,25,2,1,False,True,False,False,False,False,,cystic nephroma,,,,,False,True,2
EFO_1000240,MONDO_0016266,Endometrial Squamous Cell Carcinoma,squamous cell carcinoma of the corpus uteri,58,3,1,False,True,False,False,False,False,,endometrial squamous cell carcinoma,,,,,False,True,3
EFO_1000242,MONDO_0016267,Endometrial Undifferentiated Carcinoma,undifferentiated carcinoma of the corpus uteri,88,3,1,False,True,False,False,False,False,,endometrial undifferentiated carcinoma,,,,,False,True,3
EFO_1000298,MONDO_0009273,Hydatidiform Mole,"hydatidiform mole, recurrent, 1",807,8,1,False,True,False,False,False,False,,hydatidiform mole,,,,,False,True,8
EFO_1000298,MONDO_0018944,Hydatidiform Mole,gestational trophoblastic neoplasm,807,776,1,False,True,False,False,False,False,,hydatidiform mole,,,,,False,True,776
EFO_1000334,MONDO_0011705,Lung Lymphangioleiomyomatosis,lymphangioleiomyomatosis,59,565,1,False,True,False,False,False,False,,lung lymphangioleiomyomatosis,,,,,False,True,59
EFO_1000377,MONDO_0002368,Micropapillary Serous Carcinoma,papillary serous cystadenocarcinoma,3,166,1,False,True,False,False,False,False,,micropapillary serous carcinoma,,,,,False,True,3
EFO_1000419,MONDO_0003760,Ovarian Germ Cell Tumor,pediatric ovarian germ cell tumor,407,27,1,False,True,False,False,False,False,,ovarian germ cell tumor,,,,,False,True,27
EFO_1000430,MONDO_0021657,Ovarian Sex Cord Tumor with Annular Tubules,ovarian sex cord-stromal tumor,1,71,1,False,True,False,False,False,False,,ovarian sex cord tumor with annular tubules,,,,,False,True,1
EFO_1000454,MONDO_0000380,Paranasal Sinus Adenoid Cystic Carcinoma,paranasal sinus carcinoma,8,93,1,False,True,False,False,False,False,,paranasal sinus adenoid cystic carcinoma,,,,,False,True,8
EFO_1000466,MONDO_0008231,Penile Fibromatosis,Peyronie disease,28,294,1,False,True,False,False,False,False,,penile fibromatosis,,,,,False,True,28
EFO_1000475,MONDO_0003957,Pineoblastoma,adult pineoblastoma,127,2,1,False,True,False,False,False,False,,pineoblastoma,,,,,False,True,2
EFO_1000493,MONDO_0003222,Primary Melanocytic Lesion of Meninges,central nervous system melanocytic neoplasm,5,33,1,False,True,False,False,False,False,,primary melanocytic lesion of meninges,,,,,False,True,5
EFO_1000494,MONDO_0003195,Primary Peritoneal Serous Adenocarcinoma,peritoneal serous adenocarcinoma,30,34,1,False,True,False,False,False,False,,primary peritoneal serous adenocarcinoma,,,,,False,True,30
EFO_1000553,MONDO_0024498,Subependymoma,glioma susceptibility 1,179,16,1,False,True,False,False,False,False,,subependymoma,,,,,False,True,16
EFO_1000562,MONDO_0024686,Tenosynovial Giant Cell Tumor,"tenosynovial giant cell tumor, diffuse type",122,37,1,False,True,False,False,False,False,,Tenosynovial Giant Cell Tumor,,,,,False,True,37
EFO_1000566,MONDO_0010108,Testicular Germ Cell Tumor,testicular germ cell tumor,1971,1,1,True,False,False,False,False,False,testicular germ cell tumor,,,,,,True,True,1
EFO_1000566,MONDO_0003758,Testicular Germ Cell Tumor,childhood testicular germ cell tumor,1971,235,1,False,True,False,False,False,False,,testicular germ cell tumor,,,,,False,True,235
EFO_1000601,MONDO_0006474,Transitional Cell Carcinoma,transitional cell carcinoma,4892,1,1,True,False,False,False,False,False,transitional cell carcinoma,,,,,,True,True,1
EFO_1000613,MONDO_0016259,Uterine Carcinosarcoma,carcinosarcoma of the corpus uteri,1231,4,1,False,True,False,False,False,False,,uterine carcinosarcoma,,,,,False,True,4
EFO_1000632,MONDO_0006497,cerebral palsy,cerebral palsy,580,3,1,True,False,False,False,False,False,cerebral palsy,,,,,,True,True,3
EFO_1000636,MONDO_0002406,inflammatory skin disease,dermatitis,5354,7987,1,False,True,False,False,False,False,,inflammatory skin disease,,,,,False,True,5354
EFO_1000638,MONDO_0016227,Isaacs syndrome,hereditary episodic ataxia,88,451,1,False,True,False,False,False,False,,Isaacs syndrome,,,,,False,True,88
EFO_1000642,MONDO_0006507,hemochromatosis,hereditary hemochromatosis,388,969,1,False,True,False,False,False,False,,hemochromatosis,,,,,False,True,388
EFO_1000643,MONDO_0100062,infantile epileptic encephalopathy,developmental and epileptic encephalopathy,115,3510,1,False,True,False,False,False,False,,infantile epileptic encephalopathy,,,,,False,True,115
EFO_1000654,MONDO_0010159,childhood cancer,mismatch repair cancer syndrome 1,2853,382,1,False,True,False,False,False,False,,childhood cancer syndrome,,,,,False,True,382
EFO_1000660,MONDO_0043003,acanthosis nigricans,familial acanthosis nigricans,1493,5,1,False,True,False,False,False,False,,acanthosis nigricans,,,,,False,True,5
EFO_1000668,MONDO_0006525,allergic contact dermatitis,allergic contact dermatitis,430,4,1,True,False,False,False,False,False,allergic contact dermatitis,,,,,,True,True,4
EFO_1000681,MONDO_0018883,congenital generalized lipodystrophy,Berardinelli-Seip congenital lipodystrophy,191,273,1,False,True,False,False,False,False,,congenital generalized lipodystrophy,,,,,False,True,191
EFO_1000697,MONDO_0006547,exanthem,exanthem,548,5,1,True,False,False,False,False,False,exanthem,,,,,,True,True,5
EFO_1000718,MONDO_0006564,irritant dermatitis,irritant dermatitis,132,3,1,True,False,False,False,False,False,irritant dermatitis,,,,,,True,True,3
EFO_1000720,MONDO_0006566,keratosis,keratosis,5719,1,1,True,False,False,False,False,False,keratosis,,,,,,True,True,1
EFO_1000744,MONDO_0006589,occupational dermatitis,occupational dermatitis,7,1,1,True,False,False,False,False,False,occupational dermatitis,,,,,,True,True,1
EFO_1000843,MONDO_0017362,brachial plexus neuritis,neuralgic amyotrophy,12,11,1,False,True,False,False,False,False,,brachial plexus neuritis,,,,,False,True,11
EFO_1000851,MONDO_0006688,byssinosis,byssinosis,14,2,1,True,False,False,False,False,False,byssinosis,,,,,,True,True,2
EFO_1000858,MONDO_0002913,cerebellum cancer,cerebellar neoplasm,11,2686,1,False,True,False,False,False,False,,cerebellum cancer,,,,,False,True,11
EFO_1000858,MONDO_0021317,cerebellum cancer,cancer of cerebellum,11,12,1,False,True,False,False,False,False,,cerebellum cancer,,,,,False,True,11
EFO_1000892,MONDO_0006722,dental fluorosis,dental fluorosis,298,3,1,True,False,False,False,False,False,dental fluorosis,,,,,,True,True,3
EFO_1000906,MONDO_0006733,dry eye syndrome,dry eye syndrome,2584,3,1,True,False,False,False,False,False,dry eye,,,,,,True,True,3
EFO_1000910,MONDO_0006736,dysplasia of cervix,dysplasia of cervix,2374,3,1,True,False,False,False,False,False,dysplasia of cervix,,,,,,True,True,3
EFO_1000912,MONDO_0002805,eccrine acrospiroma,hidradenoma,60,126,1,False,True,False,False,False,False,,eccrine acrospiroma,,,,,False,True,60
EFO_1000941,MONDO_0002471,frozen shoulder,bursitis,653,89,1,False,True,False,False,False,False,,frozen shoulder,,,,,False,True,89
EFO_1000952,MONDO_0010598,glycogen storage disease VIII,glycogen storage disease IXa1,3,207,1,False,True,False,False,False,False,,glycogen storage disease VIII,,,,,False,True,3
EFO_1000956,MONDO_0018935,hairy cell leukemia,hairy cell leukemia,698,2,1,True,False,False,False,False,False,hairy cell leukemia,,,,,,True,True,2
EFO_1000968,MONDO_0020366,hydrophthalmos,congenital glaucoma,1,450,1,False,True,False,False,False,False,,hydrophthalmos,,,,,False,True,1
EFO_1001002,MONDO_0018477,kernicterus,bilirubin encephalopathy,46,52,1,False,True,False,False,False,False,,kernicterus,,,,,False,True,46
EFO_1001013,MONDO_0019472,lethal midline granuloma,extranodal nasal NK/T cell lymphoma,22,1004,1,False,True,False,False,False,False,,lethal midline granuloma,,,,,False,True,22
EFO_1001017,MONDO_0016358,limited scleroderma,limited cutaneous systemic sclerosis,38,27,1,False,True,False,False,False,False,,limited scleroderma,,,,,False,True,27
EFO_1001019,MONDO_0021333,lip cancer,carcinoma of lip,97,79,1,False,True,False,False,False,False,,lip cancer,,,,,False,True,79
EFO_1001041,MONDO_0003041,mesenchymal chondrosarcoma,pediatric mesenchymal chondrosarcoma,127,2,1,False,True,False,False,False,False,,mesenchymal chondrosarcoma,,,,,False,True,2
EFO_1001094,MONDO_0001325,penile neoplasm,penile cancer,620,374,1,False,True,False,False,False,False,,penile neoplasm,,,,,False,True,374
EFO_1001100,MONDO_0002087,peritoneal neoplasm,peritoneum cancer,1263,834,1,False,True,False,False,False,False,,peritoneal neoplasm,,,,,False,True,834
EFO_1001103,MONDO_0009934,persistent fetal circulation syndrome,alveolar capillary dysplasia with misalignment of pulmonary veins,262,150,1,False,True,False,False,False,False,,persistent fetal circulation,,,,,False,True,150
EFO_1001106,MONDO_0024686,pigmented villonodular synovitis,"tenosynovial giant cell tumor, diffuse type",27,37,1,False,True,False,False,False,False,,pigmented villonodular synovitis,,,,,False,True,27
EFO_1001109,Orphanet_631,pituitary dwarfism,Non-acquired isolated growth hormone deficiency,154,444,1,False,False,False,True,False,False,,,,C0013338,,,False,True,154
EFO_1001119,MONDO_0001280,posterior uveitis,choroiditis,1073,110,1,False,True,False,False,False,False,,Posterior Uveitis,,,,,False,True,110
EFO_1001121,MONDO_0006920,prediabetes syndrome,prediabetes syndrome,976,4,1,True,False,False,False,False,False,prediabetes,,,,,,True,True,4
EFO_1001138,MONDO_0006936,pulmonary valve stenosis,pulmonary valve stenosis,61,4,1,True,False,False,False,False,False,pulmonary valve stenosis,,,,,,True,True,4
EFO_1001151,MONDO_0009297,renal glycosuria,familial renal glucosuria,4,87,1,False,True,False,False,False,False,,Renal Glycosuria,,,,,False,True,4
EFO_1001158,MONDO_0006952,retinopathy of prematurity,retinopathy of prematurity,874,1,1,True,False,False,False,False,False,retinopathy of prematurity,,,,,,True,True,1
EFO_1001175,MONDO_0006966,secondary Parkinson disease,secondary Parkinson disease,39,1,1,True,False,False,False,False,False,secondary parkinson,,,,,,True,True,1
EFO_1001176,MONDO_0010576,sensorineural hearing loss,X-linked mixed hearing loss with perilymphatic gusher,1309,18,1,False,True,False,False,False,False,,sensorineural hearing loss,,,,,False,True,18
EFO_1001210,MONDO_0006995,tethered spinal cord syndrome,tethered spinal cord syndrome,41,10,1,True,False,False,False,False,False,tethered spinal cord,,,,,,True,True,10
EFO_1001214,MONDO_0021337,tonsil cancer,tonsil carcinoma,242,218,1,False,True,False,False,False,False,,tonsil cancer,,,,,False,True,218
EFO_1001275,MONDO_0037872,Bordetella Infections,bordetellosis,28,558,1,False,True,False,False,False,False,,Bordetella Infections,,,,,False,True,28
EFO_1001279,MONDO_0008853,Brown-Sequard Syndrome,Barber-Say syndrome,4,68,1,False,True,False,False,False,False,,Brown Séquard Syndrome,,,,,False,True,4
EFO_1001311,MONDO_0100193,End Stage Liver Disease,chronic liver failure,343,363,1,False,True,False,False,False,False,,end stage liver disease,,,,,False,True,343
EFO_1001321,MONDO_0017853,extrinsic allergic alveolitis,hypersensitivity pneumonitis,6,552,1,False,True,False,False,False,False,,extrinsic allergic alveolitis,,,,,False,True,6
EFO_1001332,MONDO_0015564,Giant Lymph Node Hyperplasia,Castleman disease,3,398,1,False,True,False,False,False,False,,giant lymph node hyperplasia,,,,,False,True,3
EFO_1001346,MONDO_0019312,Hepatopulmonary Syndrome,Hermansky-Pudlak syndrome,111,515,1,False,True,False,False,False,False,,Hepatopulmonary Syndrome,,,,,False,True,111
EFO_1001352,MONDO_0016575,Kartagener Syndrome,primary ciliary dyskinesia,37,2103,1,False,True,False,False,False,False,,Kartagener syndrome,,,,,False,True,37
EFO_1001359,MONDO_0017570,Leukocyte-Adhesion Deficiency Syndrome,leukocyte adhesion deficiency,15,575,1,True,False,False,False,False,False,leukocyte adhesion deficiency,,,,,,False,True,15
EFO_1001359,MONDO_0007293,Leukocyte-Adhesion Deficiency Syndrome,leukocyte adhesion deficiency 1,15,87,1,False,True,False,False,False,False,,leukocyte adhesion deficiency,,,,,False,True,15
EFO_1001369,MONDO_0017069,Meningomyelocele,spina bifida cystica,22,174,1,False,True,False,False,False,False,,meningomyelocele,,,,,False,True,22
EFO_1001369,MONDO_0019773,Meningomyelocele,myelomeningocele,22,133,1,False,True,False,False,False,False,,meningomyelocele,,,,,False,True,22
EFO_1001375,MONDO_0024644,Myocardial Ischemia,myocardial ischemia,3405,24,1,True,False,False,False,False,False,myocardial ischemia,,,,,,True,True,24
EFO_1001419,MONDO_0008412,Schistosomiasis japonica,intestinal schistosomiasis,101,44,1,False,True,False,False,False,False,,schistosomiasis japonica,,,,,False,True,44
EFO_1001437,MONDO_0001407,Tracheal neoplasm,tracheal cancer,45,35,1,False,True,False,False,False,False,,tracheal neoplasm,,,,,False,True,35
EFO_1001437,MONDO_0002318,Tracheal neoplasm,trachea leiomyoma,45,3,1,False,True,False,False,False,False,,tracheal neoplasm,,,,,False,True,3
EFO_1001443,MONDO_0021948,"Tuberculosis, Cutaneous",cutaneous tuberculosis,33,9,1,False,True,False,False,False,False,,"Tuberculosis, Cutaneous",,,,,False,True,9
EFO_1001454,MONDO_0001152,amnesia,amnestic disorder,411,16,1,False,True,False,False,False,False,,amnesia,,,,,False,True,16
EFO_1001513,MONDO_0024477,liver neoplasm,liver and intrahepatic bile duct neoplasm,2566,13759,1,False,True,False,False,False,False,,liver neoplasm,,,,,False,True,2566
EFO_1001757,MONDO_0010888,Adenomyosis,adenomyosis,747,149,1,True,False,False,False,False,False,adenomyosis,,,,,,False,True,149
EFO_1001767,MONDO_0002914,brain stem neoplasm,childhood brain stem neoplasm,487,443,1,False,True,False,False,False,False,,brain stem neoplasm,,,,,False,True,443
EFO_1001768,MONDO_0043523,cadmium poisoning,cadmium poisoning,34,1,1,True,False,False,False,False,False,cadmium poisoning,,,,,,True,True,1
EFO_1001796,MONDO_0021064,Glomus Jugulare Tumor,jugulotympanic paraganglioma,10,39,1,False,True,False,False,False,False,,glomus jugulare tumor,,,,,False,True,10
EFO_1001797,MONDO_0011382,Hemoglobin SC Disease,sickle cell anemia,6,1385,1,False,True,False,False,False,False,,hemoglobin SC disease,,,,,False,True,6
EFO_1001810,MONDO_0018020,mercury poisoning,mercury poisoning,34,1,1,True,False,False,False,False,False,mercury poisoning,,,,,,True,True,1
EFO_1001885,EFO_1001922,diffuse alveolar-septal amyloidosis,tracheobronchial amyloidosis,2,2,1,False,False,False,False,True,False,,,,,c2dad836b89b30e010279cc7a2c7629ecf13c8ec,,False,False,2
EFO_1001908,MONDO_0003699,phobic disorder,phobic disorder,356,1,1,True,False,False,False,False,False,phobic,,,,,,True,True,1
EFO_1001927,MONDO_0002529,cutaneous squamous cell carcinoma,skin squamous cell carcinoma,930,3129,1,False,True,False,False,False,False,,cutaneous squamous cell carcinoma,,,,,False,True,930
EFO_1001928,MONDO_0002995,small intestine neuroendocrine tumor,"small intestine neuroendocrine tumor, well differentiated, low or intermediate grade",275,204,1,False,True,False,False,False,False,,small intestine neuroendocrine tumor,,,,,False,True,204
EFO_1001941,MONDO_0000503,bronchioloalveolar carcinoma,lung adenocarcinoma in situ,197,52,1,False,True,False,False,False,False,,bronchioloalveolar carcinoma,,,,,False,True,52
EFO_1001971,MONDO_0003028,thyroid gland sarcoma,thyroid sarcoma,1,10,1,False,True,False,False,False,False,,thyroid gland sarcoma,,,,,False,True,1
EFO_1001973,MONDO_0004030,ureter urothelial carcinoma,ureter transitional cell carcinoma,34,39,1,False,True,False,False,False,False,,ureter urothelial carcinoma,,,,,False,True,34
EFO_1001985,MONDO_0007614,congenital fibrosis of the extraocular muscles,congenital fibrosis of extraocular muscles,94,35,1,False,True,False,False,False,False,,Congenital Fibrosis of the Extraocular Muscles,,,,,False,True,35
EFO_1001986,Orphanet_98702,connective tissue disease,Connective tissue disease with eye involvement,14978,3213,1,False,False,False,True,False,False,,,,C0009782,,,False,True,3213
EFO_1002014,MONDO_0002050,melancholia,depressive disorder,101,6987,1,False,True,False,False,False,False,,melancholia,,,,,False,True,101
EFO_1002024,MONDO_0021783,streptococcal pharyngitis,streptococcal sore throat,39,4,1,False,True,False,False,False,False,,Streptococcal Pharyngitis,,,,,False,True,4
EFO_1002027,MONDO_0800096,osteomalacia,abnormal mineralization disorder,176,612,1,False,True,False,False,False,False,,osteomalacia,,,,,False,True,176
EFO_1002046,MONDO_0002260,apocrine sweat gland disease,hidradenitis,613,505,1,False,True,False,False,False,False,,apocrine sweat gland,,,,,False,True,505
EFO_1002050,MONDO_0001166,nephritis,nephritis,4329,1,1,True,False,False,False,False,False,nephritis,,,,,,True,True,1
MONDO_0000009,MONDO_0002245,"inherited bleeding disorder, platelet-type",blood platelet disease,2314,3882,1,False,True,False,False,False,False,,blood platelet disease,,,,,False,True,2314
MONDO_0000050,Orphanet_631,isolated congenital growth hormone deficiency,Non-acquired isolated growth hormone deficiency,513,444,1,False,True,False,False,False,False,,non-acquired isolated growth hormone deficiency,,,,,False,True,444
MONDO_0000151,MONDO_0019530,symphalangism,non-syndromic syndactyly,983,394,1,False,True,False,False,False,False,,symphalangism,,,,,False,True,394
MONDO_0000156,MONDO_0008893,trigonocephaly,C syndrome,77,111,1,False,True,False,False,False,False,,trigonocephaly syndrome,,,,,False,True,77
MONDO_0000179,MONDO_0009736,Neu-Laxova syndrome,Neu-Laxova syndrome 1,216,81,1,False,True,False,False,False,False,,Neu-Laxova syndrome,,,,,False,True,81
MONDO_0000188,MONDO_0011724,GLUT1 deficiency syndrome,encephalopathy due to GLUT1 deficiency,66,79,1,False,True,False,False,False,False,,GLUT1 deficiency syndrome,,,,,False,True,66
MONDO_0000200,MONDO_0024526,Zimmermann-Laband syndrome,Zimmermann-Laband syndrome 1,148,72,1,False,True,False,False,False,False,,Zimmermann-Laband syndrome 1,,,,,False,True,72
MONDO_0000211,MONDO_0012205,"striatal degeneration, autosomal dominant",autosomal dominant striatal neurodegeneration type 1,163,174,1,False,True,False,False,False,False,,"striatal degeneration, autosomal dominant",,,,,False,True,163
MONDO_0000211,MONDO_0014835,"striatal degeneration, autosomal dominant","striatal degeneration, autosomal dominant 2",163,13,1,False,True,False,False,False,False,,"striatal degeneration, autosomal dominant",,,,,False,True,13
MONDO_0000224,MONDO_0037792,acquired carbohydrate metabolism disease,carbohydrate metabolism disease,2,7899,1,False,True,False,False,False,False,,carbohydrate metabolism disease,,,,,False,True,2
MONDO_0000253,MONDO_0024268,piedra,superficial mycosis,4,295,1,False,True,False,False,False,False,,piedra,,,,,False,True,4
MONDO_0000315,MONDO_0000316,commensal bacterial infectious disease,opportunistic bacterial infectious disease,871,63,1,False,True,False,False,False,False,,opportunistic bacterial infectious disease,,,,,False,True,63
MONDO_0000355,MONDO_0009681,Ullrich congenital muscular dystrophy,Ullrich congenital muscular dystrophy 1A,145,74,1,False,True,False,False,False,False,,Ullrich congenital muscular dystrophy,,,,,False,True,74
MONDO_0000365,MONDO_0020366,primary congenital glaucoma,congenital glaucoma,52,450,1,False,True,False,False,False,False,,primary congenital glaucoma,,,,,False,True,52
MONDO_0000380,MONDO_0020669,paranasal sinus carcinoma,paranasal sinus cancer,93,97,1,False,True,False,False,False,False,,paranasal sinus cancer,,,,,False,True,93
MONDO_0000380,MONDO_0044705,paranasal sinus carcinoma,paranasal sinus squamous cell carcinoma,93,45,1,False,True,False,False,False,False,,paranasal sinus squamous cell carcinoma,,,,,False,True,45
MONDO_0000380,MONDO_0044956,paranasal sinus carcinoma,paranasal sinus mucoepidermoid carcinoma,93,2,1,False,True,False,False,False,False,,paranasal sinus mucoepidermoid carcinoma,,,,,False,True,2
MONDO_0000437,MONDO_0011426,cerebellar ataxia,aceruloplasminemia,5159,171,1,False,True,False,False,False,False,,cerebellar ataxia,,,,,False,True,171
MONDO_0000447,MONDO_0008265,autosomal dominant polycystic liver disease,polycystic liver disease 1,191,33,1,False,True,False,False,False,False,,autosomal dominant polycystic liver disease,,,,,False,True,33
MONDO_0000476,MONDO_0007496,generalized dystonia,dystonia 12,282,167,1,False,True,False,False,False,False,,dystonia 12,,,,,False,True,167
MONDO_0000521,MONDO_0004669,salivary gland carcinoma,salivary gland cancer,784,976,1,False,True,False,False,False,False,,salivary gland cancer,,,,,False,True,784
MONDO_0000688,MONDO_0045022,inborn organic aciduria,disorder of organic acid metabolism,1122,5614,1,False,True,False,False,False,False,,disorder of organic acid metabolism,,,,,False,True,1122
MONDO_0000698,Orphanet_79175,gamma-amino butyric acid metabolism disorder,Disorder of gamma-aminobutyric acid metabolism,269,10,1,False,False,True,False,False,False,,,Orphanet:79175,,,,True,True,10
MONDO_0000766,MONDO_0009019,corneal endothelial dystrophy,congenital hereditary endothelial dystrophy of cornea,516,169,1,False,True,False,False,False,False,,corneal endothelial dystrophy,,,,,False,True,169
MONDO_0000816,MONDO_0011565,abdominal obesity-metabolic syndrome,metabolic syndrome X,473,158,1,False,True,False,False,False,False,,abdominal obesity metabolic syndrome,,,,,False,True,158
MONDO_0000819,MONDO_0008791,anencephaly,anencephaly 1,385,202,1,False,True,False,False,False,False,,anencephaly,,,,,False,True,202
MONDO_0000914,MONDO_0007432,"cerebral arteriopathy, autosomal dominant, with subcortical infarcts and leukoencephalopathy, type 1",cerebral arteriopathy with subcortical infarcts and leukoencephalopathy,48,32,1,False,True,False,False,False,False,,cerebral arteriopathy with subcortical infarcts and leukoencephalopathy,,,,,False,True,32
MONDO_0000964,MONDO_0021630,skin lipoma,lipoma of face,18,2,1,False,True,False,False,False,False,,lipoma of face,,,,,False,True,2
MONDO_0001029,MONDO_0007306,Klippel-Feil syndrome,"Klippel-Feil syndrome 1, autosomal dominant",265,152,1,False,True,False,False,False,False,,Klippel-Feil Syndrome,,,,,False,True,152
MONDO_0001056,MONDO_0021085,gastric cancer,gastric neoplasm,10727,4,1,False,True,False,False,False,False,,gastric neoplasm,,,,,True,True,4
MONDO_0001083,MONDO_0024525,Fanconi renotubular syndrome,Fanconi renotubular syndrome 1,311,181,1,False,True,False,False,False,False,,Fanconi renotubular syndrome,,,,,False,True,181
MONDO_0001083,MONDO_0060778,Fanconi renotubular syndrome,adult Fanconi syndrome,311,3,1,False,True,False,False,False,False,,adult Fanconi syndrome,,,,,False,True,3
MONDO_0001128,MONDO_0003212,nasal cavity cancer,nasal cavity carcinoma,32,24,1,False,True,False,False,False,False,,nasal cavity cancer,,,,,False,True,24
MONDO_0001343,MONDO_0005240,impaired renal function disease,kidney disorder,1319,8,1,False,True,False,False,False,False,,kidney disease,,,,,True,True,8
MONDO_0001402,MONDO_0015867,vaginal cancer,vaginal carcinoma,148,45,1,False,True,False,False,False,False,,vaginal cancer,,,,,False,True,45
MONDO_0001429,MONDO_0002204,transient arthropathy,transient arthritis,8,8,1,False,True,False,False,False,False,,transient arthropathy,,,,,False,True,8
MONDO_0001437,MONDO_0012579,pulmonary alveolar proteinosis,autoimmune pulmonary alveolar proteinosis,615,143,1,False,True,False,False,False,False,,Pulmonary Alveolar Proteinosis,,,,,False,True,143
MONDO_0001476,MONDO_0007351,coloboma,coloboma of macula,938,142,1,False,True,False,False,False,False,,coloboma of macula,,,,,False,True,142
MONDO_0001493,MONDO_0004596,chronic pulmonary heart disease,cor pulmonale,180,423,1,False,True,False,False,False,False,,Cor pulmonale,,,,,False,True,180
MONDO_0001527,MONDO_0020257,conjugate gaze palsy,supranuclear oculomotor palsy,2,1312,1,False,True,False,False,False,False,,conjugate gaze palsy,,,,,False,True,2
MONDO_0001575,MONDO_0021159,chronic gonococcal salpingitis,gonococcal salpingitis,2,6,1,False,True,False,False,False,False,,gonococcal salpingitis,,,,,False,True,2
MONDO_0001586,MONDO_0011758,mucopolysaccharidosis type 1,Hurler syndrome,285,146,1,False,True,False,False,False,False,,Hurler syndrome,,,,,False,True,146
MONDO_0001645,MONDO_0017236,crescentic glomerulonephritis,rapidly progressive glomerulonephritis,344,130,1,False,True,False,False,False,False,,crescentic glomerulonephritis,,,,,False,True,130
MONDO_0001657,MONDO_0021632,brain cancer,primary brain neoplasm,3410,1432,1,False,True,False,False,False,False,,primary brain neoplasm,,,,,False,True,1432
MONDO_0001700,Orphanet_35858,megaloblastic anemia,Gräsbeck-Imerslund disease,857,25,1,False,True,False,False,False,False,,Grasbeck-Imerslund syndrome,,,,,False,True,25
MONDO_0001713,Orphanet_68383,inherited aplastic anemia,Rare constitutional medullar aplasia,1849,1511,1,False,False,True,False,False,False,,,Orphanet:68383,,,,True,True,1511
MONDO_0001824,MONDO_0001957,polyneuropathy,critical illness polyneuropathy,8,8,1,False,False,False,False,True,False,,,,,0a96dffa6318fdee9c4fc47f17d03a3f50808b5b,,True,False,8
MONDO_0001838,MONDO_0021161,acute gonococcal prostatitis,gonococcal prostatitis,1,3,1,False,True,False,False,False,False,,gonococcal prostatitis,,,,,False,True,1
MONDO_0001892,MONDO_0003544,spinal cord lymphoma,spinal cord cancer,2,116,1,False,True,False,False,False,False,,spinal cord cancer,,,,,False,True,2
MONDO_0001967,MONDO_0019499,gonadal dysgenesis,Turner syndrome,1228,451,1,False,True,False,False,False,False,,gonadal dysgenesis,,,,,False,True,451
MONDO_0002012,MONDO_0009612,methylmalonic acidemia,methylmalonic aciduria due to methylmalonyl-CoA mutase deficiency,338,125,1,False,True,False,False,False,False,,methylmalonic aciduria due to methylmalonyl-CoA mutase deficiency,,,,,False,True,125
MONDO_0002017,MONDO_0018043,olivopontocerebellar atrophy,Thomas syndrome,123,31,1,False,True,False,False,False,False,,Thomas' syndrome,,,,,False,True,31
MONDO_0002025,MONDO_0005084,psychiatric disorder,mental disorder,17171,7,1,False,True,False,False,False,False,,mental disorder,,,,,True,True,7
MONDO_0002026,MONDO_0042233,candidiasis,disseminated candidiasis,927,207,1,False,True,False,False,False,False,,disseminated candidiasis,,,,,False,True,207
MONDO_0002040,MONDO_0004678,dermatomycosis,dermatophytosis,225,279,1,False,True,False,False,False,False,,dermatomycosis,,,,,False,True,225
MONDO_0002046,MONDO_0007079,alcohol abuse,alcohol dependence,986,1255,1,False,True,False,False,False,False,,alcohol dependence,,,,,False,True,986
MONDO_0002073,MONDO_0004216,malignant pineal area germ cell neoplasm,pineal region germinoma,27,20,1,False,True,False,False,False,False,,pineal region germinoma,,,,,False,True,20
MONDO_0002095,MONDO_0021080,vascular cancer,blood vessel neoplasm,4559,5197,1,False,True,False,False,False,False,,blood vessel neoplasm,,,,,False,True,4559
MONDO_0002100,MONDO_0024757,cardiovascular cancer,cardiovascular neoplasm,4557,5461,1,False,True,False,False,False,False,,cardiovascular neoplasm,,,,,False,True,4557
MONDO_0002113,MONDO_0015686,peritoneal carcinoma,primary peritoneal carcinoma,486,405,1,False,True,False,False,False,False,,primary peritoneal carcinoma,,,,,False,True,405
MONDO_0002135,Orphanet_98671,optic nerve disorder,Optic neuropathy,1418,511,1,False,True,False,False,False,False,,optic neuropathy,,,,,False,True,511
MONDO_0002193,MONDO_0021114,Bartholin gland benign neoplasm,Bartholin gland neoplasm,5,7,1,False,True,False,False,False,False,,Bartholin gland neoplasm,,,,,False,True,5
MONDO_0002211,MONDO_0015697,B cell deficiency,immunoglobulin heavy chain deficiency,2579,1,1,False,True,False,False,False,False,,immunoglobulin heavy chain deficiency,,,,,False,True,1
MONDO_0002241,MONDO_0018029,factor XIII deficiency,congenital factor XIII deficiency,59,56,1,False,True,False,False,False,False,,factor XIII deficiency,,,,,False,True,56
MONDO_0002244,MONDO_0009211,factor VII deficiency,congenital factor VII deficiency,113,105,1,False,True,False,False,False,False,,factor VII deficiency,,,,,False,True,105
MONDO_0002247,MONDO_0009212,factor X deficiency,congenital factor X deficiency,239,154,1,False,True,False,False,False,False,,factor X deficiency,,,,,False,True,154
MONDO_0002316,MONDO_0015358,motor peripheral neuropathy,hereditary motor and sensory neuropathy,289,159,1,False,True,False,False,False,False,,hereditary motor and sensory neuropathy,,,,,False,True,159
MONDO_0002328,MONDO_0003428,intracranial hemangioma,brain hemangioma,64,38,1,False,True,False,False,False,False,,brain hemangioma,,,,,False,True,38
MONDO_0002351,MONDO_0002355,glottis cancer,glottis carcinoma,59,57,1,False,True,False,False,False,False,,glottis cancer,,,,,False,True,57
MONDO_0002422,MONDO_0017795,adamantinoma,ameloblastoma,163,682,1,False,True,False,False,False,False,,adamantinoma,,,,,False,True,163
MONDO_0002442,MONDO_0019171,long QT syndrome,familial long QT syndrome,1,2867,1,False,True,False,False,False,False,,Long QT Syndrome,,,,,True,True,1
MONDO_0002451,MONDO_0021102,benign prostate phyllodes tumor,prostate phyllodes tumor,4,9,1,False,True,False,False,False,False,,prostate phyllodes tumor,,,,,False,True,4
MONDO_0002459,MONDO_0021334,type IV hypersensitivity disease,immunoproliferative disorder,1853,14,1,False,True,False,False,False,False,,immunoproliferative disease,,,,,False,True,14
MONDO_0002470,MONDO_0018053,photosensitive trichothiodystrophy,trichothiodystrophy,78,205,1,False,True,False,False,False,False,,trichothiodystrophy,,,,,False,True,78
MONDO_0002503,MONDO_0021636,adult astrocytic tumor,astrocytic tumor,172,10707,1,False,True,False,False,False,False,,astrocytic tumor,,,,,False,True,172
MONDO_0002505,MONDO_0021636,childhood astrocytic tumor,astrocytic tumor,22,10707,1,False,True,False,False,False,False,,astrocytic tumor,,,,,False,True,22
MONDO_0002508,MONDO_0020782,gingivitis,chronic gingivitis,99,65,1,False,True,False,False,False,False,,chronic gingivitis,,,,,False,True,65
MONDO_0002520,Orphanet_95157,hepatic porphyria,Acute hepatic porphyria,634,22,1,False,True,False,False,False,False,,acute hepatic porphyria,,,,,False,True,22
MONDO_0002533,MONDO_0021078,papillary adenoma,glandular papilloma,105,11,1,False,True,False,False,False,False,,glandular papilloma,,,,,False,True,11
MONDO_0002598,MONDO_0004216,germinoma,pineal region germinoma,187,20,1,False,True,False,False,False,False,,germinoma,,,,,False,True,20
MONDO_0002601,MONDO_0003516,teratoma,adult teratoma,1166,4,1,False,True,False,False,False,False,,teratoma,,,,,False,True,4
MONDO_0002647,MONDO_0004777,laryngitis,acute laryngitis,246,44,1,False,True,False,False,False,False,,laryngitis,,,,,False,True,44
MONDO_0002679,MONDO_0005098,cerebral infarction,stroke disorder,1411,26,1,False,True,False,False,False,False,,cerebral infarction,,,,,False,True,26
MONDO_0002683,MONDO_0016717,adult choroid plexus neoplasm,choroid plexus neoplasm,1,140,1,False,True,False,False,False,False,,choroid plexus neoplasm,,,,,False,True,1
MONDO_0002685,MONDO_0024744,childhood choroid plexus carcinoma,childhood choroid plexus neoplasm,4,3,1,False,True,False,False,False,False,,childhood choroid plexus neoplasm,,,,,False,True,3
MONDO_0002697,MONDO_0010768,ovarian gonadoblastoma,gonadoblastoma,11,345,1,False,True,False,False,False,False,,gonadoblastoma,,,,,False,True,11
MONDO_0002718,MONDO_0003731,central nervous system teratoma,adult central nervous system teratoma,30,4,1,False,True,False,False,False,False,,Central nervous system teratoma,,,,,False,True,4
MONDO_0002794,MONDO_0007959,adult medulloblastoma,medulloblastoma,3,1,1,False,True,False,False,False,False,,medulloblastoma,,,,,True,True,1
MONDO_0002797,MONDO_0007959,childhood medulloblastoma,medulloblastoma,16,1,1,False,True,False,False,False,False,,medulloblastoma,,,,,True,True,1
MONDO_0002805,MONDO_0021110,hidradenoma,sweat gland adenoma,126,465,1,False,True,False,False,False,False,,sweat gland adenoma,,,,,False,True,126
MONDO_0002921,MONDO_0018947,congenital structural myopathy,centronuclear myopathy,1432,359,1,False,True,False,False,False,False,,centronuclear myopathy,,,,,False,True,359
MONDO_0002999,MONDO_0004383,central nervous system germinoma,adult central nervous system germinoma,43,2,1,False,True,False,False,False,False,,central nervous system germinoma,,,,,False,True,2
MONDO_0002999,MONDO_0004452,central nervous system germinoma,childhood central nervous system germinoma,43,4,1,False,True,False,False,False,False,,Central nervous system germinoma,,,,,False,True,4
MONDO_0003000,MONDO_0003405,central nervous system germ cell tumor,adult central nervous system germ cell tumor,106,7,1,False,True,False,False,False,False,,central nervous system germ cell tumor,,,,,False,True,7
MONDO_0003000,MONDO_0003750,central nervous system germ cell tumor,childhood central nervous system germ cell tumor,106,9,1,False,True,False,False,False,False,,central nervous system germ cell tumor,,,,,False,True,9
MONDO_0003057,MONDO_0016642,pediatric meningioma,meningioma,25,2395,1,False,True,False,False,False,False,,meningioma,,,,,False,True,25
MONDO_0003062,MONDO_0021118,intestinal benign neoplasm,intestinal neoplasm,141,13351,1,False,True,False,False,False,False,,intestinal benign neoplasm,,,,,False,True,141
MONDO_0003120,MONDO_0015864,mixed testicular germ cell cancer,mixed germ cell tumor,3,1008,1,False,True,False,False,False,False,,mixed germ cell tumor,,,,,False,True,3
MONDO_0003157,MONDO_0007414,disappearing bone disease,Gorham-Stout disease,205,167,1,False,True,False,False,False,False,,Gorham-Stout syndrome,,,,,False,True,167
MONDO_0003165,MONDO_0003842,cerebellar astrocytoma,childhood cerebellar astrocytic neoplasm,73,3,1,False,True,False,False,False,False,,cerebellar astrocytoma,,,,,False,True,3
MONDO_0003234,MONDO_0024649,optic nerve astrocytoma,optic tract astrocytoma,5,8,1,False,True,False,False,False,False,,optic tract astrocytoma,,,,,False,True,5
MONDO_0003454,MONDO_0020204,conjunctival cancer,conjunctival tumor,226,949,1,False,True,False,False,False,False,,conjunctival tumor,,,,,False,True,226
MONDO_0003473,MONDO_0004361,spinal cord ependymoma,adult spinal cord ependymoma,30,2,1,False,True,False,False,False,False,,spinal cord ependymoma,,,,,False,True,2
MONDO_0003504,MONDO_0015069,anal canal neuroendocrine neoplasm,neuroendocrine tumor of the anal canal,20,18,1,False,True,False,False,False,False,,anal canal neuroendocrine neoplasm,,,,,False,True,18
MONDO_0003510,MONDO_0005447,malignant testicular germ cell tumor,testicular cancer,543,5,1,False,True,False,False,False,False,,testicular cancer,,,,,True,True,5
MONDO_0003606,MONDO_0021237,adrenal medulla cancer,adrenal medulla neoplasm,200,624,1,False,True,False,False,False,False,,adrenal medulla neoplasm,,,,,False,True,200
MONDO_0003633,MONDO_0003691,malignant mesenchymoma,childhood malignant mesenchymoma,20,2,1,False,True,False,False,False,False,,malignant mesenchymoma,,,,,False,True,2
MONDO_0003633,MONDO_0003692,malignant mesenchymoma,adult malignant mesenchymoma,20,15,1,False,True,False,False,False,False,,malignant mesenchymoma,,,,,False,True,15
MONDO_0003646,MONDO_0015068,rectum neuroendocrine neoplasm,rectal neuroendocrine tumor,153,125,1,False,True,False,False,False,False,,rectal neuroendocrine tumor,,,,,False,True,125
MONDO_0003659,MONDO_0005062,pediatric lymphoma,lymphoma,109,6,1,False,True,False,False,False,False,,lymphoma,,,,,True,True,6
MONDO_0003660,MONDO_0005062,adult lymphoma,lymphoma,1210,6,1,False,True,False,False,False,False,,lymphoma,,,,,True,True,6
MONDO_0003690,MONDO_0016700,adult anaplastic ependymoma,anaplastic ependymoma,1,161,1,False,True,False,False,False,False,,anaplastic ependymoma,,,,,False,True,1
MONDO_0003710,MONDO_0015864,ovarian mixed germ cell neoplasm,mixed germ cell tumor,31,1008,1,False,True,False,False,False,False,,mixed germ cell tumor,,,,,False,True,31
MONDO_0003758,MONDO_0010108,childhood testicular germ cell tumor,testicular germ cell tumor,235,1,1,False,True,False,False,False,False,,testicular germ cell tumor,,,,,True,True,1
MONDO_0003778,MONDO_0021094,inborn error of immunity,immunodeficiency disease,5919,5458,1,False,True,False,False,False,False,,immunodeficiency syndrome,,,,,False,True,5458
MONDO_0003947,MONDO_0010626,hyper-IgM syndrome,hyper-IgM syndrome type 1,1024,503,1,False,True,False,False,False,False,,hyper IgM syndrome,,,,,False,True,503
MONDO_0003954,MONDO_0020597,angiokeratoma of Fordyce,angiokeratoma of scrotum,3,2,1,False,True,False,False,False,False,,angiokeratoma of fordyce,,,,,False,True,2
MONDO_0004000,MONDO_0016691,childhood pilocytic astrocytoma,pilocytic astrocytoma,3,656,1,False,True,False,False,False,False,,pilocytic astrocytoma,,,,,False,True,3
MONDO_0004010,MONDO_0020658,infiltrating renal pelvis/ureter urothelial carcinoma,infiltrating ureter transitional cell carcinoma,3,2,1,False,True,False,False,False,False,,infiltrating ureter transitional cell carcinoma,,,,,False,True,2
MONDO_0004071,MONDO_0021633,childhood cerebral astrocytoma,cerebral astrocytoma,6,85,1,False,True,False,False,False,False,,cerebral astrocytoma,,,,,False,True,6
MONDO_0004105,MONDO_0017387,childhood epithelioid sarcoma,epithelioid sarcoma,3,256,1,False,True,False,False,False,False,,epithelioid sarcoma,,,,,False,True,3
MONDO_0004156,MONDO_0018523,pancreatic mucinous cystadenocarcinoma,pancreatic mucinous cystadenoma,9,35,1,False,True,False,False,False,False,,pancreatic mucinous cystadenocarcinoma,,,,,False,True,9
MONDO_0004233,MONDO_0017386,childhood pleomorphic rhabdomyosarcoma,pleomorphic rhabdomyosarcoma,13,96,1,False,True,False,False,False,False,,Pleomorphic rhabdomyosarcoma,,,,,False,True,13
MONDO_0004355,MONDO_0005059,childhood leukemia,leukemia,2290,28,1,False,True,False,False,False,False,,leukemia,,,,,True,True,28
MONDO_0004521,MONDO_0017387,adult epithelioid sarcoma,epithelioid sarcoma,1,256,1,False,True,False,False,False,False,,epithelioid sarcoma,,,,,False,True,1
MONDO_0004627,MONDO_0024415,duodenitis,hemorrhagic duodenitis,281,4,1,False,True,False,False,False,False,,hemorrhagic duodenitis,,,,,False,True,4
MONDO_0004667,MONDO_0021070,sublingual gland cancer,sublingual gland carcinoma,3,3,1,False,True,False,False,False,False,,sublingual gland cancer,,,,,False,True,3
MONDO_0004731,Orphanet_661,central sleep apnea syndrome,Ondine syndrome,71,31,1,False,True,False,False,False,False,,ondine syndrome,,,,,False,True,31
MONDO_0004747,MONDO_0005269,cleft lip,carotid artery disorder,2,2,1,False,False,False,False,True,False,,,,,d20a76f10b09a923b5e8060e87c855b61d84f966,,True,False,2
MONDO_0004885,MONDO_0010557,choroidal sclerosis,choroideremia,16,403,1,False,True,False,False,False,False,,choroidal sclerosis,,,,,False,True,16
MONDO_0004885,MONDO_0024539,choroidal sclerosis,"choroidal dystrophy, central areolar, 1",16,231,1,False,True,False,False,False,False,,choroidal sclerosis,,,,,False,True,16
MONDO_0004885,MONDO_0100441,choroidal sclerosis,GUCY2D-related dominant retinopathy,16,227,1,False,True,False,False,False,False,,choroidal sclerosis,,,,,False,True,16
MONDO_0004975,MONDO_0007088,Alzheimer disease,Alzheimer disease type 1,12760,40,1,False,True,False,False,False,False,,Alzheimer disease,,,,,False,True,40
MONDO_0004981,MONDO_1030009,atrial fibrillation,persistent atrial fibrillation,3,3,1,False,False,False,False,True,False,,,,,7ad634f8e42658a82d5ad10f415a4aabbc5edcac,,True,False,3
MONDO_0004981,MONDO_1030011,atrial fibrillation,paroxysmal atrial fibrillation,3,3,1,False,False,False,False,True,False,,,,,7ad634f8e42658a82d5ad10f415a4aabbc5edcac,,True,False,3
MONDO_0005027,MONDO_0015650,epilepsy,epilepsy syndrome,1,4705,1,True,False,False,False,False,False,epilepsy,,,,,,True,True,1
MONDO_0005070,MONDO_0045024,neoplasm,cancer or benign tumor,63,22728,1,False,True,False,False,False,False,,neoplasm,,,,,True,True,63
MONDO_0005086,MONDO_0007763,renal cell carcinoma,nonpapillary renal cell carcinoma,3,6822,1,False,True,False,False,False,False,,renal cell carcinoma,,,,,True,True,3
MONDO_0005094,MONDO_0016238,hemangiopericytoma,solitary fibrous tumor,188,477,1,False,True,False,False,False,False,,hemangiopericytoma,,,,,False,True,188
MONDO_0005094,MONDO_0017349,hemangiopericytoma,myopericytoma,188,117,1,False,True,False,False,False,False,,hemangiopericytoma,,,,,False,True,117
MONDO_0005101,MONDO_0009960,ulcerative colitis,inflammatory bowel disease 1,1,182,1,False,True,False,False,False,False,,ulcerative colitis,,,,,True,True,1
MONDO_0005275,MONDO_0021117,lung disorder,lung neoplasm,8,14285,1,False,True,False,False,False,False,,lung,,,,,True,True,8
MONDO_0005341,MONDO_0020804,skin basal cell carcinoma,basal cell carcinoma,2392,1,1,False,True,False,False,False,False,,basal cell carcinoma,,,,,True,True,1
MONDO_0005441,MONDO_0024330,otitis media,infectious otitis media,3,95,1,False,True,False,False,False,False,,otitis media,,,,,True,True,3
MONDO_0005508,Orphanet_321,hereditary multiple osteochondromas,Multiple osteochondromas,60,121,1,False,False,True,False,False,False,,,Orphanet:321,,,,True,True,60
MONDO_0006058,MONDO_0008679,Wilms tumor,Wilms tumor 1,1317,13,1,False,True,False,False,False,False,,Wilms' tumor,,,,,False,True,13
MONDO_0006058,MONDO_0019004,Wilms tumor,kidney Wilms tumor,1317,300,1,False,True,False,False,False,False,,Wilms tumor,,,,,False,True,300
MONDO_0006936,MONDO_0017865,pulmonary valve stenosis,congenital pulmonary valve stenosis,4,4,1,False,False,False,False,True,False,,,,,d899e0c62480b82eb9afcefbd3357dd7318a3263,,True,False,4
MONDO_0006936,MONDO_0020395,pulmonary valve stenosis,valvar pulmonary stenosis,4,4,1,False,False,False,False,True,False,,,,,d899e0c62480b82eb9afcefbd3357dd7318a3263,,True,False,4
MONDO_0006995,MONDO_0008449,tethered spinal cord syndrome,spina bifida,10,10,1,False,False,False,False,True,False,,,,,08615bc0b7ca78e4833513e13b01eba3d6a27b7b,,True,False,10
MONDO_0007033,MONDO_0020594,abducens nerve palsy,abducens nerve disorder,32,31,1,False,True,False,False,False,False,,abducens nerve disease,,,,,False,True,31
MONDO_0007078,Orphanet_665,pseudohypoparathyroidism type 1A,Albright hereditary osteodystrophy,216,144,1,False,True,False,False,False,False,,Albright hereditary osteodystrophy,,,,,False,True,144
MONDO_0007095,Orphanet_1028,ameloonychohypohidrotic syndrome,Amelo-onycho-hypohidrotic syndrome,1,89,1,False,True,False,False,False,False,,amelo-onycho-hypohidrotic syndrome,,,,,True,True,1
MONDO_0007097,Orphanet_85448,Finnish type amyloidosis,"Familial amyloidosis, Finnish type",27,37,1,False,True,False,False,False,False,,"familial amyloidosis, Finnish type",,,,,False,True,27
MONDO_0007098,Orphanet_85458,ACys amyloidosis,Hereditary cerebral hemorrhage with amyloidosis,29,33,1,False,True,False,False,False,False,,hereditary cerebral hemorrhage with amyloidosis,,,,,False,True,29
MONDO_0007099,Orphanet_85450,familial visceral amyloidosis,Familial renal amyloidosis,100,155,1,False,True,False,False,False,False,,familial renal amyloidosis,,,,,False,True,100
MONDO_0007101,MONDO_0015301,familial primary localized cutaneous amyloidosis,primary cutaneous amyloidosis,61,82,1,False,True,False,False,False,False,,familial primary localized cutaneous amyloidosis,,,,,False,True,61
MONDO_0007105,MONDO_0030923,frontotemporal dementia and/or amyotrophic lateral sclerosis 1,frontotemporal dementia and/or amyotrophic lateral sclerosis,79,145,1,False,True,False,False,False,False,,frontotemporal dementia and/or amyotrophic lateral sclerosis,,,,,False,True,79
MONDO_0007109,Orphanet_98870,congenital dyserythropoietic anemia type 3,Congenital dyserythropoietic anemia type III,108,186,1,False,False,True,False,False,False,,,Orphanet:98870,,,,False,True,108
MONDO_0007215,MONDO_0020701,brachydactyly type A1,brachydactyly type A1A,122,2,1,False,True,False,False,False,False,,"BRACHYDACTYLY, type A1",,,,,False,True,2
MONDO_0007220,MONDO_0019676,brachydactyly type B1,brachydactyly type B,159,187,1,False,True,False,False,False,False,,"brachydactyly, type B",,,,,False,True,159
MONDO_0007223,MONDO_0019677,brachydactyly type E1,brachydactyly type E,51,72,1,False,True,False,False,False,False,,"brachydactyly, type E",,,,,False,True,51
MONDO_0007239,MONDO_0020702,epidermolytic ichthyosis,autosomal dominant epidermolytic ichthyosis,195,123,1,False,True,False,False,False,False,,autosomal dominant epidermolytic ichthyosis,,,,,False,True,123
MONDO_0007252,MONDO_0019162,Gordon syndrome,pseudohypoaldosteronism type 2,132,153,1,False,True,False,False,False,False,,Gordon syndrome,,,,,False,True,132
MONDO_0007293,MONDO_0017570,leukocyte adhesion deficiency 1,leukocyte adhesion deficiency,87,575,1,False,True,False,False,False,False,,leukocyte adhesion deficiency,,,,,False,True,87
MONDO_0007334,MONDO_0017435,autosomal dominant popliteal pterygium syndrome,popliteal pterygium syndrome,39,3567,1,False,True,False,False,False,False,,popliteal pterygium syndrome,,,,,False,True,39
MONDO_0007336,MONDO_0016064,isolated cleft palate,cleft palate,105,883,1,False,True,False,False,False,False,,cleft palate,,,,,False,True,105
MONDO_0007339,MONDO_0054740,blepharocheilodontic syndrome,blepharocheilodontic syndrome 1,16,29,1,False,True,False,False,False,False,,blepharocheilodontic syndrome,,,,,False,True,16
MONDO_0007354,Orphanet_98947,coloboma of optic nerve,Coloboma of optic papilla,507,4,1,False,True,False,False,False,False,,coloboma of optic papilla,,,,,True,True,4
MONDO_0007369,MONDO_0030048,hereditary coproporphyria,harderoporphyria,161,166,1,False,True,False,False,False,False,,Harderoporphyria,,,,,False,True,161
MONDO_0007415,MONDO_0015448,mitochondrial complex III deficiency nuclear type 1,mitochondrial complex III deficiency,66,14,1,False,True,False,False,False,False,,mitochondrial complex III deficiency,,,,,False,True,14
MONDO_0007432,Orphanet_136,cerebral arteriopathy with subcortical infarcts and leukoencephalopathy,CADASIL,32,162,1,False,True,False,False,False,False,,CADASIL,,,,,False,True,32
MONDO_0007481,MONDO_0018154,Leri-Weill dyschondrosteosis,Madelung deformity,326,29,1,False,True,False,False,False,False,,Madelung deformity,,,,,False,True,29
MONDO_0007508,MONDO_0029145,Rapp-Hodgkin syndrome,orofacial cleft 8,95,2,1,False,True,False,False,False,False,,orofacial cleft 8,,,,,False,True,2
MONDO_0007522,Orphanet_90318,"Ehlers-Danlos syndrome, classic type",Ehlers-Danlos syndrome type 2,69,78,1,False,True,False,False,False,False,,Ehlers-Danlos syndrome type 2,,,,,False,True,69
MONDO_0007524,MONDO_0017314,"autosomal dominant Ehlers-Danlos syndrome, vascular type","Ehlers-Danlos syndrome, vascular type",56,139,1,False,True,False,False,False,False,,"Ehlers-Danlos syndrome, vascular type",,,,,False,True,56
MONDO_0007525,Orphanet_1899,"Ehlers-Danlos syndrome, arthrochalasia type","Ehlers-Danlos syndrome, arthrochalasic type",36,83,1,False,False,True,False,False,False,,,Orphanet:1899,,,,False,True,36
MONDO_0007570,Orphanet_231031,erythema palmare hereditarium,Erythema palmaris hereditarium,4,2,1,False,False,True,False,False,False,,,Orphanet:231031,,,,True,True,2
MONDO_0007571,MONDO_0800207,primary erythermalgia,"neuropathy, small fiber",53,129,1,False,True,False,False,False,False,,"neuropathy, small fiber",,,,,False,True,53
MONDO_0007585,Orphanet_321,"exostoses, multiple, type 1",Multiple osteochondromas,68,121,1,False,True,False,False,False,False,,multiple osteochondromas,,,,,True,True,68
MONDO_0007600,MONDO_0024525,primary Fanconi syndrome,Fanconi renotubular syndrome 1,209,181,1,False,True,False,False,False,False,,Fanconi renotubular syndrome 1,,,,,False,True,181
MONDO_0007617,MONDO_0015452,Coffin-Siris syndrome 1,Coffin-Siris syndrome,142,341,1,False,True,False,False,False,False,,COFFIN-SIRIS syndrome,,,,,False,True,142
MONDO_0007619,Orphanet_289465,isolated congenital adermatoglyphia,Isolated adermatoglyphia,90,4,1,False,False,True,False,False,False,,,Orphanet:289465,,,,True,True,4
MONDO_0007628,MONDO_0016395,foveal hypoplasia 1,foveal hypoplasia-presenile cataract syndrome,159,105,1,False,True,False,False,False,False,,"foveal hypoplasia, presenile cataract",,,,,False,True,105
MONDO_0007628,Orphanet_2253,foveal hypoplasia 1,Foveal hypoplasia - presenile cataract,159,7,1,False,True,False,False,False,False,,"foveal hypoplasia, presenile cataract",,,,,False,True,7
MONDO_0007636,MONDO_0016643,frontorhiny,frontonasal dysplasia,93,138,1,False,True,False,False,False,False,,frontonasal dysplasia,,,,,False,True,93
MONDO_0007639,MONDO_0018877,fundus albipunctatus,retinitis punctata albescens,143,117,1,False,True,False,False,False,False,,retinitis punctata albescens,,,,,False,True,117
MONDO_0007639,MONDO_0100444,fundus albipunctatus,RLBP1-related retinopathy,143,187,1,False,True,False,False,False,False,,fundus albipunctatus,,,,,False,True,143
MONDO_0007648,Orphanet_26106,hereditary diffuse gastric adenocarcinoma,Familial gastric cancer,306,159,1,False,False,True,False,False,False,,,Orphanet:26106,,,,False,True,159
MONDO_0007662,MONDO_0011119,anterior segment dysgenesis 4,iridogoniodysgenesis,48,210,1,False,True,False,False,False,False,,iridogoniodysgenesis syndrome,,,,,False,True,48
MONDO_0007670,Orphanet_69735,hypotrichosis-lymphedema-telangiectasia syndrome (grouping),Hypotrichosis - lymphedema - telangiectasia,1,39,1,False,True,False,False,False,False,,hypotrichosis lymphedema telangiectasia syndrome,,,,,False,True,1
MONDO_0007671,MONDO_0011165,fibronectin glomerulopathy,glomerulopathy with fibronectin deposits 2,200,191,1,False,True,False,False,False,False,,fibronectin glomerulopathy,,,,,False,True,191
MONDO_0007681,Orphanet_276399,"goiter, multinodular 1, with or without Sertoli-Leydig cell tumors",Familial multinodular goiter,33,98,1,False,False,True,False,False,False,,,Orphanet:276399,,,,False,True,33
MONDO_0007709,MONDO_0957317,"hematuria, benign familial, 1","hematuria, benign familial",66,66,1,False,True,False,False,False,False,,"hematuria, benign familial",,,,,False,True,66
MONDO_0007732,MONDO_0016432,Holt-Oram syndrome,heart-hand syndrome,737,955,1,False,True,False,False,False,False,,heart-hand syndrome,,,,,False,True,737
MONDO_0007737,MONDO_0009356,humeroradial synostosis,autosomal recessive humeroradial synostosis,18,10,1,False,True,False,False,False,False,,humeroradial synostosis,,,,,False,True,10
MONDO_0007738,MONDO_0016761,spondyloepiphyseal dysplasia with congenital joint dislocations,spondyloepiphyseal dysplasia,175,1966,1,False,True,False,False,False,False,,spondyloepiphyseal dysplasia,,,,,False,True,175
MONDO_0007744,MONDO_0015903,cholesterol-ester transfer protein deficiency,hyperalphalipoproteinemia,14,337,1,False,True,False,False,False,False,,hyperalphalipoproteinemia,,,,,False,True,14
MONDO_0007790,Orphanet_64748,Charcot-Marie-Tooth disease type 3,Dejerine-Sottas syndrome,168,66,1,False,True,False,False,False,False,,Dejerine-Sottas Syndrome,,,,,False,True,66
MONDO_0007797,Orphanet_2237,hypoparathyroidism-deafness-renal disease syndrome,Hypoparathyroidism - deafness - renal disease,90,108,1,False,False,True,False,False,False,,,Orphanet:2237,,,,False,True,90
MONDO_0007810,MONDO_0024304,autosomal dominant ichthyosis vulgaris,ichthyosis vulgaris,15,74,1,False,True,False,False,False,False,,ichthyosis vulgaris,,,,,False,True,15
MONDO_0007866,Orphanet_2698,Bart-Pumphrey syndrome,Knuckle pads-leukonychia-sensorineural deafness-palmoplantar hyperkeratosis syndrome,11,35,1,False,True,False,False,False,False,,knuckle pads-leukonychia-sensorineural deafness-palmoplantar hyperkeratosis syndrome,,,,,False,True,11
MONDO_0007893,MONDO_0008755,Noonan syndrome with multiple lentigines,Moynahan syndrome,172,40,1,False,True,False,False,False,False,,Moynahan syndrome,,,,,False,True,40
MONDO_0007920,Orphanet_289825,lymphatic malformation 5,Late-onset primary lymphedema,21,33,1,False,True,False,False,False,False,,late-onset primary lymphedema,,,,,True,True,21
MONDO_0007927,MONDO_0015496,congenital macroglossia,macroglossia,29,83,1,False,True,False,False,False,False,,macroglossia,,,,,False,True,29
MONDO_0007949,MONDO_0018540,Marshall syndrome,PFAPA syndrome,107,101,1,False,True,False,False,False,False,,Marshall syndrome,,,,,False,True,101
MONDO_0008002,MONDO_0100515,mirror movements 1,mirror movements 1 and/or agenesis of the corpus callosum,35,30,1,False,True,False,False,False,False,,mirror movements 1 and/Or agenesis of the corpus callosum,,,,,False,True,30
MONDO_0008003,MONDO_0024528,autosomal dominant progressive external ophthalmoplegia,"progressive external ophthalmoplegia with mitochondrial DNA deletions, autosomal dominant 1",105,69,1,False,True,False,False,False,False,,"progressive external ophthalmoplegia with mitochondrial DNA deletions, autosomal dominant 1",,,,,False,True,69
MONDO_0008013,Orphanet_261929,chromosome 9p deletion syndrome,Partial deletion of the short arm of chromosome 9,86,1,1,False,True,False,False,False,False,,partial deletion of the short arm of chromosome 9,,,,,True,True,1
MONDO_0008021,MONDO_0017571,Cowden syndrome 1,Proteus-like syndrome,2046,18,1,False,True,False,False,False,False,,Proteus-like syndrome,,,,,False,True,18
MONDO_0008021,MONDO_0019002,Cowden syndrome 1,Lhermitte-Duclos disease,2046,155,1,False,True,False,False,False,False,,Lhermitte-Duclos disease,,,,,False,True,155
MONDO_0008029,MONDO_0024530,Bethlem myopathy,Bethlem myopathy 1A,282,117,1,False,True,False,False,False,False,,Bethlem myopathy,,,,,False,True,117
MONDO_0008051,MONDO_0024531,tubular aggregate myopathy,"myopathy, tubular aggregate, 1",176,120,1,False,True,False,False,False,False,,"myopathy, tubular aggregate, 1",,,,,False,True,120
MONDO_0008056,MONDO_0016107,myotonic dystrophy type 1,myotonic dystrophy,700,1294,1,False,True,False,False,False,False,,Myotonic Dystrophy,,,,,False,True,700
MONDO_0008057,MONDO_0015285,"Carney complex, type 1",Carney complex,37,187,1,False,True,False,False,False,False,,"Carney Complex, type 1",,,,,False,True,37
MONDO_0008093,MONDO_0018115,"nevus, epidermal",epidermal nevus syndrome,144,7,1,False,True,False,False,False,False,,Epidermal Nevus,,,,,False,True,7
MONDO_0008097,MONDO_0018115,linear nevus sebaceous syndrome,epidermal nevus syndrome,53,7,1,False,True,False,False,False,False,,epidermal nevus syndrome,,,,,False,True,7
MONDO_0008097,Orphanet_2612,linear nevus sebaceous syndrome,Linear nevus sebaceus syndrome,53,55,1,False,False,True,False,False,False,,,Orphanet:2612,,,,False,True,53
MONDO_0008115,MONDO_0015267,Feingold syndrome type 1,Feingold syndrome,84,516,1,False,True,False,False,False,False,,Feingold syndrome,,,,,False,True,84
MONDO_0008134,Orphanet_98673,"autosomal dominant optic atrophy, classic form","Autosomal dominant optic atrophy, classic type",39,87,1,False,False,True,False,False,False,,,Orphanet:98673,,,,False,True,39
MONDO_0008161,MONDO_0020494,otodental syndrome,oculootodental syndrome,173,4,1,False,True,False,False,False,False,,oculootodental syndrome,,,,,False,True,4
MONDO_0008197,MONDO_0018953,parietal foramina 1,parietal foramina,43,46,1,False,True,False,False,False,False,,parietal foramina,,,,,False,True,43
MONDO_0008237,MONDO_0015232,phocomelia-ectrodactyly-deafness-sinus arrhythmia syndrome,radial deficiency-tibial hypoplasia syndrome,3,3,1,False,False,False,False,True,False,,,,,ecb576259b45aea9f087c8847be5815bbbe6682d,,False,False,3
MONDO_0008251,MONDO_0100017,familial pityriasis rubra pilaris,pityriasis rubra pilaris,68,156,1,False,True,False,False,False,False,,pityriasis rubra pilaris,,,,,False,True,68
MONDO_0008266,MONDO_0019673,"polydactyly, postaxial, type A1",postaxial polydactyly type A,171,181,1,False,True,False,False,False,False,,"postaxial polydactyly, type A",,,,,False,True,171
MONDO_0008266,MONDO_0019674,"polydactyly, postaxial, type A1",postaxial polydactyly type B,171,5,1,False,True,False,False,False,False,,"postaxial polydactyly, type B",,,,,False,True,5
MONDO_0008270,MONDO_0017454,polydactyly of a triphalangeal thumb,triphalangeal thumb-polysyndactyly syndrome,128,96,1,False,True,False,False,False,False,,triphalangeal thumb-polysyndactyly syndrome,,,,,False,True,96
MONDO_0008272,Orphanet_93338,polysyndactyly 4,Polysyndactyly,112,120,1,False,False,True,False,False,False,,,Orphanet:93338,,,,False,True,112
MONDO_0008274,MONDO_0018919,polyostotic fibrous dysplasia,McCune-Albright syndrome,285,171,1,False,True,False,False,False,False,,polyostotic fibrous dysplasia,,,,,False,True,171
MONDO_0008276,MONDO_0017380,generalized juvenile polyposis/juvenile polyposis coli,juvenile polyposis syndrome,61,556,1,False,True,False,False,False,False,,juvenile polyposis syndrome,,,,,False,True,61
MONDO_0008290,MONDO_0019141,"porokeratosis 1, Mibelli type",porokeratosis of Mibelli,38,74,1,False,True,False,False,False,False,,porokeratosis of Mibelli,,,,,False,True,38
MONDO_0008310,MONDO_0020732,Hutchinson-Gilford progeria syndrome,progeria,491,716,1,False,True,False,False,False,False,,progeria,,,,,False,True,491
MONDO_0008323,MONDO_0020607,Liddle syndrome,Liddle syndrome 1,170,67,1,False,True,False,False,False,False,,Liddle syndrome,,,,,False,True,67
MONDO_0008337,Orphanet_2989,familial pterygium of the conjunctiva,"Pterygium of the conjunctiva, familial form",66,3,1,False,False,True,False,False,False,,,Orphanet:2989,,,,True,True,3
MONDO_0008371,MONDO_0024534,Dowling-Degos disease,Dowling-Degos disease 1,295,230,1,False,True,False,False,False,False,,Dowling-Degos disease 1,,,,,False,True,230
MONDO_0008451,Orphanet_139518,"neuronopathy, distal hereditary motor, autosomal dominant 1",Distal hereditary motor neuropathy type 1,23,14,1,False,False,True,False,False,False,,,Orphanet:139518,,,,False,True,14
MONDO_0008473,MONDO_0013360,"spondyloepimetaphyseal dysplasia, Maroteaux type","brachyolmia, Maroteaux type",21,66,1,False,True,False,False,False,False,,brachyolmia Maroteaux type,,,,,False,True,21
MONDO_0008476,MONDO_0016763,"spondyloepimetaphyseal dysplasia, Strudwick type",spondylometaphyseal dysplasia,225,557,1,False,True,False,False,False,False,,spondylometaphyseal dysplasia,,,,,False,True,225
MONDO_0008512,MONDO_0015467,syndactyly type 1,"craniosynostosis, Philadelphia type",81,25,1,False,True,False,False,False,False,,"craniosynostosis, Philadelphia type",,,,,False,True,25
MONDO_0008513,Orphanet_93403,synpolydactyly type 1,Syndactyly type 2,163,186,1,False,True,False,False,False,False,,"syndactyly, type 2",,,,,False,True,163
MONDO_0008546,MONDO_0017042,thanatophoric dysplasia type 1,thanatophoric dysplasia,106,930,1,False,True,False,False,False,False,,thanatophoric dysplasia,,,,,False,True,106
MONDO_0008641,Orphanet_3421,retinal vasculopathy with cerebral leukoencephalopathy and systemic manifestations,Cerebroretinal vasculopathy,46,51,1,False,True,False,False,False,False,,cerebroretinal vasculopathy,,,,,False,True,46
MONDO_0008641,Orphanet_71291,retinal vasculopathy with cerebral leukoencephalopathy and systemic manifestations,Hereditary vascular retinopathy,46,35,1,False,True,False,False,False,False,,hereditary vascular retinopathy,,,,,False,True,35
MONDO_0008641,Orphanet_247691,retinal vasculopathy with cerebral leukoencephalopathy and systemic manifestations,Retinal vasculopathy and cerebral leukodystrophy,46,55,1,False,False,True,False,False,False,,,Orphanet:247691,,,,False,True,46
MONDO_0008679,Orphanet_654,Wilms tumor 1,Nephroblastoma,13,495,1,False,True,False,False,False,False,,nephroblastoma,,,,,False,True,13
MONDO_0008682,MONDO_0009733,Denys-Drash syndrome,"nephrotic syndrome, type 4",157,131,1,False,True,False,False,False,False,,nephrotic syndrome type 4,,,,,False,True,131
MONDO_0008689,MONDO_0017910,dehydrated hereditary stomatocytosis with or without pseudohyperkalemia and/or perinatal edema,dehydrated hereditary stomatocytosis,285,989,1,False,True,False,False,False,False,,dehydrated hereditary stomatocytosis,,,,,False,True,285
MONDO_0008695,MONDO_0016987,chorea-acanthocytosis,neuroacanthocytosis,101,716,1,False,True,False,False,False,False,,neuroacanthocytosis,,,,,False,True,101
MONDO_0008702,MONDO_0008703,achondrogenesis type II,acromesomelic dysplasia 2A,129,404,1,False,True,False,False,False,False,,"achondrogenesis, type II",,,,,False,True,129
MONDO_0008702,MONDO_0010966,achondrogenesis type II,achondrogenesis type IB,129,49,1,False,True,False,False,False,False,,"achondrogenesis, type IB",,,,,False,True,49
MONDO_0008702,MONDO_0019669,achondrogenesis type II,hypochondrogenesis,129,3,1,False,True,False,False,False,False,,hypochondrogenesis,,,,,False,True,3
MONDO_0008703,MONDO_0019669,acromesomelic dysplasia 2A,hypochondrogenesis,404,3,1,False,True,False,False,False,False,,hypochondrogenesis,,,,,False,True,3
MONDO_0008710,MONDO_0019012,RAB23-related Carpenter syndrome,Carpenter syndrome,131,223,1,False,True,False,False,False,False,,Carpenter syndrome,,,,,False,True,131
MONDO_0008730,MONDO_0800378,congenital adrenal hyperplasia due to 17-alpha-hydroxylase deficiency,"17,20-lyase deficiency, isolated",375,2,1,False,True,False,False,False,False,,"17,20-lyase deficiency, isolated",,,,,False,True,2
MONDO_0008730,MONDO_0800379,congenital adrenal hyperplasia due to 17-alpha-hydroxylase deficiency,"17-alpha-hydroxylase/17,20-lyase deficiency, combined complete",375,2,1,False,True,False,False,False,False,,"17-Alpha-Hydroxylase/17,20-lyase deficiency, combined complete",,,,,False,True,2
MONDO_0008730,MONDO_0800380,congenital adrenal hyperplasia due to 17-alpha-hydroxylase deficiency,"17-alpha-hydroxylase/17,20-lyase deficiency, combined partial",375,2,1,False,True,False,False,False,False,,"17-Alpha-Hydroxylase/17,20-lyase deficiency, combined partial",,,,,False,True,2
MONDO_0008745,MONDO_0018135,oculocutaneous albinism type 1A,oculocutaneous albinism type 1,210,554,1,False,True,False,False,False,False,,"oculocutaneous albinism, type 1",,,,,False,True,210
MONDO_0008764,MONDO_0100453,Leber congenital amaurosis 1,GUCY2D-related recessive retinopathy,81,72,1,False,True,False,False,False,False,,Leber congenital amaurosis 1,,,,,False,True,72
MONDO_0008765,MONDO_0100368,Leber congenital amaurosis 2,RPE65-related recessive retinopathy,136,119,1,False,True,False,False,False,False,,Leber congenital amaurosis 2,,,,,False,True,119
MONDO_0008769,MONDO_0015674,neuronal ceroid lipofuscinosis 2,late infantile neuronal ceroid lipofuscinosis,26,220,1,False,True,False,False,False,False,,late infantile neuronal ceroid lipofuscinosis,,,,,False,True,26
MONDO_0008798,MONDO_0019211,nonsyndromic congenital nail disorder 4,isolated congenital anonychia,7,6,1,False,True,False,False,False,False,,"nonsyndromic congenital nail disorder, 4",,,,,False,True,6
MONDO_0008826,Orphanet_1485,"arthrogryposis-hyperkeratosis syndrome, lethal form","Arthrogryposis - hyperkeratosis, lethal form",5,4,1,False,False,True,False,False,False,,,Orphanet:1485,,,,False,True,4
MONDO_0008838,MONDO_0009493,ataxia - deafness - intellectual disability syndrome,Richards-Rundle syndrome,52,10,1,False,True,False,False,False,False,,ataxia-deafness-intellectual disability syndrome,,,,,False,True,10
MONDO_0008840,MONDO_0018266,ataxia telangiectasia,ataxia - telangiectasia variant,95,12,1,False,True,False,False,False,False,,ataxia - telangiectasia variant,,,,,False,True,12
MONDO_0008840,Orphanet_370109,ataxia telangiectasia,Ataxia-telangiectasia variant,95,11,1,False,True,False,False,False,False,,ataxia - telangiectasia variant,,,,,True,True,11
MONDO_0008842,MONDO_0011457,"ataxia, early-onset, with oculomotor apraxia and hypoalbuminemia",ataxia-telangiectasia-like disorder,135,221,1,False,True,False,False,False,False,,ataxia-telangiectasia-like syndrome,,,,,False,True,135
MONDO_0008891,MONDO_0024537,riboflavin transporter deficiency,Brown-Vialetto-van Laere syndrome 1,80,64,1,False,True,False,False,False,False,,Brown-Vialetto-Van Laere syndrome 1,,,,,False,True,64
MONDO_0008892,MONDO_0015762,progressive familial intrahepatic cholestasis type 1,progressive familial intrahepatic cholestasis,60,531,1,False,True,False,False,False,False,,progressive familial intrahepatic cholestasis,,,,,False,True,60
MONDO_0008921,MONDO_0009351,carnosinemia,homocarnosinosis,49,173,1,False,True,False,False,False,False,,homocarnosinosis,,,,,False,True,49
MONDO_0008926,MONDO_0008955,COFS syndrome,cerebrooculofacioskeletal syndrome 1,249,66,1,False,True,False,False,False,False,,COFS syndrome,,,,,False,True,66
MONDO_0008944,MONDO_0018772,Joubert syndrome 1,Joubert syndrome,73,642,1,False,True,False,False,False,False,,Joubert syndrome,,,,,False,True,73
MONDO_0008973,MONDO_0019701,"chondrodysplasia punctata, Toriello type",chondrodysplasia punctata,1,541,1,False,True,False,False,False,False,,chondrodysplasia punctata syndrome,,,,,False,True,1
MONDO_0008982,MONDO_0024539,central areolar choroidal dystrophy,"choroidal dystrophy, central areolar, 1",315,231,1,False,True,False,False,False,False,,"choroidal dystrophy, central areolar, 1",,,,,False,True,231
MONDO_0008988,MONDO_0015991,citrullinemia type I,citrullinemia,76,486,1,False,True,False,False,False,False,,citrullinemia,,,,,False,True,76
MONDO_0009026,MONDO_0800299,Costello syndrome,"myopathy, congenital, with excess of muscle spindles",198,2,1,False,True,False,False,False,False,,"myopathy, congenital, with excess of muscle spindles",,,,,False,True,2
MONDO_0009053,MONDO_0100126,ALDH18A1-related de Barsy syndrome,P5CS deficiency,211,196,1,False,True,False,False,False,False,,P5CS deficiency,,,,,False,True,196
MONDO_0009067,MONDO_0019745,cystinuria,cystinuria type A,286,2,1,False,True,False,False,False,False,,"cystinuria, type a",,,,,False,True,2
MONDO_0009067,MONDO_0019746,cystinuria,cystinuria type B,286,4,1,False,True,False,False,False,False,,"cystinuria, type B",,,,,False,True,4
MONDO_0009068,MONDO_0033885,cytochrome-c oxidase deficiency disease,"mitochondrial complex IV deficiency, nuclear-type",61,216,1,False,True,False,False,False,False,,Cytochrome C Oxidase Deficiency,,,,,False,True,61
MONDO_0009071,MONDO_0968951,hereditary renal hypouricemia,"hypouricemia, renal",229,95,1,False,True,False,False,False,False,,"hypouricemia, renal",,,,,False,True,95
MONDO_0009073,MONDO_0019078,Ritscher-Schinzel syndrome 1,Ritscher-Schinzel syndrome,90,63,1,False,True,False,False,False,False,,Ritscher-Schinzel syndrome,,,,,False,True,63
MONDO_0009073,Orphanet_7,Ritscher-Schinzel syndrome 1,3C syndrome,90,183,1,False,True,False,False,False,False,,3C syndrome,,,,,False,True,90
MONDO_0009112,MONDO_0100273,rhizomelic chondrodysplasia punctata type 2,glyceronephosphate O-acyltransferase deficiency,82,43,1,False,True,False,False,False,False,,Glyceronephosphate O-acyltransferase deficiency,,,,,False,True,43
MONDO_0009124,MONDO_0009673,Dubowitz syndrome,"spinal muscular atrophy, type II",96,106,1,False,True,False,False,False,False,,Dubowitz disease,,,,,False,True,96
MONDO_0009155,MONDO_0015346,EEM syndrome,epilepsy with eyelid myoclonia,111,64,1,False,True,False,False,False,False,,EEM,,,,,False,True,64
MONDO_0009180,MONDO_0019307,"junctional epidermolysis bullosa, non-Herlitz type",generalized junctional epidermolysis bullosa non-Herlitz type,116,6,1,False,True,False,False,False,False,,junctional epidermolysis bullosa non-Herlitz type,,,,,False,True,6
MONDO_0009180,MONDO_0019308,"junctional epidermolysis bullosa, non-Herlitz type",junctional epidermolysis bullosa inversa,116,43,1,False,True,False,False,False,False,,junctional epidermolysis bullosa inversa,,,,,False,True,43
MONDO_0009185,Orphanet_1946,amelocerebrohypohidrotic syndrome,Amelo-cerebro-hypohidrotic syndrome,92,80,1,False,False,True,False,False,False,,,Orphanet:1946,,,,False,True,80
MONDO_0009203,MONDO_0013996,focal facial dermal dysplasia type III,focal facial dermal dysplasia type II,34,8,1,False,True,False,False,False,False,,"focal Facial dermal dysplasia, type II",,,,,False,True,8
MONDO_0009210,MONDO_0020586,congenital factor V deficiency,factor V deficiency,66,114,1,False,True,False,False,False,False,,factor V deficiency,,,,,False,True,66
MONDO_0009258,MONDO_0018116,classic galactosemia,galactosemia,106,566,1,False,True,False,False,False,False,,galactosemia,,,,,False,True,106
MONDO_0009279,MONDO_0800195,triple-A syndrome,achalasia-alacrima syndrome,40,2281,1,False,True,False,False,False,False,,achalasia alacrima syndrome,,,,,False,True,40
MONDO_0009287,Orphanet_79258,glycogen storage disease due to glucose-6-phosphatase deficiency type IA,Glycogen storage disease due to glucose-6-phosphatase deficiency type a,138,171,1,False,False,True,False,False,False,,,Orphanet:79258,,,,False,True,138
MONDO_0009288,Orphanet_79259,glycogen storage disease Ib,Glycogen storage disease due to glucose-6-phosphatase deficiency type b,133,104,1,False,False,True,False,False,False,,,Orphanet:79259,,,,False,True,104
MONDO_0009387,MONDO_0018637,familial lipoprotein lipase deficiency,familial chylomicronemia syndrome,184,529,1,False,True,False,False,False,False,,familial chylomicronemia syndrome,,,,,False,True,184
MONDO_0009400,MONDO_0023419,hyperprolinemia type 1,hyperprolinemia,231,256,1,False,True,False,False,False,False,,hyperprolinemia type 1,,,,,False,True,231
MONDO_0009451,Orphanet_83471,Nezelof syndrome,Thymic aplasia,517,618,1,False,True,False,False,False,False,,thymic aplasia,,,,,False,True,517
MONDO_0009459,MONDO_0800304,"channelopathy-associated congenital insensitivity to pain, autosomal recessive","neuropathy, hereditary sensory and autonomic, type IId",20,2,1,False,True,False,False,False,False,,"neuropathy, hereditary sensory and autonomic, type IID",,,,,False,True,2
MONDO_0009478,Orphanet_169446,combined immunodeficiency due to DOCK8 deficiency,Autosomal recessive hyper-IgE syndrome,445,347,1,False,True,False,False,False,False,,autosomal recessive hyper IgE syndrome,,,,,False,True,347
MONDO_0009480,MONDO_0012432,Joubert syndrome with oculorenal defect,Joubert syndrome 5,280,36,1,False,True,False,False,False,False,,Joubert syndrome 5,,,,,False,True,36
MONDO_0009493,Orphanet_1188,Richards-Rundle syndrome,Ataxia-deafness-intellectual disability syndrome,10,56,1,False,True,False,False,False,False,,ataxia-deafness-intellectual disability syndrome,,,,,False,True,10
MONDO_0009506,Orphanet_169142,specific granule deficiency,Recurrent infection due to specific granule deficiency,172,677,1,False,True,False,False,False,False,,recurrent infection due to specific granule deficiency,,,,,False,True,172
MONDO_0009515,MONDO_0018999,Norum disease,LCAT deficiency,93,430,1,False,True,False,False,False,False,,LCAT deficiency,,,,,False,True,93
MONDO_0009557,MONDO_0016584,mandibuloacral dysplasia with type A lipodystrophy,mandibuloacral dysplasia,116,173,1,False,True,False,False,False,False,,mandibuloacral dysplasia,,,,,False,True,116
MONDO_0009563,MONDO_0023691,maple syrup urine disease,maple syrup urine disease type 1A,221,30,1,False,True,False,False,False,False,,"maple syrup urine disease, type 1A",,,,,False,True,30
MONDO_0009563,MONDO_0023692,maple syrup urine disease,maple syrup urine disease type 1B,221,16,1,False,True,False,False,False,False,,"maple syrup urine disease, type 1B",,,,,False,True,16
MONDO_0009567,MONDO_0011244,Marinesco-Sjogren syndrome,Marshall-Smith syndrome,443,166,1,False,True,False,False,False,False,,Marshall Smith Syndrome,,,,,False,True,166
MONDO_0009572,MONDO_0018088,autosomal recessive familial Mediterranean fever,familial Mediterranean fever,39,594,1,False,True,False,False,False,False,,familial MEDITERRANEAN FEVER,,,,,False,True,39
MONDO_0009576,MONDO_0010649,megalocornea,isolated congenital megalocornea,625,18,1,False,True,False,False,False,False,,megalocornea,,,,,False,True,18
MONDO_0009591,MONDO_0018868,"metachromatic leukodystrophy, juvenile form",metachromatic leukodystrophy,56,301,1,False,True,False,False,False,False,,metachromatic leukodystrophy,,,,,False,True,56
MONDO_0009594,MONDO_0011064,"metaphyseal chondrodysplasia, Kaitila type","lethal chondrodysplasia, Seller type",2,2,1,False,False,False,False,True,False,,,,,c05766c427761484c11197bf5aa11861f35c6290,,False,False,2
MONDO_0009598,Orphanet_166035,metaphyseal chondrodysplasia-retinitis pigmentosa syndrome,Metaphyseal chondrodysplasia - retinitis pigmentosa,54,58,1,True,False,False,False,False,False,metaphyseal chondrodysplasia retinitis pigmentosa,,,,,,False,True,54
MONDO_0009666,MONDO_0015454,holocarboxylase synthetase deficiency,multiple carboxylase deficiency,40,80,1,False,True,False,False,False,False,,multiple carboxylase deficiency,,,,,False,True,40
MONDO_0009685,MONDO_0024545,Miyoshi myopathy,Miyoshi muscular dystrophy 1,5246,115,1,False,True,False,False,False,False,,Miyoshi muscular dystrophy 1,,,,,False,True,115
MONDO_0009698,Orphanet_98261,Unverricht-Lundborg syndrome,Progressive myoclonic epilepsy,192,612,1,False,True,False,False,False,False,,progressive myoclonic epilepsy,,,,,False,True,192
MONDO_0009726,Orphanet_324977,proteosome-associated autoinflammatory syndrome,Proteasome disability syndrome,674,102,1,False,True,False,False,False,False,,proteasome disability syndrome,,,,,False,True,102
MONDO_0009738,MONDO_0017731,sialidosis type 2,glycoproteinosis,74,573,1,False,True,False,False,False,False,,glycoproteinosis,,,,,False,True,74
MONDO_0009738,MONDO_0017734,sialidosis type 2,sialidosis,74,96,1,False,True,False,False,False,False,,sialidosis,,,,,False,True,74
MONDO_0009738,MONDO_0019346,sialidosis type 2,sialidosis type 1,74,8,1,False,True,False,False,False,False,,"sialidosis, type 1",,,,,False,True,8
MONDO_0009738,Orphanet_812,sialidosis type 2,sialidosis type I,74,37,1,False,True,False,False,False,False,,"sialidosis, type I",,,,,False,True,37
MONDO_0009744,MONDO_0019261,neuronal ceroid lipofuscinosis 1,infantile neuronal ceroid lipofuscinosis,227,52,1,False,True,False,False,False,False,,infantile neuronal ceroid lipofuscinosis,,,,,False,True,52
MONDO_0009744,Orphanet_168486,neuronal ceroid lipofuscinosis 1,Congenital neuronal ceroid lipofuscinosis,227,37,1,False,True,False,False,False,False,,congenital neuronal ceroid lipofuscinosis,,,,,False,True,37
MONDO_0009773,MONDO_0019287,odonto-onycho-dermal dysplasia,ectodermal dysplasia syndrome,88,5343,1,False,True,False,False,False,False,,ectodermal dysplasia,,,,,False,True,88
MONDO_0009783,MONDO_0016810,"progressive external ophthalmoplegia with mitochondrial DNA deletions, autosomal recessive 1",autosomal recessive progressive external ophthalmoplegia,92,89,1,False,True,False,False,False,False,,autosomal recessive progressive external ophthalmoplegia,,,,,False,True,89
MONDO_0009797,Orphanet_30,orotic aciduria,Hereditary orotic aciduria,154,78,1,False,True,False,False,False,False,,Hereditary Orotic Aciduria,,,,,False,True,78
MONDO_0009823,MONDO_0100278,primary hyperoxaluria type 1,alanine glyoxylate aminotransferase deficiency,198,164,1,False,True,False,False,False,False,,alanine-glyoxylate aminotransferase deficiency,,,,,False,True,164
MONDO_0009832,MONDO_0024547,pancreatic agenesis,pancreatic agenesis 1,204,89,1,False,True,False,False,False,False,,pancreatic agenesis 1,,,,,False,True,89
MONDO_0009837,MONDO_0016718,choroid plexus papilloma,choroid plexus carcinoma,38,72,1,False,True,False,False,False,False,,choroid plexus carcinoma,,,,,False,True,38
MONDO_0009841,Orphanet_99807,PEHO syndrome,PEHO-like syndrome,58,50,1,False,True,False,False,False,False,,peho-like syndrome,,,,,False,True,50
MONDO_0009866,MONDO_0017320,"phosphoenolpyruvate carboxykinase deficiency, cytosolic",phosphoenolpyruvate carboxykinase deficiency,69,214,1,False,True,False,False,False,False,,phosphoenolpyruvate carboxykinase deficiency,,,,,False,True,69
MONDO_0009876,Orphanet_631,isolated growth hormone deficiency type IA,Non-acquired isolated growth hormone deficiency,157,444,1,False,True,False,False,False,False,,non-acquired isolated growth hormone deficiency,,,,,False,True,157
MONDO_0009877,MONDO_0015892,Laron syndrome,growth hormone insensitivity syndrome,84,429,1,False,True,False,False,False,False,,Growth Hormone Insensitivity,,,,,False,True,84
MONDO_0009926,MONDO_0017415,autosomal recessive multiple pterygium syndrome,multiple pterygium syndrome,194,239,1,False,True,False,False,False,False,,multiple pterygium syndrome,,,,,False,True,194
MONDO_0009937,Orphanet_199241,pulmonary venoocclusive disease,Pulmonary capillary hemangiomatosis,156,74,1,False,True,False,False,False,False,,pulmonary capillary hemangiomatosis,,,,,False,True,74
MONDO_0009945,MONDO_0020741,pyridoxine-dependent epilepsy,pyridoxine-dependent epilepsy caused by ALDH7A1 mutant,179,158,1,False,True,False,False,False,False,,pyridoxine-dependent epilepsy,,,,,False,True,158
MONDO_0009948,MONDO_0018570,"pyropoikilocytosis, hereditary",hypophosphatasia,392,300,1,False,True,False,False,False,False,,Hypophosphatasia,,,,,False,True,300
MONDO_0009952,Orphanet_3270,radioulnar synostosis-developmental delay-hypotonia syndrome,Radio-ulnar synostosis - intellectual disability - hypotonia,54,19,1,False,False,True,False,False,False,,,Orphanet:3270,,,,False,True,19
MONDO_0009962,MONDO_0017842,Senior-Loken syndrome 1,Senior-Loken syndrome,192,532,1,False,True,False,False,False,False,,Senior-Loken syndrome,,,,,False,True,192
MONDO_0009964,MONDO_0100509,short-rib thoracic dysplasia 9 with or without polydactyly,IFT140-related recessive ciliopathy,142,24,1,False,True,False,False,False,False,,short-rib thoracic dysplasia 9 with or without polydactyly,,,,,False,True,24
MONDO_0009970,MONDO_0017609,renal tubular dysgenesis of genetic origin,renal tubular dysgenesis,49,102,1,False,True,False,False,False,False,,renal tubular dysgenesis,,,,,False,True,49
MONDO_0009975,MONDO_0018908,reticulum cell sarcoma,non-Hodgkin lymphoma,32,32,1,False,False,False,False,True,False,,,,,96ebbf33a39514e07200a542e90bf653e60d078c,,True,False,32
MONDO_0010004,MONDO_0017919,EEC syndrome,exstrophy-epispadias complex,169,582,1,False,True,False,False,False,False,,EEC,,,,,False,True,169
MONDO_0010033,MONDO_0024548,generalized peeling skin syndrome,peeling skin syndrome 1,92,81,1,False,True,False,False,False,False,,peeling skin syndrome 1,,,,,False,True,81
MONDO_0010039,Orphanet_1355,congenital heart defect-round face-developmental delay syndrome,Heart defect - round face - congenital developmental delay,61,40,1,False,False,True,False,False,False,,,Orphanet:1355,,,,False,True,40
MONDO_0010061,Orphanet_95433,autosomal recessive cerebellar ataxia-blindness-deafness syndrome,Autosomal recessive cerebellar ataxia - blindness - deafness,150,184,1,True,False,False,False,False,False,autosomal recessive cerebellar ataxia blindness deafness,,,,,,False,True,150
MONDO_0010061,MONDO_0013931,autosomal recessive cerebellar ataxia-blindness-deafness syndrome,peroxisome biogenesis disorder 4B,150,28,1,False,True,False,False,False,False,,autosomal recessive cerebellar ataxia - blindness - deafness,,,,,False,True,28
MONDO_0010080,MONDO_0015518,familial infantile bilateral striatal necrosis,infantile bilateral striatal necrosis,110,136,1,False,True,False,False,False,False,,infantile bilateral striatal necrosis,,,,,False,True,110
MONDO_0010159,Orphanet_252202,mismatch repair cancer syndrome 1,Constitutional mismatch repair deficiency syndrome,382,80,1,False,True,False,False,False,False,,constitutional mismatch repair deficiency syndrome,,,,,False,True,80
MONDO_0010168,MONDO_0700087,Usher syndrome type 1,Usher syndrome type 1B,165,35,1,False,True,False,False,False,False,,"Usher syndrome, type 1B",,,,,False,True,35
MONDO_0010170,MONDO_0016485,Usher syndrome type 3A,Usher syndrome type 3,31,119,1,False,True,False,False,False,False,,"Usher syndrome, type 3",,,,,False,True,31
MONDO_0010173,MONDO_0017771,Mayer-Rokitansky-Kuster-Hauser syndrome type 1,Mayer-Rokitansky-Kuster-Hauser syndrome,33,590,1,False,True,False,False,False,False,,Mayer-Rokitansky-KUSTER-Hauser syndrome,,,,,False,True,33
MONDO_0010173,Orphanet_3109,Mayer-Rokitansky-Kuster-Hauser syndrome type 1,Mayer-Rokitansky-Küster-Hauser syndrome,33,230,1,False,True,False,False,False,False,,Mayer-Rokitansky-KUSTER-Hauser syndrome,,,,,False,True,33
MONDO_0010181,MONDO_0017575,oculogastrointestinal muscular dystrophy,mitochondrial neurogastrointestinal encephalomyopathy,44,83,1,False,True,False,False,False,False,,oculogastrointestinal muscular dystrophy,,,,,False,True,44
MONDO_0010192,MONDO_0019518,Waardenburg syndrome type 4A,Waardenburg-Shah syndrome,90,131,1,False,True,False,False,False,False,,Waardenburg-Shah syndrome,,,,,False,True,90
MONDO_0010193,MONDO_0018095,Weaver syndrome,Weaver-Williams syndrome,144,29,1,False,True,False,False,False,False,,Weaver Williams syndrome,,,,,False,True,29
MONDO_0010235,Orphanet_3077,X-linked intellectual disability-psychosis-macroorchidism syndrome,X-linked intellectual disability - psychosis - macroorchidism,170,75,1,True,False,False,False,False,False,x linked intellectual disability psychosis macroorchidism,,,,,,False,True,75
MONDO_0010247,MONDO_0015339,X-linked cerebral adrenoleukodystrophy,adrenomyeloneuropathy,134,162,1,False,True,False,False,False,False,,adrenomyeloneuropathy,,,,,False,True,134
MONDO_0010247,MONDO_0018544,X-linked cerebral adrenoleukodystrophy,adrenoleukodystrophy,134,351,1,False,True,False,False,False,False,,adrenoleukodystrophy,,,,,False,True,134
MONDO_0010263,Orphanet_86818,Alport syndrome-intellectual disability-midface hypoplasia-elliptocytosis syndrome,Alport syndrome - intellectual disability - midface hypoplasia - elliptocytosis,40,37,1,True,False,False,False,False,False,alport syndrome intellectual disability midface hypoplasia elliptocytosis,,,,,,False,True,37
MONDO_0010286,Orphanet_85287,syndromic X-linked intellectual disability Siderius type,"X-linked intellectual disability, Siderius type",37,44,1,False,True,False,False,False,False,,"X-linked intellectual disability, Siderius type",,,,,False,True,37
MONDO_0010293,Orphanet_98813,ectodermal dysplasia and immune deficiency,Hypohidrotic ectodermal dysplasia with immunodeficiency,232,406,1,False,True,False,False,False,False,,hypohidrotic ectodermal dysplasia with immunodeficiency,,,,,False,True,232
MONDO_0010327,Orphanet_391417,HSD10 mitochondrial disease,HSD10 disease,55,33,1,False,False,True,False,False,False,,,Orphanet:391417,,,,False,True,33
MONDO_0010355,Orphanet_85279,syndromic X-linked intellectual disability Claes-Jensen type,Syndromic X-linked intellectual disability due to JARID1C mutation,72,70,1,False,True,False,False,False,False,,syndromic X-linked intellectual disability due to JARID1C mutation,,,,,False,True,70
MONDO_0010375,Orphanet_163985,"developmental and epileptic encephalopathy, 8",Hyperekplexia - epilepsy,39,18,1,False,True,False,False,False,False,,hyperekplexia-epilepsy syndrome,,,,,True,True,18
MONDO_0010472,Orphanet_324422,"developmental and epileptic encephalopathy, 36",ALG13-CDG,44,46,1,False,True,False,False,False,False,,ALG13-CDG,,,,,False,True,44
MONDO_0010523,MONDO_0010654,X-linked reticulate pigmentary disorder,Partington syndrome,33,56,1,False,True,False,False,False,False,,Partington disease,,,,,False,True,33
MONDO_0010523,Orphanet_85453,X-linked reticulate pigmentary disorder,X-linked reticulate pigmentary disorder with systemic manifestations,33,44,1,False,False,True,False,False,False,,,Orphanet:85453,,,,False,True,33
MONDO_0010535,MONDO_0019317,Bazex-Dupre-Christol syndrome,follicular atrophoderma-basal cell carcinoma,59,1,1,False,True,False,False,False,False,,follicular atrophoderma-basal cell carcinoma syndrome,,,,,False,True,1
MONDO_0010556,Orphanet_35173,X-linked chondrodysplasia punctata,X-linked dominant chondrodysplasia punctata,82,59,1,False,True,False,False,False,False,,X-linked dominant chondrodysplasia punctata,,,,,False,True,59
MONDO_0010566,MONDO_0100437,X-linked cone-rod dystrophy 1,RPGR-related retinopathy,17,12,1,False,True,False,False,False,False,,X-linked cone-rod dystrophy 1,,,,,False,True,12
MONDO_0010566,MONDO_0800320,X-linked cone-rod dystrophy 1,"cone dystrophy 1, X-linked",17,2,1,False,True,False,False,False,False,,"cone dystrophy 1, X-linked",,,,,False,True,2
MONDO_0010574,MONDO_0019428,syndromic X-linked intellectual disability 5,fried syndrome,438,9,1,False,True,False,False,False,False,,fried syndrome,,,,,False,True,9
MONDO_0010576,MONDO_0020707,X-linked mixed hearing loss with perilymphatic gusher,central hearing loss,18,1,1,False,True,False,False,False,False,,central hearing loss,,,,,False,True,1
MONDO_0010584,MONDO_0018045,"dyskeratosis congenita, X-linked",Hoyeraal-Hreidarsson syndrome,120,101,1,False,True,False,False,False,False,,Hoyeraal Hreidarsson syndrome,,,,,False,True,101
MONDO_0010607,MONDO_0800321,"heterotaxy, visceral, 1, X-linked","congenital heart defects, multiple types, 1, X-linked",162,2,1,False,True,False,False,False,False,,"congenital heart defects, multiple types, 1, X-linked",,,,,False,True,2
MONDO_0010619,MONDO_0020720,X-linked dominant hypophosphatemic rickets,X-linked hypophosphatemic rickets,153,246,1,False,True,False,False,False,False,,X-linked hypophosphatemic rickets,,,,,False,True,153
MONDO_0010621,MONDO_0017014,CHILD syndrome,interstitial lung disease specific to childhood,107,1593,1,False,True,False,False,False,False,,chILD,,,,,False,True,107
MONDO_0010621,MONDO_0017015,CHILD syndrome,primary interstitial lung disease specific to childhood,107,1259,1,False,True,False,False,False,False,,cHILD,,,,,False,True,107
MONDO_0010622,MONDO_0017269,recessive X-linked ichthyosis,X-linked ichthyosis syndrome,120,76,1,False,True,False,False,False,False,,X linked ichthyosis,,,,,False,True,76
MONDO_0010632,MONDO_0018226,"developmental and epileptic encephalopathy, 1",infantile epileptic-dyskinetic encephalopathy,70,32,1,False,True,False,False,False,False,,infantile epileptic-dyskinetic encephalopathy,,,,,False,True,32
MONDO_0010650,Orphanet_2484,Melnick-Needles syndrome,"Osteodysplasty, Melnick-Needles type",1195,47,1,False,False,True,False,False,False,,,Orphanet:2484,,,,True,True,47
MONDO_0010698,Orphanet_98890,optic atrophy 2,Early-onset X-linked optic atrophy,242,48,1,False,False,True,False,False,False,,,Orphanet:98890,,,,False,True,48
MONDO_0010713,Orphanet_2966,"properdin deficiency, X-linked",Properdin deficiency,7,4,1,False,False,True,False,False,False,,,Orphanet:2966,,,,False,True,4
MONDO_0010743,Orphanet_852,thrombocytopenia 1,X-linked thrombocytopenia with normal platelets,122,13,1,False,True,False,False,False,False,,X-linked thrombocytopenia with normal platelets,,,,,False,True,13
MONDO_0010779,Orphanet_90641,mitochondrial non-syndromic sensorineural hearing loss,Mitochondrial non-syndromic sensorineural deafness,70,79,1,False,True,False,False,False,False,,mitochondrial non-syndromic sensorineural deafness,,,,,False,True,70
MONDO_0010799,Orphanet_168609,"deafness, aminoglycoside-induced",Mitochondrial non-syndromic sensorineural deafness with susceptibility to aminoglycoside exposure,44,6,1,False,True,False,False,False,False,,mitochondrial non-syndromic sensorineural deafness with susceptibility to aminoglycoside exposure,,,,,False,True,6
MONDO_0010802,Orphanet_2255,pancreatic hypoplasia-diabetes-congenital heart disease syndrome,Pancreatic hypoplasia - diabetes - congenital heart disease,124,96,1,False,False,True,False,False,False,,,Orphanet:2255,,,,False,True,96
MONDO_0010822,Orphanet_2510,Warburg micro syndrome 1,Micro syndrome,53,124,1,False,True,False,False,False,False,,micro syndrome,,,,,False,True,53
MONDO_0010830,MONDO_0012391,neuronal ceroid lipofuscinosis 8,neuronal ceroid lipofuscinosis 8 northern epilepsy variant,51,40,1,False,True,False,False,False,False,,neuronal ceroid lipofuscinosis 8,,,,,False,True,40
MONDO_0010831,MONDO_0017850,familial caudal dysgenesis,sirenomelia,73,30,1,False,True,False,False,False,False,,sirenomelia,,,,,False,True,30
MONDO_0010857,MONDO_0017276,semantic dementia,frontotemporal dementia,161,1689,1,False,True,False,False,False,False,,frontotemporal dementia,,,,,False,True,161
MONDO_0010890,Orphanet_2008,acrocardiofacial syndrome,Acro-cardio-facial syndrome,179,72,1,False,False,True,False,False,False,,,Orphanet:2008,,,,False,True,72
MONDO_0010920,MONDO_0019780,microtia,anotia,173,1,1,False,True,False,False,False,False,,anotia,,,,,False,True,1
MONDO_0010933,MONDO_0023069,autosomal recessive nonsyndromic hearing loss 4,enlarged vestibular aqueduct syndrome,162,8,1,False,True,False,False,False,False,,enlarged vestibular aqueduct,,,,,False,True,8
MONDO_0010962,Orphanet_2337,diffuse nonepidermolytic palmoplantar keratoderma,Non-epidermolytic palmoplantar keratoderma,66,30,1,False,True,False,False,False,False,,non-epidermolytic palmoplantar keratoderma,,,,,False,True,30
MONDO_0010997,Orphanet_240071,"supranuclear palsy, progressive, 1",Classical progressive supranuclear palsy,1129,73,1,False,False,True,False,False,False,,,Orphanet:240071,,,,False,True,73
MONDO_0011076,Orphanet_363543,myofibrillar myopathy 1,Autosomal recessive limb-girdle muscular dystrophy due to desmin deficiency,100,2,1,False,False,True,False,False,False,,,Orphanet:363543,,,,True,True,2
MONDO_0011099,MONDO_0019075,human HOXA1 syndromes,Bosley-Salih-Alorainy syndrome,119,13,1,False,True,False,False,False,False,,Bosley Salih Alorainy syndrome,,,,,False,True,13
MONDO_0011143,MONDO_0100441,cone-rod dystrophy 6,GUCY2D-related dominant retinopathy,77,227,1,False,True,False,False,False,False,,cone-rod dystrophy 6,,,,,False,True,77
MONDO_0011143,MONDO_0100453,cone-rod dystrophy 6,GUCY2D-related recessive retinopathy,77,72,1,False,True,False,False,False,False,,cone-rod dystrophy 6,,,,,False,True,72
MONDO_0011145,Orphanet_363741,colobomatous microphthalmia - obesity - hypogenitalism - intellectual disability syndrome,Colobomatous microphthalmia-obesity-hypogenitalism-intellectual disability syndrome,164,188,1,True,False,False,False,False,False,colobomatous microphthalmia obesity hypogenitalism intellectual disability,,,,,,False,True,164
MONDO_0011174,MONDO_0016676,hyperzincemia with functional zinc depletion,recurrent infections-inflammatory syndrome due to zinc metabolism disorder syndrome,31,3,1,False,True,False,False,False,False,,recurrent infections-inflammatory syndrome due to zinc metabolism disorder syndrome,,,,,False,True,3
MONDO_0011190,Orphanet_93591,nephronophthisis 2,Infantile nephronophthisis,96,10,1,False,False,True,False,False,False,,,Orphanet:93591,,,,True,True,10
MONDO_0011202,MONDO_0019200,RHYNS syndrome,retinitis pigmentosa,48,1674,1,False,True,False,False,False,False,,retinitis pigmentosa syndrome,,,,,False,True,48
MONDO_0011216,MONDO_0019257,hemochromatosis type 2A,hemochromatosis type 2,158,358,1,False,True,False,False,False,False,,"hemochromatosis, type 2",,,,,False,True,158
MONDO_0011218,Orphanet_91132,autosomal recessive congenital ichthyosis 11,Ichthyosis-hypotrichosis syndrome,25,181,1,False,True,False,False,False,False,,ichthyosis-hypotrichosis syndrome,,,,,False,True,25
MONDO_0011246,Orphanet_280671,megaconial type congenital muscular dystrophy,Congenital muscular dystrophy due to phosphatidylcholine biosynthesis defect,27,82,1,False,True,False,False,False,False,,congenital muscular dystrophy due to phosphatidylcholine biosynthesis defect,,,,,False,True,27
MONDO_0011261,Orphanet_163649,"spondyloepiphyseal dysplasia with coronal craniosynostosis, cataracts, cleft palate, and intellectual disability","Spondyloepiphyseal dysplasia, Nishimura type",1,119,1,False,False,True,False,False,False,,,Orphanet:163649,,,,True,True,1
MONDO_0011271,MONDO_0017939,rigid spine muscular dystrophy 1,classic multiminicore myopathy,158,49,1,False,True,False,False,False,False,,classic multiminicore myopathy,,,,,False,True,49
MONDO_0011271,MONDO_0019951,rigid spine muscular dystrophy 1,rigid spine syndrome,158,132,1,False,True,False,False,False,False,,rigid spine muscular dystrophy-1,,,,,False,True,132
MONDO_0011271,Orphanet_324604,rigid spine muscular dystrophy 1,Classic multiminicore myopathy,158,131,1,False,True,False,False,False,False,,classic multiminicore myopathy,,,,,False,True,131
MONDO_0011323,MONDO_0015238,"arhinia, choanal atresia, and microphthalmia",arrhinia-choanal atresia-microphthalmia syndrome,77,16,1,False,True,False,False,False,False,,arrhinia-choanal atresia-microphthalmia syndrome,,,,,False,True,16
MONDO_0011323,MONDO_0016393,"arhinia, choanal atresia, and microphthalmia",hyposmia-nasal and ocular hypoplasia-hypogonadotropic hypogonadism syndrome,77,12,1,False,True,False,False,False,False,,hyposmia-nasal and ocular hypoplasia-hypogonadotropic hypogonadism syndrome,,,,,False,True,12
MONDO_0011323,Orphanet_1135,"arhinia, choanal atresia, and microphthalmia",Arrhinia - choanal atresia - microphthalmia,77,30,1,False,True,False,False,False,False,,arrhinia-choanal atresia-microphthalmia syndrome,,,,,False,True,30
MONDO_0011323,Orphanet_2250,"arhinia, choanal atresia, and microphthalmia",Hyposmia - nasal and ocular hypoplasia - hypogonadotropic hypogonadism,77,30,1,False,True,False,False,False,False,,hyposmia-nasal and ocular hypoplasia-hypogonadotropic hypogonadism syndrome,,,,,False,True,30
MONDO_0011362,Orphanet_178464,"myopathy, myofibrillar, 9, with early respiratory failure",Hereditary proximal myopathy with early respiratory failure,161,183,1,False,True,False,False,False,False,,hereditary proximal myopathy with early respiratory failure,,,,,False,True,161
MONDO_0011405,MONDO_0026045,poikiloderma with neutropenia,prurigo nodularis,69,87,1,False,True,False,False,False,False,,Prurigo Nodularis,,,,,False,True,69
MONDO_0011458,MONDO_0015993,Leber congenital amaurosis 4,cone-rod dystrophy,95,446,1,False,True,False,False,False,False,,cone-rod dystrophy,,,,,False,True,95
MONDO_0011458,MONDO_0100438,Leber congenital amaurosis 4,AIPL1-related retinopathy,95,89,1,False,True,False,False,False,False,,Leber congenital amaurosis 4,,,,,False,True,89
MONDO_0011458,Orphanet_1872,Leber congenital amaurosis 4,Cone rod dystrophy,95,658,1,False,True,False,False,False,False,,cone-rod dystrophy,,,,,False,True,95
MONDO_0011461,MONDO_0800329,"generalized epilepsy with febrile seizures plus, type 2","febrile seizures, familial, 3a",110,2,1,False,True,False,False,False,False,,"febrile seizures, familial, 3A",,,,,False,True,2
MONDO_0011468,MONDO_0018993,"hereditary motor and sensory neuropathy, Okinawa type",Charcot-Marie-Tooth disease type 2,132,545,1,False,True,False,False,False,False,,hereditary motor and sensory neuropathy Okinawa type,,,,,False,True,132
MONDO_0011481,Orphanet_1541,craniosynostosis 2,"Craniosynostosis, Boston type",89,25,1,False,False,True,False,False,False,,,Orphanet:1541,,,,False,True,25
MONDO_0011500,MONDO_0013688,Becker nevus syndrome,linear and whorled nevoid hypermelanosis,286,198,1,False,True,False,False,False,False,,Becker Nevus,,,,,False,True,198
MONDO_0011551,MONDO_0100064,TH-deficient dopa-responsive dystonia,tyrosine hydroxylase deficiency,26,49,1,False,True,False,False,False,False,,Tyrosine Hydroxylase Deficiency,,,,,False,True,26
MONDO_0011575,Orphanet_66625,cerebrooculonasal syndrome,Cerebro-oculo-nasal syndrome,72,47,1,False,False,True,False,False,False,,,Orphanet:66625,,,,True,True,47
MONDO_0011582,Orphanet_401869,multiple mitochondrial dysfunctions syndrome 1,Fatal multiple mitochondrial dysfunction syndrome type 1,42,37,1,False,False,True,False,False,False,,,Orphanet:401869,,,,True,True,37
MONDO_0011634,MONDO_0020704,rippling muscle disease,inherited rippling muscle disease,48,45,1,False,True,False,False,False,False,,rippling muscle disease,,,,,False,True,45
MONDO_0011675,MONDO_0957273,"Charcot-Marie-Tooth Disease, axonal, type 2GG","Charcot-Marie-Tooth disease, dominant intermediate A",63,80,1,False,True,False,False,False,False,,Charcot-Marie-Tooth disease dominant intermediate A,,,,,False,True,63
MONDO_0011744,Orphanet_140436,primary intraosseous venous malformation,Primary intraosseous vascular malformation,17,44,1,False,False,True,False,False,False,,,Orphanet:140436,,,,False,True,17
MONDO_0011766,Orphanet_168563,"46,XY gonadal dysgenesis-motor and sensory neuropathy syndrome","46,XY gonadal dysgenesis - motor and sensory neuropathy",308,74,1,True,False,False,False,False,False,46 xy gonadal dysgenesis motor and sensory neuropathy,,,,,,False,True,74
MONDO_0011775,MONDO_0015459,"nasopharyngeal carcinoma, susceptibility to, 1",nasopharyngeal carcinoma,25,4959,1,False,True,False,False,False,False,,nasopharyngeal carcinoma,,,,,False,True,25
MONDO_0011789,MONDO_0016642,familial meningioma,meningioma,21,2395,1,False,True,False,False,False,False,,meningioma,,,,,False,True,21
MONDO_0011801,MONDO_0020771,"spinocerebellar ataxia, autosomal recessive, with axonal neuropathy 1","spinocerebellar ataxia, autosomal recessive, with axonal neuropathy",117,159,1,False,True,False,False,False,False,,spinocerebellar ataxia autosomal recessive with axonal neuropathy,,,,,False,True,117
MONDO_0011803,Orphanet_99013,hereditary spastic paraplegia 7,Autosomal recessive spastic paraplegia type 7,100,82,1,False,False,True,False,False,False,,,Orphanet:99013,,,,False,True,82
MONDO_0011814,MONDO_0015799,Smith-McCort dysplasia 1,Smith-McCort dysplasia,193,227,1,False,True,False,False,False,False,,Smith-McCort dysplasia,,,,,False,True,193
MONDO_0011830,MONDO_0020491,lissencephaly due to LIS1 mutation,subcortical band heterotopia,50,125,1,False,True,False,False,False,False,,subcortical band heterotopia,,,,,False,True,50
MONDO_0011835,MONDO_0016809,"sensory ataxic neuropathy, dysarthria, and ophthalmoparesis",spinocerebellar ataxia with epilepsy,120,16,1,False,True,False,False,False,False,,spinocerebellar ataxia with epilepsy,,,,,False,True,16
MONDO_0011838,MONDO_0100444,Bothnia retinal dystrophy,RLBP1-related retinopathy,139,187,1,False,True,False,False,False,False,,Bothnia retinal dystrophy,,,,,False,True,139
MONDO_0011871,MONDO_0020384,Niemann-Pick disease type B,Niemann-Pick disease type E,213,26,1,False,True,False,False,False,False,,"Niemann-Pick disease, type E",,,,,False,True,26
MONDO_0011925,MONDO_0100228,congenital merosin-deficient muscular dystrophy 1A,LAMA2-related muscular dystrophy,55,167,1,False,True,False,False,False,False,,LAMA2-related muscular dystrophy,,,,,False,True,55
MONDO_0012013,Orphanet_2084,"Weill-Marchesani syndrome 2, dominant",Glaucoma - ectopia - microspherophakia - stiff joints - short stature,73,128,1,False,False,True,False,False,False,,,Orphanet:2084,,,,False,True,73
MONDO_0012016,MONDO_0020783,capillary malformation-arteriovenous malformation syndrome,capillary malformation-arteriovenous malformation 1,23,20,1,False,True,False,False,False,False,,Capillary Malformation-Arteriovenous Malformation,,,,,False,True,20
MONDO_0012056,MONDO_0800101,Leber congenital amaurosis 9,NMNAT1-related retinopathy,128,104,1,False,True,False,False,False,False,,Leber congenital amaurosis 9,,,,,False,True,104
MONDO_0012177,MONDO_0100449,posterior column ataxia-retinitis pigmentosa syndrome,FLVCR1-related retinopathy with or without ataxia,63,32,1,False,True,False,False,False,False,,posterior column ataxia-retinitis pigmentosa syndrome,,,,,False,True,32
MONDO_0012190,Orphanet_300333,"epidermolysis bullosa simplex 7, with nephropathy and deafness",Nephrotic syndrome-deafness-pretibial epidermolysis bullosa syndrome,29,10,1,False,True,False,False,False,False,,nephrotic syndrome - deafness - pretibial epidermolysis bullosa syndrome,,,,,False,True,10
MONDO_0012197,MONDO_0015909,idiopathic aplastic anemia,aplastic anemia,220,3479,1,False,True,False,False,False,False,,aplastic anemia,,,,,False,True,220
MONDO_0012205,Orphanet_228169,autosomal dominant striatal neurodegeneration type 1,Autosomal dominant striatal neurodegeneration,174,137,1,False,True,False,False,False,False,,autosomal dominant striatal neurodegeneration,,,,,False,True,137
MONDO_0012221,MONDO_0019264,alpha-N-acetylgalactosaminidase deficiency type 1,alpha-N-acetylgalactosaminidase deficiency type 3,26,94,1,False,True,False,False,False,False,,"Alpha-N-acetylgalactosaminidase deficiency, type 3",,,,,False,True,26
MONDO_0012258,Orphanet_158681,"epidermolysis bullosa simplex 2E, with migratory circinate erythema",Epidermolysis bullosa simplex with circinate migratory erythema,8,60,1,False,False,True,False,False,False,,,Orphanet:158681,,,,False,True,8
MONDO_0012359,Orphanet_231154,combined immunodeficiency due to partial RAG1 deficiency,Combined immunodeficiency T+ B+ due to partial RAG1 deficiency,602,1,1,False,False,True,False,False,False,,,Orphanet:231154,,,,True,True,1
MONDO_0012382,MONDO_0017715,"hyperinsulinemic hypoglycemia, familial, 4",3-hydroxyacyl-CoA dehydrogenase deficiency,4353,91,1,False,True,False,False,False,False,,3-hydroxyacyl-CoA dehydrogenase deficiency,,,,,False,True,91
MONDO_0012391,Orphanet_228354,neuronal ceroid lipofuscinosis 8 northern epilepsy variant,CLN8 disease,40,98,1,False,True,False,False,False,False,,CLN8,,,,,False,True,40
MONDO_0012432,MONDO_0100451,Joubert syndrome 5,CEP290-related ciliopathy,36,113,1,False,True,False,False,False,False,,Joubert syndrome 5,,,,,False,True,36
MONDO_0012433,MONDO_0100451,Senior-Loken syndrome 6,CEP290-related ciliopathy,30,113,1,False,True,False,False,False,False,,SENIOR-Loken syndrome 6,,,,,False,True,30
MONDO_0012455,MONDO_0027407,Kleefstra syndrome,Kleefstra syndrome 1,198,114,1,False,True,False,False,False,False,,Kleefstra syndrome,,,,,False,True,114
MONDO_0012476,Orphanet_101010,hereditary spastic paraplegia 30,Autosomal recessive spastic paraplegia type 30,127,100,1,False,False,True,False,False,False,,,Orphanet:101010,,,,False,True,100
MONDO_0012500,MONDO_0019557,chilblain lupus 1,chilblain lupus,26,234,1,False,True,False,False,False,False,,chilblain lupus,,,,,False,True,26
MONDO_0012519,MONDO_0022752,Rubinstein-Taybi syndrome due to 16p13.3 microdeletion,chromosome 16p13.3 deletion syndrome,46,14,1,False,True,False,False,False,False,,chromosome 16p13.3 deletion syndrome,,,,,False,True,14
MONDO_0012544,MONDO_0800344,brachydactyly-syndactyly syndrome,brachydactyly-syndactyly-oligodactyly syndrome,120,2,1,False,True,False,False,False,False,,brachydactyly-syndactyly-oligodactyly syndrome,,,,,False,True,2
MONDO_0012548,MONDO_0015134,Kostmann syndrome,constitutional neutropenia,89,2878,1,False,True,False,False,False,False,,Kostmann disease,,,,,False,True,89
MONDO_0012626,MONDO_0100451,"Meckel syndrome, type 4",CEP290-related ciliopathy,70,113,1,False,True,False,False,False,False,,"Meckel syndrome, type 4",,,,,False,True,70
MONDO_0012634,Orphanet_314555,craniofacial dysplasia - osteopenia syndrome,Craniofacial dysplasia-osteopenia syndrome,108,81,1,True,False,False,False,False,False,craniofacial dysplasia osteopenia,,,,,,False,True,81
MONDO_0012723,MONDO_0100451,Leber congenital amaurosis 10,CEP290-related ciliopathy,34,113,1,False,True,False,False,False,False,,Leber congenital amaurosis 10,,,,,False,True,34
MONDO_0012808,MONDO_0800347,dilated cardiomyopathy 1AA,"cardiomyopathy, familial hypertrophic, 23, with or without ventricular noncompaction",391,2,1,False,True,False,False,False,False,,"cardiomyopathy, familial hypertrophic, 23, with or without ventricular noncompaction",,,,,False,True,2
MONDO_0012830,MONDO_0019190,chromosome 10q23 deletion syndrome,juvenile polyposis of infancy,20,16,1,False,True,False,False,False,False,,juvenile polyposis of infancy,,,,,False,True,16
MONDO_0012864,MONDO_0100147,chromosome 2q32-q33 deletion syndrome,SATB2 associated disorder,81,889,1,False,True,False,False,False,False,,SATB2-associated syndrome,,,,,False,True,81
MONDO_0012897,MONDO_0020587,congenital factor XI deficiency,factor XI deficiency,29,32,1,False,True,False,False,False,False,,factor XI deficiency,,,,,False,True,29
MONDO_0012901,MONDO_0044744,inherited prekallikrein deficiency,prekallikrein deficiency,10,15,1,False,True,False,False,False,False,,prekallikrein deficiency,,,,,False,True,10
MONDO_0012912,Orphanet_665,pseudopseudohypoparathyroidism,Albright hereditary osteodystrophy,157,144,1,False,False,True,False,False,False,,,Orphanet:665,,,,False,True,144
MONDO_0012960,MONDO_0034099,"intellectual disability, autosomal dominant 5",SYNGAP1-related developmental and epileptic encephalopathy,39,5,1,False,True,False,False,False,False,,SYNGAP1-related developmental and epileptic encephalopathy,,,,,False,True,5
MONDO_0013000,Orphanet_95157,porphyria due to ALA dehydratase deficiency,Acute hepatic porphyria,53,22,1,False,True,False,False,False,False,,acute hepatic porphyria,,,,,False,True,22
MONDO_0013150,Orphanet_238455,"parkinsonism-dystonia, infantile",Infantile dystonia-parkinsonism,758,708,1,False,False,True,False,False,False,,,Orphanet:238455,,,,False,True,708
MONDO_0013176,Orphanet_363992,"Weill-Marchesani 4 syndrome, recessive",Ichthyosis-short stature-brachydactyly-microspherophakia syndrome,87,12,1,False,True,False,False,False,False,,ichthyosis-short stature-brachydactyly-microspherophakia syndrome,,,,,True,True,12
MONDO_0013222,Orphanet_399096,Miyoshi muscular dystrophy 3,Distal anoctaminopathy,46,38,1,False,True,False,False,False,False,,distal anoctaminopathy,,,,,False,True,38
MONDO_0013226,Orphanet_221139,combined immunodeficiency with faciooculoskeletal anomalies,Combined immunodeficiency with facio-oculo-skeletal anomalies,32,39,1,False,False,True,False,False,False,,,Orphanet:221139,,,,False,True,32
MONDO_0013271,Orphanet_306542,frontonasal dysplasia - severe microphthalmia - severe facial clefting syndrome,Frontonasal dysplasia-severe microphthalmia-severe facial clefting syndrome,26,66,1,True,False,False,False,False,False,frontonasal dysplasia severe microphthalmia severe facial clefting,,,,,,False,True,26
MONDO_0013291,Orphanet_263297,glycogen storage disease XV,Glycogen storage disease due to glycogenin deficiency,285,201,1,False,False,True,False,False,False,,,Orphanet:263297,,,,False,True,201
MONDO_0013304,MONDO_0015628,von Willebrand disease 2,von Willebrand disease type 2A,60,5,1,False,True,False,False,False,False,,"Von Willebrand disease, type 2A",,,,,False,True,5
MONDO_0013304,MONDO_0015629,von Willebrand disease 2,von Willebrand disease type 2B,60,8,1,False,True,False,False,False,False,,"Von Willebrand disease, type 2B",,,,,False,True,8
MONDO_0013304,MONDO_0015630,von Willebrand disease 2,von Willebrand disease type 2M,60,3,1,False,True,False,False,False,False,,"Von Willebrand disease, type 2M",,,,,False,True,3
MONDO_0013304,MONDO_0015631,von Willebrand disease 2,von Willebrand disease type 2N,60,3,1,False,True,False,False,False,False,,"Von Willebrand disease, type 2N",,,,,False,True,3
MONDO_0013361,MONDO_0024307,congenital prothrombin deficiency,prothrombin deficiency,19,7,1,False,True,False,False,False,False,,prothrombin deficiency,,,,,False,True,7
MONDO_0013427,Orphanet_391311,immunodeficiency 31B,Susceptibility to viral and mycobacterial infections,201,5,1,False,True,False,False,False,False,,susceptibility to viral and mycobacterial infections,,,,,False,True,5
MONDO_0013468,MONDO_0800353,retinitis pigmentosa 59,"congenital disorder of glycosylation, type Ibb",30,2,1,False,True,False,False,False,False,,"congenital disorder of glycosylation, type Ibb",,,,,False,True,2
MONDO_0013517,MONDO_0019402,beta-thalassemia HBB/LCRB,beta thalassemia,252,1439,1,False,True,False,False,False,False,,beta-thalassemia,,,,,False,True,252
MONDO_0013517,Orphanet_848,beta-thalassemia HBB/LCRB,Beta-thalassemia,252,1027,1,False,True,False,False,False,False,,beta-thalassemia,,,,,False,True,252
MONDO_0013563,MONDO_0100247,multiple congenital anomalies-hypotonia-seizures syndrome 1,multiple congenital anomalies-hypotonia-seizures syndrome,67,40,1,False,True,False,False,False,False,,multiple congenital anomalies - hypotonia - seizures syndrome,,,,,False,True,40
MONDO_0013700,MONDO_0017711,pancreatic triacylglycerol lipase deficiency,pancreatic colipase deficiency,292,23,1,False,True,False,False,False,False,,pancreatic colipase deficiency,,,,,False,True,23
MONDO_0013726,Orphanet_330050,"encephalopathy, lethal, due to defective mitochondrial peroxisomal fission 1",Lethal encephalopathy due to mitochondrial and peroxisomal fission defect,53,98,1,False,True,False,False,False,False,,lethal encephalopathy due to mitochondrial and peroxisomal fission defect,,,,,False,True,53
MONDO_0013743,Orphanet_300345,autosomal systemic lupus erythematosus type 16,Autosomal recessive systemic lupus erythematosus,222,14,1,False,False,True,False,False,False,,,Orphanet:300345,,,,False,True,14
MONDO_0013815,MONDO_0019698,bent bone dysplasia syndrome 1,bent bone dysplasia,229,773,1,False,True,False,False,False,False,,bent bone dysplasia syndrome,,,,,False,True,229
MONDO_0013840,Orphanet_319678,encephalopathy-hypertrophic cardiomyopathy-renal tubular disease syndrome,Encephalopathy - hypertrophic cardiomyopathy - renal tubular disease,27,26,1,False,False,True,False,False,False,,,Orphanet:319678,,,,False,True,26
MONDO_0013889,Orphanet_391677,short stature-optic atrophy-Pelger-HuC+t anomaly syndrome,Short stature-optic atrophy-Pelger-Huët anomaly syndrome,40,42,1,False,True,False,False,False,False,,short stature-optic atrophy-Pelger-Huët anomaly syndrome,,,,,False,True,40
MONDO_0013952,MONDO_0800365,peroxisome biogenesis disorder 13A (Zellweger),"peroxisome biogenesis disorder, complementation group K",38,2,1,False,True,False,False,False,False,,"peroxisome biogenesis disorder, complementation group K",,,,,False,True,2
MONDO_0013968,Orphanet_711,PGM1-congenital disorder of glycosylation,Glycogen storage disease due to phosphoglucomutase deficiency,58,1,1,False,True,False,False,False,False,,glycogen storage disease due to phosphoglucomutase deficiency,,,,,True,True,1
MONDO_0014020,Orphanet_320375,hereditary spastic paraplegia 55,Autosomal recessive spastic paraplegia type 55,31,59,1,False,True,False,False,False,False,,autosomal recessive spastic paraplegia type 55,,,,,False,True,31
MONDO_0014033,Orphanet_329466,dystonia 25,"Autosomal dominant focal dystonia, DYT25",21,22,1,False,False,True,False,False,False,,,Orphanet:329466,,,,False,True,21
MONDO_0014097,MONDO_0020718,congenital short bowel syndrome,"congenital short bowel syndrome, autosomal recessive",154,20,1,False,True,False,False,False,False,,congenital short bowel syndrome,,,,,False,True,20
MONDO_0014158,Orphanet_93591,nephronophthisis 16,Infantile nephronophthisis,126,10,1,False,True,False,False,False,False,,infantile nephronophthisis,,,,,True,True,10
MONDO_0014163,MONDO_0800368,left ventricular noncompaction 10,"cardiomyopathy, dilated, 1MM",230,2,1,False,True,False,False,False,False,,"cardiomyopathy, dilated, 1Mm",,,,,False,True,2
MONDO_0014195,Orphanet_369970,microcornea-myopic chorioretinal atrophy,Microcornea-myopic chorioretinal atrophy-telecanthus syndrome,11,37,1,False,True,False,False,False,False,,microcornea-myopic chorioretinal atrophy-telecanthus syndrome,,,,,False,True,11
MONDO_0014201,Orphanet_369894,"developmental and epileptic encephalopathy, 18",Early infantile epileptic encephalopathy without suppression burst,37,24,1,False,True,False,False,False,False,,early infantile epileptic encephalopathy without suppression burst,,,,,False,True,24
MONDO_0014206,MONDO_0014659,severe early-onset pulmonary alveolar proteinosis due to MARS deficiency,infantile liver failure syndrome 2,71,24,1,False,True,False,False,False,False,,infantile liver failure syndrome 2,,,,,False,True,24
MONDO_0014243,MONDO_0018354,Schaaf-Yang syndrome,Prader-Willi-like syndrome,81,51,1,False,True,False,False,False,False,,Prader-Willi-like syndrome,,,,,False,True,51
MONDO_0014243,Orphanet_398069,Schaaf-Yang syndrome,Prader-Willi syndrome due to point mutation,81,54,1,False,True,False,False,False,False,,Prader-Willi syndrome due to point mutation,,,,,True,True,54
MONDO_0014252,MONDO_0017774,familial hypobetalipoproteinemia 1,hypobetalipoproteinemia,151,456,1,False,True,False,False,False,False,,hypobetalipoproteinemia,,,,,False,True,151
MONDO_0014282,Orphanet_401849,hereditary spastic paraplegia 72,Autosomal recessive spastic paraplegia type 72,110,87,1,False,False,True,False,False,False,,,Orphanet:401849,,,,False,True,87
MONDO_0014327,Orphanet_402003,"palmoplantar keratoderma, nonepidermolytic, focal or diffuse",Autosomal dominant focal non-epidermolytic palmoplantar keratoderma with plantar blistering,27,6,1,False,True,False,False,False,False,,autosomal dominant focal non-epidermolytic palmoplantar keratoderma with plantar blistering,,,,,False,True,6
MONDO_0014359,MONDO_0800377,"pigmented nodular adrenocortical disease, primary, 4","ACTH-independent adrenal Cushing syndrome, somatic",41,2,1,False,True,False,False,False,False,,"ACTH-independent adrenal Cushing syndrome, somatic",,,,,False,True,2
MONDO_0014442,MONDO_0100451,Bardet-Biedl syndrome 14,CEP290-related ciliopathy,36,113,1,False,True,False,False,False,False,,Bardet-Biedl syndrome 14,,,,,False,True,36
MONDO_0014476,Orphanet_401953,episodic ataxia type 8,Episodic ataxia with slurred speech,109,147,1,False,True,False,False,False,False,,episodic ataxia with slurred speech,,,,,False,True,109
MONDO_0014741,MONDO_0018760,DeSanto-Shinawi syndrome due to WAC point mutation,DeSanto-Shinawi syndrome,43,9,1,False,True,False,False,False,False,,DESANTO-SHINAWI syndrome,,,,,False,True,9
MONDO_0014804,Orphanet_255132,sideroblastic anemia 3,Adult-onset autosomal recessive sideroblastic anemia,659,527,1,False,True,False,False,False,False,,adult-onset autosomal recessive sideroblastic anemia,,,,,False,True,527
MONDO_0014846,Orphanet_404493,"spinocerebellar ataxia, autosomal recessive 23",Autosomal recessive cerebellar ataxia-epilepsy-intellectual disability syndrome due to TUD deficiency,45,18,1,False,True,False,False,False,False,,autosomal recessive cerebellar ataxia - epilepsy - intellectual disability syndrome due to TUD deficiency,,,,,False,True,18
MONDO_0015047,Orphanet_100031,amelogenesis imperfecta type 1,Hypoplastic amelogenesis imperfecta,149,163,1,False,True,False,False,False,False,,hypoplastic amelogenesis imperfecta,,,,,False,True,149
MONDO_0015048,Orphanet_100033,amelogenesis imperfecta type 2,Hypomaturation amelogenesis imperfecta,96,158,1,False,True,False,False,False,False,,hypomaturation amelogenesis imperfecta,,,,,False,True,96
MONDO_0015167,MONDO_0019760,amniotic band syndrome,terminal transverse defects of arm,41,1,1,False,True,False,False,False,False,,terminal transverse defects of arm,,,,,False,True,1
MONDO_0015238,Orphanet_1135,arrhinia-choanal atresia-microphthalmia syndrome,Arrhinia - choanal atresia - microphthalmia,16,30,1,True,False,False,False,False,False,arrhinia choanal atresia microphthalmia,,,,,,False,True,16
MONDO_0015281,Orphanet_1344,atrial standstill,Atrial stand still,448,331,1,False,False,True,False,False,False,,,Orphanet:1344,,,,False,True,331
MONDO_0015333,MONDO_0020732,progeroid syndrome,progeria,1597,716,1,False,True,False,False,False,False,,progeria,,,,,False,True,716
MONDO_0015353,MONDO_0100350,"neuronopathy, distal hereditary motor, type 5A","neuronopathy, distal hereditary motor, type 5",39,45,1,False,True,False,False,False,False,,"neuronopathy, distal hereditary motor, type 5",,,,,False,True,39
MONDO_0015358,MONDO_0015626,hereditary motor and sensory neuropathy,Charcot-Marie-Tooth disease,159,1459,1,False,True,False,False,False,False,,hereditary motor and sensory neuropathy,,,,,False,True,159
MONDO_0015480,MONDO_0015481,coloboma of superior eyelid,coloboma of inferior eyelid,2,2,1,False,False,False,False,True,False,,,,,72dedce60c7ae19730b20328e9e8d015c68de8ea,,False,False,2
MONDO_0015520,MONDO_0015521,late infantile CACH syndrome,juvenile or adult CACH syndrome,6,6,1,False,False,False,False,True,False,,,,,7778c9dc84a6c0efc75f45fc0eef0f2b35771030,,False,False,6
MONDO_0015540,Orphanet_540,hemophagocytic syndrome,Familial hemophagocytic lymphohistiocytosis,1098,858,1,False,True,False,False,False,False,,familial hemophagocytic lymphohistiocytosis,,,,,False,True,858
MONDO_0015653,Orphanet_166472,monogenic epilepsy,Monogenic disease with epilepsy,499,715,1,False,True,False,False,False,False,,monogenic disease with epilepsy,,,,,False,True,499
MONDO_0015667,MONDO_0018874,acute myeloid leukemia by FAB classification,acute myeloid leukemia,5780,3,1,False,True,False,False,False,False,,acute myeloid leukemia,,,,,True,True,3
MONDO_0015700,Orphanet_169150,immunodeficiency due to a late component of complement deficiency,Immunodeficiency due to a late component of complements deficiency,148,261,1,False,False,True,False,False,False,,,Orphanet:169150,,,,False,True,148
MONDO_0015715,MONDO_0015716,severe hemophilia B,moderately severe hemophilia B,2,2,1,False,False,False,False,True,False,,,,,68d158d7b9636c16e9c9445a9985b7320b99b367,,False,False,2
MONDO_0015715,MONDO_0015717,severe hemophilia B,mild hemophilia B,2,2,1,False,False,False,False,True,False,,,,,68d158d7b9636c16e9c9445a9985b7320b99b367,,False,False,2
MONDO_0015715,MONDO_0015788,severe hemophilia B,symptomatic form of hemophilia B in female carriers,2,2,1,False,False,False,False,True,False,,,,,68d158d7b9636c16e9c9445a9985b7320b99b367,,False,False,2
MONDO_0015716,MONDO_0015717,moderately severe hemophilia B,mild hemophilia B,2,2,1,False,False,False,False,True,False,,,,,68d158d7b9636c16e9c9445a9985b7320b99b367,,False,False,2
MONDO_0015716,MONDO_0015788,moderately severe hemophilia B,symptomatic form of hemophilia B in female carriers,2,2,1,False,False,False,False,True,False,,,,,68d158d7b9636c16e9c9445a9985b7320b99b367,,False,False,2
MONDO_0015717,MONDO_0015788,mild hemophilia B,symptomatic form of hemophilia B in female carriers,2,2,1,False,False,False,False,True,False,,,,,68d158d7b9636c16e9c9445a9985b7320b99b367,,False,False,2
MONDO_0015722,Orphanet_98434,congenital vitamin K-dependent coagulation factors deficiency,Hereditary combined deficiency of vitamin K-dependent clotting factors,186,30,1,False,False,True,False,False,False,,,Orphanet:98434,,,,False,True,30
MONDO_0015729,MONDO_0022180,mosaic trisomy 16,chromosome 16 trisomy,45,60,1,False,True,False,False,False,False,,mosaic trisomy 16,,,,,False,True,45
MONDO_0015764,MONDO_0022757,mosaic trisomy 20,chromosome 20 trisomy,19,22,1,False,True,False,False,False,False,,mosaic trisomy 20,,,,,False,True,19
MONDO_0015780,MONDO_0018045,dyskeratosis congenita,Hoyeraal-Hreidarsson syndrome,875,101,1,False,True,False,False,False,False,,Hoyeraal-Hreidarsson syndrome,,,,,False,True,101
MONDO_0015951,Orphanet_183490,hereditary photodermatosis,Genetic photodermatosis,3097,332,1,False,False,True,False,False,False,,,Orphanet:183490,,,,False,True,332
MONDO_0015962,Orphanet_183592,inherited renal tubular disease,Genetic renal tubular disease,2596,1654,1,False,True,False,False,False,False,,genetic renal tubular disease,,,,,True,True,1654
MONDO_0015993,MONDO_0100438,cone-rod dystrophy,AIPL1-related retinopathy,446,89,1,False,True,False,False,False,False,,cone-rod dystrophy,,,,,False,True,89
MONDO_0016107,MONDO_0016120,myotonic dystrophy,myotonic syndrome,1294,1311,1,False,True,False,False,False,False,,myotonic disease,,,,,False,True,1294
MONDO_0016160,Orphanet_2076,X-linked intellectual disability-epilepsy syndrome,X-linked intellectual disability - epilepsy,276,595,1,True,False,False,False,False,False,x linked intellectual disability epilepsy,,,,,,False,True,276
MONDO_0016193,MONDO_0016194,qualitative or quantitative defects of alpha-actin,qualitative or quantitative defects of nebulin,210,210,1,False,False,False,False,True,False,,,,,b60409eca5b8601723d72425a3329b8491a4d348,,False,False,210
MONDO_0016306,MONDO_0016307,"Niemann-Pick disease type C, severe perinatal form","Niemann-Pick disease type C, severe early infantile neurologic onset",3,3,1,False,False,False,False,True,False,,,,,666969434423b18a4a7c4aa84812c441f7f1a039,,False,False,3
MONDO_0016306,MONDO_0016308,"Niemann-Pick disease type C, severe perinatal form","Niemann-Pick disease type C, late infantile neurologic onset",3,3,1,False,False,False,False,True,False,,,,,666969434423b18a4a7c4aa84812c441f7f1a039,,False,False,3
MONDO_0016306,MONDO_0016309,"Niemann-Pick disease type C, severe perinatal form","Niemann-Pick disease type C, juvenile neurologic onset",3,3,1,False,False,False,False,True,False,,,,,666969434423b18a4a7c4aa84812c441f7f1a039,,False,False,3
MONDO_0016306,MONDO_0016310,"Niemann-Pick disease type C, severe perinatal form","Niemann-Pick disease type C, adult neurologic onset",3,3,1,False,False,False,False,True,False,,,,,666969434423b18a4a7c4aa84812c441f7f1a039,,False,False,3
MONDO_0016307,MONDO_0016308,"Niemann-Pick disease type C, severe early infantile neurologic onset","Niemann-Pick disease type C, late infantile neurologic onset",3,3,1,False,False,False,False,True,False,,,,,666969434423b18a4a7c4aa84812c441f7f1a039,,False,False,3
MONDO_0016307,MONDO_0016309,"Niemann-Pick disease type C, severe early infantile neurologic onset","Niemann-Pick disease type C, juvenile neurologic onset",3,3,1,False,False,False,False,True,False,,,,,666969434423b18a4a7c4aa84812c441f7f1a039,,False,False,3
MONDO_0016307,MONDO_0016310,"Niemann-Pick disease type C, severe early infantile neurologic onset","Niemann-Pick disease type C, adult neurologic onset",3,3,1,False,False,False,False,True,False,,,,,666969434423b18a4a7c4aa84812c441f7f1a039,,False,False,3
MONDO_0016308,MONDO_0016309,"Niemann-Pick disease type C, late infantile neurologic onset","Niemann-Pick disease type C, juvenile neurologic onset",3,3,1,False,False,False,False,True,False,,,,,666969434423b18a4a7c4aa84812c441f7f1a039,,False,False,3
MONDO_0016308,MONDO_0016310,"Niemann-Pick disease type C, late infantile neurologic onset","Niemann-Pick disease type C, adult neurologic onset",3,3,1,False,False,False,False,True,False,,,,,666969434423b18a4a7c4aa84812c441f7f1a039,,False,False,3
MONDO_0016309,MONDO_0016310,"Niemann-Pick disease type C, juvenile neurologic onset","Niemann-Pick disease type C, adult neurologic onset",3,3,1,False,False,False,False,True,False,,,,,666969434423b18a4a7c4aa84812c441f7f1a039,,False,False,3
MONDO_0016393,Orphanet_2250,hyposmia-nasal and ocular hypoplasia-hypogonadotropic hypogonadism syndrome,Hyposmia - nasal and ocular hypoplasia - hypogonadotropic hypogonadism,12,30,1,True,False,False,False,False,False,hyposmia nasal and ocular hypoplasia hypogonadotropic hypogonadism,,,,,,False,True,12
MONDO_0016395,Orphanet_2253,foveal hypoplasia-presenile cataract syndrome,Foveal hypoplasia - presenile cataract,105,7,1,True,False,False,False,False,False,foveal hypoplasia presenile cataract,,,,,,False,True,7
MONDO_0016487,MONDO_0019402,beta-thalassemia intermedia,beta thalassemia,189,1439,1,False,True,False,False,False,False,,Beta thalassemia intermedia,,,,,False,True,189
MONDO_0016581,MONDO_0018089,conotruncal heart malformations,double outlet right ventricle,1463,99,1,False,True,False,False,False,False,,Double-outlet right ventricle,,,,,False,True,99
MONDO_0016583,Orphanet_2454,familial intestinal malrotation-facial anomalies syndrome,Familial intestinal malrotation - facial anomalies,1,12,1,True,False,False,False,False,False,familial intestinal malrotation facial anomalies,,,,,,False,True,1
MONDO_0016620,MONDO_0024546,primary hypertrophic osteoarthropathy,"hypertrophic osteoarthropathy, primary, autosomal recessive, 1",180,37,1,False,True,False,False,False,False,,"hypertrophic osteoarthropathy, primary, autosomal recessive, 1",,,,,False,True,37
MONDO_0016622,MONDO_0017162,Melhem-Fahl syndrome,imperforate oropharynx-costo vetebral anomalies syndrome,2,2,1,False,False,False,False,True,False,,,,,34ed5a4be6c3d33b64b80d7c841ecb756992ca82,,False,False,2
MONDO_0016622,MONDO_0017980,Melhem-Fahl syndrome,syngnathia multiple anomalies,2,2,1,False,False,False,False,True,False,,,,,34ed5a4be6c3d33b64b80d7c841ecb756992ca82,,False,False,2
MONDO_0016622,MONDO_0018228,Melhem-Fahl syndrome,bipartite talus,2,2,1,False,False,False,False,True,False,,,,,34ed5a4be6c3d33b64b80d7c841ecb756992ca82,,False,False,2
MONDO_0016622,MONDO_0019413,Melhem-Fahl syndrome,ischio-vertebral syndrome,2,2,1,False,False,False,False,True,False,,,,,34ed5a4be6c3d33b64b80d7c841ecb756992ca82,,False,False,2
MONDO_0016624,Orphanet_248296,inherited deficiency anemia,Constitutional deficiency anemia,1323,968,1,False,True,False,False,False,False,,constitutional deficiency anemia,,,,,True,True,968
MONDO_0016642,MONDO_0850302,meningioma,intracranial meningioma,2395,140,1,False,True,False,False,False,False,,intracranial meningioma,,,,,False,True,140
MONDO_0016670,MONDO_0016671,sickle cell-hemoglobin d disease syndrome,sickle cell-hemoglobin E disease syndrome,2,2,1,False,False,False,False,True,False,,,,,de65abc72f4f21cd6ee8758e958cd6284073f387,,False,False,2
MONDO_0016717,MONDO_0024744,choroid plexus neoplasm,childhood choroid plexus neoplasm,140,3,1,False,True,False,False,False,False,,choroid plexus neoplasm,,,,,False,True,3
MONDO_0016945,MONDO_0017013,partial duplication of the short arm of chromosome 8,trisomy 8p,52,20,1,False,True,False,False,False,False,,trisomy 8p,,,,,False,True,20
MONDO_0017052,MONDO_0017053,intermediate maple syrup urine disease,intermittent maple syrup urine disease,5,5,1,False,False,False,False,True,False,,,,,931252e2cecc3be89aa58ebffd91a98a6da9a7bc,,False,False,5
MONDO_0017062,MONDO_0017069,spina bifida aperta,spina bifida cystica,36,174,1,False,True,False,False,False,False,,spina bifida aperta,,,,,False,True,36
MONDO_0017069,MONDO_0019773,spina bifida cystica,myelomeningocele,174,133,1,False,True,False,False,False,False,,myelomeningocele,,,,,False,True,133
MONDO_0017162,MONDO_0017980,imperforate oropharynx-costo vetebral anomalies syndrome,syngnathia multiple anomalies,2,2,1,False,False,False,False,True,False,,,,,34ed5a4be6c3d33b64b80d7c841ecb756992ca82,,False,False,2
MONDO_0017162,MONDO_0018228,imperforate oropharynx-costo vetebral anomalies syndrome,bipartite talus,2,2,1,False,False,False,False,True,False,,,,,34ed5a4be6c3d33b64b80d7c841ecb756992ca82,,False,False,2
MONDO_0017162,MONDO_0019413,imperforate oropharynx-costo vetebral anomalies syndrome,ischio-vertebral syndrome,2,2,1,False,False,False,False,True,False,,,,,34ed5a4be6c3d33b64b80d7c841ecb756992ca82,,False,False,2
MONDO_0017171,MONDO_0017172,"mucopolysaccharidosis type 6, rapidly progressing","mucopolysaccharidosis type 6, slowly progressing",2,2,1,False,False,False,False,True,False,,,,,bee24848f0a617c9e66441eaae864a30d53f03be,,False,False,2
MONDO_0017174,MONDO_0017175,Machado-Joseph disease type 1,Machado-Joseph disease type 2,30,30,1,False,False,False,False,True,False,,,,,950ae1cf81f53d98a2ddc9c05e1343af934d3d83,,False,False,30
MONDO_0017178,Orphanet_251262,osteochondritis dissecans,Familial osteochondritis dissecans,517,36,1,False,True,False,False,False,False,,familial osteochondritis dissecans,,,,,False,True,36
MONDO_0017279,Orphanet_2828,young-onset Parkinson disease,Young adult-onset Parkinsonism,228,433,1,False,False,True,False,False,False,,,Orphanet:2828,,,,False,True,228
MONDO_0017295,MONDO_0017296,"glycerol kinase deficiency, juvenile form","glycerol kinase deficiency, adult form",3,3,1,False,False,False,False,True,False,,,,,6cf8985bd3644c56d9ebe526f7a5f16ce82edfbe,,False,False,3
MONDO_0017351,Orphanet_289832,inborn disorder of lysine and hydroxylysine metabolism,Disorder of lysine and hydroxylysine metabolism,115,34,1,False,True,False,False,False,False,,disorder of lysine and hydroxylysine metabolism,,,,,True,True,34
MONDO_0017389,MONDO_0019258,tetrahydrobiopterin-responsive hyperphenylalaninemia/phenylketonuria,mild phenylketonuria,2,2,1,False,False,False,False,True,False,,,,,7a5aa47b0888eac4005bcc814510bbcad9d831d2,,False,False,2
MONDO_0017393,Orphanet_293642,blepharophimosis - intellectual disability syndrome,Blepharophimosis-intellectual disability syndrome,55,55,1,True,False,False,False,False,False,blepharophimosis intellectual disability,,,,,,True,True,55
MONDO_0017401,MONDO_0017402,"familial isolated arrhythmogenic ventricular dysplasia, left dominant form","familial isolated arrhythmogenic ventricular dysplasia, biventricular form",13,13,1,False,False,False,False,True,False,,,,,f194e62a7ca52fe95917ac10045ca99c32cac47f,,False,False,13
MONDO_0017407,Orphanet_293978,deficiency in anterior pituitary function - variable immunodeficiency syndrome,Deficiency in anterior pituitary function-variable immunodeficiency syndrome,10,31,1,True,False,False,False,False,False,deficiency in anterior pituitary function variable immunodeficiency,,,,,,True,True,10
MONDO_0017424,MONDO_0021004,non-syndromic brachydactyly,brachydactyly,108,579,1,False,True,False,False,False,False,,brachydactyly,,,,,False,True,108
MONDO_0017543,MONDO_0017544,zygodactyly type 2,zygodactyly type 3,2,2,1,False,False,False,False,True,False,,,,,ad502ba327dd103d3b0c110970360f0b0e037eef,,False,False,2
MONDO_0017546,MONDO_0017547,"congenital vertical talus, unilateral","congenital vertical talus, bilateral",2,2,1,False,False,False,False,True,False,,,,,87ceacddfbf9e491d2a7485808e853735ae0285b,,False,False,2
MONDO_0017627,Orphanet_306530,congenital hereditary facial paralysis-variable hearing loss syndrome,Congenital hereditary facial paralysis with variable hearing loss,2,69,1,False,False,True,False,False,False,,,Orphanet:306530,,,,False,True,2
MONDO_0017658,MONDO_0021022,hyperekplexia,hereditary hyperekplexia,90,47,1,False,True,False,False,False,False,,hyperekplexia,,,,,False,True,47
MONDO_0017691,MONDO_0017692,erythrocyte galactose epimerase deficiency,generalized galactose epimerase deficiency,3,3,1,False,False,False,False,True,False,,,,,0400fc5b6170d18f22d78091fc8de00dda29cce1,,False,False,3
MONDO_0017695,MONDO_0017696,"glycogen storage disease due to glycogen branching enzyme deficiency, progressive hepatic form","glycogen storage disease due to glycogen branching enzyme deficiency, non progressive hepatic form",2,2,1,False,False,False,False,True,False,,,,,30c5885518ccabd971a0e7029b697fe901f3b2af,,False,False,2
MONDO_0017695,MONDO_0017697,"glycogen storage disease due to glycogen branching enzyme deficiency, progressive hepatic form","glycogen storage disease due to glycogen branching enzyme deficiency, fatal perinatal neuromuscular form",2,2,1,False,False,False,False,True,False,,,,,30c5885518ccabd971a0e7029b697fe901f3b2af,,False,False,2
MONDO_0017695,MONDO_0017698,"glycogen storage disease due to glycogen branching enzyme deficiency, progressive hepatic form","glycogen storage disease due to glycogen branching enzyme deficiency, congenital neuromuscular form",2,2,1,False,False,False,False,True,False,,,,,30c5885518ccabd971a0e7029b697fe901f3b2af,,False,False,2
MONDO_0017695,MONDO_0017699,"glycogen storage disease due to glycogen branching enzyme deficiency, progressive hepatic form","glycogen storage disease due to glycogen branching enzyme deficiency, childhood combined hepatic and myopathic form",2,2,1,False,False,False,False,True,False,,,,,30c5885518ccabd971a0e7029b697fe901f3b2af,,False,False,2
MONDO_0017695,MONDO_0017700,"glycogen storage disease due to glycogen branching enzyme deficiency, progressive hepatic form","glycogen storage disease due to glycogen branching enzyme deficiency, childhood neuromuscular form",2,2,1,False,False,False,False,True,False,,,,,30c5885518ccabd971a0e7029b697fe901f3b2af,,False,False,2
MONDO_0017695,MONDO_0017701,"glycogen storage disease due to glycogen branching enzyme deficiency, progressive hepatic form","glycogen storage disease due to glycogen branching enzyme deficiency, adult neuromuscular form",2,2,1,False,False,False,False,True,False,,,,,30c5885518ccabd971a0e7029b697fe901f3b2af,,False,False,2
MONDO_0017696,MONDO_0017697,"glycogen storage disease due to glycogen branching enzyme deficiency, non progressive hepatic form","glycogen storage disease due to glycogen branching enzyme deficiency, fatal perinatal neuromuscular form",2,2,1,False,False,False,False,True,False,,,,,30c5885518ccabd971a0e7029b697fe901f3b2af,,False,False,2
MONDO_0017696,MONDO_0017698,"glycogen storage disease due to glycogen branching enzyme deficiency, non progressive hepatic form","glycogen storage disease due to glycogen branching enzyme deficiency, congenital neuromuscular form",2,2,1,False,False,False,False,True,False,,,,,30c5885518ccabd971a0e7029b697fe901f3b2af,,False,False,2
MONDO_0017696,MONDO_0017699,"glycogen storage disease due to glycogen branching enzyme deficiency, non progressive hepatic form","glycogen storage disease due to glycogen branching enzyme deficiency, childhood combined hepatic and myopathic form",2,2,1,False,False,False,False,True,False,,,,,30c5885518ccabd971a0e7029b697fe901f3b2af,,False,False,2
MONDO_0017696,MONDO_0017700,"glycogen storage disease due to glycogen branching enzyme deficiency, non progressive hepatic form","glycogen storage disease due to glycogen branching enzyme deficiency, childhood neuromuscular form",2,2,1,False,False,False,False,True,False,,,,,30c5885518ccabd971a0e7029b697fe901f3b2af,,False,False,2
MONDO_0017696,MONDO_0017701,"glycogen storage disease due to glycogen branching enzyme deficiency, non progressive hepatic form","glycogen storage disease due to glycogen branching enzyme deficiency, adult neuromuscular form",2,2,1,False,False,False,False,True,False,,,,,30c5885518ccabd971a0e7029b697fe901f3b2af,,False,False,2
MONDO_0017697,MONDO_0017698,"glycogen storage disease due to glycogen branching enzyme deficiency, fatal perinatal neuromuscular form","glycogen storage disease due to glycogen branching enzyme deficiency, congenital neuromuscular form",2,2,1,False,False,False,False,True,False,,,,,30c5885518ccabd971a0e7029b697fe901f3b2af,,False,False,2
MONDO_0017697,MONDO_0017699,"glycogen storage disease due to glycogen branching enzyme deficiency, fatal perinatal neuromuscular form","glycogen storage disease due to glycogen branching enzyme deficiency, childhood combined hepatic and myopathic form",2,2,1,False,False,False,False,True,False,,,,,30c5885518ccabd971a0e7029b697fe901f3b2af,,False,False,2
MONDO_0017697,MONDO_0017700,"glycogen storage disease due to glycogen branching enzyme deficiency, fatal perinatal neuromuscular form","glycogen storage disease due to glycogen branching enzyme deficiency, childhood neuromuscular form",2,2,1,False,False,False,False,True,False,,,,,30c5885518ccabd971a0e7029b697fe901f3b2af,,False,False,2
MONDO_0017697,MONDO_0017701,"glycogen storage disease due to glycogen branching enzyme deficiency, fatal perinatal neuromuscular form","glycogen storage disease due to glycogen branching enzyme deficiency, adult neuromuscular form",2,2,1,False,False,False,False,True,False,,,,,30c5885518ccabd971a0e7029b697fe901f3b2af,,False,False,2
MONDO_0017698,MONDO_0017699,"glycogen storage disease due to glycogen branching enzyme deficiency, congenital neuromuscular form","glycogen storage disease due to glycogen branching enzyme deficiency, childhood combined hepatic and myopathic form",2,2,1,False,False,False,False,True,False,,,,,30c5885518ccabd971a0e7029b697fe901f3b2af,,False,False,2
MONDO_0017698,MONDO_0017700,"glycogen storage disease due to glycogen branching enzyme deficiency, congenital neuromuscular form","glycogen storage disease due to glycogen branching enzyme deficiency, childhood neuromuscular form",2,2,1,False,False,False,False,True,False,,,,,30c5885518ccabd971a0e7029b697fe901f3b2af,,False,False,2
MONDO_0017698,MONDO_0017701,"glycogen storage disease due to glycogen branching enzyme deficiency, congenital neuromuscular form","glycogen storage disease due to glycogen branching enzyme deficiency, adult neuromuscular form",2,2,1,False,False,False,False,True,False,,,,,30c5885518ccabd971a0e7029b697fe901f3b2af,,False,False,2
MONDO_0017699,MONDO_0017700,"glycogen storage disease due to glycogen branching enzyme deficiency, childhood combined hepatic and myopathic form","glycogen storage disease due to glycogen branching enzyme deficiency, childhood neuromuscular form",2,2,1,False,False,False,False,True,False,,,,,30c5885518ccabd971a0e7029b697fe901f3b2af,,False,False,2
MONDO_0017699,MONDO_0017701,"glycogen storage disease due to glycogen branching enzyme deficiency, childhood combined hepatic and myopathic form","glycogen storage disease due to glycogen branching enzyme deficiency, adult neuromuscular form",2,2,1,False,False,False,False,True,False,,,,,30c5885518ccabd971a0e7029b697fe901f3b2af,,False,False,2
MONDO_0017700,MONDO_0017701,"glycogen storage disease due to glycogen branching enzyme deficiency, childhood neuromuscular form","glycogen storage disease due to glycogen branching enzyme deficiency, adult neuromuscular form",2,2,1,False,False,False,False,True,False,,,,,30c5885518ccabd971a0e7029b697fe901f3b2af,,False,False,2
MONDO_0017724,MONDO_0017725,"Tay-Sachs disease, b variant, infantile form","Tay-Sachs disease, b variant, juvenile form",2,2,1,False,False,False,False,True,False,,,,,d0109c33ee3d3493dca14796fc20ee962975b9f6,,False,False,2
MONDO_0017724,MONDO_0017726,"Tay-Sachs disease, b variant, infantile form","Tay-Sachs disease, B variant, adult form",2,2,1,False,False,False,False,True,False,,,,,d0109c33ee3d3493dca14796fc20ee962975b9f6,,False,False,2
MONDO_0017724,MONDO_0017728,"Tay-Sachs disease, b variant, infantile form","Tay-Sachs disease, B1 variant",2,2,1,False,False,False,False,True,False,,,,,d0109c33ee3d3493dca14796fc20ee962975b9f6,,False,False,2
MONDO_0017725,MONDO_0017726,"Tay-Sachs disease, b variant, juvenile form","Tay-Sachs disease, B variant, adult form",2,2,1,False,False,False,False,True,False,,,,,d0109c33ee3d3493dca14796fc20ee962975b9f6,,False,False,2
MONDO_0017725,MONDO_0017728,"Tay-Sachs disease, b variant, juvenile form","Tay-Sachs disease, B1 variant",2,2,1,False,False,False,False,True,False,,,,,d0109c33ee3d3493dca14796fc20ee962975b9f6,,False,False,2
MONDO_0017726,MONDO_0017728,"Tay-Sachs disease, B variant, adult form","Tay-Sachs disease, B1 variant",2,2,1,False,False,False,False,True,False,,,,,d0109c33ee3d3493dca14796fc20ee962975b9f6,,False,False,2
MONDO_0017748,Orphanet_309515,inborn disorder of glycosphingolipid and glycosylphosphatidylinositol anchor glycosylation,Disorder of glycosphingolipid and glycosylphosphatidylinositol anchor glycosylation,263,10,1,False,True,False,False,False,False,,disorder of glycosphingolipid and glycosylphosphatidylinositol anchor glycosylation,,,,,False,True,10
MONDO_0017778,MONDO_0019306,lamellar ichthyosis,congenital non-bullous ichthyosiform erythroderma,206,188,1,False,True,False,False,False,False,,lamellar ichthyosis,,,,,False,True,188
MONDO_0017816,MONDO_0019438,primary systemic amyloidosis,AL amyloidosis,51,362,1,False,True,False,False,False,False,,primary systemic amyloidosis,,,,,False,True,51
MONDO_0017839,MONDO_0017840,"classic congenital adrenal hyperplasia due to 21-hydroxylase deficiency, salt wasting form","classic congenital adrenal hyperplasia due to 21-hydroxylase deficiency, simple virilizing form",2,2,1,False,False,False,False,True,False,,,,,665122c2a28fc25cee94c8d197655bfbad80a980,,False,False,2
MONDO_0017855,MONDO_0044200,T-B- severe combined immunodeficiency,T-B+ severe combined immunodeficiency,1765,1357,1,True,False,False,False,False,False,t b severe combined immunodeficiency,,,,,,False,True,1357
MONDO_0017855,MONDO_0044201,T-B- severe combined immunodeficiency,T+ B+ severe combined immunodeficiency,1765,1155,1,True,False,False,False,False,False,t b severe combined immunodeficiency,,,,,,False,True,1155
MONDO_0017865,MONDO_0020395,congenital pulmonary valve stenosis,valvar pulmonary stenosis,4,4,1,False,False,False,False,True,False,,,,,d899e0c62480b82eb9afcefbd3357dd7318a3263,,True,False,4
MONDO_0017948,MONDO_0017949,ABetaA21G amyloidosis,"ABeta amyloidosis, Arctic type",2,2,1,False,False,False,False,True,False,,,,,ce7d767fa645bfef67da70d66ddcc778a6120872,,False,False,2
MONDO_0017972,MONDO_0017973,classic congenital lipoid adrenal hyperplasia due to STAR deficency,non-classic congenital lipoid adrenal hyperplasia due to STAR deficency,2,2,1,False,False,False,False,True,False,,,,,aa3c2c5fc06a869e859fe5f4657b5ccc72138c67,,False,False,2
MONDO_0017980,MONDO_0018228,syngnathia multiple anomalies,bipartite talus,2,2,1,False,False,False,False,True,False,,,,,34ed5a4be6c3d33b64b80d7c841ecb756992ca82,,False,False,2
MONDO_0017980,MONDO_0019413,syngnathia multiple anomalies,ischio-vertebral syndrome,2,2,1,False,False,False,False,True,False,,,,,34ed5a4be6c3d33b64b80d7c841ecb756992ca82,,False,False,2
MONDO_0018046,MONDO_0031646,thrombocytopenia-Robin sequence syndrome,Braddock-Carey syndrome,1,39,1,False,True,False,False,False,False,,Braddock Carey syndrome,,,,,False,True,1
MONDO_0018086,MONDO_0018855,ulerythema ophryogenesis,keratosis pilaris atrophicans,70,122,1,False,True,False,False,False,False,,ulerythema ophryogenesis,,,,,False,True,70
MONDO_0018087,MONDO_0600002,viral hemorrhagic fever,hemorrhagic fever,847,1027,1,False,True,False,False,False,False,,hemorrhagic fever,,,,,False,True,847
MONDO_0018094,MONDO_0019518,Waardenburg syndrome,Waardenburg-Shah syndrome,562,131,1,False,True,False,False,False,False,,Waardenburg Shah syndrome,,,,,False,True,131
MONDO_0018098,Orphanet_34517,autosomal dominant limb-girdle muscular dystrophy type 1E (DES),Autosomal dominant limb-girdle muscular dystrophy type 1E,4,1,1,False,False,True,False,False,False,,,Orphanet:34517,,,,True,True,1
MONDO_0018136,MONDO_0018137,minimal pigment oculocutaneous albinism type 1,temperature-sensitive oculocutaneous albinism type 1,2,2,1,False,False,False,False,True,False,,,,,b3d76b35e699554d41e6f2b72152a4adc7799a9d,,False,False,2
MONDO_0018141,MONDO_0018142,"pyruvate carboxylase deficiency, infantile form","pyruvate carboxylase deficiency, severe neonatal type",2,2,1,False,False,False,False,True,False,,,,,b4d903bbdb85a33a602ca9e9b2b85890213a7c6a,,False,False,2
MONDO_0018141,MONDO_0018143,"pyruvate carboxylase deficiency, infantile form","pyruvate carboxylase deficiency, benign type",2,2,1,False,False,False,False,True,False,,,,,b4d903bbdb85a33a602ca9e9b2b85890213a7c6a,,False,False,2
MONDO_0018142,MONDO_0018143,"pyruvate carboxylase deficiency, severe neonatal type","pyruvate carboxylase deficiency, benign type",2,2,1,False,False,False,False,True,False,,,,,b4d903bbdb85a33a602ca9e9b2b85890213a7c6a,,False,False,2
MONDO_0018177,MONDO_0020690,glioblastoma,adult glioblastoma,7004,63,1,False,True,False,False,False,False,,glioblastoma,,,,,False,True,63
MONDO_0018212,Orphanet_36382,familial cervical artery dissection,Familial cervical artery dissections,8,6,1,False,False,True,False,False,False,,,Orphanet:36382,,,,True,True,6
MONDO_0018215,MONDO_0044877,paraneoplastic neurologic syndrome,paraneoplastic cerebellar degeneration,898,33,1,False,True,False,False,False,False,,paraneoplastic cerebellar degeneration,,,,,False,True,33
MONDO_0018228,MONDO_0019413,bipartite talus,ischio-vertebral syndrome,2,2,1,False,False,False,False,True,False,,,,,34ed5a4be6c3d33b64b80d7c841ecb756992ca82,,False,False,2
MONDO_0018276,Orphanet_370953,muscular dystrophy-dystroglycanopathy,Congenital muscular dystrophy due to dystroglycanopathy,617,80,1,False,True,False,False,False,False,,congenital muscular dystrophy due to dystroglycanopathy,,,,,False,True,80
MONDO_0018327,MONDO_0021064,glomus tumor,jugulotympanic paraganglioma,108,39,1,False,True,False,False,False,False,,Glomus tumor,,,,,False,True,39
MONDO_0018431,Orphanet_401993,cold-induced sweating syndrome - hyperthermia spectrum,Cold-induced sweating syndrome-hyperthermia spectrum,121,10,1,True,False,False,False,False,False,cold induced sweating syndrome hyperthermia spectrum,,,,,,True,True,10
MONDO_0018445,Orphanet_404476,global developmental delay - lung cysts - overgrowth - Wilms tumor syndrome,Global developmental delay-lung cysts-overgrowth-Wilms tumor syndrome,33,30,1,True,False,False,False,False,False,global developmental delay lung cysts overgrowth wilms tumor,,,,,,False,True,30
MONDO_0018446,Orphanet_404481,autosomal recessive cerebellar ataxia - epilepsy - intellectual disability syndrome,Autosomal recessive cerebellar ataxia-epilepsy-intellectual disability syndrome,162,7,1,True,False,False,False,False,False,autosomal recessive cerebellar ataxia epilepsy intellectual disability,,,,,,True,True,7
MONDO_0018470,MONDO_0024519,renal agenesis,renal hypodysplasia/aplasia 1,275,40,1,False,True,False,False,False,False,,renal agenesis,,,,,False,True,40
MONDO_0018531,MONDO_0044791,carcinoma of liver and intrahepatic biliary tract,combined hepatocellular carcinoma and cholangiocarcinoma,13509,126,1,False,True,False,False,False,False,,carcinoma of liver and intrahepatic biliary tract,,,,,False,True,126
MONDO_0018696,MONDO_0022308,corticobasal syndrome,corticobasal degeneration disorder,331,156,1,False,True,False,False,False,False,,corticobasal syndrome,,,,,False,True,156
MONDO_0018855,MONDO_0021036,keratosis pilaris atrophicans,keratosis pilaris,122,299,1,False,True,False,False,False,False,,keratosis pilaris,,,,,False,True,122
MONDO_0018877,MONDO_0100443,retinitis punctata albescens,RDH5-related retinopathy,117,135,1,False,True,False,False,False,False,,retinitis punctata albescens,,,,,False,True,117
MONDO_0018877,MONDO_0100444,retinitis punctata albescens,RLBP1-related retinopathy,117,187,1,False,True,False,False,False,False,,retinitis punctata albescens,,,,,False,True,117
MONDO_0018878,Orphanet_107,branchiootic syndrome,BOR syndrome,46,125,1,False,True,False,False,False,False,,BOR,,,,,False,True,46
MONDO_0018878,Orphanet_52429,branchiootic syndrome,Branchio-otic syndrome,46,136,1,False,False,True,False,False,False,,,Orphanet:52429,,,,False,True,46
MONDO_0018950,Orphanet_6,3-methylcrotonyl-CoA carboxylase deficiency,Isolated 3-methylcrotonyl-CoA carboxylase deficiency,39,64,1,False,False,True,False,False,False,,,Orphanet:6,,,,False,True,39
MONDO_0018959,MONDO_0020481,potassium-aggravated myotonia,myotonia fluctuans,100,7,1,False,True,False,False,False,False,,Myotonia Fluctuans,,,,,False,True,7
MONDO_0018959,MONDO_0020482,potassium-aggravated myotonia,myotonia permanens,100,5,1,False,True,False,False,False,False,,Myotonia Permanens,,,,,False,True,5
MONDO_0019040,Orphanet_68335,chromosomal disorder,Chromosomal anomaly,7878,1644,1,False,False,True,False,False,False,,,Orphanet:68335,,,,False,True,1644
MONDO_0019142,MONDO_0037939,inherited porphyria,porphyria,576,755,1,False,True,False,False,False,False,,porphyria,,,,,False,True,576
MONDO_0019182,Orphanet_77828,inherited obesity,Genetic obesity,794,557,1,False,True,False,False,False,False,,genetic obesity,,,,,True,True,557
MONDO_0019189,Orphanet_79062,inborn disorder of amino acid and other organic acid metabolism,Disorder of amino acid and other organic acid metabolism,6271,1663,1,False,True,False,False,False,False,,disorder of amino acid and other organic acid metabolism,,,,,True,True,1663
MONDO_0019216,Orphanet_79166,inborn disorder of amino acid transport,Disorder of amino acid absorption and transport,3000,928,1,False,True,False,False,False,False,,disorder of amino acid absorption and transport,,,,,True,True,928
MONDO_0019219,Orphanet_79169,inborn disorder of neurotransmitter metabolism and transport,Disorder of neurotransmitter metabolism and transport,191,385,1,False,True,False,False,False,False,,disorder of neurotransmitter metabolism and transport,,,,,True,True,191
MONDO_0019223,Orphanet_79174,disorder of fatty acid and ketone body metabolism,Disorder of fatty acid oxidation and ketone body metabolism,939,28,1,False,True,False,False,False,False,,disorder of fatty acid oxidation and ketone body metabolism,,,,,True,True,28
MONDO_0019229,Orphanet_79183,inborn disorder of ketolysis,Disorder of ketone body metabolism,43,4,1,False,False,True,False,False,False,,,Orphanet:79183,,,,True,True,4
MONDO_0019230,Orphanet_79185,inborn disorder of ornithine or proline metabolism,Disorder of ornithine or proline metabolism,510,49,1,False,True,False,False,False,False,,disorder of ornithine or proline metabolism,,,,,True,True,49
MONDO_0019234,MONDO_0019609,peroxisome biogenesis disorder,Zellweger spectrum disorders,361,284,1,False,True,False,False,False,False,,Zellweger spectrum disorders,,,,,False,True,284
MONDO_0019235,Orphanet_79190,inborn disorder of phenylalanine and tyrosine metabolism,Disorder of phenylalanin or tyrosine metabolism,1466,384,1,False,True,False,False,False,False,,disorder of phenylalanin or tyrosine metabolism,,,,,True,True,384
MONDO_0019241,Orphanet_79196,inborn disorder of the gamma-glutamyl cycle,Disorder of the gamma-glutamyl cycle,608,114,1,False,True,False,False,False,False,,disorder of the gamma-glutamyl cycle,,,,,True,True,114
MONDO_0019246,Orphanet_79207,inborn disorder of lysosomal amino acid transport,Disorder of lysosomal amino acid transport,518,112,1,False,True,False,False,False,False,,disorder of lysosomal amino acid transport,,,,,False,True,112
MONDO_0019250,Orphanet_79214,inborn disorder of biogenic amine metabolism and transport,Disorder of biogenic amine metabolism and transport,428,395,1,False,True,False,False,False,False,,disorder of biogenic amine metabolism and transport,,,,,True,True,395
MONDO_0019254,Orphanet_79224,inborn disorder of purine or pyrimidine metabolism,Disorder of purine or pyrimidine metabolism,2704,2676,1,False,True,False,False,False,False,,disorder of purine or pyrimidine metabolism,,,,,True,True,2676
MONDO_0019312,MONDO_0030903,Hermansky-Pudlak syndrome,Hermansky-Pudlak syndrome 11,515,42,1,False,True,False,False,False,False,,Hermansky-Pudlak syndrome,,,,,False,True,42
MONDO_0019336,MONDO_0021056,Gardner syndrome,familial adenomatous polyposis 1,129,187,1,False,True,False,False,False,False,,Gardner syndrome,,,,,False,True,129
MONDO_0019460,MONDO_0020743,acute leukemia of ambiguous lineage,mixed phenotype acute leukemia,289,187,1,False,True,False,False,False,False,,mixed phenotype acute leukemia,,,,,False,True,187
MONDO_0019499,MONDO_0020466,Turner syndrome,monosomy X,451,10,1,False,True,False,False,False,False,,monosomy X,,,,,False,True,10
MONDO_0019530,MONDO_0021002,non-syndromic syndactyly,syndactyly,394,4260,1,False,True,False,False,False,False,,syndactyly,,,,,False,True,394
MONDO_0019568,Orphanet_90318,"Ehlers-Danlos syndrome, classic type, 2",Ehlers-Danlos syndrome type 2,24,78,1,False,False,True,False,False,False,,,Orphanet:90318,,,,False,True,24
MONDO_0019577,Orphanet_90390,anonychia-onychodystrophy syndrome,Anonychia - onychodystrophy,1,10,1,True,False,False,False,False,False,anonychia onychodystrophy,,,,,,False,True,1
MONDO_0019586,MONDO_0020768,X-linked nonsyndromic hearing loss,X-linked deafness,154,153,1,False,True,False,False,False,False,,X-linked deafness,,,,,False,True,153
MONDO_0019644,MONDO_0019645,"renal dysplasia, unilateral","renal dysplasia, bilateral",2,2,1,False,False,False,False,True,False,,,,,a5f379c39186933fd8b78e8d6dbb9119ab9f32cd,,False,False,2
MONDO_0019732,Orphanet_93561,ALys amyloidosis,Familial renal amyloidosis due to lysozyme variant,2,3,1,False,True,False,False,False,False,,familial renal amyloidosis due to lysozyme variant,,,,,True,True,2
MONDO_0019770,Orphanet_93951,X-linked dominant intellectual disability-epilepsy syndrome,X-linked dominant intellectual disability - epilepsy syndrome,1,397,1,True,False,False,False,False,False,x linked dominant intellectual disability epilepsy,,,,,,False,True,1
MONDO_0019772,Orphanet_90186,blepharospasm-oromandibular dystonia syndrome,Meige disease,35,39,1,False,True,False,False,False,False,,Meige Syndrome,,,,,False,True,35
MONDO_0019794,Orphanet_94149,autosomal dominant cerebellar ataxia type IV,Autosomal dominant cerebellar ataxia type 4,288,265,1,False,True,False,False,False,False,,autosomal dominant cerebellar ataxia type 4,,,,,True,True,265
MONDO_0019918,MONDO_0019925,maternal uniparental disomy of chromosome 21,paternal uniparental disomy of chromosome 21,2,2,1,False,False,False,False,True,False,,,,,d5264c35ad590254726feb77e57392ad7e4a5ec6,,False,False,2
MONDO_0019930,MONDO_0019931,Leydig cell hypoplasia due to complete LH resistance,Leydig cell hypoplasia due to partial LH resistance,5,5,1,False,False,False,False,True,False,,,,,6263ea530691064c6f5731aa8d0a1ec1b511e128,,False,False,5
MONDO_0019980,Orphanet_97362,"renal hypoplasia, bilateral",Bilateral renal hypoplasia,67,1,1,False,False,True,False,False,False,,,Orphanet:97362,,,,True,True,1
MONDO_0019994,MONDO_0020468,maternal uniparental disomy of chromosome 13,paternal uniparental disomy of chromosome 13,2,2,1,False,False,False,False,True,False,,,,,1629b6eb6c81035f6f10b7226adbacc3420eb218,,False,False,2
MONDO_0020071,MONDO_0100207,infantile epilepsy syndrome,infantile-onset epilepsy,1001,118,1,False,True,False,False,False,False,,infantile onset epilepsy syndrome,,,,,False,True,118
MONDO_0020099,Orphanet_98362,inherited sideroblastic anemia,Constitutional sideroblastic anemia,1325,694,1,False,True,False,False,False,False,,constitutional sideroblastic anemia,,,,,True,True,694
MONDO_0020135,Orphanet_98523,pontocerebellar hypoplasia,Non-syndromic pontocerebellar hypoplasia,180,248,1,False,False,True,False,False,False,,,Orphanet:98523,,,,False,True,180
MONDO_0020337,Orphanet_98869,congenital dyserythropoietic anemia type 1,Congenital dyserythropoietic anemia type I,8,517,1,False,False,True,False,False,False,,,Orphanet:98869,,,,False,True,8
MONDO_0020344,Orphanet_98913,postsynaptic congenital myasthenic syndrome,Postsynaptic congenital myasthenic syndromes,15,130,1,False,True,False,False,False,False,,postsynaptic congenital myasthenic syndromes,,,,,False,True,15
MONDO_0020387,Orphanet_101042,double outlet right ventricle with subpulmonary ventricular septal defect,Taussig-Bing syndrome,1,1,1,False,True,False,False,False,False,,Taussig-Bing syndrome,,,,,True,True,1
MONDO_0020493,MONDO_0800026,Haddad syndrome,"central hypoventilation syndrome, congenital, 1, with or without Hirschsprung disease",30,43,1,False,True,False,False,False,False,,Haddad syndrome,,,,,False,True,30
MONDO_0020507,Orphanet_135,leukoencephalopathy with vanishing white matter 1,CACH syndrome,52,147,1,False,True,False,False,False,False,,CACH,,,,,False,True,52
MONDO_0020603,Orphanet_35173,X-linked chondrodysplasia punctata 2,X-linked dominant chondrodysplasia punctata,59,59,1,False,False,True,False,False,False,,,Orphanet:35173,,,,False,True,59
MONDO_0020722,MONDO_0957318,nephrolithiasis susceptibility caused by SLC26A1,"nephrolithiasis, calcium oxalate",99,196,1,False,True,False,False,False,False,,"nephrolithiasis, calcium oxalate",,,,,False,True,99
MONDO_0020783,Orphanet_137667,capillary malformation-arteriovenous malformation 1,Capillary malformation - arteriovenous malformation,20,61,1,False,True,False,False,False,False,,Capillary Malformation-Arteriovenous Malformation,,,,,False,True,20
MONDO_0020927,MONDO_0021003,postaxial polydactyly,polydactyly,184,4297,1,False,True,False,False,False,False,,postaxial polydactyly,,,,,False,True,184
MONDO_0021018,Orphanet_34517,autosomal dominant limb-girdle muscular dystrophy type 1D (DNAJB6),Autosomal dominant limb-girdle muscular dystrophy type 1E,113,1,1,False,True,False,False,False,False,,autosomal dominant limb-girdle muscular dystrophy type 1E,,,,,True,True,1
MONDO_0021042,MONDO_0100342,glioma,malignant glioma,24,10782,1,False,True,False,False,False,False,,glioma,,,,,True,True,24
MONDO_0021058,MONDO_0023370,neoplastic syndrome,neoplastic disease or syndrome,6765,22685,1,False,True,False,False,False,False,,neoplastic disease,,,,,False,True,6765
MONDO_0021084,MONDO_0024458,vision disorder,disorder of visual system,1774,13798,1,False,True,False,False,False,False,,disorder of visual system,,,,,False,True,1774
MONDO_0021171,MONDO_0035678,"Timothy syndrome, classic type",Timothy syndrome type 1,25,24,1,False,True,False,False,False,False,,Timothy syndrome type 1 (disorder),,,,,False,True,24
MONDO_0021545,MONDO_0040675,myomatous neoplasm,myofibroblastoma,2875,41,1,False,True,False,False,False,False,,myofibroblastoma,,,,,False,True,41
MONDO_0021651,Orphanet_93338,synpolydactyly,Polysyndactyly,168,120,1,False,True,False,False,False,False,,polysyndactyly,,,,,False,True,120
MONDO_0022760,Orphanet_262182,chromosome 22q deletion,Partial deletion of the long arm of chromosome 22,1079,17,1,False,True,False,False,False,False,,partial deletion of the long arm of chromosome 22,,,,,True,True,17
MONDO_0022800,Orphanet_93421,type 2 collagenopathy,Type 2 collagen-related bone disorder,580,242,1,False,False,True,False,False,False,,,Orphanet:93421,,,,True,True,242
MONDO_0023122,MONDO_0700275,familial prostate carcinoma,"prostate cancer, hereditary",8,50,1,False,True,False,False,False,False,,"prostate cancer, hereditary",,,,,False,True,8
MONDO_0023961,MONDO_8000011,"visceral neuropathy, familial","visceral neuropathy, familial, 1, autosomal recessive",27,44,1,False,True,False,False,False,False,,visceral neuropathy familial,,,,,False,True,27
MONDO_0024189,MONDO_8000012,"neurologic, endocrine, and pancreatic disease, multisystem, infantile-onset","neurologic, endocrine, and pancreatic disease, multisystem, infantile-onset 1",14,55,1,False,True,False,False,False,False,,"neurologic, endocrine, and pancreatic disease, multisystem, infantile-onset",,,,,False,True,14
MONDO_0024308,Orphanet_758,pseudoxanthoma elasticum (inherited or acquired),Pseudoxanthoma elasticum,258,287,1,False,True,False,False,False,False,,pseudoxanthoma elasticum,,,,,False,True,258
MONDO_0024525,MONDO_0060778,Fanconi renotubular syndrome 1,adult Fanconi syndrome,181,3,1,False,True,False,False,False,False,,adult Fanconi syndrome,,,,,False,True,3
MONDO_0025986,MONDO_0100354,megacystis-microcolon-intestinal hypoperistalsis syndrome,megacystis-microcolon-intestinal hypoperistalsis syndrome 1,80,56,1,False,True,False,False,False,False,,megacystis microcolon intestinal hypoperistalsis syndrome,,,,,False,True,56
MONDO_0026404,MONDO_0100209,"X inactivation, familial skewed, 1","X inactivation, familial skewed",1,2,1,False,True,False,False,False,False,,"X-inactivation, familial skewed",,,,,False,True,1
MONDO_0030492,MONDO_0030818,spermatogenic failure 59,spermatogenic failure 73,991,991,1,False,False,False,False,True,False,,,,,82d786a7ce5e445c43b79bc767d0233973a6b05f,,False,False,991
MONDO_0030492,MONDO_0030972,spermatogenic failure 59,spermatogenic failure 74,991,991,1,False,False,False,False,True,False,,,,,82d786a7ce5e445c43b79bc767d0233973a6b05f,,False,False,991
MONDO_0030639,MONDO_0800025,Teebi hypertelorism syndrome,Teebi hypertelorism syndrome 1,74,61,1,False,True,False,False,False,False,,Teebi hypertelorism syndrome,,,,,False,True,61
MONDO_0030716,MONDO_0030718,spermatogenic failure 66,spermatogenic failure 67,823,823,1,False,False,False,False,True,False,,,,,aa630e99b870e3b704e82a9017f6470634b4fc25,,False,False,823
MONDO_0030796,MONDO_0800027,"leukoencephalopathy, hereditary diffuse, with spheroids","leukoencephalopathy, diffuse hereditary, with spheroids 1",58,82,1,False,True,False,False,False,False,,"leukoencephalopathy, hereditary diffuse, with spheroids",,,,,False,True,58
MONDO_0030818,MONDO_0030972,spermatogenic failure 73,spermatogenic failure 74,991,991,1,False,False,False,False,True,False,,,,,82d786a7ce5e445c43b79bc767d0233973a6b05f,,False,False,991
MONDO_0030938,MONDO_0054727,spermatogenic failure 52,spermatogenic failure 23,924,924,1,False,False,False,False,True,False,,,,,2072565cd818c3456b973bb15723156b4286cceb,,False,False,924
MONDO_0030953,MONDO_0031439,"short stature, facial dysmorphism, and skeletal anomalies with or without cardiac anomalies 2","short stature, facial dysmorphism, and skeletal anomalies with or without cardiac anomalies",70,47,1,False,True,False,False,False,False,,"short stature, facial dysmorphism, and skeletal anomalies with or without cardiac anomalies",,,,,False,True,47
MONDO_0031169,MONDO_0100325,odontochondrodysplasia,odontochondrodysplasia 1,201,213,1,False,True,False,False,False,False,,odontochondrodysplasia,,,,,False,True,201
MONDO_0031213,MONDO_0800042,restrictive dermopathy,restrictive dermopathy 1,52,88,1,False,True,False,False,False,False,,restrictive dermopathy,,,,,False,True,52
MONDO_0031280,MONDO_0800043,Stuve-Wiedemann syndrome,Stüve-Wiedemann syndrome 1,86,152,1,False,True,False,False,False,False,,STUVE-Wiedemann syndrome,,,,,False,True,86
MONDO_0031332,MONDO_0100326,Glanzmann thrombasthenia 1,Glanzmann thrombasthenia,215,286,1,False,True,False,False,False,False,,Glanzmann thrombasthenia,,,,,False,True,215
MONDO_0031376,MONDO_0800044,congenital disorder of deglycosylation,congenital disorder of deglycosylation 1,13,85,1,False,True,False,False,False,False,,congenital disorder of deglycosylation,,,,,False,True,13
MONDO_0031384,MONDO_0800045,"autoinflammatory syndrome, familial, Behcet-like","autoinflammatory syndrome, familial, Behcet-like 1",205,81,1,False,True,False,False,False,False,,"autoinflammatory syndrome, familial, Behcet-like",,,,,False,True,81
MONDO_0031415,Orphanet_1358,Carey-Fineman-Ziter syndrome,Carey-Fineman-Ziter  syndrome,10,84,1,True,False,False,False,False,False,carey fineman ziter,,,,,,False,True,10
MONDO_0031421,MONDO_0100296,Olmsted syndrome,Olmsted syndrome 1,128,128,1,False,True,False,False,False,False,,Olmsted syndrome,,,,,False,True,128
MONDO_0031432,MONDO_0800046,"thyroid hormone metabolism, abnormal","thyroid hormone metabolism, abnormal 1",423,120,1,False,True,False,False,False,False,,"thyroid hormone metabolism, abnormal",,,,,False,True,120
MONDO_0031439,MONDO_0100297,"short stature, facial dysmorphism, and skeletal anomalies with or without cardiac anomalies","short stature, facial dysmorphism, and skeletal anomalies with or without cardiac anomalies 1",47,70,1,False,True,False,False,False,False,,"short stature, facial dysmorphism, and skeletal anomalies with or without cardiac anomalies",,,,,False,True,47
MONDO_0031481,MONDO_0100328,"microcephaly, epilepsy, and diabetes syndrome 1","microcephaly, epilepsy, and diabetes syndrome",86,45,1,False,True,False,False,False,False,,"microcephaly, epilepsy, and diabetes syndrome",,,,,False,True,45
MONDO_0031632,MONDO_0800438,"developmental delay with short stature, dysmorphic facial features, and sparse hair","developmental delay with short stature, dysmorphic facial features, and sparse hair 1",30,58,1,False,True,False,False,False,False,,"developmental delay with short stature, dysmorphic facial features, and sparse hair",,,,,False,True,30
MONDO_0033885,Orphanet_254905,"mitochondrial complex IV deficiency, nuclear-type",Isolated cytochrome C oxidase deficiency,216,59,1,False,True,False,False,False,False,,isolated cytochrome C oxidase deficiency,,,,,False,True,59
MONDO_0037792,Orphanet_79161,carbohydrate metabolism disease,Disorder of carbohydrate metabolism,7899,5502,1,False,True,False,False,False,False,,disorder of carbohydrate metabolism,,,,,False,True,5502
MONDO_0037829,Orphanet_79191,purine metabolism disease,Disorder of purine metabolism,1546,2667,1,False,True,False,False,False,False,,disorder of purine metabolism,,,,,False,True,1546
MONDO_0037937,Orphanet_79193,pyrimidine metabolism disease,Disorder of pyrimidine metabolism,371,66,1,False,True,False,False,False,False,,disorder of pyrimidine metabolism,,,,,True,True,66
MONDO_0044200,MONDO_0044201,T-B+ severe combined immunodeficiency,T+ B+ severe combined immunodeficiency,1357,1155,1,True,False,False,False,False,False,t b severe combined immunodeficiency,,,,,,False,True,1155
MONDO_0044792,MONDO_0044793,large congenital melanocytic nevus,spitz nevus,87,167,1,False,True,False,False,False,False,,spitz nevus,,,,,False,True,87
MONDO_0100184,MONDO_0100186,GTP cyclohydrolase I deficiency,GTP cyclohydrolase I deficiency with hyperphenylalaninemia,375,51,1,False,True,False,False,False,False,,GTP cyclohydrolase I deficiency,,,,,False,True,51
MONDO_0100234,Orphanet_228140,paroxysmal familial ventricular fibrillation,"Idiopathic ventricular fibrillation, not Brugada type",307,162,1,False,False,True,False,False,False,,,Orphanet:228140,,,,False,True,162
MONDO_0100247,Orphanet_280633,multiple congenital anomalies-hypotonia-seizures syndrome,Multiple congenital anomalies - hypotonia - seizures syndrome,40,58,1,True,False,False,False,False,False,multiple congenital anomalies hypotonia seizures,,,,,,False,True,40
MONDO_0100283,MONDO_1040002,overgrowth syndrome and/or cerebral malformations due to abnormalities in MTOR pathway genes,PIK3CA-related overgrowth spectrum,499,263,1,False,True,False,False,False,False,,overgrowth syndrome and/or cerebral malformations due to abnormalities in MTOR pathway genes,,,,,False,True,263
MONDO_0100437,MONDO_0800320,RPGR-related retinopathy,"cone dystrophy 1, X-linked",12,2,1,False,True,False,False,False,False,,"cone dystrophy 1, X-linked",,,,,False,True,2
MONDO_0100438,Orphanet_1872,AIPL1-related retinopathy,Cone rod dystrophy,89,658,1,False,True,False,False,False,False,,cone-rod dystrophy,,,,,False,True,89
MONDO_0100449,Orphanet_88628,FLVCR1-related retinopathy with or without ataxia,Posterior column ataxia - retinitis pigmentosa,32,85,1,False,True,False,False,False,False,,posterior column ataxia-retinitis pigmentosa syndrome,,,,,False,True,32
MONDO_0100503,MONDO_0859295,DPH5-related diphthamide-deficiency syndrome,"neurodevelopmental disorder with short stature, prominent forehead, and feeding difficulties",2,54,1,False,True,False,False,False,False,,DPH5-related diphthamide-deficiency syndrome,,,,,False,True,2
MONDO_0700275,Orphanet_1331,"prostate cancer, hereditary",Familial prostate cancer,50,528,1,False,False,True,False,False,False,,,Orphanet:1331,,,,False,True,50
MONDO_0700282,Orphanet_289494,POLR3-related leukodystrophy,Hypomyelinating leukodystrophy with or without oligondontia and/or hypogonadism,16,196,1,False,False,True,False,False,False,,,Orphanet:289494,,,,False,True,16
MONDO_0800026,MONDO_0800031,"central hypoventilation syndrome, congenital, 1, with or without Hirschsprung disease","central hypoventilation syndrome, congenital",43,27,1,False,True,False,False,False,False,,"central hypoventilation syndrome, congenital",,,,,False,True,27
MONDO_0800027,Orphanet_313808,"leukoencephalopathy, diffuse hereditary, with spheroids 1",Hereditary diffuse leukoencephalopathy with axonal spheroids and pigmented glia,82,110,1,False,False,True,False,False,False,,,Orphanet:313808,,,,False,True,82
MONDO_0800028,Orphanet_324588,"dyskinesia with orofacial involvement, autosomal dominant",Familial dyskinesia and facial myokymia,107,135,1,False,False,True,False,False,False,,,Orphanet:324588,,,,False,True,107
MONDO_0800378,MONDO_0800379,"17,20-lyase deficiency, isolated","17-alpha-hydroxylase/17,20-lyase deficiency, combined complete",2,2,1,False,False,False,False,True,False,,,,,0b2664276f11b93b69ab74aa61c265248fa368fe,,False,False,2
MONDO_0800378,MONDO_0800380,"17,20-lyase deficiency, isolated","17-alpha-hydroxylase/17,20-lyase deficiency, combined partial",2,2,1,False,False,False,False,True,False,,,,,0b2664276f11b93b69ab74aa61c265248fa368fe,,False,False,2
MONDO_0800379,MONDO_0800380,"17-alpha-hydroxylase/17,20-lyase deficiency, combined complete","17-alpha-hydroxylase/17,20-lyase deficiency, combined partial",2,2,1,False,False,False,False,True,False,,,,,0b2664276f11b93b69ab74aa61c265248fa368fe,,False,False,2
MONDO_0800445,Orphanet_122,Birt-Hogg-Dube syndrome 1,Birt-Hogg-Dubé syndrome,56,88,1,False,False,True,False,False,False,,,Orphanet:122,,,,False,True,56
MONDO_1011300,MONDO_1011327,"acute disease, non-human animal","inflammatory disease, non-human animal",21,21,1,False,False,False,False,True,False,,,,,440df89f57ec8877e0de7a225a8ff69450fa8606,,False,False,21
MONDO_1011317,MONDO_1011354,"endocrine system disorder, non-human animal","reproductive system disorder, non-human animal",4,4,1,False,False,False,False,True,False,,,,,19414ebf7bfd48778d13049fb20ae259ee66fe89,,False,False,4
MONDO_1030009,MONDO_1030011,persistent atrial fibrillation,paroxysmal atrial fibrillation,3,3,1,False,False,False,False,True,False,,,,,7ad634f8e42658a82d5ad10f415a4aabbc5edcac,,True,False,3
MONDO_8000011,Orphanet_99811,"visceral neuropathy, familial, 1, autosomal recessive",Neuronal intestinal pseudoobstruction,44,110,1,False,False,True,False,False,False,,,Orphanet:99811,,,,True,True,44
Orphanet_101953,Orphanet_181422,Rare dyslipidemia,Rare hyperlipidemia,1101,1101,1,False,False,False,False,True,False,,,,,06c4b283e7621fc42a22b3faf032a87f6878134a,,True,False,1101
Orphanet_102020,Orphanet_98142,Autosomal monosomy,Partial autosomal monosomy,1507,1507,1,False,False,False,False,True,False,,,,,94fe2d4f03ad0b878e4f30e2f119186afa413114,,True,False,1507
Orphanet_1135,Orphanet_2250,Arrhinia - choanal atresia - microphthalmia,Hyposmia - nasal and ocular hypoplasia - hypogonadotropic hypogonadism,30,30,1,False,False,False,False,True,False,,,,,02e24d68029f7c987a1abd040367e0ab33e408dd,,False,False,30
Orphanet_139373,Orphanet_139380,Recessive hereditary methemoglobinemia type 1,Recessive hereditary methemoglobinemia type 2,103,103,1,False,False,False,False,True,False,,,,,d1f7124d0e40bf0d6255ed81c49edcfaaadee433,,False,False,103
Orphanet_1545,Orphanet_401993,Crisponi syndrome,Cold-induced sweating syndrome-hyperthermia spectrum,10,10,1,False,False,False,False,True,False,,,,,538cd03c7e7835b0b53e5db106694fb2190ee405,,True,False,10
Orphanet_158038,Orphanet_540,Primary hemophagocytic lymphohistiocytosis,Familial hemophagocytic lymphohistiocytosis,2729,858,1,False,False,False,True,False,False,,,,C0272199,,,False,True,858
Orphanet_166466,Orphanet_98701,Neurocutaneous syndrome with epilepsy,Phakomatosis with eye involvement,4,4,1,False,False,False,False,True,False,,,,,2180f8010509601c0a1a861f5d24d5360c6d6eba,,True,False,4
Orphanet_168486,Orphanet_228337,Congenital neuronal ceroid lipofuscinosis,CLN10 disease,37,37,1,False,False,False,False,True,False,,,,,59d67205280ec17b78e258acf5c471f294be310d,,False,False,37
Orphanet_180068,Orphanet_73217,Partial bilateral aplasia of the Müllerian ducts,Müllerian aplasia,189,189,1,False,False,False,False,True,False,,,,,1614e1bba4de05eea11cc6b48aac054b4ce1dcdd,,True,False,189
Orphanet_181390,Orphanet_399839,Hypogonadotropic hypogonadism associated with other endocrinopathies,Rare female infertility due to a congenital hypogonadotropic hypogonadism,620,620,1,False,False,False,False,True,False,,,,,5f8c8f608fed96ea311cd363b61b3ff4b9869977,,True,False,620
Orphanet_181441,Orphanet_399685,Rare disorder with hypergonadotropic hypogonadism,Rare male infertility due to testicular endocrine disorder,978,978,1,False,False,False,False,True,False,,,,,8e82e6c4de558d5d022913c66d63afb78938afd2,,True,False,978
Orphanet_183438,Orphanet_315,Genetic erythrokeratoderma,"Erythrokeratoderma ""en cocardes""",35,35,1,False,False,False,False,True,False,,,,,f94a955a00f89264f555a92f843ff7de21d5f55b,,True,False,35
Orphanet_207025,Orphanet_207028,Rare hereditary neurologic disease with peripheral neuropathy,Cerebellar ataxia with peripheral neuropathy,25,25,1,False,False,False,False,True,False,,,,,342592f0b94ff2b660e209278def9f1bc10f8c78,,True,False,25
Orphanet_207025,Orphanet_98645,Rare hereditary neurologic disease with peripheral neuropathy,Cerebral disease with cataract,25,25,1,False,False,False,False,True,False,,,,,342592f0b94ff2b660e209278def9f1bc10f8c78,,True,False,25
Orphanet_207028,Orphanet_98645,Cerebellar ataxia with peripheral neuropathy,Cerebral disease with cataract,25,25,1,False,False,False,False,True,False,,,,,342592f0b94ff2b660e209278def9f1bc10f8c78,,True,False,25
Orphanet_217572,Orphanet_217581,Glycogen storage disease with hypertrophic cardiomyopathy,Lysosomal disease with hypertrophic cardiomyopathy,545,545,1,False,False,False,False,True,False,,,,,27c9804fe6f50942d6e6a8202d168658270010c1,,True,False,545
Orphanet_217572,Orphanet_217638,Glycogen storage disease with hypertrophic cardiomyopathy,Lysosomal disease with restrictive cardiomyopathy,545,545,1,False,False,False,False,True,False,,,,,27c9804fe6f50942d6e6a8202d168658270010c1,,True,False,545
Orphanet_217581,Orphanet_217638,Lysosomal disease with hypertrophic cardiomyopathy,Lysosomal disease with restrictive cardiomyopathy,545,545,1,False,False,False,False,True,False,,,,,27c9804fe6f50942d6e6a8202d168658270010c1,,True,False,545
Orphanet_240085,Orphanet_99750,Progressive supranuclear palsy - parkinsonism,Atypical progressive supranuclear palsy,90,90,1,False,False,False,False,True,False,,,,,718cfe07012dae9dd552ac8ac76e5b3ec9298054,,False,False,90
Orphanet_254758,Orphanet_254776,Mitochondrial oxidative phosphorylation disorder due to mitochondrial DNA anomalies,Mitochondrial oxidative phosphorylation disorder due to a point mutation of mitochondrial DNA,317,317,1,False,False,False,False,True,False,,,,,6a285a8c06d3f7ceeface6490fd33fb7211f0b31,,True,False,317
Orphanet_276061,Orphanet_306708,Genetic frontotemporal degeneration with dementia,Frontotemporal neurodegeneration with movement disorder,105,105,1,False,False,False,False,True,False,,,,,3dac8ed765aa9b8bdce845be50a7ab3da8cae847,,True,False,105
Orphanet_3020,Orphanet_307067,Ramsay-Hunt syndrome,Rare genetic disease with myoclonus as a major feature,16,16,1,False,False,False,False,True,False,,,,,76a911dcc00d2cb49ad6a0ba4024c81056bb8073,,True,False,16
Orphanet_307871,Orphanet_98357,Disease with focal palmoplantar keratoderma as a major feature,Autosomal recessive disease with focal palmoplantar keratoderma as a major feature,44,44,1,False,False,False,False,True,False,,,,,5b3f804b08e258b8f171e9059d010b4422c14993,,True,False,44
Orphanet_308993,Orphanet_79179,Glycerol kinase deficiency,Disorder of glycerol metabolism,6,6,1,False,False,False,False,True,False,,,,,b7867f293860505137307cd74d9813b116fe14f1,,True,False,6
Orphanet_324703,Orphanet_324708,"Hereditary cerebral hemorrhage with amyloidosis, Piedmont type","Hereditary cerebral hemorrhage with amyloidosis, Iowa type",12,12,1,False,False,False,False,True,False,,,,,711415f04fcf14f8db3623c09da1deea129c9fff,,True,False,12
Orphanet_324703,Orphanet_324713,"Hereditary cerebral hemorrhage with amyloidosis, Piedmont type","Hereditary cerebral hemorrhage with amyloidosis, Italian type",12,12,1,False,False,False,False,True,False,,,,,711415f04fcf14f8db3623c09da1deea129c9fff,,True,False,12
Orphanet_324703,Orphanet_324718,"Hereditary cerebral hemorrhage with amyloidosis, Piedmont type","Hereditary cerebral hemorrhage with amyloidosis, Flemish type",12,12,1,False,False,False,False,True,False,,,,,711415f04fcf14f8db3623c09da1deea129c9fff,,True,False,12
Orphanet_324703,Orphanet_324723,"Hereditary cerebral hemorrhage with amyloidosis, Piedmont type","Hereditary cerebral hemorrhage with amyloidosis, Arctic type",12,12,1,False,False,False,False,True,False,,,,,711415f04fcf14f8db3623c09da1deea129c9fff,,True,False,12
Orphanet_324708,Orphanet_324713,"Hereditary cerebral hemorrhage with amyloidosis, Iowa type","Hereditary cerebral hemorrhage with amyloidosis, Italian type",12,12,1,False,False,False,False,True,False,,,,,711415f04fcf14f8db3623c09da1deea129c9fff,,True,False,12
Orphanet_324708,Orphanet_324718,"Hereditary cerebral hemorrhage with amyloidosis, Iowa type","Hereditary cerebral hemorrhage with amyloidosis, Flemish type",12,12,1,False,False,False,False,True,False,,,,,711415f04fcf14f8db3623c09da1deea129c9fff,,True,False,12
Orphanet_324708,Orphanet_324723,"Hereditary cerebral hemorrhage with amyloidosis, Iowa type","Hereditary cerebral hemorrhage with amyloidosis, Arctic type",12,12,1,False,False,False,False,True,False,,,,,711415f04fcf14f8db3623c09da1deea129c9fff,,True,False,12
Orphanet_324713,Orphanet_324718,"Hereditary cerebral hemorrhage with amyloidosis, Italian type","Hereditary cerebral hemorrhage with amyloidosis, Flemish type",12,12,1,False,False,False,False,True,False,,,,,711415f04fcf14f8db3623c09da1deea129c9fff,,True,False,12
Orphanet_324713,Orphanet_324723,"Hereditary cerebral hemorrhage with amyloidosis, Italian type","Hereditary cerebral hemorrhage with amyloidosis, Arctic type",12,12,1,False,False,False,False,True,False,,,,,711415f04fcf14f8db3623c09da1deea129c9fff,,True,False,12
Orphanet_324718,Orphanet_324723,"Hereditary cerebral hemorrhage with amyloidosis, Flemish type","Hereditary cerebral hemorrhage with amyloidosis, Arctic type",12,12,1,False,False,False,False,True,False,,,,,711415f04fcf14f8db3623c09da1deea129c9fff,,True,False,12
Orphanet_325109,Orphanet_325697,"Syndrome with 46,XX disorder of sex development","Genetic 46,XX disorder of sex development",588,588,1,False,False,False,False,True,False,,,,,f7e2648c62a82df176abf6291e3946a9ab5e3d39,,True,False,588
Orphanet_325357,Orphanet_325632,"46,XY disorder of sex development due to impaired androgen production","46,XY disorder of sex development of gynecological interest",472,472,1,False,False,False,False,True,False,,,,,e528aad8ac82b354340126733f6b0e6feb72cb98,,True,False,472
Orphanet_325357,Orphanet_325713,"46,XY disorder of sex development due to impaired androgen production","Genetic 46,XY disorder of sex development of endocrine origin",472,472,1,False,False,False,False,True,False,,,,,e528aad8ac82b354340126733f6b0e6feb72cb98,,True,False,472
Orphanet_325357,Orphanet_90783,"46,XY disorder of sex development due to impaired androgen production","46,XY disorder of sex development due to testosterone synthesis defect",472,472,1,False,False,False,False,True,False,,,,,e528aad8ac82b354340126733f6b0e6feb72cb98,,True,False,472
Orphanet_325632,Orphanet_325713,"46,XY disorder of sex development of gynecological interest","Genetic 46,XY disorder of sex development of endocrine origin",472,472,1,False,False,False,False,True,False,,,,,e528aad8ac82b354340126733f6b0e6feb72cb98,,True,False,472
Orphanet_325632,Orphanet_90783,"46,XY disorder of sex development of gynecological interest","46,XY disorder of sex development due to testosterone synthesis defect",472,472,1,False,False,False,False,True,False,,,,,e528aad8ac82b354340126733f6b0e6feb72cb98,,True,False,472
Orphanet_325713,Orphanet_90783,"Genetic 46,XY disorder of sex development of endocrine origin","46,XY disorder of sex development due to testosterone synthesis defect",472,472,1,False,False,False,False,True,False,,,,,e528aad8ac82b354340126733f6b0e6feb72cb98,,True,False,472
Orphanet_399877,Orphanet_98074,Female infertility due to gonadal dysgenesis,Gonadal dysgenesis of gynecological interest,448,448,1,False,False,False,False,True,False,,,,,082a780c1b0b0b602411280484fab7d07e832315,,True,False,448
Orphanet_399998,Orphanet_400003,Male infertility due to obstructive azoospermia of genetic origin,Rare genetic disorder with obstructive azoospermia,1044,1044,1,False,False,False,False,True,False,,,,,2c435d5f7f4317bc8ff15f36f3ef5de9ad39372e,,True,False,1044
Orphanet_63261,Orphanet_71291,HERNS syndrome,Hereditary vascular retinopathy,35,35,1,False,False,False,False,True,False,,,,,e236917d4ab212b00b12aeb1b3583f41d19e3816,,False,False,35
Orphanet_98130,Orphanet_98132,Autosomal trisomy,Partial autosomal trisomy/tetrasomy,127,127,1,False,False,False,False,True,False,,,,,f364c26139011c7a71fdce2b1d922e258e89040b,,True,False,127
Orphanet_98157,Orphanet_98159,Gonosome structural anomaly,Chromosome X structural anomaly,74,74,1,False,False,False,False,True,False,,,,,9432213badf1107c6b9df169e2df3035da09e247,,True,False,74
Orphanet_98495,Orphanet_98690,Genetic neuromuscular junction disease,Myasthenic syndrome with eye involvement,261,261,1,False,False,False,False,True,False,,,,,6d8392d148128dc2d65df7cb8a141dc9c08b8bd6,,True,False,261
Orphanet_98610,Orphanet_98611,Rare conjunctival disease,Conjunctival vascular anomaly,685,685,1,False,False,False,False,True,False,,,,,31cd6d2b99b91c209e906c1e7fe84f0013b5aa23,,True,False,685
Orphanet_98681,Orphanet_98683,Rare strabismus and restriction syndrome,Syndrome with a symptomatic strabismus,91,91,1,False,False,False,False,True,False,,,,,59a57e61613a9c81d8148b56bf12818382743f91,,True,False,91
