id_a,id_b,nombre_a,nombre_b,grado_a,grado_b,n_senales,nombre,sinonimo,referencia,externo,vecindario,jaccard,detalle_nombre,detalle_sinonimo,detalle_referencia,detalle_externo,detalle_vecindario,detalle_jaccard,alguno_es_cascara,de_identidad
CHEMBL4594379,DRUGBANK:DB16683,FOSLEVODOPA,Foslevodopa,1,1,4,True,True,False,True,False,True,foslevodopa,Foslevodopa,,YNDMEEULGSTYJT-LURJTMIESA-N,,1.0,True,True
CHEMBL4802240,DRUGBANK:DB16171,FOSCARBIDOPA,Foscarbidopa,1,1,4,True,True,False,True,False,True,foscarbidopa,Foscarbidopa,,PQUZXFMHVSMUNG-JTQLQIEISA-N,,1.0,True,True
CHEMBL100116,DRUGBANK:DB00652,PENTAZOCINE,Pentazocine,5,947,3,True,True,False,True,False,False,pentazocine,Pentazocine,,VOKSWYLNZZRQPF-UHFFFAOYSA-N,,,False,True
CHEMBL1174,DRUGBANK:DB00063,EPTIFIBATIDE,Eptifibatide,14,417,3,True,True,False,True,False,False,eptifibatide,Eptifibatide,,CZKPOZZJODAYPZ-LROMGURASA-N,,,False,True
CHEMBL1200633,DRUGBANK:DB00602,IVERMECTIN,Ivermectin,20,417,3,True,True,False,True,False,False,ivermectin,Ivermectin,,SPBDXSGPUHCETR-JFUDTMANSA-N,,,True,True
CHEMBL1201304,DRUGBANK:DB09374,INDOCYANINE GREEN ACID FORM,Indocyanine green acid form,25,95,3,True,True,False,True,False,False,indocyanine green acid form,Indocyanine green acid form,,BDBMLMBYCXNVMC-UHFFFAOYSA-N,,,True,True
CHEMBL1201826,DRUGBANK:DB01271,IDURSULFASE,Idursulfase,1,1,3,True,True,False,False,False,True,idursulfase,Idursulfase,,,,1.0,True,True
CHEMBL1237105,DRUGBANK:DB00429,CARBOPROST TROMETHAMINE,Carboprost tromethamine,4,11,3,True,True,False,True,False,False,carboprost tromethamine,Carboprost tromethamine,,UMMADZJLZAPZAW-XOWPVRJPSA-N,,,True,True
CHEMBL1237122,DRUGBANK:DB19356,CARBOPROST,Carboprost,4,16,3,True,True,False,True,False,False,carboprost,Carboprost,,DLJKPYFALUEJCK-IIELGFQLSA-N,,,True,True
CHEMBL1292,DRUGBANK:DB00845,CLOFAZIMINE,Clofazimine,8,711,3,True,True,False,True,False,False,clofazimine,Clofazimine,,WDQPAMHFFCXSNU-BGABXYSRSA-N,,,True,True
CHEMBL1354199,DRUGBANK:DB00462,METHSCOPOLAMINE BROMIDE,Methscopolamine bromide,1,958,3,True,True,False,True,False,False,methscopolamine bromide,Methscopolamine bromide,,CXYRUNPLKGGUJF-RAFJPFSSSA-M,,,True,True
CHEMBL1360,DRUGBANK:DB13295,ATRACURIUM,Atracurium,2,1098,3,True,True,False,True,False,False,atracurium,Atracurium,,YXSLJKQTIDHPOT-UHFFFAOYSA-N,,,False,True
CHEMBL1618279,DRUGBANK:DB16308,REVAPRAZAN,Revaprazan,2,2,3,True,True,False,True,False,False,revaprazan,Revaprazan,,LECZXZOBEZITCL-UHFFFAOYSA-N,,,True,True
CHEMBL1630575,DRUGBANK:DB00520,CASPOFUNGIN,Caspofungin,10,205,3,True,True,False,True,False,False,caspofungin,Caspofungin,,JYIKNQVWKBUSNH-WVDDFWQHSA-N,,,False,True
CHEMBL1740,DRUGBANK:DB11124,RACEPINEPHRINE,Racepinephrine,3,913,3,True,True,False,True,False,False,racepinephrine,Racepinephrine,,UCTWMZQNUQWSLP-UHFFFAOYSA-N,,,False,True
CHEMBL19,DRUGBANK:DB00703,METHAZOLAMIDE,Methazolamide,4,1030,3,True,True,False,True,False,False,methazolamide,Methazolamide,,FLOSMHQXBMRNHR-QPJJXVBHSA-N,,,True,True
CHEMBL2005186,DRUGBANK:DB16703,BELUMOSUDIL,Belumosudil,11,1,3,True,True,False,True,False,False,belumosudil,Belumosudil,,GKHIVNAUVKXIIY-UHFFFAOYSA-N,,,True,True
CHEMBL2016757,DRUGBANK:DB15686,GS-441524,GS-441524,2,12,3,True,True,False,True,False,False,gs 441524,Gs 441524,,BRDWIEOJOWJCLU-LTGWCKQJSA-N,,,True,True
CHEMBL2104987,DRUGBANK:DB08900,TEDUGLUTIDE,Teduglutide,10,764,3,True,True,False,True,False,False,teduglutide,Teduglutide,,CILIXQOJUNDIDU-ASQIGDHWSA-N,,,True,True
CHEMBL2105394,DRUGBANK:DB12487,PROMESTRIENE,Promestriene,1,359,3,True,True,False,True,False,False,promestriene,Promestriene,,IUWKNLFTJBHTSD-AANPDWTMSA-N,,,True,True
CHEMBL2105648,DRUGBANK:DB05467,PALOVAROTENE,Palovarotene,3,1,3,True,True,False,True,False,False,palovarotene,Palovarotene,,YTFHCXIPDIHOIA-DHZHZOJOSA-N,,,True,True
CHEMBL2108319,DRUGBANK:DB09108,SIMOCTOCOG ALFA,Simoctocog alfa,1,1,3,True,True,False,False,False,True,simoctocog alfa,Simoctocog alfa,,,,1.0,True,True
CHEMBL2181927,DRUGBANK:DB16165,FINERENONE,Finerenone,5,2,3,True,True,False,True,False,False,finerenone,Finerenone,,BTBHLEZXCOBLCY-QGZVFWFLSA-N,,,True,True
CHEMBL221326,DRUGBANK:DB15919,DIQUAFOSOL,Diquafosol,2,1,3,True,True,False,True,False,False,diquafosol,Diquafosol,,NMLMACJWHPHKGR-NCOIDOBVSA-N,,,True,True
CHEMBL2338675,DRUGBANK:DB16628,FOSDENOPTERIN,Fosdenopterin,4,1,3,True,True,False,True,False,False,fosdenopterin,Fosdenopterin,,CZAKJJUNKNPTTO-AJFJRRQVSA-N,,,True,True
CHEMBL2397415,DRUGBANK:DB15688,ZAVEGEPANT,Zavegepant,4,2,3,True,True,False,True,False,False,zavegepant,Zavegepant,,JJVAPHYEOZSKJZ-JGCGQSQUSA-N,,,True,True
CHEMBL252556,DRUGBANK:DB09081,IDEBENONE,Idebenone,8,737,3,True,True,False,True,False,False,idebenone,Idebenone,,JGPMMRGNQUBGND-UHFFFAOYSA-N,,,True,True
CHEMBL3237547,DRUGBANK:DB15694,CEDAZURIDINE,Cedazuridine,8,1,3,True,True,False,True,False,False,cedazuridine,Cedazuridine,,VUDZSIYXZUYWSC-DBRKOABJSA-N,,,True,True
CHEMBL3301572,DRUGBANK:DB13161,NUSINERSEN,Nusinersen,1,1,3,True,True,False,False,False,True,nusinersen,Nusinersen,,,,1.0,True,True
CHEMBL3301669,DRUGBANK:DB06219,DALBAVANCIN,Dalbavancin,10,18,3,True,True,False,True,False,False,dalbavancin,Dalbavancin,,KGPGQDLTDHGEGT-SZUNQUCBSA-N,,,False,True
CHEMBL333950,DRUGBANK:DB06272,MAXACALCITOL,Maxacalcitol,1,151,3,True,True,False,True,False,False,maxacalcitol,Maxacalcitol,,DTXXSJZBSTYZKE-ZDQKKZTESA-N,,,True,True
CHEMBL33986,DRUGBANK:DB00611,BUTORPHANOL,Butorphanol,4,909,3,True,True,False,True,False,False,butorphanol,(−)-butorphanol,,IFKLAQQSCNILHL-QHAWAJNXSA-N,,,False,True
CHEMBL3544954,DRUGBANK:DB12755,ZOPTARELIN DOXORUBICIN,Zoptarelin doxorubicin,4,2,3,True,True,False,True,False,False,zoptarelin doxorubicin,Zoptarelin doxorubicin,,OOUACICUAVTCEC-LZHWUUGESA-N,,,True,True
CHEMBL363392,DRUGBANK:DB16226,MARALIXIBAT,Maralixibat,7,1,3,True,True,False,True,False,False,maralixibat,Maralixibat,,STPKWKPURVSAJF-LJEWAXOPSA-N,,,True,True
CHEMBL3668014,DRUGBANK:DB17083,LINZAGOLIX,Linzagolix,6,3,3,True,True,False,True,False,False,linzagolix,Linzagolix,,BMAAMIIYNNPHAB-UHFFFAOYSA-N,,,False,True
CHEMBL3707382,DRUGBANK:DB12366,VESTRONIDASE ALFA,Vestronidase alfa,1,1,3,True,True,False,False,False,True,vestronidase alfa,Vestronidase alfa,,,,1.0,True,True
CHEMBL395429,DRUGBANK:DB00107,OXYTOCIN,Oxytocin,51,371,3,True,True,False,True,False,False,oxytocin,Oxytocin,,XNOPRXBHLZRZKH-DSZYJQQASA-N,,,False,True
CHEMBL3989945,DRUGBANK:DB16310,REZAFUNGIN,Rezafungin,5,1,3,True,True,False,True,False,False,rezafungin,Rezafungin,,LNFCWEXGZIEGJW-TXSVMFMRSA-O,,,True,True
CHEMBL4084119,DRUGBANK:DB06655,LIRAGLUTIDE,Liraglutide,24,584,3,True,True,False,True,False,False,liraglutide,Liraglutide,,YSDQQAXHVYUZIW-QCIJIYAXSA-N,,,False,True
CHEMBL414357,DRUGBANK:DB01276,EXENATIDE,Exenatide,23,633,3,True,True,False,True,False,False,exenatide,Exenatide,,HTQBXNHDCUEHJF-XWLPCZSASA-N,,,False,True
CHEMBL4297507,DRUGBANK:DB16133,DELGOCITINIB,Delgocitinib,5,1,3,True,True,False,True,False,False,delgocitinib,Delgocitinib,,LOWWYYZBZNSPDT-ZBEGNZNMSA-N,,,True,True
CHEMBL4297588,DRUGBANK:DB16261,ODEVIXIBAT,Odevixibat,9,1,3,True,True,False,True,False,False,odevixibat,Odevixibat,,XULSCZPZVQIMFM-IPZQJPLYSA-N,,,True,True
CHEMBL4297610,DRUGBANK:DB16267,OLUTASIDENIB,Olutasidenib,2,1,3,True,True,False,True,False,False,olutasidenib,Olutasidenib,,NEQYWYXGTJDAKR-JTQLQIEISA-N,,,True,True
CHEMBL4297988,DRUGBANK:DB16190,IDURSULFASE BETA,Idursulfase beta,1,1,3,True,True,False,False,False,True,idursulfase beta,Idursulfase .beta.,,,,1.0,True,True
CHEMBL4303060,DRUGBANK:DB16627,MELPHALAN FLUFENAMIDE,Melphalan flufenamide,4,1,3,True,True,False,True,False,False,melphalan flufenamide,Melphalan flufenamide,,YQZNKYXGZSVEHI-VXKWHMMOSA-N,,,True,True
CHEMBL4303525,DRUGBANK:DB12513,OMAVELOXOLONE,Omaveloxolone,4,1,3,True,True,False,True,False,False,omaveloxolone,Omaveloxolone,,RJCWBNBKOKFWNY-IDPLTSGASA-N,,,True,True
CHEMBL43064,DRUGBANK:DB00568,CINNARIZINE,Cinnarizine,1,1376,3,True,True,False,True,False,False,cinnarizine,Cinnarizine,,DERZBLKQOCDDDZ-JLHYYAGUSA-N,,,True,True
CHEMBL435298,DRUGBANK:DB16159,ESFLURBIPROFEN,Esflurbiprofen,3,1,3,True,True,False,True,False,False,esflurbiprofen,Esflurbiprofen,,SYTBZMRGLBWNTM-JTQLQIEISA-N,,,True,True
CHEMBL449158,DRUGBANK:DB11752,BRYOSTATIN 1,Bryostatin 1,25,287,3,True,True,False,True,False,False,bryostatin 1,Bryostatin 1,,MJQUEDHRCUIRLF-TVIXENOKSA-N,,,True,True
CHEMBL449782,DRUGBANK:DB16824,CEPHARANTHINE,Cepharanthine,2,4,3,True,True,False,True,False,False,cepharanthine,(+)-Cepharanthine,,YVPXVXANRNDGTA-WDYNHAJCSA-N,,,True,True
CHEMBL453514,DRUGBANK:DB06145,SPIRAMYCIN,Spiramycin,2,46,3,True,True,False,True,False,False,spiramycin,Spiramycin,,ACTOXUHEUCPTEW-CEUOBAOPSA-N,,,True,True
CHEMBL4559134,DRUGBANK:DB15685,SELPERCATINIB,Selpercatinib,10,877,3,True,True,False,True,False,False,selpercatinib,Selpercatinib,,XIIOFHFUYBLOLW-UHFFFAOYSA-N,,,False,True
CHEMBL4582651,DRUGBANK:DB15822,PRALSETINIB,Pralsetinib,4,775,3,True,True,False,True,False,False,pralsetinib,:pralsetinib,,GBLBJPZSROAGMF-RWYJCYHVSA-N,,,True,True
CHEMBL4585668,DRUGBANK:DB15463,BELZUTIFAN,Belzutifan,9,1,3,True,True,False,True,False,False,belzutifan,Belzutifan,,LOMMPXLFBTZENJ-ZACQAIPSSA-N,,,True,True
CHEMBL4594214,DRUGBANK:DB06283,ZICONOTIDE,Ziconotide,2,1145,3,True,True,False,True,False,False,ziconotide,Ziconotide,,BPKIMPVREBSLAJ-QTBYCLKRSA-N,,,False,True
CHEMBL4594250,DRUGBANK:DB13931,NETARSUDIL,Netarsudil,8,2,3,True,True,False,True,False,False,netarsudil,Netarsudil,,OURRXQUGYQRVML-AREMUKBSSA-N,,,True,True
CHEMBL4594261,DRUGBANK:DB15690,FLUOROESTRADIOL F-18,Fluoroestradiol F-18,2,12,3,True,True,False,True,False,False,fluoroestradiol f 18,Fluoroestradiol f-18,,KDLLNMRYZGUVMA-ZYMZXAKXSA-N,,,True,True
CHEMBL4594350,DRUGBANK:DB15568,ADAGRASIB,Adagrasib,7,1,3,True,True,False,True,False,False,adagrasib,Adagrasib,,PEMUGDMSUDYLHU-ZEQRLZLVSA-N,,,True,True
CHEMBL4594446,DRUGBANK:DB16145,DOTINURAD,Dotinurad,3,2,3,True,True,False,True,False,False,dotinurad,Dotinurad,,VOFLAIHEELWYGO-UHFFFAOYSA-N,,,True,True
CHEMBL4594565,DRUGBANK:DB15633,PABINAFUSP ALFA,Pabinafusp alfa,1,1,3,True,True,False,False,False,True,pabinafusp alfa,Pabinafusp alfa,,,,1.0,True,True
CHEMBL4594603,DRUGBANK:DB13998,LONOCTOCOG ALFA,Lonoctocog alfa,1,1,3,True,True,False,False,False,True,lonoctocog alfa,Lonoctocog alfa,,,,1.0,True,True
CHEMBL4597193,DRUGBANK:DB18314,VALEMETOSTAT,Valemetostat,4,1,3,True,True,False,True,False,False,valemetostat,Valemetostat,,SSDRNUPMYCFXGM-UYPAYLBCSA-N,,,True,True
CHEMBL464,DRUGBANK:DB00926,ETRETINATE,Etretinate,1,53,3,True,True,False,True,False,False,etretinate,Etretinate,,HQMNCQVAMBCHCO-DJRRULDNSA-N,,,True,True
CHEMBL4650248,DRUGBANK:DB15941,CASIRIVIMAB,Casirivimab,1,1,3,True,True,False,False,False,True,casirivimab,Casirivimab,,,,1.0,True,True
CHEMBL4650249,DRUGBANK:DB15940,IMDEVIMAB,Imdevimab,1,1,3,True,True,False,False,False,True,imdevimab,Imdevimab,,,,1.0,True,True
CHEMBL4650258,DRUGBANK:DB16393,CILGAVIMAB,Cilgavimab,1,1,3,True,True,False,False,False,True,cilgavimab,Cilgavimab,,,,1.0,True,True
CHEMBL4650265,DRUGBANK:DB16394,TIXAGEVIMAB,Tixagevimab,1,1,3,True,True,False,False,False,True,tixagevimab,Tixagevimab,,,,1.0,True,True
CHEMBL4650379,DRUGBANK:DB15718,BAMLANIVIMAB,Bamlanivimab,1,1,3,True,True,False,False,False,True,bamlanivimab,Bamlanivimab,,,,1.0,True,True
CHEMBL4650462,DRUGBANK:DB16405,REGDANVIMAB,Regdanvimab,1,1,3,True,True,False,False,False,True,regdanvimab,Regdanvimab,,,,1.0,True,True
CHEMBL4650485,DRUGBANK:DB17472,PIRTOBRUTINIB,Pirtobrutinib,5,1,3,True,True,False,True,False,False,pirtobrutinib,Pirtobrutinib,,FWZAWAUZXYCBKZ-NSHDSACASA-N,,,True,True
CHEMBL4650488,DRUGBANK:DB15897,ETESEVIMAB,Etesevimab,1,1,3,True,True,False,False,False,True,etesevimab,Etesevimab,,,,1.0,True,True
CHEMBL4756129,DRUGBANK:DB15623,TMC 310911,TMC-310911,1,58,3,True,True,False,True,False,False,tmc 310911,Tmc 310911,,JQUNFHFWXCXPRK-AMMMHQJVSA-N,,,True,True
CHEMBL4802135,DRUGBANK:DB16691,NIRMATRELVIR,Nirmatrelvir,3,1,3,True,True,False,True,False,False,nirmatrelvir,Nirmatrelvir,,LIENCHBZNNMNKG-OJFNHCPVSA-N,,,True,True
CHEMBL5095172,DRUGBANK:DB09226,BRILAROXAZINE,Brilaroxazine,1,801,3,True,True,False,True,False,False,brilaroxazine,Brilaroxazine,,PMKMNTBZJOXTJW-UHFFFAOYSA-N,,,True,True
CHEMBL5183847,DRUGBANK:DB18834,ENSITRELVIR,Ensitrelvir,4,1,3,True,True,False,True,False,False,ensitrelvir,Ensitrelvir,,QMPBBNUOBOFBFS-UHFFFAOYSA-N,,,True,True
CHEMBL525076,DRUGBANK:DB00109,ENFUVIRTIDE,Enfuvirtide,5,16,3,True,True,False,True,False,False,enfuvirtide,Enfuvirtide,,PEASPLKKXBYDKL-FXEVSJAOSA-N,,,False,True
CHEMBL525610,DRUGBANK:DB06285,TERIPARATIDE,Teriparatide,12,181,3,True,True,False,True,False,False,teriparatide,Teriparatide,,OGBMKVWORPGQRR-UMXFMPSGSA-N,,,False,True
CHEMBL5314379,DRUGBANK:DB11693,VOCLOSPORIN,Voclosporin,12,318,3,True,True,False,True,False,False,voclosporin,Voclosporin,,BICRTLVBTLFLRD-PTWUADNWSA-N,,,True,True
CHEMBL5314588,DRUGBANK:DB17823,PERFLUOROHEXYLOCTANE,Perfluorohexyloctane,2,1,3,True,True,False,True,False,False,perfluorohexyloctane,Perfluorohexyloctane,,WRYIIOKOQSICTB-UHFFFAOYSA-N,,,True,True
CHEMBL5314940,DRUGBANK:DB14930,ALOVUDINE F-18,Alovudine F-18,4,12,3,True,True,False,True,False,False,alovudine f 18,Alovudine f-18,,UXCAQJAQSWSNPQ-ZIVQXEJRSA-N,,,True,True
CHEMBL549386,DRUGBANK:DB04106,FOTEMUSTINE,Fotemustine,4,4,3,True,True,False,True,False,False,fotemustine,Fotemustine,,YAKWPXVTIGTRJH-UHFFFAOYSA-N,,,True,True
CHEMBL626,DRUGBANK:DB00735,NAFTIFINE,Naftifine,3,2,3,True,True,False,True,False,False,naftifine,Naftifine,,OZGNYLLQHRPOBR-DHZHZOJOSA-N,,,False,True
CHEMBL93077,DRUGBANK:DB08925,ADRAFINIL,Adrafinil,1,667,3,True,True,False,True,False,False,adrafinil,Adrafinil,,CGNMLOKEMNBUAI-UHFFFAOYSA-N,,,True,True
DRUGBANK:DB06005,DRUGBANK:DB15404,Adomiparin,"Heparin, bovine",22,22,3,False,False,False,True,True,True,,,,9005-49-6,37ac0c5cb7e81ed24dcdde10a5bb86433ff0e4fb,1.0,False,True
DRUGBANK:DB11061,DRUGBANK:DB14478,Povidone,Povidone K30,4,4,3,False,False,False,True,True,True,,,,9003-39-8,d8158417ee2c68e796f4c2f59b4d8992d3e9368c,1.0,False,True
DRUGBANK:DB11161,DRUGBANK:DB11236,Polyethylene glycol 300,Polyethylene glycol 3500,33,33,3,False,False,False,True,True,True,,,,25322-68-3,448c06a9f0d30159ff32069ddb9e51efb18bdb44,1.0,False,True
CHEMBL1000,CHEMBL1201191,CETIRIZINE,LEVOCETIRIZINE,1634,1621,2,False,True,False,False,False,True,,(-)-cetirizine,,,,0.972,False,True
CHEMBL1009,RXNORM:6375,LEVODOPA,levodopa,1063,20,2,True,True,False,False,False,False,levodopa,Levodopa,,,,,True,True
CHEMBL1017,RXNORM:73494,TELMISARTAN,telmisartan,1043,20,2,True,True,False,False,False,False,telmisartan,Telmisartan,,,,,True,True
CHEMBL1047,CHEMBL3989859,TOCOPHEROL ACETATE,TOCOPHEROL ACETATE,16,1,2,True,True,False,False,False,False,tocopherol acetate,Tocopherol acetate,,,,,True,True
CHEMBL1076903,DRUGBANK:DB01273,VARENICLINE,Varenicline,23,869,2,True,True,False,False,False,False,varenicline,Varenicline,,,,,False,True
CHEMBL1091024,DRUGBANK:DB13287,MIOCAMYCIN,Miocamycin,1,262,2,True,True,False,False,False,False,miocamycin,Miocamycin,,,,,True,True
CHEMBL1098,RXNORM:1815,BUPIVACAINE,bupivacaine,806,1,2,True,True,False,False,False,False,bupivacaine,(±)-bupivacaine,,,,,True,True
CHEMBL1111,RXNORM:358274,AMBRISENTAN,ambrisentan,1035,2,2,True,True,False,False,False,False,ambrisentan,Ambrisentan,,,,,True,True
CHEMBL1112,RXNORM:89013,ARIPIPRAZOLE,aripiprazole,2068,24,2,True,True,False,False,False,False,aripiprazole,Aripiprazole,,,,,True,True
CHEMBL1120,DRUGBANK:DB01294,BISMUTH SUBSALICYLATE,Bismuth subsalicylate,4,547,2,True,True,False,False,False,False,bismuth subsalicylate,Bismuth subsalicylate,,,,,False,True
CHEMBL11359,DRUGBANK:DB00515,CISPLATIN,Cisplatin,184,1491,2,True,True,False,False,False,False,cisplatin,Cisplatin,,,,,False,True
CHEMBL1159650,CHEMBL1201362,CLOBETASOL PROPIONATE,CLOBETASOL,1104,1049,2,False,True,False,False,False,True,,Clobetasol,,,,0.948,False,True
CHEMBL1160819,DRUGBANK:DB11118,"AMMONIA SOLUTION, STRONG",Ammonia,2,8,2,False,True,False,True,False,False,,Ammonia,,QGZKDVFQNNGYKY-UHFFFAOYSA-N,,,False,True
CHEMBL1162,RXNORM:7514,NORETHINDRONE,norethindrone,983,1,2,True,True,False,False,False,False,norethindrone,Norethindrone,,,,,True,True
CHEMBL1164729,RXNORM:73689,FEBUXOSTAT,febuxostat,67,2,2,True,True,False,False,False,False,febuxostat,Febuxostat,,,,,True,True
CHEMBL1172,RXNORM:275635,DESLORATADINE,desloratadine,1156,2,2,True,True,False,False,False,False,desloratadine,Desloratadine,,,,,True,True
CHEMBL1186579,DRUGBANK:DB06800,METHYLNALTREXONE,Methylnaltrexone,12,790,2,True,True,False,False,False,False,methylnaltrexone,Methylnaltrexone,,,,,True,True
CHEMBL1187231,CHEMBL494397,METFORMIN XR,METFORMIN XR,3,3,2,True,True,False,False,False,False,metformin xr,Metformin xr,,,,,False,True
CHEMBL118865,CHEMBL70586,SPIRADOLINE,SPIRADOLINE,2,761,2,True,True,False,False,False,False,spiradoline,Spiradoline,,,,,False,True
CHEMBL1197051,DRUGBANK:DB08941,ISOXSUPRINE,Isoxsuprine,3,816,2,True,True,False,False,False,False,isoxsuprine,Isoxsuprine,,,,,False,True
CHEMBL1197091,CHEMBL1199540,HALOFUGINONE,Halofuginone,5,16,2,True,True,False,False,False,False,halofuginone,Halofuginone,,,,,False,True
CHEMBL1200421,DRUGBANK:DB09137,TECHNETIUM TC 99M MEBROFENIN,Technetium Tc-99m mebrofenin,2,837,2,True,True,False,False,False,False,technetium tc 99m mebrofenin,Technetium Tc 99m Mebrofenin,,,,,True,True
CHEMBL1200553,DRUGBANK:DB09131,CUPRIC CHLORIDE,Cupric Chloride,3,1,2,True,True,False,False,False,False,cupric chloride,Cupric chloride,,,,,True,True
CHEMBL1200557,CHEMBL2103742,MANGANESE SULFATE,MANGANESE SULFATE,4,4,2,True,True,False,False,False,False,manganese sulfate,Manganese sulfate,,,,,False,True
CHEMBL1200572,DRUGBANK:DB01377,MAGNESIUM OXIDE,Magnesium oxide,6,763,2,True,True,False,False,False,False,magnesium oxide,Magnesium oxide,,,,,False,True
CHEMBL1200593,DRUGBANK:DB00597,GADOTERIDOL,Gadoteridol,2,736,2,True,True,False,False,False,False,gadoteridol,Gadoteridol,,,,,True,True
CHEMBL1200640,DRUGBANK:DB14491,FERROUS FUMARATE,Ferrous fumarate,5,174,2,True,True,False,False,False,False,ferrous fumarate,Ferrous fumarate,,,,,False,True
CHEMBL1200662,DRUGBANK:DB03404,HEMIN,Hemin,6,88,2,True,True,False,False,False,False,hemin,Hemin,,,,,True,True
CHEMBL1200711,DRUGBANK:DB09539,OMEGA-3-ACID ETHYL ESTERS,Omega-3-acid ethyl esters,66,121,2,True,True,False,False,False,False,omega 3 acid ethyl esters,Omega-3 acid ethyl esters,,,,,True,True
CHEMBL1200748,RXNORM:2019,CARBIDOPA,carbidopa,28,5,2,True,True,False,False,False,False,carbidopa,Carbidopa,,,,,True,True
CHEMBL1200807,DRUGBANK:DB06713,NORELGESTROMIN,Norelgestromin,3,459,2,True,True,False,False,False,False,norelgestromin,Norelgestromin,,,,,False,True
CHEMBL1200823,DRUGBANK:DB09146,IRON SUCROSE,Iron sucrose,5,127,2,True,True,False,False,False,False,iron sucrose,Iron sucrose,,,,,False,True
CHEMBL1200851,DRUGBANK:DB00725,HOMATROPINE METHYLBROMIDE,Homatropine methylbromide,2,1004,2,True,True,False,False,False,False,homatropine methylbromide,Homatropine methylbromide,,,,,False,True
CHEMBL1200859,CHEMBL1201275,ISOSULFAN BLUE,ISOSULFAN BLUE,2,2,2,True,True,False,False,False,False,isosulfan blue,Isosulfan blue,,,,,False,True
CHEMBL1200859,DRUGBANK:DB09136,ISOSULFAN BLUE,Isosulfan blue,2,736,2,True,True,False,False,False,False,isosulfan blue,Isosulfan blue,,,,,True,True
CHEMBL1200943,DRUGBANK:DB09338,MERSALYL,Mersalyl,1,843,2,True,True,False,False,False,False,mersalyl,Mersalyl,,,,,True,True
CHEMBL1200983,DRUGBANK:DB05260,GALLIUM NITRATE,Gallium nitrate,8,320,2,True,True,False,False,False,False,gallium nitrate,Gallium nitrate,,,,,True,True
CHEMBL1201136,DRUGBANK:DB09536,TITANIUM DIOXIDE,Titanium dioxide,4,3,2,True,True,False,False,False,False,titanium dioxide,Titanium dioxide,,,,,True,True
CHEMBL1201185,DRUGBANK:DB06791,LANREOTIDE,Lanreotide,22,443,2,True,True,False,False,False,False,lanreotide,Lanreotide,,,,,False,True
CHEMBL1201186,DRUGBANK:DB09275,BISMUTH SUBCITRATE POTASSIUM,Bismuth subcitrate potassium,6,153,2,True,True,False,False,False,False,bismuth subcitrate potassium,Bismuth subcitrate potassium,,,,,True,True
CHEMBL1201192,CHEMBL1373,ARMODAFINIL,MODAFINIL,685,718,2,False,True,False,False,False,True,,(−)-modafinil,,,,0.935,False,True
CHEMBL1201218,CHEMBL1618,CEFAMANDOLE NAFATE,CEFAMANDOLE NAFATE,95,2,2,True,True,False,False,False,False,cefamandole nafate,Cefamandole nafate,,,,,False,True
CHEMBL1201255,DRUGBANK:DB06788,HISTRELIN,Histrelin,6,460,2,True,True,False,False,False,False,histrelin,Histrelin,,,,,False,True
CHEMBL1201284,RXNORM:407990,CINACALCET,cinacalcet,527,8,2,True,True,False,False,False,False,cinacalcet,Cinacalcet,,,,,True,True
CHEMBL1201290,DRUGBANK:DB14500,POTASSIUM,Potassium,3,855,2,True,True,False,False,False,False,potassium,Potassium,,,,,True,True
CHEMBL1201301,DRUGBANK:DB06796,MANGAFODIPIR,Mangafodipir,5,744,2,True,True,False,False,False,False,mangafodipir,Mangafodipir,,,,,False,True
CHEMBL1201309,DRUGBANK:DB00666,NAFARELIN,Nafarelin,4,117,2,True,True,False,False,False,False,nafarelin,Nafarelin,,,,,False,True
CHEMBL1201335,RXNORM:1546438,GLYCOPYRRONIUM,glycopyrronium,980,3,2,True,True,False,False,False,False,glycopyrronium,Glycopyrronium,,,,,True,True
CHEMBL1201396,RXNORM:41126,FLUTICASONE,fluticasone,1151,6,2,True,True,False,False,False,False,fluticasone,Fluticasone,,,,,True,True
CHEMBL1201420,DRUGBANK:DB00013,UROKINASE,Urokinase,7,694,2,True,True,False,False,False,False,urokinase,Urokinase,,,,,False,True
CHEMBL1201431,DRUGBANK:DB00003,DORNASE ALFA,Dornase alfa,19,1,2,True,True,False,False,False,False,dornase alfa,Dornase alfa,,,,,True,True
CHEMBL1201438,DRUGBANK:DB00041,ALDESLEUKIN,Aldesleukin,113,1439,2,True,True,False,False,False,False,aldesleukin,Aldesleukin,,,,,False,True
CHEMBL1201439,DRUGBANK:DB00074,BASILIXIMAB,Basiliximab,23,603,2,True,True,False,False,False,False,basiliximab,Basiliximab,,,,,True,True
CHEMBL1201447,DRUGBANK:DB06415,CALFACTANT,Calfactant,6,139,2,True,True,False,False,False,False,calfactant,Calfactant,,,,,True,True
CHEMBL1201458,DRUGBANK:DB00965,ETHIODIZED OIL,Ethiodized oil,6,1,2,True,True,False,False,False,False,ethiodized oil,Ethiodized oil,,,,,True,True
CHEMBL1201464,DRUGBANK:DB00097,CHORIOGONADOTROPIN ALFA,Choriogonadotropin alfa,8,1,2,True,True,False,False,False,False,choriogonadotropin alfa,Choriogonadotropin alfa,,,,,True,True
CHEMBL1201467,DRUGBANK:DB09318,"SYNTHETIC CONJUGATED ESTROGENS, B","Synthetic Conjugated Estrogens, B",2,1199,2,True,True,False,False,False,False,synthetic conjugated estrogens b,"Synthetic Conjugated Estrogens, B",,,,,True,True
CHEMBL1201477,DRUGBANK:DB09369,POLYESTRADIOL PHOSPHATE,Polyestradiol phosphate,1,496,2,True,True,False,False,False,False,polyestradiol phosphate,Polyestradiol phosphate,,,,,True,True
CHEMBL1201478,DRUGBANK:DB09287,POLYETHYLENE GLYCOL,Polyethylene glycol,16,481,2,True,True,False,False,False,False,polyethylene glycol,Polyethylene glycol,,,,,False,True
CHEMBL1201481,DRUGBANK:DB00707,PORFIMER SODIUM,Porfimer sodium,16,38,2,True,True,False,False,False,False,porfimer sodium,Porfimer sodium,,,,,True,True
CHEMBL1201494,DRUGBANK:DB09517,SODIUM FERRIC GLUCONATE COMPLEX,Sodium ferric gluconate complex,2,33,2,True,True,False,False,False,False,sodium ferric gluconate complex,Sodium ferric gluconate complex,,,,,True,True
CHEMBL1201496,DRUGBANK:DB01306,INSULIN ASPART,Insulin aspart,12,585,2,True,True,False,False,False,False,insulin aspart,Insulin aspart,,,,,False,True
CHEMBL1201497,DRUGBANK:DB00047,INSULIN GLARGINE,Insulin glargine,15,730,2,True,True,False,False,False,False,insulin glargine,Insulin glargine,,,,,False,True
CHEMBL1201506,DRUGBANK:DB00056,GEMTUZUMAB OZOGAMICIN,Gemtuzumab ozogamicin,9,744,2,True,True,False,False,False,False,gemtuzumab ozogamicin,Gemtuzumab ozogamicin,,,,,True,True
CHEMBL1201515,DRUGBANK:DB00082,PEGVISOMANT,Pegvisomant,9,703,2,True,True,False,False,False,False,pegvisomant,Pegvisomant,,,,,True,True
CHEMBL1201532,DRUGBANK:DB15263,THYROTROPIN,Thyrotropin,3,187,2,True,True,False,False,False,False,thyrotropin,Thyrotropin,,,,,True,True
CHEMBL1201533,DRUGBANK:DB00024,THYROTROPIN ALFA,Thyrotropin alfa,7,472,2,True,True,False,False,False,False,thyrotropin alfa,Thyrotropin alfa,,,,,True,True
CHEMBL1201538,DRUGBANK:DB00046,INSULIN LISPRO,Insulin lispro,4,731,2,True,True,False,False,False,False,insulin lispro,Insulin lispro,,,,,False,True
CHEMBL1201539,DRUGBANK:DB00071,INSULIN PORK,Insulin pork,6,729,2,True,True,False,False,False,False,insulin pork,Insulin (pork),,,,,True,True
CHEMBL1201544,DRUGBANK:DB00893,IRON DEXTRAN,Iron Dextran,4,137,2,True,True,False,False,False,False,iron dextran,Iron Dextran,,,,,True,True
CHEMBL1201550,DRUGBANK:DB00004,DENILEUKIN DIFTITOX,Denileukin diftitox,22,5,2,True,True,False,False,False,False,denileukin diftitox,Denileukin diftitox,,,,,True,True
CHEMBL1201554,DRUGBANK:DB11166,ANTITHROMBIN ALFA,Antithrombin Alfa,3,637,2,True,True,False,False,False,False,antithrombin alfa,Antithrombin Alfa,,,,,True,True
CHEMBL1201557,DRUGBANK:DB00069,INTERFERON ALFACON-1,Interferon alfacon-1,5,618,2,True,True,False,False,False,False,interferon alfacon 1,Interferon alfacon-1,,,,,True,True
CHEMBL1201558,DRUGBANK:DB00105,INTERFERON ALFA-2B,Interferon alfa-2b,37,627,2,True,True,False,False,False,False,interferon alfa 2b,Interferon alfa-2b,,,,,True,True
CHEMBL1201560,DRUGBANK:DB00008,PEGINTERFERON ALFA-2A,Peginterferon alfa-2a,28,670,2,True,True,False,False,False,False,peginterferon alfa 2a,Peginterferon alfa-2a,,,,,False,True
CHEMBL1201561,DRUGBANK:DB00022,PEGINTERFERON ALFA-2B,Peginterferon alfa-2b,43,932,2,True,True,False,False,False,False,peginterferon alfa 2b,Peginterferon alfa-2b,,,,,True,True
CHEMBL1201562,DRUGBANK:DB00060,INTERFERON BETA-1A,Interferon beta-1a,16,201,2,True,True,False,False,False,False,interferon beta 1a,Interferon beta 1a,,,,,True,True
CHEMBL1201563,DRUGBANK:DB00068,INTERFERON BETA-1B,Interferon beta-1b,7,616,2,True,True,False,False,False,False,interferon beta 1b,Interferon beta-1b,,,,,True,True
CHEMBL1201564,DRUGBANK:DB00033,INTERFERON GAMMA-1B,Interferon gamma-1b,45,615,2,True,True,False,False,False,False,interferon gamma 1b,Interferon .gamma.-1b,,,,,True,True
CHEMBL1201566,DRUGBANK:DB00012,DARBEPOETIN ALFA,Darbepoetin alfa,21,522,2,True,True,False,False,False,False,darbepoetin alfa,Darbepoetin alfa,,,,,False,True
CHEMBL1201567,DRUGBANK:DB00099,FILGRASTIM,Filgrastim,174,12,2,True,True,False,False,False,False,filgrastim,Filgrastim,,,,,False,True
CHEMBL1201568,DRUGBANK:DB00019,PEGFILGRASTIM,Pegfilgrastim,65,45,2,True,True,False,False,False,False,pegfilgrastim,Pegfilgrastim,,,,,True,True
CHEMBL1201570,DRUGBANK:DB00026,ANAKINRA,Anakinra,61,985,2,True,True,False,False,False,False,anakinra,Anakinra,,,,,False,True
CHEMBL1201571,DRUGBANK:DB00092,ALEFACEPT,Alefacept,10,316,2,True,True,False,False,False,False,alefacept,Alefacept,,,,,True,True
CHEMBL1201572,DRUGBANK:DB00005,ETANERCEPT,Etanercept,53,983,2,True,True,False,False,False,False,etanercept,Etanercept,,,,,False,True
CHEMBL1201573,DRUGBANK:DB00038,OPRELVEKIN,Oprelvekin,9,1,2,True,True,False,False,False,False,oprelvekin,Oprelvekin,,,,,True,True
CHEMBL1201575,DRUGBANK:DB00095,EFALIZUMAB,Efalizumab,11,603,2,True,True,False,False,False,False,efalizumab,Efalizumab,,,,,True,True
CHEMBL1201576,DRUGBANK:DB00073,RITUXIMAB,Rituximab,141,908,2,True,True,False,False,False,False,rituximab,Rituximab,,,,,False,True
CHEMBL1201577,DRUGBANK:DB00002,CETUXIMAB,Cetuximab,74,344,2,True,True,False,False,False,False,cetuximab,Cetuximab,,,,,True,True
CHEMBL1201580,DRUGBANK:DB00051,ADALIMUMAB,Adalimumab,32,1273,2,True,True,False,False,False,False,adalimumab,Adalimumab,,,,,False,True
CHEMBL1201581,DRUGBANK:DB00065,INFLIXIMAB,Infliximab,52,1312,2,True,True,False,False,False,False,infliximab,Infliximab,,,,,False,True
CHEMBL1201583,DRUGBANK:DB00112,BEVACIZUMAB,Bevacizumab,203,642,2,True,True,False,False,False,False,bevacizumab,Bevacizumab,,,,,False,True
CHEMBL1201584,DRUGBANK:DB00054,ABCIXIMAB,Abciximab,9,936,2,True,True,False,False,False,False,abciximab,Abciximab,,,,,True,True
CHEMBL1201585,DRUGBANK:DB00072,TRASTUZUMAB,Trastuzumab,75,659,2,True,True,False,False,False,False,trastuzumab,Trastuzumab,,,,,True,True
CHEMBL1201586,DRUGBANK:DB00110,PALIVIZUMAB,Palivizumab,4,347,2,True,True,False,False,False,False,palivizumab,Palivizumab,,,,,True,True
CHEMBL1201587,DRUGBANK:DB00087,ALEMTUZUMAB,Alemtuzumab,66,743,2,True,True,False,False,False,False,alemtuzumab,Alemtuzumab,,,,,False,True
CHEMBL1201589,DRUGBANK:DB00043,OMALIZUMAB,Omalizumab,27,339,2,True,True,False,False,False,False,omalizumab,Omalizumab,,,,,False,True
CHEMBL1201591,DRUGBANK:DB09067,CORTICORELIN OVINE TRIFLUTATE,Corticorelin ovine triflutate,1,68,2,True,True,False,False,False,False,corticorelin ovine triflutate,Corticorelin ovine triflutate,,,,,True,True
CHEMBL1201593,DRUGBANK:DB00009,ALTEPLASE,Alteplase,36,697,2,True,True,False,False,False,False,alteplase,Alteplase,,,,,False,True
CHEMBL1201594,DRUGBANK:DB00049,RASBURICASE,Rasburicase,9,12,2,True,True,False,False,False,False,rasburicase,Rasburicase,,,,,True,True
CHEMBL1201595,DRUGBANK:DB00090,LARONIDASE,Laronidase,5,1,2,True,True,False,False,False,False,laronidase,Laronidase,,,,,True,True
CHEMBL1201599,DRUGBANK:DB00028,HUMAN IMMUNOGLOBULIN G,Human immunoglobulin G,70,334,2,True,True,False,False,False,False,human immunoglobulin g,Human immunoglobulin G,,,,,True,True
CHEMBL1201604,DRUGBANK:DB00081,TOSITUMOMAB,Tositumomab,6,1385,2,True,True,False,False,False,False,tositumomab,Tositumomab,,,,,True,True
CHEMBL1201605,DRUGBANK:DB00111,DACLIZUMAB,Daclizumab,26,604,2,True,True,False,False,False,False,daclizumab,Daclizumab,,,,,False,True
CHEMBL1201606,DRUGBANK:DB00078,IBRITUMOMAB TIUXETAN,Ibritumomab tiuxetan,16,738,2,True,True,False,False,False,False,ibritumomab tiuxetan,Ibritumomab tiuxetan,,,,,True,True
CHEMBL1201607,DRUGBANK:DB00108,NATALIZUMAB,Natalizumab,16,607,2,True,True,False,False,False,False,natalizumab,Natalizumab,,,,,False,True
CHEMBL1201610,DRUGBANK:DB01285,CORTICOTROPIN,Corticotropin,22,1026,2,True,True,False,False,False,False,corticotropin,Corticotropin,,,,,True,True
CHEMBL1201613,DRUGBANK:DB01309,INSULIN GLULISINE,Insulin glulisine,6,731,2,True,True,False,False,False,False,insulin glulisine,Insulin glulisine,,,,,True,True
CHEMBL1201619,DRUGBANK:DB06692,APROTININ,Aprotinin,3,388,2,True,True,False,False,False,False,aprotinin,Aprotinin,,,,,True,True
CHEMBL1201622,DRUGBANK:DB09113,PORACTANT ALFA,Poractant alfa,6,139,2,True,True,False,False,False,False,poractant alfa,Poractant Alfa,,,,,True,True
CHEMBL1201624,DRUGBANK:DB06761,BERACTANT,Beractant,3,139,2,True,True,False,False,False,False,beractant,Beractant,,,,,True,True
CHEMBL1201625,DRUGBANK:DB01432,CHOLESTYRAMINE,Cholestyramine,12,399,2,True,True,False,False,False,False,cholestyramine,Cholestyramine,,,,,False,True
CHEMBL1201631,DRUGBANK:DB00030,INSULIN HUMAN,Insulin human,51,731,2,True,True,False,False,False,False,insulin human,Insulin (human),,,,,False,True
CHEMBL1201632,DRUGBANK:DB00053,IMIGLUCERASE,Imiglucerase,5,1,2,True,True,False,False,False,False,imiglucerase,Imiglucerase,,,,,True,True
CHEMBL1201636,DRUGBANK:DB14740,HYALURONIDASE,Hyaluronidase,23,206,2,True,True,False,False,False,False,hyaluronidase,Hyaluronidase,,,,,False,True
CHEMBL1201646,DRUGBANK:DB00638,INULIN,Inulin,4,12,2,True,True,False,False,False,False,inulin,Inulin,,,,,True,True
CHEMBL1201662,DRUGBANK:DB11095,DESIRUDIN,Desirudin,3,643,2,True,True,False,False,False,False,desirudin,Desirudin,,,,,False,True
CHEMBL1201666,DRUGBANK:DB00001,LEPIRUDIN,Lepirudin,5,646,2,True,True,False,False,False,False,lepirudin,Lepirudin,,,,,False,True
CHEMBL1201668,DRUGBANK:DB04899,NESIRITIDE,Nesiritide,18,309,2,True,True,False,False,False,False,nesiritide,Nesiritide,,,,,False,True
CHEMBL1201670,DRUGBANK:DB00020,SARGRAMOSTIM,Sargramostim,104,9,2,True,True,False,False,False,False,sargramostim,Sargramostim,,,,,True,True
CHEMBL1201703,DRUGBANK:DB00061,PEGADEMASE,Pegademase,1,37,2,True,True,False,False,False,False,pegademase,Pegademase,,,,,True,True
CHEMBL1201716,DRUGBANK:DB01277,MECASERMIN,Mecasermin,16,577,2,True,True,False,False,False,False,mecasermin,Mecasermin,,,,,False,True
CHEMBL1201717,DRUGBANK:DB14751,MECASERMIN RINFABATE,Mecasermin rinfabate,4,1,2,True,True,False,False,False,False,mecasermin rinfabate,Mecasermin rinfabate,,,,,True,True
CHEMBL1201718,DRUGBANK:DB06205,HYALURONIDASE (HUMAN RECOMBINANT),Hyaluronidase (human recombinant),20,204,2,True,True,False,False,False,False,hyaluronidase human recombinant,Hyaluronidase (human recombinant),,,,,True,True
CHEMBL1201724,DRUGBANK:DB06812,POVIDONE-IODINE,Povidone-iodine,21,3,2,True,True,False,False,False,False,povidone iodine,Povidone iodine,,,,,True,True
CHEMBL1201758,DRUGBANK:DB04890,BEPOTASTINE,Bepotastine,6,759,2,True,True,False,False,False,False,bepotastine,Bepotastine,,,,,False,True
CHEMBL1201772,RXNORM:613391,PRASUGREL,prasugrel,1391,2,2,True,True,False,False,False,False,prasugrel,Prasugrel,,,,,True,True
CHEMBL1201821,DRUGBANK:DB00039,PALIFERMIN,Palifermin,28,128,2,True,True,False,False,False,False,palifermin,Palifermin,,,,,True,True
CHEMBL1201822,DRUGBANK:DB01279,GALSULFASE,Galsulfase,2,1,2,True,True,False,False,False,False,galsulfase,Galsulfase,,,,,True,True
CHEMBL1201823,DRUGBANK:DB01281,ABATACEPT,Abatacept,42,981,2,True,True,False,False,False,False,abatacept,Abatacept,,,,,True,True
CHEMBL1201825,DRUGBANK:DB01270,RANIBIZUMAB,Ranibizumab,30,349,2,True,True,False,False,False,False,ranibizumab,Ranibizumab,,,,,False,True
CHEMBL1201827,DRUGBANK:DB01269,PANITUMUMAB,Panitumumab,33,339,2,True,True,False,False,False,False,panitumumab,Panitumumab,,,,,True,True
CHEMBL1201828,DRUGBANK:DB01257,ECULIZUMAB,Eculizumab,22,605,2,True,True,False,False,False,False,eculizumab,Eculizumab,,,,,False,True
CHEMBL1201830,DRUGBANK:DB06372,RILONACEPT,Rilonacept,13,980,2,True,True,False,False,False,False,rilonacept,Rilonacept,,,,,True,True
CHEMBL1201831,DRUGBANK:DB08904,CERTOLIZUMAB PEGOL,Certolizumab pegol,10,1797,2,True,True,False,False,False,False,certolizumab pegol,Certolizumab pegol,,,,,True,True
CHEMBL1201832,DRUGBANK:DB05332,ROMIPLOSTIM,Romiplostim,15,10,2,True,True,False,False,False,False,romiplostim,Romiplostim,,,,,False,True
CHEMBL1201833,DRUGBANK:DB06674,GOLIMUMAB,Golimumab,14,1261,2,True,True,False,False,False,False,golimumab,Golimumab,,,,,True,True
CHEMBL1201834,DRUGBANK:DB06168,CANAKINUMAB,Canakinumab,42,1259,2,True,True,False,False,False,False,canakinumab,Canakinumab,,,,,False,True
CHEMBL1201835,DRUGBANK:DB05679,USTEKINUMAB,Ustekinumab,27,339,2,True,True,False,False,False,False,ustekinumab,Ustekinumab,,,,,True,True
CHEMBL1201836,DRUGBANK:DB06650,OFATUMUMAB,Ofatumumab,28,339,2,True,True,False,False,False,False,ofatumumab,Ofatumumab,,,,,True,True
CHEMBL1201837,DRUGBANK:DB05311,ECALLANTIDE,Ecallantide,2,1,2,True,True,False,False,False,False,ecallantide,Ecallantide,,,,,True,True
CHEMBL1201865,DRUGBANK:DB06720,VELAGLUCERASE ALFA,Velaglucerase alfa,1,2,2,True,True,False,False,False,False,velaglucerase alfa,Velaglucerase alfa,,,,,True,True
CHEMBL1201867,DRUGBANK:DB06215,FERUMOXYTOL,Ferumoxytol,8,56,2,True,True,False,False,False,False,ferumoxytol,Ferumoxytol,,,,,False,True
CHEMBL1208829,CHEMBL3402567,ITX-5061,ITX-5061,3,3,2,True,True,False,False,False,False,itx 5061,ITX 5061,,,,,False,True
CHEMBL1230122,CHEMBL1766582,R-1487,R-1487,2,1,2,True,True,False,False,False,False,r 1487,R 1487,,,,,False,True
CHEMBL1230961,CHEMBL1909452,Apramycin,APRAMYCIN,840,1,2,True,True,False,False,False,False,apramycin,Apramycin,,,,,True,True
CHEMBL1235478,DRUGBANK:DB12257,PLATINUM,Platinum,8,10,2,True,True,False,False,False,False,platinum,Platinum,,,,,True,True
CHEMBL123558,DRUGBANK:DB04957,AZIMILIDE,Azimilide,5,627,2,True,True,False,False,False,False,azimilide,Azimilide,,,,,True,True
CHEMBL1237021,RXNORM:1040028,LURASIDONE,lurasidone,1517,2,2,True,True,False,False,False,False,lurasidone,Lurasidone,,,,,True,True
CHEMBL1237022,DRUGBANK:DB06273,TOCILIZUMAB,Tocilizumab,73,1299,2,True,True,False,False,False,False,tocilizumab,Tocilizumab,,,,,False,True
CHEMBL1237023,DRUGBANK:DB06643,DENOSUMAB,Denosumab,41,606,2,True,True,False,False,False,False,denosumab,Denosumab,,,,,False,True
CHEMBL1237024,DRUGBANK:DB06688,SIPULEUCEL-T,Sipuleucel-T,4,255,2,True,True,False,False,False,False,sipuleucel t,Sipuleucel-T,,,,,True,True
CHEMBL1237025,DRUGBANK:DB09208,PEGLOTICASE,Pegloticase,2,57,2,True,True,False,False,False,False,pegloticase,Pegloticase,,,,,True,True
CHEMBL1237026,DRUGBANK:DB08869,TESAMORELIN,Tesamorelin,6,9,2,True,True,False,False,False,False,tesamorelin,Tesamorelin,,,,,False,True
CHEMBL1237119,RXNORM:343048,TREPROSTINIL,treprostinil,1230,4,2,True,True,False,False,False,False,treprostinil,Treprostinil,,,,,True,True
CHEMBL1256391,RXNORM:1592254,PIRFENIDONE,pirfenidone,639,4,2,True,True,False,False,False,False,pirfenidone,Pirfenidone,,,,,True,True
CHEMBL1256786,RXNORM:25255,FORMOTEROL,formoterol,1449,2,2,True,True,False,False,False,False,formoterol,Formoterol,,,,,True,True
CHEMBL1276127,DRUGBANK:DB12379,INDIRUBIN,Indirubin,2,4,2,True,True,False,False,False,False,indirubin,Indirubin,,,,,True,True
CHEMBL1286,RXNORM:114477,LEVETIRACETAM,levetiracetam,920,11,2,True,True,False,False,False,False,levetiracetam,Levetiracetam,,,,,True,True
CHEMBL12948,DRUGBANK:DB13647,SEMUSTINE,Semustine,4,4,2,True,True,False,False,False,False,semustine,Semustine,,,,,True,True
CHEMBL129482,CHEMBL583912,(+)-EPICATECHIN,(-)-EPICATECHIN,5,2,2,True,True,False,False,False,False,epicatechin,(+)-epicatechin,,,,,True,True
CHEMBL1337,RXNORM:61805,NITISINONE,nitisinone,16,5,2,True,True,False,False,False,False,nitisinone,Nitisinone,,,,,True,True
CHEMBL135,RXNORM:4083,ESTRADIOL,estradiol,2079,2,2,True,True,False,False,False,False,estradiol,Estradiol,,,,,True,True
CHEMBL1351,DRUGBANK:DB00958,CARBOPLATIN,Carboplatin,181,1142,2,True,True,False,False,False,False,carboplatin,Carboplatin,,,,,True,True
CHEMBL1366,DRUGBANK:DB00995,AURANOFIN,Auranofin,13,764,2,True,True,False,False,False,False,auranofin,Auranofin,,,,,True,True
CHEMBL1370,RXNORM:19831,BUDESONIDE,budesonide,1739,12,2,True,True,False,False,False,False,budesonide,Budesonide,,,,,True,True
CHEMBL1380,RXNORM:190521,ABACAVIR,abacavir,821,4,2,True,True,False,False,False,False,abacavir,Abacavir,,,,,True,True
CHEMBL1397,RXNORM:282446,POSACONAZOLE,posaconazole,759,4,2,True,True,False,False,False,False,posaconazole,(-)-posaconazole,,,,,True,True
CHEMBL141,RXNORM:68244,LAMIVUDINE,lamivudine,1018,9,2,True,True,False,False,False,False,lamivudine,Lamivudine,,,,,True,True
CHEMBL1431,RXNORM:6809,METFORMIN,metformin,1478,10,2,True,True,False,False,False,False,metformin,Metformin,,,,,True,True
CHEMBL1440,RXNORM:10395,TETRACYCLINE,tetracycline,1264,1,2,True,True,False,False,False,False,tetracycline,Tetracycline,,,,,True,True
CHEMBL1456,RXNORM:68149,MYCOPHENOLATE MOFETIL,mycophenolate mofetil,1642,19,2,True,True,False,False,False,False,mycophenolate mofetil,Mycophenolate mofetil,,,,,True,True
CHEMBL1467,RXNORM:519,ALLOPURINOL,allopurinol,1076,2,2,True,True,False,False,False,False,allopurinol,Allopurinol,,,,,True,True
CHEMBL146927,CHEMBL4297273,CPP-115,CPP-115,2,2,2,True,True,False,False,False,False,cpp 115,Cpp-115,,,,,False,True
CHEMBL148,CHEMBL43708,IMIPENEM,IMIPENEM,279,14,2,True,True,False,False,False,False,imipenem,Imipenem,,,,,False,True
CHEMBL1485,DRUGBANK:DB17289,ARGININE,L-arginine,72,22,2,False,True,False,True,False,False,,L-(+)-Arginine,,74-79-3,,,True,True
CHEMBL1489,RXNORM:1251,AZACITIDINE,azacitidine,1184,3,2,True,True,False,False,False,False,azacitidine,Azacitidine,,,,,True,True
CHEMBL1491,RXNORM:17767,AMLODIPINE,amlodipine,1241,21,2,True,True,False,False,False,False,amlodipine,Amlodipine,,,,,True,True
CHEMBL1509,RXNORM:11636,DROSPIRENONE,drospirenone,1584,11,2,True,True,False,False,False,False,drospirenone,Drospirenone,,,,,True,True
CHEMBL1520,RXNORM:306674,VARDENAFIL,vardenafil,1030,5,2,True,True,False,False,False,False,vardenafil,Vardenafil,,,,,True,True
CHEMBL1538,RXNORM:300195,TENOFOVIR DISOPROXIL,tenofovir disoproxil,1041,4,2,True,True,False,False,False,False,tenofovir disoproxil,Tenofovir disoproxil,,,,,True,True
CHEMBL15605,CHEMBL43686,HYDROCHLORTHIAZIDE,HYDROCHLORTHIAZIDE,2,2,2,True,True,False,False,False,False,hydrochlorthiazide,Hydrochlorthiazide,,,,,False,True
CHEMBL1566,DRUGBANK:DB00284,ACARBOSE,Acarbose,14,1181,2,True,True,False,False,False,False,acarbose,Acarbose,,,,,False,True
CHEMBL1578,DRUGBANK:DB00517,ANISOTROPINE METHYLBROMIDE,Anisotropine methylbromide,1,962,2,True,True,False,False,False,False,anisotropine methylbromide,Anisotropine methylbromide,,,,,False,True
CHEMBL1592101,DRUGBANK:DB13909,BISMUTH SUBGALLATE,Bismuth subgallate,1,855,2,True,True,False,False,False,False,bismuth subgallate,Bismuth subgallate,,,,,True,True
CHEMBL160519,DRUGBANK:DB01366,PROCATEROL,Procaterol,3,802,2,True,True,False,False,False,False,procaterol,Procaterol,,,,,True,True
CHEMBL161381,CHEMBL885,"EMTRICITABINE, (+/-)-",EMTRICITABINE,1,806,2,True,True,False,False,False,False,emtricitabine,(-)-emtricitabine,,,,,True,True
CHEMBL161381,RXNORM:276237,"EMTRICITABINE, (+/-)-",emtricitabine,1,4,2,True,True,False,False,False,False,emtricitabine,"Emtricitabine, (+/-)-",,,,,True,True
CHEMBL161381,DRUGBANK:DB12753,"EMTRICITABINE, (+/-)-",Racivir,1,12,2,False,True,False,True,False,False,,(+/-)-Emtricitabine,,XQSPYNMVSIKCOC-UHFFFAOYSA-N,,,True,True
CHEMBL1614709,CHEMBL1967878,CENISERTIB,CENISERTIB,1,2,2,True,True,False,False,False,False,cenisertib,Cenisertib,,,,,True,True
CHEMBL163,RXNORM:85762,RITONAVIR,ritonavir,1574,9,2,True,True,False,False,False,False,ritonavir,Ritonavir,,,,,True,True
CHEMBL1652606,CHEMBL4297101,CEFTOBIPROLE MEDOCARIL,CEFTOBIPROLE MEDOCARIL,10,2,2,True,True,False,False,False,False,ceftobiprole medocaril,Ceftobiprole medocaril,,,,,False,True
CHEMBL1652606,DRUGBANK:DB14733,CEFTOBIPROLE MEDOCARIL,Ceftobiprole medocaril,10,17,2,True,True,False,False,False,False,ceftobiprole medocaril,Ceftobiprole medocaril,,,,,True,True
CHEMBL1667969,CHEMBL3545341,SAR-407899,SAR-407899,4,4,2,True,True,False,False,False,False,sar 407899,SAR-407899,,,,,False,True
CHEMBL1673159,CHEMBL1741078,VCH-759,VCH-759,2,2,2,True,True,False,False,False,False,vch 759,VCH-759,,,,,False,True
CHEMBL168815,DRUGBANK:DB00185,CEVIMELINE,Cevimeline,2,1077,2,True,True,False,False,False,False,cevimeline,Cevimeline,,,,,False,True
CHEMBL1697742,DRUGBANK:DB09255,DEXTRAN,Dextran,5,1134,2,True,True,False,False,False,False,dextran,Dextran,,,,,True,True
CHEMBL1697849,DRUGBANK:DB13846,PYRROBUTAMINE,Pyrrobutamine,2,9,2,True,True,False,False,False,False,pyrrobutamine,Pyrrobutamine,,,,,True,True
CHEMBL1697854,DRUGBANK:DB11618,ZORUBICIN,Zorubicin,2,6,2,True,True,False,False,False,False,zorubicin,Zorubicin,,,,,True,True
CHEMBL170179,CHEMBL2107793,METHADYL ACETATE,ALPHACETYLMETHADOL,915,899,2,False,True,False,False,False,True,,Alphacetylmethadol,,,,0.98,True,True
CHEMBL1705709,DRUGBANK:DB13381,SODIUM FEREDETATE,Sodium feredetate,1,124,2,True,True,False,False,False,False,sodium feredetate,Sodium feredetate,,,,,True,True
CHEMBL1742982,DRUGBANK:DB08885,AFLIBERCEPT,Aflibercept,49,4,2,True,True,False,False,False,False,aflibercept,Aflibercept,,,,,True,True
CHEMBL1742984,DRUGBANK:DB12845,AMATUXIMAB,Amatuximab,4,333,2,True,True,False,False,False,False,amatuximab,Amatuximab,,,,,True,True
CHEMBL1742989,DRUGBANK:DB05136,BAVITUXIMAB,Bavituximab,14,337,2,True,True,False,False,False,False,bavituximab,Bavituximab,,,,,True,True
CHEMBL1742990,DRUGBANK:DB06681,BELATACEPT,Belatacept,7,316,2,True,True,False,False,False,False,belatacept,Belatacept,,,,,True,True
CHEMBL1742991,DRUGBANK:DB12023,BENRALIZUMAB,Benralizumab,13,335,2,True,True,False,False,False,False,benralizumab,Benralizumab,,,,,False,True
CHEMBL1742992,DRUGBANK:DB09052,BLINATUMOMAB,Blinatumomab,14,743,2,True,True,False,False,False,False,blinatumomab,Blinatumomab,,,,,True,True
CHEMBL1742993,DRUGBANK:DB12560,BLOSOZUMAB,Blosozumab,2,334,2,True,True,False,False,False,False,blosozumab,Blosozumab,,,,,True,True
CHEMBL1742994,DRUGBANK:DB08870,BRENTUXIMAB VEDOTIN,Brentuximab vedotin,26,1105,2,True,True,False,False,False,False,brentuximab vedotin,Brentuximab vedotin,,,,,True,True
CHEMBL1742995,DRUGBANK:DB05459,BRIAKINUMAB,Briakinumab,4,602,2,True,True,False,False,False,False,briakinumab,Briakinumab,,,,,True,True
CHEMBL1742996,DRUGBANK:DB11776,BRODALUMAB,Brodalumab,11,604,2,True,True,False,False,False,False,brodalumab,Brodalumab,,,,,True,True
CHEMBL1742999,DRUGBANK:DB12718,CARLUMAB,Carlumab,3,333,2,True,True,False,False,False,False,carlumab,Carlumab,,,,,True,True
CHEMBL1743001,DRUGBANK:DB12250,CIXUTUMUMAB,Cixutumumab,26,333,2,True,True,False,False,False,False,cixutumumab,Cixutumumab,,,,,True,True
CHEMBL1743003,DRUGBANK:DB11646,CONATUMUMAB,Conatumumab,8,337,2,True,True,False,False,False,False,conatumumab,Conatumumab,,,,,True,True
CHEMBL1743004,DRUGBANK:DB11959,CRENEZUMAB,Crenezumab,1,333,2,True,True,False,False,False,False,crenezumab,Crenezumab,,,,,True,True
CHEMBL1743005,DRUGBANK:DB12589,DACETUZUMAB,Dacetuzumab,4,338,2,True,True,False,False,False,False,dacetuzumab,Dacetuzumab,,,,,True,True
CHEMBL1743006,DRUGBANK:DB11840,DALOTUZUMAB,Dalotuzumab,9,333,2,True,True,False,False,False,False,dalotuzumab,Dalotuzumab,,,,,True,True
CHEMBL1743007,DRUGBANK:DB09331,DARATUMUMAB,Daratumumab,41,340,2,True,True,False,False,False,False,daratumumab,Daratumumab,,,,,False,True
CHEMBL1743010,DRUGBANK:DB06317,ELOTUZUMAB,Elotuzumab,7,339,2,True,True,False,False,False,False,elotuzumab,Elotuzumab,,,,,True,True
CHEMBL1743012,DRUGBANK:DB05555,ENOKIZUMAB,Enokizumab,1,334,2,True,True,False,False,False,False,enokizumab,Enokizumab,,,,,True,True
CHEMBL1743013,DRUGBANK:DB12342,ENSITUXIMAB,Ensituximab,1,333,2,True,True,False,False,False,False,ensituximab,Ensituximab,,,,,True,True
CHEMBL1743015,DRUGBANK:DB12189,ETROLIZUMAB,Etrolizumab,2,334,2,True,True,False,False,False,False,etrolizumab,Etrolizumab,,,,,True,True
CHEMBL1743016,DRUGBANK:DB05595,FARLETUZUMAB,Farletuzumab,5,338,2,True,True,False,False,False,False,farletuzumab,Farletuzumab,,,,,True,True
CHEMBL1743017,DRUGBANK:DB12344,FEZAKINUMAB,Fezakinumab,3,333,2,True,True,False,False,False,False,fezakinumab,Fezakinumab,,,,,True,True
CHEMBL1743018,DRUGBANK:DB11680,FICLATUZUMAB,Ficlatuzumab,7,333,2,True,True,False,False,False,False,ficlatuzumab,Ficlatuzumab,,,,,True,True
CHEMBL1743019,DRUGBANK:DB11685,FIGITUMUMAB,Figitumumab,14,333,2,True,True,False,False,False,False,figitumumab,Figitumumab,,,,,True,True
CHEMBL1743022,DRUGBANK:DB12396,FRESOLIMUMAB,Fresolimumab,9,333,2,True,True,False,False,False,False,fresolimumab,Fresolimumab,,,,,True,True
CHEMBL1743023,DRUGBANK:DB12102,FULRANUMAB,Fulranumab,6,333,2,True,True,False,False,False,False,fulranumab,Fulranumab,,,,,True,True
CHEMBL1743024,DRUGBANK:DB12205,GANITUMAB,Ganitumab,12,333,2,True,True,False,False,False,False,ganitumab,Ganitumab,,,,,True,True
CHEMBL1743025,DRUGBANK:DB12034,GANTENERUMAB,Gantenerumab,1,333,2,True,True,False,False,False,False,gantenerumab,Gantenerumab,,,,,True,True
CHEMBL1743026,DRUGBANK:DB12119,GEVOKIZUMAB,Gevokizumab,11,334,2,True,True,False,False,False,False,gevokizumab,Gevokizumab,,,,,True,True
CHEMBL1743027,DRUGBANK:DB05304,GIRENTUXIMAB,Girentuximab,3,333,2,True,True,False,False,False,False,girentuximab,Girentuximab,,,,,True,True
CHEMBL1743028,DRUGBANK:DB05996,GLEMBATUMUMAB VEDOTIN,Glembatumumab vedotin,4,337,2,True,True,False,False,False,False,glembatumumab vedotin,Glembatumumab vedotin,,,,,True,True
CHEMBL1743029,DRUGBANK:DB12698,IBALIZUMAB,Ibalizumab,4,346,2,True,True,False,False,False,False,ibalizumab,Ibalizumab,,,,,True,True
CHEMBL1743030,DRUGBANK:DB14824,ICRUCUMAB,Icrucumab,4,333,2,True,True,False,False,False,False,icrucumab,Icrucumab,,,,,True,True
CHEMBL1743032,DRUGBANK:DB12701,INTETUMUMAB,Intetumumab,2,337,2,True,True,False,False,False,False,intetumumab,Intetumumab,,,,,True,True
CHEMBL1743034,DRUGBANK:DB11569,IXEKIZUMAB,Ixekizumab,14,605,2,True,True,False,False,False,False,ixekizumab,Ixekizumab,,,,,False,True
CHEMBL1743035,DRUGBANK:DB11914,LEBRIKIZUMAB,Lebrikizumab,4,333,2,True,True,False,False,False,False,lebrikizumab,Lebrikizumab,,,,,True,True
CHEMBL1743036,DRUGBANK:DB06599,LEXATUMUMAB,Lexatumumab,4,333,2,True,True,False,False,False,False,lexatumumab,Lexatumumab,,,,,True,True
CHEMBL1743037,DRUGBANK:DB12089,LORVOTUZUMAB MERTANSINE,Lorvotuzumab mertansine,8,618,2,True,True,False,False,False,False,lorvotuzumab mertansine,Lorvotuzumab mertansine,,,,,True,True
CHEMBL1743038,DRUGBANK:DB06360,LUCATUMUMAB,Lucatumumab,5,334,2,True,True,False,False,False,False,lucatumumab,Lucatumumab,,,,,True,True
CHEMBL1743039,DRUGBANK:DB12534,MAVRILIMUMAB,Mavrilimumab,3,333,2,True,True,False,False,False,False,mavrilimumab,Mavrilimumab,,,,,True,True
CHEMBL1743040,DRUGBANK:DB12943,MILATUZUMAB,Milatuzumab,4,334,2,True,True,False,False,False,False,milatuzumab,Milatuzumab,,,,,True,True
CHEMBL1743041,DRUGBANK:DB12498,MOGAMULIZUMAB,Mogamulizumab,11,340,2,True,True,False,False,False,False,mogamulizumab,Mogamulizumab,,,,,True,True
CHEMBL1743042,DRUGBANK:DB06310,MOTAVIZUMAB,Motavizumab,3,334,2,True,True,False,False,False,False,motavizumab,Motavizumab,,,,,True,True
CHEMBL1743043,DRUGBANK:DB12688,MOXETUMOMAB PASUDOTOX,Moxetumomab pasudotox,8,5,2,True,True,False,False,False,False,moxetumomab pasudotox,Moxetumomab pasudotox,,,,,True,True
CHEMBL1743044,DRUGBANK:DB13037,NAMILUMAB,Namilumab,4,333,2,True,True,False,False,False,False,namilumab,Namilumab,,,,,True,True
CHEMBL1743045,DRUGBANK:DB12807,NAPTUMOMAB ESTAFENATOX,Naptumomab estafenatox,3,333,2,True,True,False,False,False,False,naptumomab estafenatox,Naptumomab Estafenatox,,,,,True,True
CHEMBL1743047,DRUGBANK:DB09559,NECITUMUMAB,Necitumumab,5,340,2,True,True,False,False,False,False,necitumumab,Necitumumab,,,,,True,True
CHEMBL1743048,DRUGBANK:DB08935,OBINUTUZUMAB,Obinutuzumab,27,1015,2,True,True,False,False,False,False,obinutuzumab,Obinutuzumab,,,,,True,True
CHEMBL1743049,DRUGBANK:DB06043,OLARATUMAB,Olaratumab,11,339,2,True,True,False,False,False,False,olaratumab,Olaratumab,,,,,True,True
CHEMBL1743050,DRUGBANK:DB13127,OLOKIZUMAB,Olokizumab,5,334,2,True,True,False,False,False,False,olokizumab,Olokizumab,,,,,True,True
CHEMBL1743051,DRUGBANK:DB11746,ONARTUZUMAB,Onartuzumab,9,333,2,True,True,False,False,False,False,onartuzumab,Onartuzumab,,,,,True,True
CHEMBL1743053,DRUGBANK:DB05496,OTELIXIZUMAB,Otelixizumab,3,334,2,True,True,False,False,False,False,otelixizumab,Otelixizumab,,,,,True,True
CHEMBL1743054,DRUGBANK:DB12014,OZORALIZUMAB,Ozoralizumab,1,2,2,True,True,False,False,False,False,ozoralizumab,Ozoralizumab,,,,,True,True
CHEMBL1743056,DRUGBANK:DB14997,PATECLIZUMAB,Pateclizumab,1,334,2,True,True,False,False,False,False,pateclizumab,Pateclizumab,,,,,True,True
CHEMBL1743057,DRUGBANK:DB06611,PEGSUNERCEPT,Pegsunercept,1,36,2,True,True,False,False,False,False,pegsunercept,Pegsunercept,,,,,True,True
CHEMBL1743058,DRUGBANK:DB15135,PONEZUMAB,Ponezumab,2,334,2,True,True,False,False,False,False,ponezumab,Ponezumab,,,,,True,True
CHEMBL1743059,DRUGBANK:DB13045,RACOTUMOMAB,Racotumomab,2,333,2,True,True,False,False,False,False,racotumomab,Racotumomab,,,,,True,True
CHEMBL1743062,DRUGBANK:DB05578,RAMUCIRUMAB,Ramucirumab,37,342,2,True,True,False,False,False,False,ramucirumab,Ramucirumab,,,,,True,True
CHEMBL1743063,DRUGBANK:DB11972,RILOTUMUMAB,Rilotumumab,8,337,2,True,True,False,False,False,False,rilotumumab,Rilotumumab,,,,,True,True
CHEMBL1743064,DRUGBANK:DB12976,ROBATUMUMAB,Robatumumab,2,333,2,True,True,False,False,False,False,robatumumab,Robatumumab,,,,,True,True
CHEMBL1743066,DRUGBANK:DB12844,RONTALIZUMAB,Rontalizumab,1,334,2,True,True,False,False,False,False,rontalizumab,Rontalizumab,,,,,True,True
CHEMBL1743068,DRUGBANK:DB09029,SECUKINUMAB,Secukinumab,31,1256,2,True,True,False,False,False,False,secukinumab,Secukinumab,,,,,False,True
CHEMBL1743069,DRUGBANK:DB12773,SIFALIMUMAB,Sifalimumab,3,333,2,True,True,False,False,False,False,sifalimumab,Sifalimumab,,,,,True,True
CHEMBL1743070,DRUGBANK:DB09036,SILTUXIMAB,Siltuximab,17,1299,2,True,True,False,False,False,False,siltuximab,Siltuximab,,,,,True,True
CHEMBL1743071,DRUGBANK:DB11803,SIRUKUMAB,Sirukumab,10,602,2,True,True,False,False,False,False,sirukumab,Sirukumab,,,,,True,True
CHEMBL1743072,DRUGBANK:DB11756,SOLANEZUMAB,Solanezumab,2,334,2,True,True,False,False,False,False,solanezumab,Solanezumab,,,,,True,True
CHEMBL1743073,DRUGBANK:DB12118,SOTATERCEPT,Sotatercept,7,333,2,True,True,False,False,False,False,sotatercept,Sotatercept,,,,,True,True
CHEMBL1743075,DRUGBANK:DB11657,TABALUMAB,Tabalumab,5,333,2,True,True,False,False,False,False,tabalumab,Tabalumab,,,,,True,True
CHEMBL1743078,DRUGBANK:DB06606,TEPLIZUMAB,Teplizumab,3,335,2,True,True,False,False,False,False,teplizumab,Teplizumab,,,,,True,True
CHEMBL1743079,DRUGBANK:DB06343,TEPROTUMUMAB,Teprotumumab,7,429,2,True,True,False,False,False,False,teprotumumab,Teprotumumab,,,,,True,True
CHEMBL1743080,DRUGBANK:DB15101,TIGATUZUMAB,Tigatuzumab,7,334,2,True,True,False,False,False,False,tigatuzumab,Tigatuzumab,,,,,True,True
CHEMBL1743081,DRUGBANK:DB12169,TRALOKINUMAB,Tralokinumab,7,334,2,True,True,False,False,False,False,tralokinumab,Tralokinumab,,,,,False,True
CHEMBL1743082,DRUGBANK:DB05773,TRASTUZUMAB EMTANSINE,Trastuzumab emtansine,15,1283,2,True,True,False,False,False,False,trastuzumab emtansine,Trastuzumab emtansine,,,,,True,True
CHEMBL1743083,DRUGBANK:DB13073,TREGALIZUMAB,Tregalizumab,2,334,2,True,True,False,False,False,False,tregalizumab,Tregalizumab,,,,,True,True
CHEMBL1743085,DRUGBANK:DB12077,URELUMAB,Urelumab,10,333,2,True,True,False,False,False,False,urelumab,Urelumab,,,,,True,True
CHEMBL1743087,DRUGBANK:DB09033,VEDOLIZUMAB,Vedolizumab,11,608,2,True,True,False,False,False,False,vedolizumab,Vedolizumab,,,,,True,True
CHEMBL1743088,DRUGBANK:DB05656,VELTUZUMAB,Veltuzumab,9,338,2,True,True,False,False,False,False,veltuzumab,Veltuzumab,,,,,True,True
CHEMBL1743089,DRUGBANK:DB15428,VESENCUMAB,Vesencumab,1,333,2,True,True,False,False,False,False,vesencumab,Vesencumab,,,,,True,True
CHEMBL1788389,DRUGBANK:DB13236,STIBOPHEN,Stibophen,1,1,2,True,True,False,False,False,False,stibophen,Stibophen,,,,,True,True
CHEMBL1788402,CHEMBL2104146,CHINIOFON,CHINIOFON,2,2,2,True,True,False,False,False,False,chiniofon,Chiniofon,,,,,False,True
CHEMBL1788403,DRUGBANK:DB13746,BIOALLETHRIN,Bioallethrin,1,165,2,True,True,False,False,False,False,bioallethrin,Bioallethrin,,,,,True,True
CHEMBL1789843,DRUGBANK:DB08879,BELIMUMAB,Belimumab,18,605,2,True,True,False,False,False,False,belimumab,Belimumab,,,,,True,True
CHEMBL1789844,DRUGBANK:DB06186,IPILIMUMAB,Ipilimumab,102,1066,2,True,True,False,False,False,False,ipilimumab,Ipilimumab,,,,,True,True
CHEMBL1828820,DRUGBANK:DB11809,ARTEFENOMEL,Artefenomel,4,34,2,True,True,False,False,False,False,artefenomel,Artefenomel,,,,,True,True
CHEMBL1863513,DRUGBANK:DB05013,INGENOL MEBUTATE,Ingenol mebutate,11,1,2,True,True,False,False,False,False,ingenol mebutate,Ingenol mebutate,,,,,True,True
CHEMBL1863514,DRUGBANK:DB08886,ASPARAGINASE ERWINIA CHRYSANTHEMI,Asparaginase Erwinia chrysanthemi,7,26,2,True,True,False,False,False,False,asparaginase erwinia chrysanthemi,Asparaginase (Erwinia chrysanthemi),,,,,True,True
CHEMBL1863515,DRUGBANK:DB08898,GLUCARPIDASE,Glucarpidase,6,14,2,True,True,False,False,False,False,glucarpidase,Glucarpidase,,,,,True,True
CHEMBL189959,CHEMBL191896,OLEOYL,OLEOYL,2,2,2,True,True,False,False,False,False,oleoyl,Oleoyl,,,,,False,True
CHEMBL1908360,RXNORM:141704,EVEROLIMUS,everolimus,1452,11,2,True,True,False,False,False,False,everolimus,Everolimus,,,,,True,True
CHEMBL1909079,DRUGBANK:DB11092,STANNOUS FLUORIDE,Stannous fluoride,4,3,2,True,True,False,False,False,False,stannous fluoride,Stannous fluoride,,,,,False,True
CHEMBL1963685,DRUGBANK:DB04897,LUCINACTANT,Lucinactant,5,139,2,True,True,False,False,False,False,lucinactant,Lucinactant,,,,,True,True
CHEMBL1964120,DRUGBANK:DB08876,TALIGLUCERASE ALFA,Taliglucerase alfa,1,2,2,True,True,False,False,False,False,taliglucerase alfa,Taliglucerase alfa,,,,,True,True
CHEMBL2007641,DRUGBANK:DB06366,PERTUZUMAB,Pertuzumab,26,393,2,True,True,False,False,False,False,pertuzumab,Pertuzumab,,,,,True,True
CHEMBL2009034,CHEMBL2104318,DIMESNA,DIMESNA,4,3,2,True,True,False,False,False,False,dimesna,Dimesna,,,,,False,True
CHEMBL207456,CHEMBL93124,PITTSBURGH COMPOUND B,PITTSBURGH COMPOUND B,2,4,2,True,True,False,False,False,False,pittsburgh compound b,Pittsburgh compound b,,,,,False,True
CHEMBL2074972,CHEMBL2105555,BENIDIPINE,BENIDIPINE,1,1195,2,True,True,False,False,False,False,benidipine,Benidipine,,,,,True,True
CHEMBL2079699,CHEMBL3991035,SODIUM STIBOGLUCONATE,SODIUM STIBOGLUCONATE,9,9,2,True,True,False,False,False,False,sodium stibogluconate,Sodium stibogluconate,,,,,False,True
CHEMBL2079699,DRUGBANK:DB05630,SODIUM STIBOGLUCONATE,Sodium stibogluconate,9,1,2,True,True,False,False,False,False,sodium stibogluconate,Sodium stibogluconate,,,,,True,True
CHEMBL2096647,DRUGBANK:DB06792,LANTHANUM CARBONATE,Lanthanum carbonate,4,93,2,True,True,False,False,False,False,lanthanum carbonate,Lanthanum carbonate,,,,,False,True
CHEMBL2097081,DRUGBANK:DB00325,NITROPRUSSIDE,Nitroprusside,17,1246,2,True,True,False,False,False,False,nitroprusside,Nitroprusside,,,,,True,True
CHEMBL2103737,DRUGBANK:DB00200,HYDROXOCOBALAMIN,Hydroxocobalamin,9,743,2,True,True,False,False,False,False,hydroxocobalamin,Hydroxocobalamin,,,,,False,True
CHEMBL2103737,RXNORM:5514,HYDROXOCOBALAMIN,hydroxocobalamin,9,1,2,True,True,False,False,False,False,hydroxocobalamin,Hydroxocobalamin,,,,,True,True
CHEMBL2103800,DRUGBANK:DB11634,COLESTILAN CHLORIDE,Colestilan chloride,3,3,2,True,True,False,False,False,False,colestilan chloride,Colestilan chloride,,,,,True,True
CHEMBL2103864,CHEMBL216981,NAVARIXIN,NAVARIXIN,1,4,2,True,True,False,False,False,False,navarixin,Navarixin,,,,,False,True
CHEMBL2103979,DRUGBANK:DB04900,THYMALFASIN,Thymalfasin,16,4,2,True,True,False,False,False,False,thymalfasin,Thymalfasin,,,,,True,True
CHEMBL2104194,DRUGBANK:DB13824,ENPROSTIL,Enprostil,2,104,2,True,True,False,False,False,False,enprostil,Enprostil,,,,,True,True
CHEMBL2104207,DRUGBANK:DB12926,CAFEDRINE,Cafedrine,1,584,2,True,True,False,False,False,False,cafedrine,(-)-cafedrine,,,,,True,True
CHEMBL2104391,DRUGBANK:DB01307,INSULIN DETEMIR,Insulin detemir,8,586,2,True,True,False,False,False,False,insulin detemir,Insulin detemir,,,,,False,True
CHEMBL2104402,DRUGBANK:DB13742,ELCATONIN,Elcatonin,1,199,2,True,True,False,False,False,False,elcatonin,Elcatonin,,,,,True,True
CHEMBL2105187,DRUGBANK:DB13448,MAZATICOL,Mazaticol,1,959,2,True,True,False,False,False,False,mazaticol,Mazaticol,,,,,True,True
CHEMBL2105372,DRUGBANK:DB13581,ROCIVERINE,Rociverine,1,958,2,True,True,False,False,False,False,rociverine,Rociverine,,,,,True,True
CHEMBL2105467,CHEMBL3989496,TEZACITABINE,TEZACITABINE,12,1,2,True,True,False,False,False,False,tezacitabine,Tezacitabine,,,,,False,True
CHEMBL2106406,DRUGBANK:DB06251,DERSALAZINE,Dersalazine,1,383,2,True,True,False,False,False,False,dersalazine,Dersalazine,,,,,True,True
CHEMBL2107294,DRUGBANK:DB13252,TROPATEPINE,Tropatepine,1,959,2,True,True,False,False,False,False,tropatepine,Tropatepine,,,,,True,True
CHEMBL2107333,RXNORM:1373478,DIMETHYL FUMARATE,dimethyl fumarate,334,13,2,True,True,False,False,False,False,dimethyl fumarate,Dimethyl fumarate,,,,,True,True
CHEMBL2107354,DRUGBANK:DB13615,MIFAMURTIDE,Mifamurtide,4,130,2,True,True,False,False,False,False,mifamurtide,Mifamurtide,,,,,True,True
CHEMBL2107369,DRUGBANK:DB11668,RUSALATIDE ACETATE,Rusalatide acetate,2,95,2,True,True,False,False,False,False,rusalatide acetate,Rusalatide acetate,,,,,True,True
CHEMBL2107797,DRUGBANK:DB09389,NORGESTREL,Norgestrel,2,459,2,True,True,False,False,False,False,norgestrel,Norgestrel,,,,,True,True
CHEMBL2107841,DRUGBANK:DB09043,ALBIGLUTIDE,Albiglutide,4,580,2,True,True,False,False,False,False,albiglutide,Albiglutide,,,,,True,True
CHEMBL2107842,DRUGBANK:DB05396,ALBINTERFERON ALFA-2B,Albinterferon Alfa-2B,4,189,2,True,True,False,False,False,False,albinterferon alfa 2b,Albinterferon Alfa-2B,,,,,True,True
CHEMBL2107857,DRUGBANK:DB09046,METRELEPTIN,Metreleptin,12,776,2,True,True,False,False,False,False,metreleptin,Metreleptin,,,,,True,True
CHEMBL2107859,DRUGBANK:DB05209,ROZROLIMUPAB,Rozrolimupab,1,333,2,True,True,False,False,False,False,rozrolimupab,Rozrolimupab,,,,,True,True
CHEMBL2107860,DRUGBANK:DB14027,TASPOGLUTIDE,Taspoglutide,1,577,2,True,True,False,False,False,False,taspoglutide,Taspoglutide,,,,,True,True
CHEMBL2107861,DRUGBANK:DB12202,ZALUTUMUMAB,Zalutumumab,5,337,2,True,True,False,False,False,False,zalutumumab,Zalutumumab,,,,,True,True
CHEMBL2107863,DRUGBANK:DB05374,RINDOPEPIMUT,Rindopepimut,3,278,2,True,True,False,False,False,False,rindopepimut,Rindopepimut,,,,,True,True
CHEMBL2107866,DRUGBANK:DB08894,PEGINESATIDE,Peginesatide,1,1239,2,True,True,False,False,False,False,peginesatide,Peginesatide,,,,,True,True
CHEMBL2107869,DRUGBANK:DB09564,INSULIN DEGLUDEC,Insulin degludec,3,729,2,True,True,False,False,False,False,insulin degludec,Insulin degludec,,,,,True,True
CHEMBL2107870,DRUGBANK:DB06293,PEGNIVACOGIN,Pegnivacogin,2,36,2,True,True,False,False,False,False,pegnivacogin,Pegnivacogin,,,,,True,True
CHEMBL2107874,DRUGBANK:DB11866,ROMOSOZUMAB,Romosozumab,6,335,2,True,True,False,False,False,False,romosozumab,Romosozumab,,,,,False,True
CHEMBL2107875,DRUGBANK:DB09263,PATIROMER,Patiromer,3,3,2,True,True,False,False,False,False,patiromer,Patiromer,,,,,True,True
CHEMBL2107881,DRUGBANK:DB05386,REGRAMOSTIM,Regramostim,28,291,2,True,True,False,False,False,False,regramostim,Regramostim,,,,,True,True
CHEMBL2107884,DRUGBANK:DB06602,RESLIZUMAB,Reslizumab,8,335,2,True,True,False,False,False,False,reslizumab,Reslizumab,,,,,False,True
CHEMBL2107885,DRUGBANK:DB00015,RETEPLASE,Reteplase,5,694,2,True,True,False,False,False,False,reteplase,Reteplase,,,,,False,True
CHEMBL2107891,DRUGBANK:DB11626,TASONERMIN,Tasonermin,2,1,2,True,True,False,False,False,False,tasonermin,Tasonermin,,,,,True,True
CHEMBL2107914,DRUGBANK:DB11130,OPIUM,Opium,3,1610,2,True,True,False,False,False,False,opium,Opium,,,,,True,True
CHEMBL2107917,DRUGBANK:DB04964,OREGOVOMAB,Oregovomab,5,337,2,True,True,False,False,False,False,oregovomab,Oregovomab,,,,,True,True
CHEMBL2107979,DRUGBANK:DB04949,PEXELIZUMAB,Pexelizumab,2,334,2,True,True,False,False,False,False,pexelizumab,Pexelizumab,,,,,True,True
CHEMBL2107997,DRUGBANK:DB13128,SIZOFIRAN,Sizofiran,1,4,2,True,True,False,False,False,False,sizofiran,Sizofiran,,,,,True,True
CHEMBL2108018,DRUGBANK:DB05006,ADECATUMUMAB,Adecatumumab,1,333,2,True,True,False,False,False,False,adecatumumab,Adecatumumab,,,,,True,True
CHEMBL2108021,DRUGBANK:DB13979,BESILESOMAB,Besilesomab,2,334,2,True,True,False,False,False,False,besilesomab,Besilesomab,,,,,True,True
CHEMBL2108027,DRUGBANK:DB09045,DULAGLUTIDE,Dulaglutide,6,907,2,True,True,False,False,False,False,dulaglutide,Dulaglutide,,,,,False,True
CHEMBL2108038,DRUGBANK:DB05101,MATUZUMAB,Matuzumab,2,334,2,True,True,False,False,False,False,matuzumab,Matuzumab,,,,,True,True
CHEMBL2108041,DRUGBANK:DB11988,OCRELIZUMAB,Ocrelizumab,9,605,2,True,True,False,False,False,False,ocrelizumab,Ocrelizumab,,,,,True,True
CHEMBL2108051,DRUGBANK:DB05915,STAMULUMAB,Stamulumab,3,333,2,True,True,False,False,False,False,stamulumab,Stamulumab,,,,,True,True
CHEMBL2108060,DRUGBANK:DB06400,VITESPEN,Vitespen,12,274,2,True,True,False,False,False,False,vitespen,Vitespen,,,,,True,True
CHEMBL2108061,DRUGBANK:DB06647,VOLOCIXIMAB,Volociximab,7,346,2,True,True,False,False,False,False,volociximab,Volociximab,,,,,True,True
CHEMBL2108064,DRUGBANK:DB12814,CEPEGINTERFERON ALFA-2B,Cepeginterferon alfa-2B,1,646,2,True,True,False,False,False,False,cepeginterferon alfa 2b,Cepeginterferon alfa-2B,,,,,True,True
CHEMBL2108074,DRUGBANK:DB00085,PANCRELIPASE,Pancrelipase,8,24,2,True,True,False,False,False,False,pancrelipase,Pancrelipase,,,,,False,True
CHEMBL2108078,DRUGBANK:DB05829,PARATHYROID HORMONE,Parathyroid hormone,6,186,2,True,True,False,False,False,False,parathyroid hormone,Parathyroid hormone,,,,,True,True
CHEMBL2108086,DRUGBANK:DB06271,SULODEXIDE,Sulodexide,9,856,2,True,True,False,False,False,False,sulodexide,Sulodexide,,,,,True,True
CHEMBL2108102,DRUGBANK:DB01323,ST. JOHN'S WORT,St. John's Wort,11,1437,2,True,True,False,False,False,False,st johns wort,St Johns Wort,,,,,True,True
CHEMBL2108106,DRUGBANK:DB11635,TOCOFERSOLAN,Tocofersolan,4,9,2,True,True,False,False,False,False,tocofersolan,Tocofersolan,,,,,True,True
CHEMBL2108129,DRUGBANK:DB13646,SARUPLASE,Saruplase,1,693,2,True,True,False,False,False,False,saruplase,Saruplase,,,,,True,True
CHEMBL2108130,DRUGBANK:DB11097,PLANTAGO SEED,Plantago seed,1,399,2,True,True,False,False,False,False,plantago seed,Plantago seed,,,,,True,True
CHEMBL2108133,DRUGBANK:DB11234,POLIGLUSAM,Poliglusam,5,1,2,True,True,False,False,False,False,poliglusam,Poliglusam,,,,,True,True
CHEMBL2108139,DRUGBANK:DB11061,POVIDONE,Povidone,3,4,2,True,True,False,False,False,False,povidone,Povidone,,,,,True,True
CHEMBL2108147,DRUGBANK:DB00086,STREPTOKINASE,Streptokinase,7,902,2,True,True,False,False,False,False,streptokinase,Streptokinase,,,,,True,True
CHEMBL2108171,DRUGBANK:DB06662,ABETIMUS,Abetimus,1,316,2,True,True,False,False,False,False,abetimus,Abetimus,,,,,True,True
CHEMBL2108185,DRUGBANK:DB09066,CORIFOLLITROPIN ALFA,Corifollitropin alfa,3,744,2,True,True,False,False,False,False,corifollitropin alfa,Corifollitropin alfa,,,,,True,True
CHEMBL2108200,DRUGBANK:DB11074,DIMETHICONE,Dimethicone,7,1,2,True,True,False,False,False,False,dimethicone,Dimethicone,,,,,True,True
CHEMBL2108209,DRUGBANK:DB13480,LENTINAN,Lentinan,2,4,2,True,True,False,False,False,False,lentinan,Lentinan,,,,,True,True
CHEMBL2108214,DRUGBANK:DB15874,AGALSIDASE ALFA,Agalsidase alfa,1,4,2,True,True,False,False,False,False,agalsidase alfa,Agalsidase alfa,,,,,True,True
CHEMBL2108222,DRUGBANK:DB13509,ALOXIPRIN,Aloxiprin,3,383,2,True,True,False,False,False,False,aloxiprin,Aloxiprin,,,,,True,True
CHEMBL2108250,DRUGBANK:DB00029,ANISTREPLASE,Anistreplase,1,692,2,True,True,False,False,False,False,anistreplase,Anistreplase,,,,,True,True
CHEMBL2108252,DRUGBANK:DB06467,APOLIZUMAB,Apolizumab,5,334,2,True,True,False,False,False,False,apolizumab,Apolizumab,,,,,True,True
CHEMBL2108278,DRUGBANK:DB06014,ETEPLIRSEN,Eteplirsen,2,1,2,True,True,False,False,False,False,eteplirsen,Eteplirsen,,,,,True,True
CHEMBL2108282,DRUGBANK:DB09310,CATRIDECACOG,Catridecacog,4,96,2,True,True,False,False,False,False,catridecacog,Catridecacog,,,,,True,True
CHEMBL2108286,DRUGBANK:DB09109,TUROCTOCOG ALFA,Turoctocog alfa,1,96,2,True,True,False,False,False,False,turoctocog alfa,Turoctocog alfa,,,,,True,True
CHEMBL2108292,DRUGBANK:DB11661,EPTACOG ALFA PEGOL (ACTIVATED),Eptacog alfa pegol (activated),2,36,2,True,True,False,False,False,False,eptacog alfa pegol activated,Eptacog alfa pegol (activated),,,,,True,True
CHEMBL2108304,DRUGBANK:DB13521,ALIPOGENE TIPARVOVEC,Alipogene tiparvovec,2,2,2,True,True,False,False,False,False,alipogene tiparvovec,Alipogene tiparvovec,,,,,True,True
CHEMBL2108305,DRUGBANK:DB11568,INSULIN TREGOPIL,Insulin tregopil,3,729,2,True,True,False,False,False,False,insulin tregopil,Insulin tregopil,,,,,True,True
CHEMBL2108311,DRUGBANK:DB09105,ASFOTASE ALFA,Asfotase alfa,1,334,2,True,True,False,False,False,False,asfotase alfa,Asfotase alfa,,,,,True,True
CHEMBL2108315,DRUGBANK:DB15112,SOMATROPIN PEGOL,Somatropin pegol,1,2,2,True,True,False,False,False,False,somatropin pegol,Somatropin pegol,,,,,True,True
CHEMBL2108324,DRUGBANK:DB13811,OBLIMERSEN,Oblimersen,1,4,2,True,True,False,False,False,False,oblimersen,Oblimersen,,,,,True,True
CHEMBL2108336,DRUGBANK:DB09265,LIXISENATIDE,Lixisenatide,5,1183,2,True,True,False,False,False,False,lixisenatide,Lixisenatide,,,,,True,True
CHEMBL2108339,DRUGBANK:DB05202,EGAPTIVON PEGOL,Egaptivon pegol,3,36,2,True,True,False,False,False,False,egaptivon pegol,Egaptivon pegol,,,,,True,True
CHEMBL2108345,DRUGBANK:DB05697,TRABEDERSEN,Trabedersen,2,4,2,True,True,False,False,False,False,trabedersen,Trabedersen,,,,,True,True
CHEMBL2108348,DRUGBANK:DB13933,NONACOG BETA PEGOL,Nonacog beta pegol,1,131,2,True,True,False,False,False,False,nonacog beta pegol,Nonacog beta pegol,,,,,True,True
CHEMBL2108350,DRUGBANK:DB09228,CONESTAT ALFA,Conestat alfa,7,36,2,True,True,False,False,False,False,conestat alfa,Conestat alfa,,,,,True,True
CHEMBL2108354,DRUGBANK:DB11850,UBLITUXIMAB,Ublituximab,11,335,2,True,True,False,False,False,False,ublituximab,Ublituximab,,,,,True,True
CHEMBL2108359,DRUGBANK:DB06192,NIMOTUZUMAB,Nimotuzumab,30,338,2,True,True,False,False,False,False,nimotuzumab,Nimotuzumab,,,,,True,True
CHEMBL2108396,DRUGBANK:DB04932,DEFIBROTIDE,Defibrotide,8,642,2,True,True,False,False,False,False,defibrotide,Defibrotide,,,,,False,True
CHEMBL2108404,DRUGBANK:DB04958,EPRATUZUMAB,Epratuzumab,10,338,2,True,True,False,False,False,False,epratuzumab,Epratuzumab,,,,,True,True
CHEMBL2108406,DRUGBANK:DB11114,EUCALYPTUS OIL,Eucalyptus oil,1,736,2,True,True,False,False,False,False,eucalyptus oil,Eucalyptus oil,,,,,True,True
CHEMBL2108413,DRUGBANK:DB06550,BIVATUZUMAB,Bivatuzumab,3,334,2,True,True,False,False,False,False,bivatuzumab,Bivatuzumab,,,,,True,True
CHEMBL2108429,DRUGBANK:DB06612,MEPOLIZUMAB,Mepolizumab,13,607,2,True,True,False,False,False,False,mepolizumab,Mepolizumab,,,,,False,True
CHEMBL2108446,DRUGBANK:DB13446,GUAR GUM,Guar gum,2,576,2,True,True,False,False,False,False,guar gum,Guar gum,,,,,True,True
CHEMBL2108459,DRUGBANK:DB05111,FONTOLIZUMAB,Fontolizumab,1,334,2,True,True,False,False,False,False,fontolizumab,Fontolizumab,,,,,True,True
CHEMBL2108463,DRUGBANK:DB10532,GARLIC,Garlic,4,12,2,True,True,False,False,False,False,garlic,Garlic,,,,,True,True
CHEMBL2108469,DRUGBANK:DB12431,MUPLESTIM,Muplestim,1,8,2,True,True,False,False,False,False,muplestim,Muplestim,,,,,True,True
CHEMBL2108479,DRUGBANK:DB04950,RANPIRNASE,Ranpirnase,3,4,2,True,True,False,False,False,False,ranpirnase,Ranpirnase,,,,,True,True
CHEMBL2108481,DRUGBANK:DB05099,ANCROD,Ancrod,1,638,2,True,True,False,False,False,False,ancrod,Ancrod,,,,,True,True
CHEMBL2108501,DRUGBANK:DB05097,LABETUZUMAB,Labetuzumab,7,338,2,True,True,False,False,False,False,labetuzumab,Labetuzumab,,,,,True,True
CHEMBL2108506,DRUGBANK:DB05258,INTERFERON ALFA,Interferon alfa,46,637,2,True,True,False,False,False,False,interferon alfa,Interferon alfa,,,,,True,True
CHEMBL2108508,DRUGBANK:DB00034,INTERFERON ALFA-2A,Interferon alfa-2a,16,618,2,True,True,False,False,False,False,interferon alfa 2a,INTERFERON ALFA-2A,,,,,True,True
CHEMBL2108509,DRUGBANK:DB00011,INTERFERON ALFA-N1,Interferon alfa-n1,2,615,2,True,True,False,False,False,False,interferon alfa n1,Interferon alfa-n1,,,,,True,True
CHEMBL2108546,DRUGBANK:DB00059,PEGASPARGASE,Pegaspargase,14,367,2,True,True,False,False,False,False,pegaspargase,Pegaspargase,,,,,True,True
CHEMBL2108567,DRUGBANK:DB12335,TANEZUMAB,Tanezumab,13,334,2,True,True,False,False,False,False,tanezumab,Tanezumab,,,,,True,True
CHEMBL2108568,DRUGBANK:DB12056,TREBANANIB,Trebananib,14,13,2,True,True,False,False,False,False,trebananib,Trebananib,,,,,True,True
CHEMBL2108569,DRUGBANK:DB11567,INSULIN PEGLISPRO,Insulin peglispro,2,764,2,True,True,False,False,False,False,insulin peglispro,Insulin peglispro,,,,,True,True
CHEMBL2108572,DRUGBANK:DB12699,BALUGRASTIM,Balugrastim,2,8,2,True,True,False,False,False,False,balugrastim,Balugrastim,,,,,True,True
CHEMBL2108574,DRUGBANK:DB11598,ANTITHROMBIN III HUMAN,Antithrombin III human,4,1135,2,True,True,False,False,False,False,antithrombin iii human,Antithrombin III (human),,,,,True,True
CHEMBL2108576,DRUGBANK:DB11715,BAPINEUZUMAB,Bapineuzumab,1,334,2,True,True,False,False,False,False,bapineuzumab,Bapineuzumab,,,,,True,True
CHEMBL2108581,DRUGBANK:DB06607,CATUMAXOMAB,Catumaxomab,10,338,2,True,True,False,False,False,False,catumaxomab,Catumaxomab,,,,,True,True
CHEMBL2108589,DRUGBANK:DB12849,CLAZAKIZUMAB,Clazakizumab,10,334,2,True,True,False,False,False,False,clazakizumab,Clazakizumab,,,,,True,True
CHEMBL2108597,DRUGBANK:DB08917,FERRIC CARBOXYMALTOSE,Ferric carboxymaltose,11,55,2,True,True,False,False,False,False,ferric carboxymaltose,Ferric carboxymaltose,,,,,True,True
CHEMBL2108611,DRUGBANK:DB05889,INOTUZUMAB OZOGAMICIN,Inotuzumab ozogamicin,14,546,2,True,True,False,False,False,False,inotuzumab ozogamicin,Inotuzumab ozogamicin,,,,,True,True
CHEMBL2108612,DRUGBANK:DB05550,IRATUMUMAB,Iratumumab,3,333,2,True,True,False,False,False,False,iratumumab,Iratumumab,,,,,True,True
CHEMBL2108628,DRUGBANK:DB13809,PACLITAXEL POLIGLUMEX,Paclitaxel poliglumex,14,59,2,True,True,False,False,False,False,paclitaxel poliglumex,Paclitaxel poliglumex,,,,,True,True
CHEMBL2108638,DRUGBANK:DB08902,RAXIBACUMAB,Raxibacumab,1,333,2,True,True,False,False,False,False,raxibacumab,Raxibacumab,,,,,True,True
CHEMBL2108658,DRUGBANK:DB11771,TREMELIMUMAB,Tremelimumab,59,338,2,True,True,False,False,False,False,tremelimumab,Tremelimumab,,,,,True,True
CHEMBL2108670,DRUGBANK:DB13140,BEZLOTOXUMAB,Bezlotoxumab,3,333,2,True,True,False,False,False,False,bezlotoxumab,Bezlotoxumab,,,,,True,True
CHEMBL2108675,DRUGBANK:DB12159,DUPILUMAB,Dupilumab,29,352,2,True,True,False,False,False,False,dupilumab,Dupilumab,,,,,False,True
CHEMBL2108676,DRUGBANK:DB09051,ELOSULFASE ALFA,Elosulfase alfa,3,1,2,True,True,False,False,False,False,elosulfase alfa,Elosulfase alfa,,,,,True,True
CHEMBL2108677,DRUGBANK:DB09122,PEGINTERFERON BETA-1A,Peginterferon beta-1a,4,646,2,True,True,False,False,False,False,peginterferon beta 1a,Peginterferon beta-1a,,,,,False,True
CHEMBL2108679,DRUGBANK:DB12891,OZANEZUMAB,Ozanezumab,3,334,2,True,True,False,False,False,False,ozanezumab,Ozanezumab,,,,,True,True
CHEMBL2108680,DRUGBANK:DB15383,PIDILIZUMAB,Pidilizumab,9,337,2,True,True,False,False,False,False,pidilizumab,Pidilizumab,,,,,True,True
CHEMBL2108681,DRUGBANK:DB14004,TILDRAKIZUMAB,Tildrakizumab,5,333,2,True,True,False,False,False,False,tildrakizumab,Tildrakizumab,,,,,True,True
CHEMBL2108709,DRUGBANK:DB00048,COLLAGENASE CLOSTRIDIUM HISTOLYTICUM,Collagenase clostridium histolyticum,13,105,2,True,True,False,False,False,False,collagenase clostridium histolyticum,Collagenase (clostridium histolyticum),,,,,False,True
CHEMBL2108724,DRUGBANK:DB13928,SEMAGLUTIDE,Semaglutide,19,580,2,True,True,False,False,False,False,semaglutide,Semaglutide,,,,,False,True
CHEMBL2108726,DRUGBANK:DB09266,TECHNETIUM TC 99M TILMANOCEPT,Technetium Tc-99m tilmanocept,6,28,2,True,True,False,False,False,False,technetium tc 99m tilmanocept,Technetium Tc 99m Tilmanocept,,,,,True,True
CHEMBL2108727,DRUGBANK:DB13896,TALIMOGENE LAHERPAREPVEC,Talimogene laherparepvec,13,4,2,True,True,False,False,False,False,talimogene laherparepvec,Talimogene laherparepvec,,,,,True,True
CHEMBL2108728,DRUGBANK:DB14730,CALASPARGASE PEGOL,Calaspargase pegol,4,24,2,True,True,False,False,False,False,calaspargase pegol,Calaspargase pegol,,,,,True,True
CHEMBL2108730,DRUGBANK:DB11767,SARILUMAB,Sarilumab,16,789,2,True,True,False,False,False,False,sarilumab,Sarilumab,,,,,True,True
CHEMBL2108738,DRUGBANK:DB09035,NIVOLUMAB,Nivolumab,156,345,2,True,True,False,False,False,False,nivolumab,Nivolumab,,,,,False,True
CHEMBL2108742,DRUGBANK:DB06371,SIPLIZUMAB,Siplizumab,10,334,2,True,True,False,False,False,False,siplizumab,Siplizumab,,,,,True,True
CHEMBL2108758,DRUGBANK:DB11198,PEPPERMINT OIL,Peppermint oil,2,333,2,True,True,False,False,False,False,peppermint oil,Peppermint oil,,,,,True,True
CHEMBL2108766,DRUGBANK:DB11087,PYRETHRUM EXTRACT,Pyrethrum extract,1,1,2,True,True,False,False,False,False,pyrethrum extract,Pyrethrum extract,,,,,True,True
CHEMBL2108791,DRUGBANK:DB00031,TENECTEPLASE,Tenecteplase,15,695,2,True,True,False,False,False,False,tenecteplase,Tenecteplase,,,,,False,True
CHEMBL2108809,DRUGBANK:DB13976,SULESOMAB,Sulesomab,2,334,2,True,True,False,False,False,False,sulesomab,Sulesomab,,,,,True,True
CHEMBL2108811,DRUGBANK:DB12053,VISILIZUMAB,Visilizumab,5,334,2,True,True,False,False,False,False,visilizumab,Visilizumab,,,,,True,True
CHEMBL2108816,DRUGBANK:DB10805,YELLOW FEVER VACCINE,Yellow fever vaccine,4,401,2,True,True,False,False,False,False,yellow fever vaccine,Yellow fever vaccine,,,,,True,True
CHEMBL2108822,DRUGBANK:DB14022,TYPHOID VACCINE,Typhoid vaccine,9,580,2,True,True,False,False,False,False,typhoid vaccine,Typhoid vaccine,,,,,True,True
CHEMBL2108882,DRUGBANK:DB06474,SIBROTUZUMAB,Sibrotuzumab,1,334,2,True,True,False,False,False,False,sibrotuzumab,Sibrotuzumab,,,,,True,True
CHEMBL2108887,DRUGBANK:DB04956,AFELIMOMAB,Afelimomab,1,1254,2,True,True,False,False,False,False,afelimomab,Afelimomab,,,,,True,True
CHEMBL2108888,DRUGBANK:DB00103,AGALSIDASE BETA,Agalsidase beta,1,3,2,True,True,False,False,False,False,agalsidase beta,Agalsidase beta,,,,,True,True
CHEMBL2108905,DRUGBANK:DB12768,BCG VACCINE,BCG vaccine,18,710,2,True,True,False,False,False,False,bcg vaccine,BCG vaccine,,,,,True,True
CHEMBL2108955,DRUGBANK:DB13375,EDRECOLOMAB,Edrecolomab,3,338,2,True,True,False,False,False,False,edrecolomab,Edrecolomab,,,,,True,True
CHEMBL2108975,DRUGBANK:DB09103,ANCESTIM,Ancestim,5,744,2,True,True,False,False,False,False,ancestim,Ancestim,,,,,True,True
CHEMBL2108981,DRUGBANK:DB09312,ANTILYMPHOCYTE IMMUNOGLOBULIN (HORSE),Antilymphocyte immunoglobulin (horse),4,602,2,True,True,False,False,False,False,antilymphocyte immunoglobulin horse,Antilymphocyte immunoglobulin (horse),,,,,True,True
CHEMBL2109005,DRUGBANK:DB11113,CASTOR OIL,Castor oil,2,400,2,True,True,False,False,False,False,castor oil,Castor oil,,,,,True,True
CHEMBL2109032,DRUGBANK:DB14684,CALCIUM POLYCARBOPHIL,Calcium polycarbophil,1,547,2,True,True,False,False,False,False,calcium polycarbophil,Calcium polycarbophil,,,,,True,True
CHEMBL2109047,DRUGBANK:DB00018,INTERFERON ALFA-N3,Interferon alfa-n3,2,618,2,True,True,False,False,False,False,interferon alfa n3,Interferon alfa-n3,,,,,True,True
CHEMBL2109057,DRUGBANK:DB12797,ECROMEXIMAB,Ecromeximab,3,338,2,True,True,False,False,False,False,ecromeximab,Ecromeximab,,,,,True,True
CHEMBL2109067,DRUGBANK:DB13197,KALLIDINOGENASE,Kallidinogenase,2,95,2,True,True,False,False,False,False,kallidinogenase,Kallidinogenase,,,,,True,True
CHEMBL2109072,DRUGBANK:DB09222,"FIBRINOGEN, HUMAN",Fibrinogen human,11,95,2,True,True,False,False,False,False,fibrinogen human,Fibrinogen (human),,,,,True,True
CHEMBL2109084,DRUGBANK:DB04925,DESMOTEPLASE,Desmoteplase,2,639,2,True,True,False,False,False,False,desmoteplase,Desmoteplase,,,,,True,True
CHEMBL2109092,DRUGBANK:DB19434,EPOETIN BETA,Epoetin beta,46,2,2,True,True,False,False,False,False,epoetin beta,Epoetin beta,,,,,True,True
CHEMBL2109093,DRUGBANK:DB11624,EPOETIN DELTA,Epoetin delta,2,8,2,True,True,False,False,False,False,epoetin delta,Epoetin delta,,,,,True,True
CHEMBL2109128,DRUGBANK:DB13144,LENOGRASTIM,Lenograstim,6,9,2,True,True,False,False,False,False,lenograstim,Lenograstim,,,,,True,True
CHEMBL2109134,DRUGBANK:DB12525,MOLGRAMOSTIM,Molgramostim,8,12,2,True,True,False,False,False,False,molgramostim,Molgramostim,,,,,True,True
CHEMBL2109137,DRUGBANK:DB13999,MOROCTOCOG ALFA,Moroctocog alfa,1,96,2,True,True,False,False,False,False,moroctocog alfa,Moroctocog alfa,,,,,True,True
CHEMBL2109150,DRUGBANK:DB14877,LINTUZUMAB,Lintuzumab,6,338,2,True,True,False,False,False,False,lintuzumab,Lintuzumab,,,,,True,True
CHEMBL2109151,DRUGBANK:DB06162,LUMILIXIMAB,Lumiliximab,3,333,2,True,True,False,False,False,False,lumiliximab,Lumiliximab,,,,,True,True
CHEMBL2109152,DRUGBANK:DB11057,MINERAL OIL,Mineral oil,3,415,2,True,True,False,False,False,False,mineral oil,Mineral oil,,,,,True,True
CHEMBL2109171,DRUGBANK:DB11639,DIBOTERMIN ALFA,Dibotermin alfa,6,2,2,True,True,False,False,False,False,dibotermin alfa,Dibotermin alfa,,,,,True,True
CHEMBL2109191,DRUGBANK:DB04901,GALIXIMAB,Galiximab,2,337,2,True,True,False,False,False,False,galiximab,Galiximab,,,,,True,True
CHEMBL2109198,DRUGBANK:DB11228,METHYLCELLULOSE,Methylcellulose,3,400,2,True,True,False,False,False,False,methylcellulose,Methylcellulose,,,,,True,True
CHEMBL2109219,DRUGBANK:DB15274,PERTUSSIS VACCINE,Pertussis vaccine,8,274,2,True,True,False,False,False,False,pertussis vaccine,Pertussis vaccine,,,,,True,True
CHEMBL2109268,DRUGBANK:DB15453,NARATUXIMAB EMTANSINE,Naratuximab emtansine,1,334,2,True,True,False,False,False,False,naratuximab emtansine,Naratuximab emtansine,,,,,True,True
CHEMBL2109286,DRUGBANK:DB06342,COLTUXIMAB RAVTANSINE,Coltuximab ravtansine,3,615,2,True,True,False,False,False,False,coltuximab ravtansine,Coltuximab ravtansine,,,,,True,True
CHEMBL2109295,DRUGBANK:DB12261,ASCRINVACUMAB,Ascrinvacumab,4,333,2,True,True,False,False,False,False,ascrinvacumab,Ascrinvacumab,,,,,True,True
CHEMBL2109321,DRUGBANK:DB06322,CAROTUXIMAB,Carotuximab,21,333,2,True,True,False,False,False,False,carotuximab,Carotuximab,,,,,True,True
CHEMBL2109334,DRUGBANK:DB12530,INEBILIZUMAB,Inebilizumab,14,568,2,True,True,False,False,False,False,inebilizumab,Inebilizumab,,,,,True,True
CHEMBL2109343,DRUGBANK:DB05941,LERONLIMAB,Leronlimab,8,346,2,True,True,False,False,False,False,leronlimab,Leronlimab,,,,,True,True
CHEMBL2109355,DRUGBANK:DB12363,DUSIGITUMAB,Dusigitumab,3,333,2,True,True,False,False,False,False,dusigitumab,Dusigitumab,,,,,True,True
CHEMBL2109377,DRUGBANK:DB14952,PAMREVLUMAB,Pamrevlumab,7,333,2,True,True,False,False,False,False,pamrevlumab,Pamrevlumab,,,,,True,True
CHEMBL2109384,DRUGBANK:DB12734,DEMCIZUMAB,Demcizumab,4,334,2,True,True,False,False,False,False,demcizumab,Demcizumab,,,,,True,True
CHEMBL2109387,DRUGBANK:DB14897,PARSATUZUMAB,Parsatuzumab,2,333,2,True,True,False,False,False,False,parsatuzumab,Parsatuzumab,,,,,True,True
CHEMBL2109406,DRUGBANK:DB12090,PATRITUMAB,Patritumab,6,333,2,True,True,False,False,False,False,patritumab,Patritumab,,,,,True,True
CHEMBL2109408,DRUGBANK:DB11826,LAMPALIZUMAB,Lampalizumab,1,333,2,True,True,False,False,False,False,lampalizumab,Lampalizumab,,,,,True,True
CHEMBL2109410,DRUGBANK:DB06050,TB-402,TB-402,1,333,2,True,True,False,False,False,False,tb 402,TB-402,,,,,True,True
CHEMBL2109427,DRUGBANK:DB15118,ZOLBETUXIMAB,Zolbetuximab,1,333,2,True,True,False,False,False,False,zolbetuximab,Zolbetuximab,,,,,True,True
CHEMBL2109442,DRUGBANK:DB05793,PRO-542,PRO-542,2,333,2,True,True,False,False,False,False,pro 542,PRO-542,,,,,True,True
CHEMBL2109457,DRUGBANK:DB11856,LIGELIZUMAB,Ligelizumab,8,334,2,True,True,False,False,False,False,ligelizumab,Ligelizumab,,,,,True,True
CHEMBL2109458,DRUGBANK:DB05545,AMG-108,AMG 108,3,333,2,True,True,False,False,False,False,amg 108,AMG-108,,,,,True,True
CHEMBL2109488,DRUGBANK:DB12246,INCLACUMAB,Inclacumab,3,333,2,True,True,False,False,False,False,inclacumab,Inclacumab,,,,,True,True
CHEMBL2109498,DRUGBANK:DB06049,IPH-2101,IPH 2101,2,333,2,True,True,False,False,False,False,iph 2101,IPH-2101,,,,,True,True
CHEMBL2109514,CHEMBL2109673,PTI-6D2,PTI-6D2 188RE,1,1,2,False,True,False,False,False,True,,PTI-6D2,,,,1.0,True,True
CHEMBL2109528,DRUGBANK:DB12157,FASINUMAB,Fasinumab,7,334,2,True,True,False,False,False,False,fasinumab,Fasinumab,,,,,True,True
CHEMBL2109540,DRUGBANK:DB09302,ALIROCUMAB,Alirocumab,11,335,2,True,True,False,False,False,False,alirocumab,Alirocumab,,,,,False,True
CHEMBL2109570,DRUGBANK:DB06305,SONEPCIZUMAB,Sonepcizumab,3,333,2,True,True,False,False,False,False,sonepcizumab,Sonepcizumab,,,,,True,True
CHEMBL2109576,CHEMBL2109679,IDEC-159,IDEC-159 111IN,1,1,2,False,True,False,False,False,True,,IDEC-159,,,,1.0,True,True
CHEMBL2109576,CHEMBL2109680,IDEC-159,IDEC-159 90Y,1,1,2,False,True,False,False,False,True,,IDEC-159,,,,1.0,True,True
CHEMBL2109621,DRUGBANK:DB12775,ABITUZUMAB,Abituzumab,5,334,2,True,True,False,False,False,False,abituzumab,Abituzumab,,,,,True,True
CHEMBL2109624,DRUGBANK:DB06081,CAPLACIZUMAB,Caplacizumab,3,736,2,True,True,False,False,False,False,caplacizumab,Caplacizumab,,,,,False,True
CHEMBL2109629,DRUGBANK:DB14809,ANETUMAB RAVTANSINE,Anetumab ravtansine,8,333,2,True,True,False,False,False,False,anetumab ravtansine,Anetumab ravtansine,,,,,True,True
CHEMBL2109653,DRUGBANK:DB14947,BERMEKIMAB,Bermekimab,11,338,2,True,True,False,False,False,False,bermekimab,Bermekimab,,,,,True,True
CHEMBL2109662,DRUGBANK:DB14988,DALANTERCEPT,Dalantercept,5,333,2,True,True,False,False,False,False,dalantercept,Dalantercept,,,,,True,True
CHEMBL2109664,DRUGBANK:DB06116,ELDELUMAB,Eldelumab,3,334,2,True,True,False,False,False,False,eldelumab,Eldelumab,,,,,True,True
CHEMBL2109667,DRUGBANK:DB12152,SIMTUZUMAB,Simtuzumab,7,334,2,True,True,False,False,False,False,simtuzumab,Simtuzumab,,,,,True,True
CHEMBL2110563,DRUGBANK:DB00115,CYANOCOBALAMIN,Cyanocobalamin,49,818,2,True,True,False,False,False,False,cyanocobalamin,Cyanocobalamin,,,,,False,True
CHEMBL2110824,DRUGBANK:DB06719,BUSERELIN,Buserelin,6,456,2,True,True,False,False,False,False,buserelin,Buserelin,,,,,True,True
CHEMBL2111107,DRUGBANK:DB06206,SUGAMMADEX,Sugammadex,10,109,2,True,True,False,False,False,False,sugammadex,Sugammadex,,,,,True,True
CHEMBL2111110,DRUGBANK:DB06200,TEDISAMIL,Tedisamil,4,432,2,True,True,False,False,False,False,tedisamil,Tedisamil,,,,,True,True
CHEMBL212432,CHEMBL4297254,552-02,552-02,2,2,2,True,True,False,False,False,False,552 02,552-02,,,,,False,True
CHEMBL2170582,CHEMBL3545340,R-343,R-343,2,1,2,True,True,False,False,False,False,r 343,R-343,,,,,False,True
CHEMBL2218861,DRUGBANK:DB09097,QUINAGOLIDE,Quinagolide,2,123,2,True,True,False,False,False,False,quinagolide,Quinagolide,,,,,True,True
CHEMBL2219536,DRUGBANK:DB05528,MIPOMERSEN,Mipomersen,4,23,2,True,True,False,False,False,False,mipomersen,Mipomersen,,,,,True,True
CHEMBL2221249,DRUGBANK:DB00803,COLISTIN,Colistin,11,849,2,True,True,False,False,False,False,colistin,Colistin,,,,,False,True
CHEMBL2221250,DRUGBANK:DB00314,CAPREOMYCIN,Capreomycin,3,894,2,True,True,False,False,False,False,capreomycin,Capreomycin,,,,,False,True
CHEMBL2221312,DRUGBANK:DB08884,GADOXETIC ACID,Gadoxetic acid,2,128,2,True,True,False,False,False,False,gadoxetic acid,Gadoxetic acid,,,,,True,True
CHEMBL2252949,CHEMBL504760,(-)-CAMPHOR,CAMPHOR,4,16,2,True,True,False,False,False,False,camphor,Camphor,,,,,True,True
CHEMBL2303614,DRUGBANK:DB09301,CHONDROITIN SULFATE,Chondroitin sulfate,1,740,2,True,True,False,False,False,False,chondroitin sulfate,Chondroitin Sulfate,,,,,True,True
CHEMBL2304327,DRUGBANK:DB01111,COLISTIMETHATE,Colistimethate,1,746,2,True,True,False,False,False,False,colistimethate,Colistimethate,,,,,True,True
CHEMBL2311157,CHEMBL290429,[11C]-CARFENTANIL,CARFENTANIL,895,906,2,False,True,False,False,False,True,,Carfentanil,,,,0.986,False,True
CHEMBL2354773,DRUGBANK:DB09121,AUROTHIOGLUCOSE,Aurothioglucose,1,764,2,True,True,False,False,False,False,aurothioglucose,Aurothioglucose,,,,,True,True
CHEMBL2359370,DRUGBANK:DB03614,MECOBALAMIN,Mecobalamin,6,3,2,True,True,False,False,False,False,mecobalamin,Mecobalamin,,,,,True,True
CHEMBL2364648,DRUGBANK:DB11834,GUSELKUMAB,Guselkumab,17,603,2,True,True,False,False,False,False,guselkumab,Guselkumab,,,,,True,True
CHEMBL2364649,DRUGBANK:DB14967,MARGETUXIMAB,Margetuximab,2,349,2,True,True,False,False,False,False,margetuximab,Margetuximab,,,,,True,True
CHEMBL2364651,DRUGBANK:DB12609,TOVETUMAB,Tovetumab,3,334,2,True,True,False,False,False,False,tovetumab,Tovetumab,,,,,True,True
CHEMBL2364653,DRUGBANK:DB11976,ANIFROLUMAB,Anifrolumab,8,335,2,True,True,False,False,False,False,anifrolumab,Anifrolumab,,,,,True,True
CHEMBL2364655,DRUGBANK:DB09303,EVOLOCUMAB,Evolocumab,19,337,2,True,True,False,False,False,False,evolocumab,Evolocumab,,,,,False,True
CHEMBL2367706,CHEMBL3989780,SUCRALFATE,SUCRALFATE,7,4,2,True,True,False,False,False,False,sucralfate,Sucralfate,,,,,False,True
CHEMBL2367706,DRUGBANK:DB00364,SUCRALFATE,Sucralfate,7,869,2,True,True,False,False,False,False,sucralfate,Sucralfate,,,,,False,True
CHEMBL2397450,CHEMBL4297452,YM-543,YM-543,2,2,2,True,True,False,False,False,False,ym 543,YM 543,,,,,False,True
CHEMBL24,CHEMBL343633,ATENOLOL,ESATENOLOL,1381,1265,2,False,True,False,False,False,True,,(-)-atenolol,,,,0.913,False,True
CHEMBL252518,DRUGBANK:DB11638,ARTENIMOL,Artenimol,6,342,2,True,True,False,False,False,False,artenimol,Artenimol,,,,,False,True
CHEMBL254328,RXNORM:1100072,ABIRATERONE,abiraterone,595,5,2,True,True,False,False,False,False,abiraterone,Abiraterone,,,,,True,True
CHEMBL267447,CHEMBL270362,(+)-CALANOLIDE A,CALANOLIDE A,27,1,2,True,True,False,False,False,False,calanolide a,Calanolide a,,,,,True,True
CHEMBL27,RXNORM:8787,PROPRANOLOL,propranolol,2151,2,2,True,True,False,False,False,False,propranolol,Propranolol,,,,,True,True
CHEMBL279433,CHEMBL4297396,L-778123,L-778123,6,3,2,True,True,False,False,False,False,l 778123,L-778123,,,,,False,True
CHEMBL281872,CHEMBL3544937,ZD-4190,ZD-4190,1,1,2,True,True,False,False,False,False,zd 4190,ZD-4190,,,,,False,True
CHEMBL287631,DRUGBANK:DB00837,PROGABIDE,Progabide,1,871,2,True,True,False,False,False,False,progabide,Progabide,,,,,True,True
CHEMBL296522,DRUGBANK:DB04917,RENZAPRIDE,Renzapride,1,744,2,True,True,False,False,False,False,renzapride,Renzapride,,,,,True,True
CHEMBL3039537,DRUGBANK:DB11563,SEBELIPASE ALFA,Sebelipase alfa,3,1,2,True,True,False,False,False,False,sebelipase alfa,Sebelipase alfa,,,,,True,True
CHEMBL3039538,DRUGBANK:DB13201,TRENONACOG ALFA,Trenonacog alfa,5,95,2,True,True,False,False,False,False,trenonacog alfa,Trenonacog alfa,,,,,True,True
CHEMBL3039540,DRUGBANK:DB12274,ADUCANUMAB,Aducanumab,2,335,2,True,True,False,False,False,False,aducanumab,Aducanumab,,,,,False,True
CHEMBL3039544,DRUGBANK:DB12568,TECEMOTIDE,Tecemotide,8,274,2,True,True,False,False,False,False,tecemotide,Tecemotide,,,,,True,True
CHEMBL3039545,DRUGBANK:DB12281,LUSPATERCEPT,Luspatercept,7,335,2,True,True,False,False,False,False,luspatercept,Luspatercept,,,,,False,True
CHEMBL3039558,DRUGBANK:DB14951,ETIRINOTECAN PEGOL,Etirinotecan pegol,9,4,2,True,True,False,False,False,False,etirinotecan pegol,Etirinotecan pegol,,,,,True,True
CHEMBL3039582,DRUGBANK:DB09532,SECRETIN,Secretin human,6,170,2,False,True,False,True,False,False,,Secretin,,OWMZNFCDEHGFEP-NFBCVYDUSA-N,,,True,True
CHEMBL3137308,DRUGBANK:DB11708,PEFICITINIB,Peficitinib,7,320,2,True,True,False,False,False,False,peficitinib,Peficitinib,,,,,False,True
CHEMBL3137326,DRUGBANK:DB12161,DEUTETRABENAZINE,Deutetrabenazine,7,1466,2,True,True,False,False,False,False,deutetrabenazine,Deutetrabenazine,,,,,False,True
CHEMBL3137327,DRUGBANK:DB09568,OMEGA-3-CARBOXYLIC ACIDS,Omega-3-carboxylic acids,2,88,2,True,True,False,False,False,False,omega 3 carboxylic acids,Omega-3-carboxylic acids,,,,,True,True
CHEMBL3137342,DRUGBANK:DB09077,DINUTUXIMAB,Dinutuximab,7,1015,2,True,True,False,False,False,False,dinutuximab,Dinutuximab,,,,,True,True
CHEMBL3137343,DRUGBANK:DB09037,PEMBROLIZUMAB,Pembrolizumab,183,344,2,True,True,False,False,False,False,pembrolizumab,Pembrolizumab,,,,,False,True
CHEMBL3137345,DRUGBANK:DB12142,DULIGOTUZUMAB,Duligotuzumab,3,337,2,True,True,False,False,False,False,duligotuzumab,Duligotuzumab,,,,,True,True
CHEMBL3137347,DRUGBANK:DB11930,VARLILUMAB,Varlilumab,10,333,2,True,True,False,False,False,False,varlilumab,Varlilumab,,,,,True,True
CHEMBL3137349,DRUGBANK:DB12456,BOCOCIZUMAB,Bococizumab,4,334,2,True,True,False,False,False,False,bococizumab,Bococizumab,,,,,True,True
CHEMBL3137351,DRUGBANK:DB15076,ABRILUMAB,Abrilumab,2,333,2,True,True,False,False,False,False,abrilumab,Abrilumab,,,,,True,True
CHEMBL3137353,DRUGBANK:DB12584,BIMAGRUMAB,Bimagrumab,7,333,2,True,True,False,False,False,False,bimagrumab,Bimagrumab,,,,,True,True
CHEMBL3137685,DRUGBANK:DB13145,NEDAPLATIN,Nedaplatin,9,744,2,True,True,False,False,False,False,nedaplatin,Nedaplatin,,,,,True,True
CHEMBL313833,CHEMBL3989843,TRANYLCYPROMINE,TRANYLCYPROMINE,1708,10,2,True,True,False,False,False,False,tranylcypromine,Tranylcypromine,,,,,False,True
CHEMBL3183184,DRUGBANK:DB09496,OCTINOXATE,Octinoxate,3,735,2,True,True,False,False,False,False,octinoxate,Octinoxate,,,,,True,True
CHEMBL3183704,DRUGBANK:DB13569,FERROUS CHLORIDE,Ferrous chloride,1,65,2,True,True,False,False,False,False,ferrous chloride,Ferrous chloride,,,,,True,True
CHEMBL3218578,CHEMBL3545096,BGT-226,BGT-226,4,4,2,True,True,False,False,False,False,bgt 226,BGT-226,,,,,False,True
CHEMBL325041,RXNORM:358258,BORTEZOMIB,bortezomib,1632,29,2,True,True,False,False,False,False,bortezomib,Bortezomib,,,,,True,True
CHEMBL3291398,DRUGBANK:DB12825,LEFAMULIN,Lefamulin,5,869,2,True,True,False,False,False,False,lefamulin,Lefamulin,,,,,False,True
CHEMBL3301577,DRUGBANK:DB15045,IPAFRICEPT,Ipafricept,1,333,2,True,True,False,False,False,False,ipafricept,Ipafricept,,,,,True,True
CHEMBL3301578,DRUGBANK:DB11849,EMIBETUZUMAB,Emibetuzumab,3,334,2,True,True,False,False,False,False,emibetuzumab,Emibetuzumab,,,,,True,True
CHEMBL3301581,DRUGBANK:DB05084,ABALOPARATIDE,Abaloparatide,3,168,2,True,True,False,False,False,False,abaloparatide,Abaloparatide,,,,,True,True
CHEMBL3301582,DRUGBANK:DB12240,POLATUZUMAB VEDOTIN,Polatuzumab vedotin,9,388,2,True,True,False,False,False,False,polatuzumab vedotin,Polatuzumab vedotin,,,,,True,True
CHEMBL3301583,DRUGBANK:DB14562,ANDEXANET ALFA,Andexanet alfa,2,95,2,True,True,False,False,False,False,andexanet alfa,Andexanet alfa,,,,,True,True
CHEMBL3301585,DRUGBANK:DB15432,PINATUZUMAB VEDOTIN,Pinatuzumab vedotin,3,334,2,True,True,False,False,False,False,pinatuzumab vedotin,Pinatuzumab vedotin,,,,,True,True
CHEMBL3301587,DRUGBANK:DB11714,DURVALUMAB,Durvalumab,92,365,2,True,True,False,False,False,False,durvalumab,Durvalumab,,,,,True,True
CHEMBL3301588,DRUGBANK:DB12104,TAREXTUMAB,Tarextumab,3,333,2,True,True,False,False,False,False,tarextumab,Tarextumab,,,,,True,True
CHEMBL3301589,DRUGBANK:DB13007,ENFORTUMAB VEDOTIN,Enfortumab vedotin,9,228,2,True,True,False,False,False,False,enfortumab vedotin,Enfortumab vedotin,,,,,True,True
CHEMBL3301592,DRUGBANK:DB14048,SODIUM ZIRCONIUM CYCLOSILICATE,Sodium zirconium cyclosilicate,2,65,2,True,True,False,False,False,False,sodium zirconium cyclosilicate,Sodium zirconium cyclosilicate,,,,,True,True
CHEMBL3304486,DRUGBANK:DB13380,DIFEMERINE,Difemerine,2,958,2,True,True,False,False,False,False,difemerine,Difemerine,,,,,True,True
CHEMBL338604,CHEMBL3545337,C-1311,C-1311,2,1,2,True,True,False,False,False,False,c 1311,C 1311,,,,,False,True
CHEMBL3392104,CHEMBL3546168,"AMMONIUM TRICHLORO(DIOXOETHYLENE-O,O'-)TELLURATE","AMMONIUM TRICHLORO(DIOXOETHYLENE-O,O'-)TELLURATE",2,3,2,True,True,False,False,False,False,ammonium trichloro dioxoethylene o o tellurate,"Ammonium trichloro(dioxoethylene-o,o'-)tellurate",,,,,False,True
CHEMBL34259,RXNORM:6851,METHOTREXATE,methotrexate,1905,6,2,True,True,False,False,False,False,methotrexate,Methotrexate,,,,,True,True
CHEMBL344159,DRUGBANK:DB06212,TOLVAPTAN,Tolvaptan,14,1331,2,True,True,False,False,False,False,tolvaptan,Tolvaptan,,,,,False,True
CHEMBL3544910,DRUGBANK:DB05428,MOTEXAFIN GADOLINIUM,Motexafin gadolinium,17,7,2,True,True,False,False,False,False,motexafin gadolinium,Motexafin gadolinium,,,,,True,True
CHEMBL3544921,DRUGBANK:DB13173,CERLIPONASE ALFA,Cerliponase alfa,5,1,2,True,True,False,False,False,False,cerliponase alfa,Cerliponase alfa,,,,,True,True
CHEMBL3544922,DRUGBANK:DB14959,OPICINUMAB,Opicinumab,3,333,2,True,True,False,False,False,False,opicinumab,Opicinumab,,,,,True,True
CHEMBL3544923,DRUGBANK:DB12331,LABETUZUMAB GOVITECAN,Labetuzumab govitecan,2,334,2,True,True,False,False,False,False,labetuzumab govitecan,Labetuzumab govitecan,,,,,True,True
CHEMBL3544926,DRUGBANK:DB05336,OBILTOXAXIMAB,Obiltoxaximab,1,333,2,True,True,False,False,False,False,obiltoxaximab,Obiltoxaximab,,,,,True,True
CHEMBL3544943,CHEMBL3544944,BMS-863233,BMS-863233,1,1,2,True,True,False,False,False,False,bms 863233,Bms-863233,,,,,False,True
CHEMBL3544994,DRUGBANK:DB15067,VOLANESORSEN,Volanesorsen,3,1,2,True,True,False,False,False,False,volanesorsen,Volanesorsen,,,,,True,True
CHEMBL3544996,DRUGBANK:DB09264,IDARUCIZUMAB,Idarucizumab,1,1059,2,True,True,False,False,False,False,idarucizumab,Idarucizumab,,,,,True,True
CHEMBL3545029,DRUGBANK:DB15192,ABT-288,ABT-288,2,27,2,True,True,False,False,False,False,abt 288,Abt-288,,,,,True,True
CHEMBL3545071,DRUGBANK:DB11857,SERIBANTUMAB,Seribantumab,2,333,2,True,True,False,False,False,False,seribantumab,Seribantumab,,,,,True,True
CHEMBL3545072,DRUGBANK:DB11862,LANDOGROZUMAB,Landogrozumab,4,334,2,True,True,False,False,False,False,landogrozumab,Landogrozumab,,,,,True,True
CHEMBL3545131,DRUGBANK:DB14811,ISATUXIMAB,Isatuximab,17,339,2,True,True,False,False,False,False,isatuximab,Isatuximab,,,,,True,True
CHEMBL3545132,DRUGBANK:DB12489,MIRVETUXIMAB SORAVTANSINE,Mirvetuximab soravtansine,9,618,2,True,True,False,False,False,False,mirvetuximab soravtansine,Mirvetuximab soravtansine,,,,,True,True
CHEMBL3545189,DRUGBANK:DB14597,LANADELUMAB,Lanadelumab,5,335,2,True,True,False,False,False,False,lanadelumab,Lanadelumab,,,,,True,True
CHEMBL3545191,DRUGBANK:DB15354,EVINACUMAB,Evinacumab,6,334,2,True,True,False,False,False,False,evinacumab,Evinacumab,,,,,False,True
CHEMBL3545196,CHEMBL49120,PD-0166285,PD-0166285,1,1,2,True,True,False,False,False,False,pd 0166285,PD-0166285,,,,,False,True
CHEMBL3545210,CHEMBL3545211,SR16234,SR16234,2,2,2,True,True,False,False,False,False,sr16234,Sr16234,,,,,False,True
CHEMBL3545259,DRUGBANK:DB12317,VANUCIZUMAB,Vanucizumab,2,333,2,True,True,False,False,False,False,vanucizumab,Vanucizumab,,,,,True,True
CHEMBL3545262,DRUGBANK:DB12893,SACITUZUMAB GOVITECAN,Sacituzumab govitecan,16,380,2,True,True,False,False,False,False,sacituzumab govitecan,Sacituzumab govitecan,,,,,True,True
CHEMBL3545349,CHEMBL3545350,EVT-101,EVT-101,3,2,2,True,True,False,False,False,False,evt 101,Evt-101,,,,,False,True
CHEMBL3545370,DRUGBANK:DB14905,EMACTUZUMAB,Emactuzumab,4,333,2,True,True,False,False,False,False,emactuzumab,Emactuzumab,,,,,True,True
CHEMBL3545372,DRUGBANK:DB15349,SOFITUZUMAB VEDOTIN,Sofituzumab vedotin,2,333,2,True,True,False,False,False,False,sofituzumab vedotin,Sofituzumab vedotin,,,,,True,True
CHEMBL3559671,DRUGBANK:DB11060,POLYVINYL ALCOHOL,Polyvinyl alcohol,2,12,2,True,True,False,False,False,False,polyvinyl alcohol,Polyvinyl alcohol,,,,,False,True
CHEMBL3580737,CHEMBL4297302,MK-0941,MK-0941,2,2,2,True,True,False,False,False,False,mk 0941,Mk-0941,,,,,False,True
CHEMBL360055,DRUGBANK:DB13584,GALLAMINE,Gallamine,1,1106,2,True,True,False,False,False,False,gallamine,Gallamine,,,,,True,True
CHEMBL3707207,DRUGBANK:DB09260,PARNAPARIN,Parnaparin,2,877,2,True,True,False,False,False,False,parnaparin,Parnaparin,,,,,False,True
CHEMBL3707209,DRUGBANK:DB13408,METHYLPROPYLPROPANEDIOL DINITRATE,Methylpropylpropanediol dinitrate,1,90,2,True,True,False,False,False,False,methylpropylpropanediol dinitrate,Methylpropylpropanediol dinitrate,,,,,True,True
CHEMBL3707227,DRUGBANK:DB11595,ATEZOLIZUMAB,Atezolizumab,92,340,2,True,True,False,False,False,False,atezolizumab,Atezolizumab,,,,,True,True
CHEMBL3707228,DRUGBANK:DB12520,PLOZALIZUMAB,Plozalizumab,5,333,2,True,True,False,False,False,False,plozalizumab,Plozalizumab,,,,,True,True
CHEMBL3707229,DRUGBANK:DB15090,TEZEPELUMAB,Tezepelumab,7,333,2,True,True,False,False,False,False,tezepelumab,Tezepelumab,,,,,True,True
CHEMBL3707232,DRUGBANK:DB14489,FERROUS SUCCINATE,Ferrous succinate,1,124,2,True,True,False,False,False,False,ferrous succinate,Ferrous succinate,,,,,True,True
CHEMBL3707276,DRUGBANK:DB11928,VOSORITIDE,Vosoritide,3,1,2,True,True,False,False,False,False,vosoritide,Vosoritide,,,,,True,True
CHEMBL3707277,DRUGBANK:DB11731,DEPATUXIZUMAB MAFODOTIN,Depatuxizumab mafodotin,3,334,2,True,True,False,False,False,False,depatuxizumab mafodotin,Depatuxizumab mafodotin,,,,,True,True
CHEMBL3707278,DRUGBANK:DB12815,CROTEDUMAB,Crotedumab,1,333,2,True,True,False,False,False,False,crotedumab,Crotedumab,,,,,True,True
CHEMBL3707285,DRUGBANK:DB13423,FERRIC HYDROXIDE,Ferric hydroxide,2,124,2,True,True,False,False,False,False,ferric hydroxide,Ferric hydroxide,,,,,True,True
CHEMBL3707290,DRUGBANK:DB15093,SOMAPACITAN,Somapacitan,1,162,2,True,True,False,False,False,False,somapacitan,Somapacitan,,,,,True,True
CHEMBL3707294,DRUGBANK:DB12826,DEPATUXIZUMAB,Depatuxizumab,2,334,2,True,True,False,False,False,False,depatuxizumab,Depatuxizumab,,,,,True,True
CHEMBL3707305,DRUGBANK:DB14490,FERROUS ASCORBATE,Ferrous ascorbate,1,27,2,True,True,False,False,False,False,ferrous ascorbate,Ferrous ascorbate,,,,,True,True
CHEMBL3707314,DRUGBANK:DB09107,METHOXY POLYETHYLENE GLYCOL-EPOETIN BETA,Methoxy polyethylene glycol-epoetin beta,4,554,2,True,True,False,False,False,False,methoxy polyethylene glycol epoetin beta,Methoxy polyethylene glycol-epoetin beta,,,,,True,True
CHEMBL3707324,DRUGBANK:DB15113,UTOMILUMAB,Utomilumab,11,333,2,True,True,False,False,False,False,utomilumab,Utomilumab,,,,,True,True
CHEMBL3707326,DRUGBANK:DB14012,BUROSUMAB,Burosumab,6,334,2,True,True,False,False,False,False,burosumab,Burosumab,,,,,True,True
CHEMBL3707328,DRUGBANK:DB14042,GALCANEZUMAB,Galcanezumab,3,335,2,True,True,False,False,False,False,galcanezumab,Galcanezumab,,,,,True,True
CHEMBL3707357,DRUGBANK:DB14864,BROLUCIZUMAB,Brolucizumab,5,348,2,True,True,False,False,False,False,brolucizumab,Brolucizumab,,,,,True,True
CHEMBL3707358,DRUGBANK:DB12835,OLIPUDASE ALFA,Olipudase alfa,3,2,2,True,True,False,False,False,False,olipudase alfa,Olipudase alfa,,,,,True,True
CHEMBL3707365,DRUGBANK:DB09258,BEMIPARIN,Bemiparin,6,855,2,True,True,False,False,False,False,bemiparin,Bemiparin,,,,,True,True
CHEMBL3707372,DRUGBANK:DB12026,VOXILAPREVIR,Voxilaprevir,2,723,2,True,True,False,False,False,False,voxilaprevir,Voxilaprevir,,,,,True,True
CHEMBL3707387,CHEMBL4299960,TETRACHLORODECAOXIDE,TETRACHLORODECAOXIDE,2,2,2,True,True,False,False,False,False,tetrachlorodecaoxide,Tetrachlorodecaoxide,,,,,False,True
CHEMBL3707404,DRUGBANK:DB12683,LUMRETUZUMAB,Lumretuzumab,3,334,2,True,True,False,False,False,False,lumretuzumab,Lumretuzumab,,,,,True,True
CHEMBL373742,DRUGBANK:DB00067,VASOPRESSIN,Vasopressin,20,25,2,True,True,False,False,False,False,vasopressin,Vasopressin,,,,,True,True
CHEMBL3775741,CHEMBL4301078,AMMONIUM TETRATHIOMOLYBDATE,AMMONIUM TETRATHIOMOLYBDATE,2,2,2,True,True,False,False,False,False,ammonium tetrathiomolybdate,Ammonium tetrathiomolybdate,,,,,False,True
CHEMBL3833301,DRUGBANK:DB09001,BARBEXACLONE,Barbexaclone,1,1187,2,True,True,False,False,False,False,barbexaclone,Barbexaclone,,,,,True,True
CHEMBL3833303,DRUGBANK:DB14488,FERROUS GLUCONATE,Ferrous gluconate,2,130,2,True,True,False,False,False,False,ferrous gluconate,Ferrous gluconate,,,,,False,True
CHEMBL3833307,DRUGBANK:DB15762,SATRALIZUMAB,Satralizumab,5,916,2,True,True,False,False,False,False,satralizumab,Satralizumab,,,,,True,True
CHEMBL3833314,CHEMBL3833401,ALUMINUM CHLORIDE,ALUMINUM CHLORIDE,2,34,2,True,True,False,False,False,False,aluminum chloride,Aluminum chloride,,,,,False,True
CHEMBL3833317,DRUGBANK:DB13995,FERRIC PYROPHOSPHATE CITRATE,Ferric pyrophosphate citrate,3,70,2,True,True,False,False,False,False,ferric pyrophosphate citrate,Ferric pyrophosphate citrate,,,,,True,True
CHEMBL3833320,DRUGBANK:DB14040,EPTINEZUMAB,Eptinezumab,2,335,2,True,True,False,False,False,False,eptinezumab,Eptinezumab,,,,,True,True
CHEMBL3833321,DRUGBANK:DB14580,LECANEMAB,Lecanemab,1,335,2,True,True,False,False,False,False,lecanemab,Lecanemab,,,,,True,True
CHEMBL3833327,DRUGBANK:DB13156,INOSINE PRANOBEX,Inosine pranobex,3,748,2,True,True,False,False,False,False,inosine pranobex,Inosine pranobex,,,,,True,True
CHEMBL3833329,DRUGBANK:DB14039,ERENUMAB,Erenumab,5,389,2,True,True,False,False,False,False,erenumab,Erenumab,,,,,True,True
CHEMBL3833334,CHEMBL3833406,PAPAVERETUM,PAPAVERETUM,2,2,2,True,True,False,False,False,False,papaveretum,Papaveretum,,,,,False,True
CHEMBL3833338,CHEMBL3833407,STREPTODUOCIN,STREPTODUOCIN,2,2,2,True,True,False,False,False,False,streptoduocin,Streptoduocin,,,,,False,True
CHEMBL3833343,DRUGBANK:DB14891,VOBARILIZUMAB,Vobarilizumab,2,333,2,True,True,False,False,False,False,vobarilizumab,Vobarilizumab,,,,,True,True
CHEMBL3833344,DRUGBANK:DB14784,GANCOTAMAB,Gancotamab,1,334,2,True,True,False,False,False,False,gancotamab,Gancotamab,,,,,True,True
CHEMBL3833346,DRUGBANK:DB14782,TOFERSEN,Tofersen,1,2,2,True,True,False,False,False,False,tofersen,Tofersen,,,,,True,True
CHEMBL3833348,DRUGBANK:DB13209,BISMUTH SUBNITRATE,Bismuth subnitrate,2,272,2,True,True,False,False,False,False,bismuth subnitrate,Bismuth subnitrate,,,,,True,True
CHEMBL3833357,DRUGBANK:DB13241,BEGELOMAB,Begelomab,2,316,2,True,True,False,False,False,False,begelomab,Begelomab,,,,,True,True
CHEMBL3833359,DRUGBANK:DB11191,COBAMAMIDE,Cobamamide,2,3,2,True,True,False,False,False,False,cobamamide,Cobamamide,,,,,True,True
CHEMBL3833363,CHEMBL3990854,CERIUM OXALATE,CERIUM OXALATE,2,2,2,True,True,False,False,False,False,cerium oxalate,Cerium oxalate,,,,,False,True
CHEMBL3833367,DRUGBANK:DB04996,SATRAPLATIN,Satraplatin,6,10,2,True,True,False,False,False,False,satraplatin,Satraplatin,,,,,True,True
CHEMBL3833369,DRUGBANK:DB13961,FISH OIL,Fish oil,1,677,2,True,True,False,False,False,False,fish oil,Fish oil,,,,,True,True
CHEMBL3833373,DRUGBANK:DB11945,AVELUMAB,Avelumab,64,340,2,True,True,False,False,False,False,avelumab,Avelumab,,,,,True,True
CHEMBL3833379,DRUGBANK:DB13743,SODIUM AUROTIOSULFATE,Sodium aurotiosulfate,2,1,2,True,True,False,False,False,False,sodium aurotiosulfate,Sodium aurotiosulfate,,,,,True,True
CHEMBL3833391,CHEMBL3833413,CLOFEZONE,CLOFEZONE,4,4,2,True,True,False,False,False,False,clofezone,Clofezone,,,,,False,True
CHEMBL3833393,DRUGBANK:DB13923,EMICIZUMAB,Emicizumab,2,430,2,True,True,False,False,False,False,emicizumab,Emicizumab,,,,,True,True
CHEMBL386630,RXNORM:10379,TESTOSTERONE,testosterone,1552,1,2,True,True,False,False,False,False,testosterone,Testosterone,,,,,True,True
CHEMBL387675,DRUGBANK:DB00080,DAPTOMYCIN,Daptomycin,19,829,2,True,True,False,False,False,False,daptomycin,Daptomycin,,,,,False,True
CHEMBL387675,RXNORM:22299,DAPTOMYCIN,daptomycin,19,8,2,True,True,False,False,False,False,daptomycin,Daptomycin,,,,,True,True
CHEMBL397647,CHEMBL4297292,JNJ-17166864,JNJ-17166864,2,2,2,True,True,False,False,False,False,jnj 17166864,JNJ-17166864,,,,,False,True
CHEMBL3988900,DRUGBANK:DB09321,ZINC OXIDE,Zinc oxide,19,78,2,True,True,False,False,False,False,zinc oxide,Zinc Oxide,,,,,False,True
CHEMBL3989476,DRUGBANK:DB12842,PEGAMOTECAN,Pegamotecan,1,36,2,True,True,False,False,False,False,pegamotecan,Pegamotecan,,,,,True,True
CHEMBL3989504,DRUGBANK:DB13261,SITAFLOXACIN,Sitafloxacin,2,890,2,True,True,False,False,False,False,sitafloxacin,Sitafloxacin,,,,,True,True
CHEMBL3989678,CHEMBL3990694,PIPERAZINE CITRATE,PIPERAZINE CITRATE,1,1,2,True,True,False,False,False,False,piperazine citrate,Piperazine citrate,,,,,False,True
CHEMBL3989751,DRUGBANK:DB00994,NEOMYCIN,Neomycin,16,958,2,True,True,False,False,False,False,neomycin,Neomycin,,,,,True,True
CHEMBL3989756,CHEMBL3990276,TALC,TALC,6,6,2,True,True,False,False,False,False,talc,Talc,,,,,False,True
CHEMBL3989756,DRUGBANK:DB09511,TALC,Talc,6,53,2,True,True,False,False,False,False,talc,Talc,,,,,True,True
CHEMBL3989762,DRUGBANK:DB13651,LORAJMINE,Lorajmine,2,432,2,True,True,False,False,False,False,lorajmine,Lorajmine,,,,,True,True
CHEMBL3989767,DRUGBANK:DB00017,CALCITONIN SALMON,Salmon calcitonin,7,905,2,False,True,False,True,False,False,,Calcitonin salmon,,BBBFJLBPOGFECG-VJVYQDLKSA-N,,,False,True
CHEMBL3989780,DRUGBANK:DB00364,SUCRALFATE,Sucralfate,4,869,2,True,True,False,False,False,False,sucralfate,Sucralfate,,,,,False,True
CHEMBL3989893,DRUGBANK:DB13633,MEPARTRICIN,Mepartricin,2,283,2,True,True,False,False,False,False,mepartricin,Mepartricin,,,,,True,True
CHEMBL3989977,DRUGBANK:DB14724,EMAPALUMAB,Emapalumab,9,1258,2,True,True,False,False,False,False,emapalumab,Emapalumab,,,,,True,True
CHEMBL3989986,DRUGBANK:DB11580,RAVULIZUMAB,Ravulizumab,12,607,2,True,True,False,False,False,False,ravulizumab,Ravulizumab,,,,,True,True
CHEMBL3989987,DRUGBANK:DB14582,PATISIRAN,Patisiran,3,1,2,True,True,False,False,False,False,patisiran,Patisiran,,,,,True,True
CHEMBL3989990,DRUGBANK:DB15363,ISTIRATUMAB,Istiratumab,2,333,2,True,True,False,False,False,False,istiratumab,Istiratumab,,,,,True,True
CHEMBL3989997,DRUGBANK:DB15172,SUVRATOXUMAB,Suvratoxumab,2,333,2,True,True,False,False,False,False,suvratoxumab,Suvratoxumab,,,,,True,True
CHEMBL3990011,DRUGBANK:DB13017,ROVALPITUZUMAB TESIRINE,Rovalpituzumab tesirine,3,334,2,True,True,False,False,False,False,rovalpituzumab tesirine,Rovalpituzumab tesirine,,,,,True,True
CHEMBL3990014,DRUGBANK:DB14910,MIRIKIZUMAB,Mirikizumab,3,1,2,True,True,False,False,False,False,mirikizumab,Mirikizumab,,,,,True,True
CHEMBL3990021,DRUGBANK:DB11884,VADASTUXIMAB TALIRINE,Vadastuximab talirine,3,334,2,True,True,False,False,False,False,vadastuximab talirine,Vadastuximab talirine,,,,,True,True
CHEMBL3990026,DRUGBANK:DB14712,ELAPEGADEMASE,Elapegademase,3,36,2,True,True,False,False,False,False,elapegademase,Elapegademase,,,,,True,True
CHEMBL3990028,DRUGBANK:DB15253,BLESELUMAB,Bleselumab,2,602,2,True,True,False,False,False,False,bleselumab,Bleselumab,,,,,True,True
CHEMBL3990029,DRUGBANK:DB14762,RISANKIZUMAB,Risankizumab,11,606,2,True,True,False,False,False,False,risankizumab,Risankizumab,,,,,True,True
CHEMBL3990032,DRUGBANK:DB15104,TELISOTUZUMAB VEDOTIN,Telisotuzumab vedotin,3,333,2,True,True,False,False,False,False,telisotuzumab vedotin,Telisotuzumab vedotin,,,,,True,True
CHEMBL3990033,DRUGBANK:DB14901,INCLISIRAN,Inclisiran,9,2,2,True,True,False,False,False,False,inclisiran,Inclisiran,,,,,True,True
CHEMBL3990276,DRUGBANK:DB09511,TALC,Talc,6,53,2,True,True,False,False,False,False,talc,Talc,,,,,True,True
CHEMBL3991035,DRUGBANK:DB05630,SODIUM STIBOGLUCONATE,Sodium stibogluconate,9,1,2,True,True,False,False,False,False,sodium stibogluconate,Sodium stibogluconate,,,,,True,True
CHEMBL403664,DRUGBANK:DB00290,BLEOMYCIN,Bleomycin,39,1043,2,True,True,False,False,False,False,bleomycin,Bleomycin,,,,,False,True
CHEMBL4068108,CHEMBL4243974,CP-461,CP-461,6,6,2,True,True,False,False,False,False,cp 461,Cp 461,,,,,False,True
CHEMBL412262,DRUGBANK:DB05077,IBIPINABANT,SLV319,827,825,2,False,True,False,False,False,True,,Slv319,,,,0.995,True,True
CHEMBL414804,DRUGBANK:DB00526,OXALIPLATIN,Oxaliplatin,101,914,2,True,True,False,False,False,False,oxaliplatin,Oxaliplatin,,,,,False,True
CHEMBL4205783,CHEMBL4297293,JNJ-18038683,JNJ-18038683,3,3,2,True,True,False,False,False,False,jnj 18038683,Jnj-18038683,,,,,False,True
CHEMBL428647,RXNORM:56946,PACLITAXEL,paclitaxel,1646,16,2,True,True,False,False,False,False,paclitaxel,(-)-paclitaxel,,,,,True,True
CHEMBL4297087,DRUGBANK:DB13619,BORNAPRINE,Bornaprine,1,959,2,True,True,False,False,False,False,bornaprine,Bornaprine,,,,,True,True
CHEMBL4297101,DRUGBANK:DB14733,CEFTOBIPROLE MEDOCARIL,Ceftobiprole medocaril,2,17,2,True,True,False,False,False,False,ceftobiprole medocaril,Ceftobiprole medocaril,,,,,True,True
CHEMBL4297107,DRUGBANK:DB13541,IPRAZOCHROME,Iprazochrome,1,744,2,True,True,False,False,False,False,iprazochrome,Iprazochrome,,,,,True,True
CHEMBL4297166,DRUGBANK:DB06149,TEICOPLANIN,Teicoplanin,5,20,2,True,True,False,False,False,False,teicoplanin,Teicoplanin,,,,,True,True
CHEMBL4297240,DRUGBANK:DB15528,ONASEMNOGENE ABEPARVOVEC,Onasemnogene abeparvovec,4,13,2,True,True,False,False,False,False,onasemnogene abeparvovec,Onasemnogene abeparvovec,,,,,True,True
CHEMBL4297272,DRUGBANK:DB14098,COBALAMIN,Cobalamin,1,10,2,True,True,False,False,False,False,cobalamin,Cobalamin,,,,,True,True
CHEMBL4297298,CHEMBL4300557,KW-2478,KW-2478,3,3,2,True,True,False,False,False,False,kw 2478,Kw 2478,,,,,False,True
CHEMBL4297306,DRUGBANK:DB05819,NBI-6024,NBI-6024,1,576,2,True,True,False,False,False,False,nbi 6024,Nbi-6024,,,,,True,True
CHEMBL4297322,CHEMBL513994,PRX-08066,PRX-08066,746,1,2,True,True,False,False,False,False,prx 08066,Prx-08066,,,,,False,True
CHEMBL4297325,CHEMBL4301491,SIMMITECAN,SIMMITECAN,2,2,2,True,True,False,False,False,False,simmitecan,Simmitecan,,,,,False,True
CHEMBL4297332,CHEMBL4300049,UT-231B,UT-231B,2,2,2,True,True,False,False,False,False,ut 231b,Ut-231b,,,,,False,True
CHEMBL4297339,DRUGBANK:DB15873,COPPER OXODOTREOTIDE CU-64,Copper oxodotreotide Cu-64,2,5,2,True,True,False,False,False,False,copper oxodotreotide cu 64,Copper oxodotreotide Cu-64,,,,,True,True
CHEMBL4297340,DRUGBANK:DB15494,EDOTREOTIDE GALLIUM GA-68,Edotreotide gallium Ga-68,6,5,2,True,True,False,False,False,False,edotreotide gallium ga 68,Edotreotide Gallium Ga-68,,,,,True,True
CHEMBL4297345,CHEMBL561339,ADL-5747,ADL-5747,3,3,2,True,True,False,False,False,False,adl 5747,Adl-5747,,,,,False,True
CHEMBL4297364,DRUGBANK:DB12086,OXITROPIUM,Oxitropium,3,959,2,True,True,False,False,False,False,oxitropium,Oxitropium,,,,,False,True
CHEMBL4297417,CHEMBL74926,BUNTANETAP,PHENSERINE,287,287,2,False,True,False,False,False,True,,"Phenserine, (+)-",,,,0.973,False,True
CHEMBL4297457,CHEMBL4301600,BMS-823778,BMS-823778,5,5,2,True,True,False,False,False,False,bms 823778,BMS-823778,,,,,False,True
CHEMBL4297472,CHEMBL4301787,NOX-100,NOX-100,2,2,2,True,True,False,False,False,False,nox 100,NOX-100,,,,,False,True
CHEMBL4297549,DRUGBANK:DB06404,HUMAN C1-ESTERASE INHIBITOR,Human C1-esterase inhibitor,6,36,2,True,True,False,False,False,False,human c1 esterase inhibitor,Human C1-esterase inhibitor,,,,,True,True
CHEMBL4297551,DRUGBANK:DB15270,EFGARTIGIMOD ALFA,Efgartigimod alfa,12,1,2,True,True,False,False,False,False,efgartigimod alfa,Efgartigimod alfa,,,,,True,True
CHEMBL4297553,DRUGBANK:DB15336,VALANAFUSP ALFA,Valanafusp alfa,1,333,2,True,True,False,False,False,False,valanafusp alfa,Valanafusp alfa,,,,,True,True
CHEMBL4297566,DRUGBANK:DB14984,CASIMERSEN,Casimersen,2,1,2,True,True,False,False,False,False,casimersen,Casimersen,,,,,True,True
CHEMBL4297573,DRUGBANK:DB14731,TAGRAXOFUSP,Tagraxofusp,5,5,2,True,True,False,False,False,False,tagraxofusp,Tagraxofusp,,,,,True,True
CHEMBL4297575,DRUGBANK:DB16258,NIRSEVIMAB,Nirsevimab,2,1,2,True,True,False,False,False,False,nirsevimab,Nirsevimab,,,,,True,True
CHEMBL4297579,DRUGBANK:DB15561,VALOCTOCOGENE ROXAPARVOVEC,Valoctocogene roxaparvovec,1,4,2,True,True,False,False,False,False,valoctocogene roxaparvovec,Valoctocogene roxaparvovec,,,,,True,True
CHEMBL4297684,DRUGBANK:DB12258,ABICIPAR PEGOL,Abicipar Pegol,5,36,2,True,True,False,False,False,False,abicipar pegol,Abicipar Pegol,,,,,True,True
CHEMBL4297700,DRUGBANK:DB12917,BIMEKIZUMAB,Bimekizumab,7,336,2,True,True,False,False,False,False,bimekizumab,Bimekizumab,,,,,True,True
CHEMBL4297715,DRUGBANK:DB14776,CAMRELIZUMAB,Camrelizumab,64,334,2,True,True,False,False,False,False,camrelizumab,Camrelizumab,,,,,True,True
CHEMBL4297723,DRUGBANK:DB14707,CEMIPLIMAB,Cemiplimab,37,338,2,True,True,False,False,False,False,cemiplimab,Cemiplimab,,,,,True,True
CHEMBL4297724,DRUGBANK:DB09261,CERTOPARIN,Certoparin,3,300,2,True,True,False,False,False,False,certoparin,Certoparin,,,,,True,True
CHEMBL4297727,DRUGBANK:DB01401,CHOLINE MAGNESIUM TRISALICYLATE,Choline magnesium trisalicylate,1,1411,2,True,True,False,False,False,False,choline magnesium trisalicylate,Choline magnesium trisalicylate,,,,,True,True
CHEMBL4297730,DRUGBANK:DB12820,CONCIZUMAB,Concizumab,2,334,2,True,True,False,False,False,False,concizumab,Concizumab,,,,,True,True
CHEMBL4297741,DRUGBANK:DB15226,DASIGLUCAGON,Dasiglucagon,4,2,2,True,True,False,False,False,False,dasiglucagon,Dasiglucagon,,,,,True,True
CHEMBL4297747,DRUGBANK:DB06423,ENDOSTATIN,Endostatin,9,13,2,True,True,False,False,False,False,endostatin,Endostatin,,,,,True,True
CHEMBL4297749,DRUGBANK:DB12266,EPOFOLATE,Epofolate,1,287,2,True,True,False,False,False,False,epofolate,Epofolate,,,,,True,True
CHEMBL4297750,DRUGBANK:DB15303,FARICIMAB,Faricimab,8,3,2,True,True,False,False,False,False,faricimab,Faricimab,,,,,False,True
CHEMBL4297752,DRUGBANK:DB09147,FERRIC PYROPHOSPHATE,Ferric pyrophosphate,1,156,2,True,True,False,False,False,False,ferric pyrophosphate,Ferric pyrophosphate,,,,,True,True
CHEMBL4297753,DRUGBANK:DB11210,FERROUS BISGLYCINATE,Ferrous bisglycinate,1,122,2,True,True,False,False,False,False,ferrous bisglycinate,Ferrous bisglycinate,,,,,True,True
CHEMBL4297756,DRUGBANK:DB14041,FREMANEZUMAB,Fremanezumab,4,334,2,True,True,False,False,False,False,fremanezumab,Fremanezumab,,,,,True,True
CHEMBL4297760,DRUGBANK:DB15066,GIVOSIRAN,Givosiran,3,962,2,True,True,False,False,False,False,givosiran,Givosiran,,,,,True,True
CHEMBL4297762,DRUGBANK:DB15593,GOLODIRSEN,Golodirsen,2,737,2,True,True,False,False,False,False,golodirsen,Golodirsen,,,,,True,True
CHEMBL4297770,DRUGBANK:DB14713,INOTERSEN,Inotersen,2,991,2,True,True,False,False,False,False,inotersen,Inotersen,,,,,True,True
CHEMBL4297778,DRUGBANK:DB16222,LONCASTUXIMAB TESIRINE,Loncastuximab tesirine,10,2,2,True,True,False,False,False,False,loncastuximab tesirine,Loncastuximab tesirine,,,,,True,True
CHEMBL4297779,DRUGBANK:DB15935,LUMASIRAN,Lumasiran,3,1,2,True,True,False,False,False,False,lumasiran,Lumasiran,,,,,True,True
CHEMBL4297788,DRUGBANK:DB15434,MOSUNETUZUMAB,Mosunetuzumab,8,1,2,True,True,False,False,False,False,mosunetuzumab,Mosunetuzumab,,,,,True,True
CHEMBL4297794,DRUGBANK:DB15252,NEMOLIZUMAB,Nemolizumab,4,335,2,True,True,False,False,False,False,nemolizumab,Nemolizumab,,,,,True,True
CHEMBL4297800,DRUGBANK:DB15290,PEGTEOGRASTIM,Pegteograstim,1,8,2,True,True,False,False,False,False,pegteograstim,Pegteograstim,,,,,True,True
CHEMBL4297801,DRUGBANK:DB14992,PEGUNIGALSIDASE ALFA,Pegunigalsidase alfa,1,2,2,True,True,False,False,False,False,pegunigalsidase alfa,Pegunigalsidase alfa,,,,,True,True
CHEMBL4297802,DRUGBANK:DB12839,PEGVALIASE,Pegvaliase,1,36,2,True,True,False,False,False,False,pegvaliase,Pegvaliase,,,,,True,True
CHEMBL4297809,DRUGBANK:DB15395,ELRANATAMAB,Elranatamab,2,1,2,True,True,False,False,False,False,elranatamab,Elranatamab,,,,,True,True
CHEMBL4297819,DRUGBANK:DB15119,ROPEGINTERFERON ALFA-2B,Ropeginterferon alfa-2b,10,191,2,True,True,False,False,False,False,ropeginterferon alfa 2b,Ropeginterferon alfa-2b,,,,,True,True
CHEMBL4297820,DRUGBANK:DB14919,ROZANOLIXIZUMAB,Rozanolixizumab,5,604,2,True,True,False,False,False,False,rozanolixizumab,Rozanolixizumab,,,,,False,True
CHEMBL4297830,DRUGBANK:DB14960,SOMATROGON,Somatrogon,1,1,2,True,True,False,False,False,False,somatrogon,Somatrogon,,,,,True,True
CHEMBL4297832,DRUGBANK:DB14996,SUTIMLIMAB,Sutimlimab,5,1,2,True,True,False,False,False,False,sutimlimab,Sutimlimab,,,,,True,True
CHEMBL4297839,DRUGBANK:DB15171,TIRZEPATIDE,Tirzepatide,6,579,2,True,True,False,False,False,False,tirzepatide,Tirzepatide,,,,,True,True
CHEMBL4297841,DRUGBANK:DB16732,TISOTUMAB VEDOTIN,Tisotumab vedotin,6,1,2,True,True,False,False,False,False,tisotumab vedotin,Tisotumab vedotin,,,,,True,True
CHEMBL4297844,DRUGBANK:DB14962,TRASTUZUMAB DERUXTECAN,Trastuzumab deruxtecan,15,334,2,True,True,False,False,False,False,trastuzumab deruxtecan,Trastuzumab deruxtecan,,,,,True,True
CHEMBL4297850,DRUGBANK:DB14871,XENTUZUMAB,Xentuzumab,5,333,2,True,True,False,False,False,False,xentuzumab,Xentuzumab,,,,,True,True
CHEMBL4297862,DRUGBANK:DB00083,BOTULINUM TOXIN TYPE A,Botulinum toxin type A,9,803,2,True,True,False,False,False,False,botulinum toxin type a,Botulinum toxin type A,,,,,True,True
CHEMBL4297870,DRUGBANK:DB15225,MITAZALIMAB,Mitazalimab,3,333,2,True,True,False,False,False,False,mitazalimab,Mitazalimab,,,,,True,True
CHEMBL4297873,DRUGBANK:DB00025,"ANTIHEMOPHILIC FACTOR, HUMAN RECOMBINANT","Antihemophilic factor, human recombinant",2,96,2,True,True,False,False,False,False,antihemophilic factor human recombinant,"Antihemophilic factor, human recombinant",,,,,True,True
CHEMBL4297886,DRUGBANK:DB15160,ASUNERCEPT,Asunercept,3,333,2,True,True,False,False,False,False,asunercept,Asunercept,,,,,True,True
CHEMBL4297897,DRUGBANK:DB15332,RADAVIRSEN,Radavirsen,1,12,2,True,True,False,False,False,False,radavirsen,Radavirsen,,,,,True,True
CHEMBL4297918,DRUGBANK:DB14778,SETRUSUMAB,Setrusumab,3,333,2,True,True,False,False,False,False,setrusumab,Setrusumab,,,,,True,True
CHEMBL4297945,DRUGBANK:DB11607,EFMOROCTOCOG ALFA,Efmoroctocog alfa,2,1,2,True,True,False,False,False,False,efmoroctocog alfa,Efmoroctocog alfa,,,,,True,True
CHEMBL4297951,DRUGBANK:DB13148,COAGULATION FACTOR X HUMAN,Coagulation factor X human,2,93,2,True,True,False,False,False,False,coagulation factor x human,Coagulation factor X (human),,,,,True,True
CHEMBL4297953,DRUGBANK:DB13151,ANTI-INHIBITOR COAGULANT COMPLEX,Anti-inhibitor coagulant complex,4,95,2,True,True,False,False,False,False,anti inhibitor coagulant complex,Anti inhibitor coagulant complex,,,,,True,True
CHEMBL4297955,DRUGBANK:DB00066,FOLLITROPIN,Follitropin,8,187,2,True,True,False,False,False,False,follitropin,Follitropin,,,,,True,True
CHEMBL4297959,DRUGBANK:DB14963,KONJAC MANNAN,Konjac mannan,2,400,2,True,True,False,False,False,False,konjac mannan,Konjac mannan,,,,,True,True
CHEMBL4297961,DRUGBANK:DB15397,GMA-161,GMA-161,1,334,2,True,True,False,False,False,False,gma 161,GMA-161,,,,,True,True
CHEMBL4297977,DRUGBANK:DB10990,HAEMOPHILUS INFLUENZAE TYPE B STRAIN 20752 CAPSULAR POLYSACCHARIDE TETANUS TOXOID CONJUGATE ANTIGEN,Haemophilus influenzae type B strain 20752 capsular polysaccharide tetanus toxoid conjugate antigen,3,292,2,True,True,False,False,False,False,haemophilus influenzae type b strain 20752 capsular polysaccharide tetanus toxoid conjugate antigen,Haemophilus influenzae type b strain 20752 capsular polysaccharide tetanus toxoid conjugate antigen,,,,,True,True
CHEMBL4297981,DRUGBANK:DB15258,IMLIFIDASE,Imlifidase,6,154,2,True,True,False,False,False,False,imlifidase,Imlifidase,,,,,True,True
CHEMBL4297984,DRUGBANK:DB15965,NAXITAMAB,Naxitamab,2,620,2,True,True,False,False,False,False,naxitamab,Naxitamab,,,,,True,True
CHEMBL4297986,DRUGBANK:DB13152,COAGULATION FACTOR IX HUMAN,Coagulation Factor IX Human,1,94,2,True,True,False,False,False,False,coagulation factor ix human,Coagulation factor IX (human),,,,,True,True
CHEMBL4297993,DRUGBANK:DB06181,EMD-1201081,EMD-1201081,3,4,2,True,True,False,False,False,False,emd 1201081,Emd-1201081,,,,,True,True
CHEMBL4298016,DRUGBANK:DB15089,FROVOCIMAB,Frovocimab,2,333,2,True,True,False,False,False,False,frovocimab,Frovocimab,,,,,True,True
CHEMBL4298025,DRUGBANK:DB15559,ZENOCUTUZUMAB,Zenocutuzumab,2,333,2,True,True,False,False,False,False,zenocutuzumab,Zenocutuzumab,,,,,True,True
CHEMBL4298031,DRUGBANK:DB15014,GREMUBAMAB,Gremubamab,1,333,2,True,True,False,False,False,False,gremubamab,Gremubamab,,,,,True,True
CHEMBL4298040,DRUGBANK:DB15277,GEDIVUMAB,Gedivumab,1,333,2,True,True,False,False,False,False,gedivumab,Gedivumab,,,,,True,True
CHEMBL4298045,DRUGBANK:DB12413,INDUSATUMAB VEDOTIN,Indusatumab vedotin,2,333,2,True,True,False,False,False,False,indusatumab vedotin,Indusatumab vedotin,,,,,True,True
CHEMBL4298046,DRUGBANK:DB12208,IRON ISOMALTOSIDE 1000,Iron isomaltoside 1000,7,65,2,True,True,False,False,False,False,iron isomaltoside 1000,Iron isomaltoside 1000,,,,,True,True
CHEMBL4298047,DRUGBANK:DB15044,TAFASITAMAB,Tafasitamab,10,335,2,True,True,False,False,False,False,tafasitamab,Tafasitamab,,,,,True,True
CHEMBL4298061,DRUGBANK:DB12578,LEXAPTEPID PEGOL,Lexaptepid pegol,1,36,2,True,True,False,False,False,False,lexaptepid pegol,Lexaptepid pegol,,,,,True,True
CHEMBL4298062,DRUGBANK:DB15005,VILTOLARSEN,Viltolarsen,2,1,2,True,True,False,False,False,False,viltolarsen,Viltolarsen,,,,,True,True
CHEMBL4298065,DRUGBANK:DB11133,OMEGA-3 FATTY ACIDS,Omega-3 fatty acids,21,121,2,True,True,False,False,False,False,omega 3 fatty acids,Omega 3 fatty acids,,,,,True,True
CHEMBL4298067,DRUGBANK:DB15415,TOMARALIMAB,Tomaralimab,1,333,2,True,True,False,False,False,False,tomaralimab,Tomaralimab,,,,,True,True
CHEMBL4298086,DRUGBANK:DB15218,POZELIMAB,Pozelimab,3,1,2,True,True,False,False,False,False,pozelimab,Pozelimab,,,,,True,True
CHEMBL4298089,DRUGBANK:DB14843,CODRITUZUMAB,Codrituzumab,2,334,2,True,True,False,False,False,False,codrituzumab,Codrituzumab,,,,,True,True
CHEMBL4298092,DRUGBANK:DB16371,GLOFITAMAB,Glofitamab,7,1,2,True,True,False,False,False,False,glofitamab,Glofitamab,,,,,True,True
CHEMBL4298101,DRUGBANK:DB15409,LADIRATUZUMAB VEDOTIN,Ladiratuzumab vedotin,4,333,2,True,True,False,False,False,False,ladiratuzumab vedotin,Ladiratuzumab vedotin,,,,,True,True
CHEMBL4298106,DRUGBANK:DB13654,MONTMORILLONITE,Montmorillonite,2,27,2,True,True,False,False,False,False,montmorillonite,Montmorillonite,,,,,True,True
CHEMBL4298110,DRUGBANK:DB15598,FERRIC MALTOL,Ferric maltol,2,129,2,True,True,False,False,False,False,ferric maltol,Ferric maltol,,,,,False,True
CHEMBL4298124,DRUGBANK:DB15627,DOSTARLIMAB,Dostarlimab,30,1,2,True,True,False,False,False,False,dostarlimab,Dostarlimab,,,,,True,True
CHEMBL4298125,DRUGBANK:DB12950,ALBUSOMATROPIN,Albusomatropin,1,2,2,True,True,False,False,False,False,albusomatropin,Albusomatropin,,,,,True,True
CHEMBL4298126,DRUGBANK:DB13133,VON WILLEBRAND FACTOR HUMAN,Von Willebrand factor human,4,97,2,True,True,False,False,False,False,von willebrand factor human,Von willebrand factor (human),,,,,True,True
CHEMBL4298183,DRUGBANK:DB15898,ATOLTIVIMAB,Atoltivimab,1,344,2,True,True,False,False,False,False,atoltivimab,Atoltivimab,,,,,True,True
CHEMBL4298184,DRUGBANK:DB15899,MAFTIVIMAB,Maftivimab,1,344,2,True,True,False,False,False,False,maftivimab,Maftivimab,,,,,True,True
CHEMBL4298185,DRUGBANK:DB16220,LONAPEGSOMATROPIN,Lonapegsomatropin,3,3,2,True,True,False,False,False,False,lonapegsomatropin,Lonapegsomatropin,,,,,True,True
CHEMBL4298187,DRUGBANK:DB15617,FERRIC DERISOMALTOSE,Ferric derisomaltose,4,23,2,True,True,False,False,False,False,ferric derisomaltose,Ferric derisomaltose,,,,,False,True
CHEMBL4298188,DRUGBANK:DB15900,ODESIVIMAB,Odesivimab,1,345,2,True,True,False,False,False,False,odesivimab,Odesivimab,,,,,True,True
CHEMBL4298189,DRUGBANK:DB16780,ELADOCAGENE EXUPARVOVEC,Eladocagene exuparvovec,1,1,2,True,True,False,False,False,False,eladocagene exuparvovec,Eladocagene exuparvovec,,,,,True,True
CHEMBL4298209,DRUGBANK:DB15719,BELANTAMAB MAFODOTIN,Belantamab mafodotin,4,653,2,True,True,False,False,False,False,belantamab mafodotin,Belantamab mafodotin,,,,,True,True
CHEMBL4298211,DRUGBANK:DB16694,PEGCETACOPLAN,Pegcetacoplan,8,5,2,True,True,False,False,False,False,pegcetacoplan,Pegcetacoplan,,,,,True,True
CHEMBL430893,CHEMBL63,(-)-ROLIPRAM,ROLIPRAM,2,750,2,True,True,False,False,False,False,rolipram,Rolipram,,,,,True,True
CHEMBL435,RXNORM:5487,HYDROCHLOROTHIAZIDE,hydrochlorothiazide,2021,36,2,True,True,False,False,False,False,hydrochlorothiazide,Hydrochlorothiazide,,,,,True,True
CHEMBL441765,CHEMBL482811,U-50488 METHANE SULFONATE,U-50488 METHANE SULFONATE,5,2,2,True,True,False,False,False,False,u 50488 methane sulfonate,U-50488 methane sulfonate,,,,,False,True
CHEMBL4584965,CHEMBL4597200,AMMONIUM TRICHLOROTELLURATE,AMMONIUM TRICHLOROTELLURATE,8,8,2,True,True,False,False,False,False,ammonium trichlorotellurate,Ammonium trichlorotellurate,,,,,False,True
CHEMBL4594230,DRUGBANK:DB13200,LIPEGFILGRASTIM,Lipegfilgrastim,4,152,2,True,True,False,False,False,False,lipegfilgrastim,Lipegfilgrastim,,,,,True,True
CHEMBL4594241,DRUGBANK:DB09161,TECHNETIUM TC 99M SESTAMIBI,Technetium Tc-99m sestamibi,2,202,2,True,True,False,False,False,False,technetium tc 99m sestamibi,Technetium Tc 99m sestamibi,,,,,True,True
CHEMBL4594271,DRUGBANK:DB15982,BEROTRALSTAT,Berotralstat,3,756,2,True,True,False,False,False,False,berotralstat,Berotralstat,,,,,False,True
CHEMBL4594284,DRUGBANK:DB15575,PADELIPORFIN,Padeliporfin,6,1,2,True,True,False,False,False,False,padeliporfin,Padeliporfin,,,,,True,True
CHEMBL4594320,DRUGBANK:DB16099,AVALGLUCOSIDASE ALFA,Avalglucosidase alfa,3,1,2,True,True,False,False,False,False,avalglucosidase alfa,Avalglucosidase alfa,,,,,True,True
CHEMBL4594329,DRUGBANK:DB16708,CIPAGLUCOSIDASE ALFA,Cipaglucosidase alfa,3,1,2,True,True,False,False,False,False,cipaglucosidase alfa,Cipaglucosidase alfa,,,,,True,True
CHEMBL4594388,DRUGBANK:DB16385,ANSUVIMAB,Ansuvimab,2,1,2,True,True,False,False,False,False,ansuvimab,Ansuvimab,,,,,True,True
CHEMBL4594485,DRUGBANK:DB11707,OLAPTESED PEGOL,Olaptesed Pegol,2,36,2,True,True,False,False,False,False,olaptesed pegol,Olaptesed Pegol,,,,,True,True
CHEMBL4594503,DRUGBANK:DB16678,TALQUETAMAB,Talquetamab,2,1,2,True,True,False,False,False,False,talquetamab,Talquetamab,,,,,True,True
CHEMBL4594505,DRUGBANK:DB16655,TECLISTAMAB,Teclistamab,3,1,2,True,True,False,False,False,False,teclistamab,Teclistamab,,,,,True,True
CHEMBL4594511,DRUGBANK:DB16699,VUTRISIRAN,Vutrisiran,3,1,2,True,True,False,False,False,False,vutrisiran,Vutrisiran,,,,,True,True
CHEMBL4594598,DRUGBANK:DB11608,EFTRENONACOG ALFA,Eftrenonacog alfa,2,428,2,True,True,False,False,False,False,eftrenonacog alfa,Eftrenonacog alfa,,,,,True,True
CHEMBL4594618,DRUGBANK:DB15699,BREXUCABTAGENE AUTOLEUCEL,Brexucabtagene autoleucel,5,4,2,True,True,False,False,False,False,brexucabtagene autoleucel,Brexucabtagene autoleucel,,,,,True,True
CHEMBL4650299,DRUGBANK:DB01109,HEPARIN,Heparin,2,917,2,True,True,False,False,False,False,heparin,Heparin,,,,,True,True
CHEMBL4650393,DRUGBANK:DB16672,EPCORITAMAB,Epcoritamab,7,1,2,True,True,False,False,False,False,epcoritamab,Epcoritamab,,,,,True,True
CHEMBL4650524,DRUGBANK:DB16355,SOTROVIMAB,Sotrovimab,2,1,2,True,True,False,False,False,False,sotrovimab,Sotrovimab,,,,,True,True
CHEMBL4789639,CHEMBL4803710,BMS-986202,BMS-986202,2,2,2,True,True,False,False,False,False,bms 986202,Bms-986202,,,,,False,True
CHEMBL4802224,DRUGBANK:DB14695,FERRIC OXYHYDROXIDE,Ferric oxyhydroxide,1,124,2,True,True,False,False,False,False,ferric oxyhydroxide,Ferric oxyhydroxide,,,,,True,True
CHEMBL485980,CHEMBL5314367,BUCLADESINE,BUCLADESINE,2,1,2,True,True,False,False,False,False,bucladesine,Bucladesine,,,,,True,True
CHEMBL5072826,DRUGBANK:DB01373,CALCIUM,Calcium,44,325,2,True,True,False,False,False,False,calcium,Calcium,,,,,True,True
CHEMBL508338,DRUGBANK:DB11590,THIMEROSAL,Thimerosal,1,1,2,True,True,False,False,False,False,thimerosal,Thimerosal,,,,,True,True
CHEMBL5095024,CHEMBL5095492,MP-412,MP-412,3,3,2,True,True,False,False,False,False,mp 412,Mp 412,,,,,False,True
CHEMBL5095039,DRUGBANK:DB16019,GALLIUM GA 68 GOZETOTIDE,Gallium Ga-68 gozetotide,4,9,2,True,True,False,False,False,False,gallium ga 68 gozetotide,Gallium ga 68 gozetotide,,,,,True,True
CHEMBL5095046,DRUGBANK:DB11171,FERRIC SULFATE,Ferric sulfate,1,124,2,True,True,False,False,False,False,ferric sulfate,Ferric sulfate,,,,,True,True
CHEMBL5095173,DRUGBANK:DB13103,CAMSIRUBICIN,Camsirubicin,2,2,2,True,True,False,False,False,False,camsirubicin,Camsirubicin,,,,,True,True
CHEMBL5095197,CHEMBL5095507,TAS-303,TAS-303,2,2,2,True,True,False,False,False,False,tas 303,Tas 303,,,,,False,True
CHEMBL5095277,DRUGBANK:DB04914,G17DT IMMUNOGEN,G17DT Immunogen,4,274,2,True,True,False,False,False,False,g17dt immunogen,G17DT Immunogen,,,,,True,True
CHEMBL511142,CHEMBL560511,BUPRENORPHINE,Buprenorphine,29,1559,2,True,True,False,False,False,False,buprenorphine,(−)-buprenorphine,,,,,False,True
CHEMBL513521,DRUGBANK:DB05687,BL-1020,BL-1020,3,868,2,True,True,False,False,False,False,bl 1020,BL-1020,,,,,True,True
CHEMBL521606,CHEMBL649,NADOLOL,NADOLOL,8,1716,2,True,True,False,False,False,False,nadolol,Nadolol,,,,,True,True
CHEMBL52333,DRUGBANK:DB12670,ROLOFYLLINE,Rolofylline,2,631,2,True,True,False,False,False,False,rolofylline,Rolofylline,,,,,True,True
CHEMBL5314341,DRUGBANK:DB00040,GLUCAGON,Glucagon,8,187,2,True,True,False,False,False,False,glucagon,Glucagon,,,,,True,True
CHEMBL5314348,DRUGBANK:DB00006,BIVALIRUDIN,Bivalirudin,16,638,2,True,True,False,False,False,False,bivalirudin,Bivalirudin,,,,,False,True
CHEMBL5314349,DRUGBANK:DB00658,SEVELAMER,Sevelamer,7,361,2,True,True,False,False,False,False,sevelamer,Sevelamer,,,,,False,True
CHEMBL5314354,DRUGBANK:DB00781,POLYMYXIN B,Polymyxin B,12,360,2,True,True,False,False,False,False,polymyxin b,Polymyxin B,,,,,True,True
CHEMBL5314357,DRUGBANK:DB12213,ETARACIZUMAB,Etaracizumab,8,334,2,True,True,False,False,False,False,etaracizumab,Etaracizumab,,,,,True,True
CHEMBL5314376,DRUGBANK:DB08818,HYALURONIC ACID,Hyaluronic acid,29,1,2,True,True,False,False,False,False,hyaluronic acid,Hyaluronic acid,,,,,True,True
CHEMBL5314801,DRUGBANK:DB06406,IDRAPARINUX,Idraparinux,4,637,2,True,False,False,True,False,False,idraparinux,,,AJBMORBNKXNZSF-COSHMZDQSA-N,,,True,True
CHEMBL5315069,DRUGBANK:DB14700,DAMOCTOCOG ALFA PEGOL,Damoctocog alfa pegol,1,131,2,True,True,False,False,False,False,damoctocog alfa pegol,Damoctocog alfa pegol,,,,,True,True
CHEMBL5315071,DRUGBANK:DB14738,TUROCTOCOG ALFA PEGOL,Turoctocog alfa pegol,1,96,2,True,True,False,False,False,False,turoctocog alfa pegol,Turoctocog alfa pegol,,,,,True,True
CHEMBL5315075,DRUGBANK:DB11606,SUSOCTOCOG ALFA,Susoctocog alfa,2,95,2,True,True,False,False,False,False,susoctocog alfa,Susoctocog alfa,,,,,True,True
CHEMBL5315076,DRUGBANK:DB13884,ALBUTREPENONACOG ALFA,Albutrepenonacog alfa,1,821,2,True,True,False,False,False,False,albutrepenonacog alfa,Albutrepenonacog alfa,,,,,True,True
CHEMBL5465559,DRUGBANK:DB00646,NYSTATIN,Nystatin,20,70,2,True,True,False,False,False,False,nystatin,Nystatin,,,,,True,True
CHEMBL5483015,DRUGBANK:DB01169,ARSENIC TRIOXIDE,Arsenic trioxide,38,1642,2,True,True,False,False,False,False,arsenic trioxide,Arsenic trioxide,,,,,True,True
CHEMBL553,RXNORM:337525,ERLOTINIB,erlotinib,1377,4,2,True,True,False,False,False,False,erlotinib,Erlotinib,,,,,True,True
CHEMBL55643,DRUGBANK:DB09130,COPPER,Copper,10,2,2,True,True,False,False,False,False,copper,Copper,,,,,True,True
CHEMBL570680,DRUGBANK:DB19027,ARTEROLANE,Arterolane,2,1,2,True,True,False,False,False,False,arterolane,Arterolane,,,,,True,True
CHEMBL577736,DRUGBANK:DB13503,TYROTHRICIN,Tyrothricin,1,302,2,True,True,False,False,False,False,tyrothricin,Tyrothricin,,,,,True,True
CHEMBL58323,RXNORM:623400,LACOSAMIDE,lacosamide,1499,20,2,True,True,False,False,False,False,lacosamide,Lacosamide,,,,,True,True
CHEMBL595,RXNORM:33738,PIOGLITAZONE,pioglitazone,865,1,2,True,True,False,False,False,False,pioglitazone,Pioglitazone,,,,,True,True
CHEMBL596,RXNORM:4337,FENTANYL,fentanyl,2056,19,2,True,True,False,False,False,False,fentanyl,Fentanyl,,,,,True,True
CHEMBL59990,DRUGBANK:DB12083,MAFOSFAMIDE,Mafosfamide,5,4,2,True,True,False,False,False,False,mafosfamide,Mafosfamide,,,,,True,True
CHEMBL620,DRUGBANK:DB00771,CLIDINIUM,Clidinium,2,995,2,True,True,False,False,False,False,clidinium,Clidinium,,,,,False,True
CHEMBL64391,DRUGBANK:DB01167,ITRACONAZOLE,Itraconazole,61,1070,2,True,True,False,False,False,False,itraconazole,Itraconazole,,,,,False,True
CHEMBL671,RXNORM:10473,THIOTEPA,thiotepa,1127,4,2,True,True,False,False,False,False,thiotepa,Thiotepa,,,,,True,True
CHEMBL691,RXNORM:4124,ETHINYL ESTRADIOL,ethinyl estradiol,1553,9,2,True,True,False,False,False,False,ethinyl estradiol,Ethinyl Estradiol,,,,,True,True
CHEMBL744,RXNORM:35623,RILUZOLE,riluzole,1160,3,2,True,True,False,False,False,False,riluzole,Riluzole,,,,,True,True
CHEMBL750,RXNORM:39998,ZONISAMIDE,zonisamide,2290,13,2,True,True,False,False,False,False,zonisamide,Zonisamide,,,,,True,True
CHEMBL760,RXNORM:596724,ANAGRELIDE,anagrelide,1170,19,2,True,True,False,False,False,False,anagrelide,Anagrelide,,,,,True,True
CHEMBL785,CHEMBL83063,RITODRINE,RITODRINE,814,1,2,True,True,False,False,False,False,ritodrine,Ritodrine,,,,,False,True
CHEMBL807,RXNORM:6719,MEMANTINE,memantine,1252,6,2,True,True,False,False,False,False,memantine,Memantine,,,,,True,True
CHEMBL848,RXNORM:342369,LENALIDOMIDE,lenalidomide,1235,63,2,True,True,False,False,False,False,lenalidomide,Lenalidomide,,,,,True,True
CHEMBL85,RXNORM:35636,RISPERIDONE,risperidone,1834,8,2,True,True,False,False,False,False,risperidone,Risperidone,,,,,True,True
CHEMBL87385,DRUGBANK:DB13841,CLOPENTHIXOL,Clopenthixol,1,781,2,True,True,False,False,False,False,clopenthixol,Clopenthixol,,,,,True,True
CHEMBL88055,DRUGBANK:DB13559,RIMITEROL,Rimiterol,2,665,2,True,True,False,False,False,False,rimiterol,Rimiterol,,,,,True,True
CHEMBL885,RXNORM:276237,EMTRICITABINE,emtricitabine,806,4,2,True,True,False,False,False,False,emtricitabine,(-)-emtricitabine,,,,,True,True
CHEMBL887,RXNORM:134748,RASAGILINE,rasagiline,1959,21,2,True,True,False,False,False,False,rasagiline,Rasagiline,,,,,True,True
CHEMBL89598,RXNORM:14851,VIGABATRIN,vigabatrin,883,2,2,True,True,False,False,False,False,vigabatrin,Vigabatrin,,,,,True,True
CHEMBL953,RXNORM:60307,ENTACAPONE,entacapone,914,7,2,True,True,False,False,False,False,entacapone,Entacapone,,,,,True,True
CHEMBL957,RXNORM:75207,BOSENTAN,bosentan,1219,3,2,True,True,False,False,False,False,bosentan,Bosentan,,,,,True,True
DRUGBANK:DB00080,RXNORM:22299,Daptomycin,daptomycin,829,8,2,True,True,False,False,False,False,daptomycin,Daptomycin,,,,,True,True
DRUGBANK:DB00100,DRUGBANK:DB13152,Coagulation Factor IX (Recombinant),Coagulation Factor IX Human,96,94,2,False,False,False,True,False,True,,,,181054-95-5,,0.979,False,True
DRUGBANK:DB00200,RXNORM:5514,Hydroxocobalamin,hydroxocobalamin,743,1,2,True,True,False,False,False,False,hydroxocobalamin,Hydroxocobalamin,,,,,True,True
DRUGBANK:DB00407,DRUGBANK:DB01109,Ardeparin,Heparin,877,917,2,False,False,False,True,False,True,,,,9005-49-6,,0.954,False,True
DRUGBANK:DB00407,DRUGBANK:DB01225,Ardeparin,Enoxaparin,877,877,2,False,False,False,True,False,True,,,,9005-49-6,,0.998,False,True
DRUGBANK:DB00407,DRUGBANK:DB06779,Ardeparin,Dalteparin,877,878,2,False,False,False,True,False,True,,,,9005-49-6,,0.997,False,True
DRUGBANK:DB00407,DRUGBANK:DB09260,Ardeparin,Parnaparin,877,877,2,False,False,False,True,False,True,,,,9005-49-6,,0.998,False,True
DRUGBANK:DB01109,DRUGBANK:DB01225,Heparin,Enoxaparin,917,877,2,False,False,False,True,False,True,,,,9005-49-6,,0.954,False,True
DRUGBANK:DB01109,DRUGBANK:DB06779,Heparin,Dalteparin,917,878,2,False,False,False,True,False,True,,,,9005-49-6,,0.953,False,True
DRUGBANK:DB01109,DRUGBANK:DB09260,Heparin,Parnaparin,917,877,2,False,False,False,True,False,True,,,,9005-49-6,,0.954,False,True
DRUGBANK:DB01225,DRUGBANK:DB06779,Enoxaparin,Dalteparin,877,878,2,False,False,False,True,False,True,,,,9005-49-6,,0.997,False,True
DRUGBANK:DB01225,DRUGBANK:DB09260,Enoxaparin,Parnaparin,877,877,2,False,False,False,True,False,True,,,,9005-49-6,,0.998,False,True
DRUGBANK:DB06779,DRUGBANK:DB09260,Dalteparin,Parnaparin,878,877,2,False,False,False,True,False,True,,,,9005-49-6,,0.997,False,True
DRUGBANK:DB06822,DRUGBANK:DB09259,Tinzaparin,Reviparin,858,857,2,False,False,False,True,False,True,,,,9041-08-1,,0.997,False,True
DRUGBANK:DB08818,DRUGBANK:DB19175,Hyaluronic acid,Hyaluronic acid (non-animal stabilized),1,1,2,False,False,False,True,False,True,,,,9004-61-9,,1.0,True,True
DRUGBANK:DB09106,DRUGBANK:DB09111,Hydroxyethyl Starch,Pentastarch,736,736,2,False,False,False,True,False,True,,,,9005-27-0,,0.997,True,True
CHEMBL1000,CHEMBL1607273,CETIRIZINE,CETIRIZINE HYDROCHLORIDE,1634,10,1,False,True,False,False,False,False,,Cetirizine,,,,,False,True
CHEMBL1002,CHEMBL714,LEVOSALBUTAMOL,ALBUTEROL,1440,1514,1,False,True,False,False,False,False,,(-)-Albuterol,,,,,False,True
CHEMBL1007,CHEMBL1981292,GONADORELIN,CHEMBL1981292,14,7,1,False,True,False,False,False,False,,Gonadorelin,,,,,False,True
CHEMBL1010,CHEMBL1730,CEFOTAXIME SODIUM,CEFOTAXIME,5,911,1,False,True,False,False,False,False,,Cefotaxime,,,,,False,True
CHEMBL10118,CHEMBL1235570,FAMOXADONE,CHEMBL1235570,10,10,1,False,False,False,False,True,False,,,,,f3221d5a3607b4f6e3dc1d90314ce16f6fe9d0cf,,True,False
CHEMBL10118,CHEMBL1236595,FAMOXADONE,Coenzyme Q2,10,10,1,False,False,False,False,True,False,,,,,f3221d5a3607b4f6e3dc1d90314ce16f6fe9d0cf,,True,False
CHEMBL10118,CHEMBL230001,FAMOXADONE,AZOXYSTROBIN,10,10,1,False,False,False,False,True,False,,,,,f3221d5a3607b4f6e3dc1d90314ce16f6fe9d0cf,,True,False
CHEMBL1013,CHEMBL1200610,LORACARBEF ANHYDROUS,LORACARBEF,789,3,1,False,True,False,False,False,False,,Loracarbef,,,,,False,True
CHEMBL101801,CHEMBL1098060,CHEMBL101801,CHEMBL1098060,2,2,1,False,False,False,False,True,False,,,,,d2892b45df35238ede25490ba39fb212bc7c626b,,True,False
CHEMBL101801,CHEMBL115220,CHEMBL101801,CHEMBL115220,2,2,1,False,False,False,False,True,False,,,,,d2892b45df35238ede25490ba39fb212bc7c626b,,True,False
CHEMBL101801,CHEMBL121941,CHEMBL101801,CHEMBL121941,2,2,1,False,False,False,False,True,False,,,,,d2892b45df35238ede25490ba39fb212bc7c626b,,True,False
CHEMBL101801,CHEMBL122264,CHEMBL101801,NU-6094,2,2,1,False,False,False,False,True,False,,,,,d2892b45df35238ede25490ba39fb212bc7c626b,,True,False
CHEMBL101801,CHEMBL123368,CHEMBL101801,CHEMBL123368,2,2,1,False,False,False,False,True,False,,,,,d2892b45df35238ede25490ba39fb212bc7c626b,,True,False
CHEMBL101801,CHEMBL203407,CHEMBL101801,CHEMBL203407,2,2,1,False,False,False,False,True,False,,,,,d2892b45df35238ede25490ba39fb212bc7c626b,,True,False
CHEMBL101801,CHEMBL222419,CHEMBL101801,GSK-237701A,2,2,1,False,False,False,False,True,False,,,,,d2892b45df35238ede25490ba39fb212bc7c626b,,True,False
CHEMBL101801,CHEMBL233149,CHEMBL101801,CHEMBL233149,2,2,1,False,False,False,False,True,False,,,,,d2892b45df35238ede25490ba39fb212bc7c626b,,True,False
CHEMBL101801,CHEMBL233349,CHEMBL101801,CHEMBL233349,2,2,1,False,False,False,False,True,False,,,,,d2892b45df35238ede25490ba39fb212bc7c626b,,True,False
CHEMBL101801,CHEMBL233553,CHEMBL101801,CHEMBL233553,2,2,1,False,False,False,False,True,False,,,,,d2892b45df35238ede25490ba39fb212bc7c626b,,True,False
CHEMBL101801,CHEMBL233970,CHEMBL101801,CHEMBL233970,2,2,1,False,False,False,False,True,False,,,,,d2892b45df35238ede25490ba39fb212bc7c626b,,True,False
CHEMBL101801,CHEMBL269881,CHEMBL101801,NU-2058,2,2,1,False,False,False,False,True,False,,,,,d2892b45df35238ede25490ba39fb212bc7c626b,,True,False
CHEMBL101801,CHEMBL270686,CHEMBL101801,MERIOLIN 3,2,2,1,False,False,False,False,True,False,,,,,d2892b45df35238ede25490ba39fb212bc7c626b,,True,False
CHEMBL101801,CHEMBL270687,CHEMBL101801,MERIOLIN 5,2,2,1,False,False,False,False,True,False,,,,,d2892b45df35238ede25490ba39fb212bc7c626b,,True,False
CHEMBL101801,CHEMBL298445,CHEMBL101801,CHEMBL298445,2,2,1,False,False,False,False,True,False,,,,,d2892b45df35238ede25490ba39fb212bc7c626b,,True,False
CHEMBL101801,CHEMBL319467,CHEMBL101801,NU-6102,2,2,1,False,False,False,False,True,False,,,,,d2892b45df35238ede25490ba39fb212bc7c626b,,True,False
CHEMBL101801,CHEMBL340813,CHEMBL101801,NU-6086,2,2,1,False,False,False,False,True,False,,,,,d2892b45df35238ede25490ba39fb212bc7c626b,,True,False
CHEMBL101801,CHEMBL341273,CHEMBL101801,CHEMBL341273,2,2,1,False,False,False,False,True,False,,,,,d2892b45df35238ede25490ba39fb212bc7c626b,,True,False
CHEMBL101801,CHEMBL360520,CHEMBL101801,CHEMBL360520,2,2,1,False,False,False,False,True,False,,,,,d2892b45df35238ede25490ba39fb212bc7c626b,,True,False
CHEMBL101801,CHEMBL380500,CHEMBL101801,VARIOLIN B,2,2,1,False,False,False,False,True,False,,,,,d2892b45df35238ede25490ba39fb212bc7c626b,,True,False
CHEMBL101801,CHEMBL46817,CHEMBL101801,CHEMBL46817,2,2,1,False,False,False,False,True,False,,,,,d2892b45df35238ede25490ba39fb212bc7c626b,,True,False
CHEMBL101801,CHEMBL47302,CHEMBL101801,CHEMBL47302,2,2,1,False,False,False,False,True,False,,,,,d2892b45df35238ede25490ba39fb212bc7c626b,,True,False
CHEMBL101801,CHEMBL48109,CHEMBL101801,CHEMBL48109,2,2,1,False,False,False,False,True,False,,,,,d2892b45df35238ede25490ba39fb212bc7c626b,,True,False
CHEMBL101801,CHEMBL482193,CHEMBL101801,CHEMBL482193,2,2,1,False,False,False,False,True,False,,,,,d2892b45df35238ede25490ba39fb212bc7c626b,,True,False
CHEMBL101801,CHEMBL518800,CHEMBL101801,CHEMBL518800,2,2,1,False,False,False,False,True,False,,,,,d2892b45df35238ede25490ba39fb212bc7c626b,,True,False
CHEMBL101801,CHEMBL525194,CHEMBL101801,CHEMBL525194,2,2,1,False,False,False,False,True,False,,,,,d2892b45df35238ede25490ba39fb212bc7c626b,,True,False
CHEMBL102358,CHEMBL2106966,IDROCILAMIDE,PIKETOPROFEN,2,2,1,False,False,False,False,True,False,,,,,6653d860cce4e9385993e433d57a90619f60d0cc,,True,False
CHEMBL10372,CHEMBL84446,ZOPOLRESTAT,FIDARESTAT,2,2,1,False,False,False,False,True,False,,,,,42462e5f3b4ba3bf787ffb63aa76a5947903ba43,,True,False
CHEMBL1040,CHEMBL3544909,CALCIFEDIOL ANHYDROUS,CALCIFEDIOL,175,9,1,False,True,False,False,False,False,,Calcifediol,,,,,False,True
CHEMBL1042,DRUGBANK:DB11094,CHOLECALCIFEROL,Vitamin D,550,588,1,False,True,False,False,False,False,,Vitamin d,,,,,True,True
CHEMBL1047,DRUGBANK:DB14003,TOCOPHEROL ACETATE,alpha-Tocopherol acetate,16,1,1,False,True,False,False,False,False,,Tocopherol acetate,,,,,True,True
CHEMBL105720,CHEMBL1256575,CHEMBL105720,CHEMBL1256575,4,4,1,False,False,False,False,True,False,,,,,0404436fa7aaf7d5c15f1c66099dffc8cc644e0d,,True,False
CHEMBL105720,CHEMBL128136,CHEMBL105720,CHEMBL128136,4,4,1,False,False,False,False,True,False,,,,,0404436fa7aaf7d5c15f1c66099dffc8cc644e0d,,True,False
CHEMBL105720,CHEMBL23293,CHEMBL105720,SALIRASIB,4,4,1,False,False,False,False,True,False,,,,,0404436fa7aaf7d5c15f1c66099dffc8cc644e0d,,True,False
CHEMBL105720,CHEMBL2376648,CHEMBL105720,X-396,4,4,1,False,False,False,False,True,False,,,,,0404436fa7aaf7d5c15f1c66099dffc8cc644e0d,,True,False
CHEMBL105720,CHEMBL267099,CHEMBL105720,TUBERCIDIN,4,4,1,False,False,False,False,True,False,,,,,0404436fa7aaf7d5c15f1c66099dffc8cc644e0d,,True,False
CHEMBL105720,CHEMBL367788,CHEMBL105720,NSC-324360,4,4,1,False,False,False,False,True,False,,,,,0404436fa7aaf7d5c15f1c66099dffc8cc644e0d,,True,False
CHEMBL105720,CHEMBL37537,CHEMBL105720,PROTOCATECHUIC ACID,4,4,1,False,False,False,False,True,False,,,,,0404436fa7aaf7d5c15f1c66099dffc8cc644e0d,,True,False
CHEMBL105720,CHEMBL419186,CHEMBL105720,CHEMBL419186,4,4,1,False,False,False,False,True,False,,,,,0404436fa7aaf7d5c15f1c66099dffc8cc644e0d,,True,False
CHEMBL105720,CHEMBL4296683,CHEMBL105720,CHEMBL4296683,4,4,1,False,False,False,False,True,False,,,,,0404436fa7aaf7d5c15f1c66099dffc8cc644e0d,,True,False
CHEMBL105720,CHEMBL449303,CHEMBL105720,GINSENOSIDE RB2,4,4,1,False,False,False,False,True,False,,,,,0404436fa7aaf7d5c15f1c66099dffc8cc644e0d,,True,False
CHEMBL105720,CHEMBL47405,CHEMBL105720,ETANIDAZOLE,4,4,1,False,False,False,False,True,False,,,,,0404436fa7aaf7d5c15f1c66099dffc8cc644e0d,,True,False
CHEMBL105720,CHEMBL99668,CHEMBL105720,TOYOCAMYCIN,4,4,1,False,False,False,False,True,False,,,,,0404436fa7aaf7d5c15f1c66099dffc8cc644e0d,,True,False
CHEMBL105720,DRUGBANK:DB03509,CHEMBL105720,2-(4-Chlorophenyl)-5-Quinoxalinecarboxamide,4,4,1,False,False,False,False,True,False,,,,,0404436fa7aaf7d5c15f1c66099dffc8cc644e0d,,True,False
CHEMBL105720,DRUGBANK:DB03825,CHEMBL105720,Rhodamine 6G,4,4,1,False,False,False,False,True,False,,,,,0404436fa7aaf7d5c15f1c66099dffc8cc644e0d,,True,False
CHEMBL105720,DRUGBANK:DB04106,CHEMBL105720,Fotemustine,4,4,1,False,False,False,False,True,False,,,,,0404436fa7aaf7d5c15f1c66099dffc8cc644e0d,,True,False
CHEMBL105720,DRUGBANK:DB04900,CHEMBL105720,Thymalfasin,4,4,1,False,False,False,False,True,False,,,,,0404436fa7aaf7d5c15f1c66099dffc8cc644e0d,,True,False
CHEMBL105720,DRUGBANK:DB04907,CHEMBL105720,Sitimagene ceradenovec,4,4,1,False,False,False,False,True,False,,,,,0404436fa7aaf7d5c15f1c66099dffc8cc644e0d,,True,False
CHEMBL105720,DRUGBANK:DB04950,CHEMBL105720,Ranpirnase,4,4,1,False,False,False,False,True,False,,,,,0404436fa7aaf7d5c15f1c66099dffc8cc644e0d,,True,False
CHEMBL105720,DRUGBANK:DB05697,CHEMBL105720,Trabedersen,4,4,1,False,False,False,False,True,False,,,,,0404436fa7aaf7d5c15f1c66099dffc8cc644e0d,,True,False
CHEMBL105720,DRUGBANK:DB06021,CHEMBL105720,AV-412,4,4,1,False,False,False,False,True,False,,,,,0404436fa7aaf7d5c15f1c66099dffc8cc644e0d,,True,False
CHEMBL105720,DRUGBANK:DB06181,CHEMBL105720,EMD-1201081,4,4,1,False,False,False,False,True,False,,,,,0404436fa7aaf7d5c15f1c66099dffc8cc644e0d,,True,False
CHEMBL105720,DRUGBANK:DB06517,CHEMBL105720,MLN576,4,4,1,False,False,False,False,True,False,,,,,0404436fa7aaf7d5c15f1c66099dffc8cc644e0d,,True,False
CHEMBL105720,DRUGBANK:DB12083,CHEMBL105720,Mafosfamide,4,4,1,False,False,False,False,True,False,,,,,0404436fa7aaf7d5c15f1c66099dffc8cc644e0d,,True,False
CHEMBL105720,DRUGBANK:DB12182,CHEMBL105720,Binetrakin,4,4,1,False,False,False,False,True,False,,,,,0404436fa7aaf7d5c15f1c66099dffc8cc644e0d,,True,False
CHEMBL105720,DRUGBANK:DB12379,CHEMBL105720,Indirubin,4,4,1,False,False,False,False,True,False,,,,,0404436fa7aaf7d5c15f1c66099dffc8cc644e0d,,True,False
CHEMBL105720,DRUGBANK:DB13128,CHEMBL105720,Sizofiran,4,4,1,False,False,False,False,True,False,,,,,0404436fa7aaf7d5c15f1c66099dffc8cc644e0d,,True,False
CHEMBL105720,DRUGBANK:DB13480,CHEMBL105720,Lentinan,4,4,1,False,False,False,False,True,False,,,,,0404436fa7aaf7d5c15f1c66099dffc8cc644e0d,,True,False
CHEMBL105720,DRUGBANK:DB13647,CHEMBL105720,Semustine,4,4,1,False,False,False,False,True,False,,,,,0404436fa7aaf7d5c15f1c66099dffc8cc644e0d,,True,False
CHEMBL105720,DRUGBANK:DB13811,CHEMBL105720,Oblimersen,4,4,1,False,False,False,False,True,False,,,,,0404436fa7aaf7d5c15f1c66099dffc8cc644e0d,,True,False
CHEMBL105720,DRUGBANK:DB13896,CHEMBL105720,Talimogene laherparepvec,4,4,1,False,False,False,False,True,False,,,,,0404436fa7aaf7d5c15f1c66099dffc8cc644e0d,,True,False
CHEMBL105720,DRUGBANK:DB14865,CHEMBL105720,Human interleukin-2,4,4,1,False,False,False,False,True,False,,,,,0404436fa7aaf7d5c15f1c66099dffc8cc644e0d,,True,False
CHEMBL105720,DRUGBANK:DB14951,CHEMBL105720,Etirinotecan pegol,4,4,1,False,False,False,False,True,False,,,,,0404436fa7aaf7d5c15f1c66099dffc8cc644e0d,,True,False
CHEMBL105720,DRUGBANK:DB15699,CHEMBL105720,Brexucabtagene autoleucel,4,4,1,False,False,False,False,True,False,,,,,0404436fa7aaf7d5c15f1c66099dffc8cc644e0d,,True,False
CHEMBL1062,CHEMBL1200848,HYDROXYPROGESTERONE,HYDROXYPROGESTERONE CAPROATE,115,706,1,False,True,False,False,False,False,,Hydroxyprogesterone,,,,,False,True
CHEMBL1066,CHEMBL1237044,"(R,R)-TRAMADOL",TRAMADOL,2006,23,1,False,True,False,False,False,False,,Tramadol,,,,,False,True
CHEMBL107,CHEMBL87,COLCHICINE,CHEMBL87,42,1520,1,False,True,False,False,False,False,,Colchicine,,,,,True,True
CHEMBL1075790,CHEMBL600325,PERUVOSIDE,PROSCILLARIDIN,360,360,1,False,False,False,False,True,False,,,,,a8559b77d5b407d8f0565499529b6d7e4d1cee08,,False,False
CHEMBL1082723,CHEMBL2041980,CIPARGAMIN,MMV-390048,2,2,1,False,False,False,False,True,False,,,,,5a323c5332ea8fe6d65a8fa80e9bf8fc759a7818,,True,False
CHEMBL1082723,CHEMBL2058833,CIPARGAMIN,GANAPLACIDE,2,2,1,False,False,False,False,True,False,,,,,5a323c5332ea8fe6d65a8fa80e9bf8fc759a7818,,True,False
CHEMBL1082723,CHEMBL4297927,CIPARGAMIN,LUMEFANTRINE CO-ARTEMETHER,2,2,1,False,False,False,False,True,False,,,,,5a323c5332ea8fe6d65a8fa80e9bf8fc759a7818,,True,False
CHEMBL1083390,CHEMBL3039540,INTEPIRDINE,ADUCANUMAB,2,2,1,False,False,False,False,True,False,,,,,1f4e88f2d53c1c8020cd6c1b0dd5322bdf2672dc,,False,False
CHEMBL108358,CHEMBL246600,TIAZOFURIN,COMBRETASTATIN,5,5,1,False,False,False,False,True,False,,,,,c2e9c1f4baff5d8ee195269a30fb7fee533be46c,,False,False
CHEMBL108358,CHEMBL284642,TIAZOFURIN,BIZELESIN,5,5,1,False,False,False,False,True,False,,,,,c2e9c1f4baff5d8ee195269a30fb7fee533be46c,,False,False
CHEMBL108358,CHEMBL312862,TIAZOFURIN,DEMECOLCINE,5,5,1,False,False,False,False,True,False,,,,,c2e9c1f4baff5d8ee195269a30fb7fee533be46c,,False,False
CHEMBL108358,CHEMBL313302,TIAZOFURIN,TRIAZIQUONE,5,5,1,False,False,False,False,True,False,,,,,c2e9c1f4baff5d8ee195269a30fb7fee533be46c,,False,False
CHEMBL108358,CHEMBL443014,TIAZOFURIN,CARBOQUONE,5,5,1,False,False,False,False,True,False,,,,,c2e9c1f4baff5d8ee195269a30fb7fee533be46c,,False,False
CHEMBL108358,CHEMBL447629,TIAZOFURIN,MITOBRONITOL,5,5,1,False,False,False,False,True,False,,,,,c2e9c1f4baff5d8ee195269a30fb7fee533be46c,,False,False
CHEMBL108358,CHEMBL460282,TIAZOFURIN,MANNOSULFAN,5,5,1,False,False,False,False,True,False,,,,,c2e9c1f4baff5d8ee195269a30fb7fee533be46c,,False,False
CHEMBL108358,CHEMBL460287,TIAZOFURIN,ETOGLUCID,5,5,1,False,False,False,False,True,False,,,,,c2e9c1f4baff5d8ee195269a30fb7fee533be46c,,False,False
CHEMBL1083993,CHEMBL633,AMIODARONE HYDROCHLORIDE,AMIODARONE,8,1781,1,False,True,False,False,False,False,,Amiodarone,,,,,False,True
CHEMBL1084617,DRUGBANK:DB05227,TEMANOGREL,APD791,2,744,1,False,True,False,False,False,False,,APD791,,,,,True,True
CHEMBL1089636,DRUGBANK:DB06171,ANG1005,Paclitaxel trevatide,4,59,1,False,True,False,False,False,False,,Paclitaxel trevatide,,,,,True,True
CHEMBL1096882,CHEMBL1568,FLUDARABINE PHOSPHATE,FLUDARABINE,141,482,1,False,True,False,False,False,False,,Fludarabine,,,,,False,True
CHEMBL1097205,CHEMBL486208,BORNEOL,DEXBORNEOL,1,1,1,False,True,False,False,False,False,,(-) Borneol,,,,,True,True
CHEMBL1098,CHEMBL1201193,BUPIVACAINE,LEVOBUPIVACAINE,806,1192,1,False,True,False,False,False,False,,(-)-bupivacaine,,,,,False,True
CHEMBL1098060,CHEMBL115220,CHEMBL1098060,CHEMBL115220,2,2,1,False,False,False,False,True,False,,,,,d2892b45df35238ede25490ba39fb212bc7c626b,,True,False
CHEMBL1098060,CHEMBL121941,CHEMBL1098060,CHEMBL121941,2,2,1,False,False,False,False,True,False,,,,,d2892b45df35238ede25490ba39fb212bc7c626b,,True,False
CHEMBL1098060,CHEMBL122264,CHEMBL1098060,NU-6094,2,2,1,False,False,False,False,True,False,,,,,d2892b45df35238ede25490ba39fb212bc7c626b,,True,False
CHEMBL1098060,CHEMBL123368,CHEMBL1098060,CHEMBL123368,2,2,1,False,False,False,False,True,False,,,,,d2892b45df35238ede25490ba39fb212bc7c626b,,True,False
CHEMBL1098060,CHEMBL203407,CHEMBL1098060,CHEMBL203407,2,2,1,False,False,False,False,True,False,,,,,d2892b45df35238ede25490ba39fb212bc7c626b,,True,False
CHEMBL1098060,CHEMBL222419,CHEMBL1098060,GSK-237701A,2,2,1,False,False,False,False,True,False,,,,,d2892b45df35238ede25490ba39fb212bc7c626b,,True,False
CHEMBL1098060,CHEMBL233149,CHEMBL1098060,CHEMBL233149,2,2,1,False,False,False,False,True,False,,,,,d2892b45df35238ede25490ba39fb212bc7c626b,,True,False
CHEMBL1098060,CHEMBL233349,CHEMBL1098060,CHEMBL233349,2,2,1,False,False,False,False,True,False,,,,,d2892b45df35238ede25490ba39fb212bc7c626b,,True,False
CHEMBL1098060,CHEMBL233553,CHEMBL1098060,CHEMBL233553,2,2,1,False,False,False,False,True,False,,,,,d2892b45df35238ede25490ba39fb212bc7c626b,,True,False
CHEMBL1098060,CHEMBL233970,CHEMBL1098060,CHEMBL233970,2,2,1,False,False,False,False,True,False,,,,,d2892b45df35238ede25490ba39fb212bc7c626b,,True,False
CHEMBL1098060,CHEMBL269881,CHEMBL1098060,NU-2058,2,2,1,False,False,False,False,True,False,,,,,d2892b45df35238ede25490ba39fb212bc7c626b,,True,False
CHEMBL1098060,CHEMBL270686,CHEMBL1098060,MERIOLIN 3,2,2,1,False,False,False,False,True,False,,,,,d2892b45df35238ede25490ba39fb212bc7c626b,,True,False
CHEMBL1098060,CHEMBL270687,CHEMBL1098060,MERIOLIN 5,2,2,1,False,False,False,False,True,False,,,,,d2892b45df35238ede25490ba39fb212bc7c626b,,True,False
CHEMBL1098060,CHEMBL298445,CHEMBL1098060,CHEMBL298445,2,2,1,False,False,False,False,True,False,,,,,d2892b45df35238ede25490ba39fb212bc7c626b,,True,False
CHEMBL1098060,CHEMBL319467,CHEMBL1098060,NU-6102,2,2,1,False,False,False,False,True,False,,,,,d2892b45df35238ede25490ba39fb212bc7c626b,,True,False
CHEMBL1098060,CHEMBL340813,CHEMBL1098060,NU-6086,2,2,1,False,False,False,False,True,False,,,,,d2892b45df35238ede25490ba39fb212bc7c626b,,True,False
CHEMBL1098060,CHEMBL341273,CHEMBL1098060,CHEMBL341273,2,2,1,False,False,False,False,True,False,,,,,d2892b45df35238ede25490ba39fb212bc7c626b,,True,False
CHEMBL1098060,CHEMBL360520,CHEMBL1098060,CHEMBL360520,2,2,1,False,False,False,False,True,False,,,,,d2892b45df35238ede25490ba39fb212bc7c626b,,True,False
CHEMBL1098060,CHEMBL380500,CHEMBL1098060,VARIOLIN B,2,2,1,False,False,False,False,True,False,,,,,d2892b45df35238ede25490ba39fb212bc7c626b,,True,False
CHEMBL1098060,CHEMBL46817,CHEMBL1098060,CHEMBL46817,2,2,1,False,False,False,False,True,False,,,,,d2892b45df35238ede25490ba39fb212bc7c626b,,True,False
CHEMBL1098060,CHEMBL47302,CHEMBL1098060,CHEMBL47302,2,2,1,False,False,False,False,True,False,,,,,d2892b45df35238ede25490ba39fb212bc7c626b,,True,False
CHEMBL1098060,CHEMBL48109,CHEMBL1098060,CHEMBL48109,2,2,1,False,False,False,False,True,False,,,,,d2892b45df35238ede25490ba39fb212bc7c626b,,True,False
CHEMBL1098060,CHEMBL482193,CHEMBL1098060,CHEMBL482193,2,2,1,False,False,False,False,True,False,,,,,d2892b45df35238ede25490ba39fb212bc7c626b,,True,False
CHEMBL1098060,CHEMBL518800,CHEMBL1098060,CHEMBL518800,2,2,1,False,False,False,False,True,False,,,,,d2892b45df35238ede25490ba39fb212bc7c626b,,True,False
CHEMBL1098060,CHEMBL525194,CHEMBL1098060,CHEMBL525194,2,2,1,False,False,False,False,True,False,,,,,d2892b45df35238ede25490ba39fb212bc7c626b,,True,False
CHEMBL109831,CHEMBL1649931,DEXELVUCITABINE,PF-232798,13,13,1,False,False,False,False,True,False,,,,,5cb5644f471a3db7e9abba748b6f0569f969004d,,False,False
CHEMBL109831,CHEMBL35033,DEXELVUCITABINE,EMIVIRINE,13,13,1,False,False,False,False,True,False,,,,,5cb5644f471a3db7e9abba748b6f0569f969004d,,False,False
CHEMBL109831,CHEMBL54893,DEXELVUCITABINE,UC 781,13,13,1,False,False,False,False,True,False,,,,,5cb5644f471a3db7e9abba748b6f0569f969004d,,False,False
CHEMBL1121,DRUGBANK:DB08862,SINCALIDE,Cholecystokinin,59,158,1,False,True,False,False,False,False,,Cholecystokinin,,,,,True,True
CHEMBL113690,CHEMBL383189,CHEMBL113690,CHEMBL383189,2,2,1,False,False,False,False,True,False,,,,,c19473c43808c36697a28632ca567072f497aac2,,True,False
CHEMBL113690,CHEMBL399530,CHEMBL113690,CCT018159,2,2,1,False,False,False,False,True,False,,,,,c19473c43808c36697a28632ca567072f497aac2,,True,False
CHEMBL1149,CHEMBL172513,LEVOCARNITINE,CARNITINE,950,9,1,False,True,False,False,False,False,,(-)-Carnitine,,,,,True,True
CHEMBL115220,CHEMBL121941,CHEMBL115220,CHEMBL121941,2,2,1,False,False,False,False,True,False,,,,,d2892b45df35238ede25490ba39fb212bc7c626b,,True,False
CHEMBL115220,CHEMBL122264,CHEMBL115220,NU-6094,2,2,1,False,False,False,False,True,False,,,,,d2892b45df35238ede25490ba39fb212bc7c626b,,True,False
CHEMBL115220,CHEMBL123368,CHEMBL115220,CHEMBL123368,2,2,1,False,False,False,False,True,False,,,,,d2892b45df35238ede25490ba39fb212bc7c626b,,True,False
CHEMBL115220,CHEMBL203407,CHEMBL115220,CHEMBL203407,2,2,1,False,False,False,False,True,False,,,,,d2892b45df35238ede25490ba39fb212bc7c626b,,True,False
CHEMBL115220,CHEMBL222419,CHEMBL115220,GSK-237701A,2,2,1,False,False,False,False,True,False,,,,,d2892b45df35238ede25490ba39fb212bc7c626b,,True,False
CHEMBL115220,CHEMBL233149,CHEMBL115220,CHEMBL233149,2,2,1,False,False,False,False,True,False,,,,,d2892b45df35238ede25490ba39fb212bc7c626b,,True,False
CHEMBL115220,CHEMBL233349,CHEMBL115220,CHEMBL233349,2,2,1,False,False,False,False,True,False,,,,,d2892b45df35238ede25490ba39fb212bc7c626b,,True,False
CHEMBL115220,CHEMBL233553,CHEMBL115220,CHEMBL233553,2,2,1,False,False,False,False,True,False,,,,,d2892b45df35238ede25490ba39fb212bc7c626b,,True,False
CHEMBL115220,CHEMBL233970,CHEMBL115220,CHEMBL233970,2,2,1,False,False,False,False,True,False,,,,,d2892b45df35238ede25490ba39fb212bc7c626b,,True,False
CHEMBL115220,CHEMBL269881,CHEMBL115220,NU-2058,2,2,1,False,False,False,False,True,False,,,,,d2892b45df35238ede25490ba39fb212bc7c626b,,True,False
CHEMBL115220,CHEMBL270686,CHEMBL115220,MERIOLIN 3,2,2,1,False,False,False,False,True,False,,,,,d2892b45df35238ede25490ba39fb212bc7c626b,,True,False
CHEMBL115220,CHEMBL270687,CHEMBL115220,MERIOLIN 5,2,2,1,False,False,False,False,True,False,,,,,d2892b45df35238ede25490ba39fb212bc7c626b,,True,False
CHEMBL115220,CHEMBL298445,CHEMBL115220,CHEMBL298445,2,2,1,False,False,False,False,True,False,,,,,d2892b45df35238ede25490ba39fb212bc7c626b,,True,False
CHEMBL115220,CHEMBL319467,CHEMBL115220,NU-6102,2,2,1,False,False,False,False,True,False,,,,,d2892b45df35238ede25490ba39fb212bc7c626b,,True,False
CHEMBL115220,CHEMBL340813,CHEMBL115220,NU-6086,2,2,1,False,False,False,False,True,False,,,,,d2892b45df35238ede25490ba39fb212bc7c626b,,True,False
CHEMBL115220,CHEMBL341273,CHEMBL115220,CHEMBL341273,2,2,1,False,False,False,False,True,False,,,,,d2892b45df35238ede25490ba39fb212bc7c626b,,True,False
CHEMBL115220,CHEMBL360520,CHEMBL115220,CHEMBL360520,2,2,1,False,False,False,False,True,False,,,,,d2892b45df35238ede25490ba39fb212bc7c626b,,True,False
CHEMBL115220,CHEMBL380500,CHEMBL115220,VARIOLIN B,2,2,1,False,False,False,False,True,False,,,,,d2892b45df35238ede25490ba39fb212bc7c626b,,True,False
CHEMBL115220,CHEMBL46817,CHEMBL115220,CHEMBL46817,2,2,1,False,False,False,False,True,False,,,,,d2892b45df35238ede25490ba39fb212bc7c626b,,True,False
CHEMBL115220,CHEMBL47302,CHEMBL115220,CHEMBL47302,2,2,1,False,False,False,False,True,False,,,,,d2892b45df35238ede25490ba39fb212bc7c626b,,True,False
CHEMBL115220,CHEMBL48109,CHEMBL115220,CHEMBL48109,2,2,1,False,False,False,False,True,False,,,,,d2892b45df35238ede25490ba39fb212bc7c626b,,True,False
CHEMBL115220,CHEMBL482193,CHEMBL115220,CHEMBL482193,2,2,1,False,False,False,False,True,False,,,,,d2892b45df35238ede25490ba39fb212bc7c626b,,True,False
CHEMBL115220,CHEMBL518800,CHEMBL115220,CHEMBL518800,2,2,1,False,False,False,False,True,False,,,,,d2892b45df35238ede25490ba39fb212bc7c626b,,True,False
CHEMBL115220,CHEMBL525194,CHEMBL115220,CHEMBL525194,2,2,1,False,False,False,False,True,False,,,,,d2892b45df35238ede25490ba39fb212bc7c626b,,True,False
CHEMBL1159,CHEMBL1200338,PINACIDIL ANHYDROUS,PINACIDIL,633,2,1,False,True,False,False,False,False,,Pinacidil,,,,,False,True
CHEMBL1182833,CHEMBL984,MIVACURIUM,MIVACURIUM CHLORIDE,1198,2,1,False,True,False,False,False,False,,mivacurium,,,,,False,True
CHEMBL1184,CHEMBL667,ACETYLCHOLINE CHLORIDE,ACETYLCHOLINE,3,189,1,False,True,False,False,False,False,,Acetylcholine,,,,,False,True
CHEMBL1189679,CHEMBL2354773,PALONOSETRON,AUROTHIOGLUCOSE,1576,1,1,False,True,False,False,False,False,,Aurothioglucose,,,,,True,True
CHEMBL1189679,DRUGBANK:DB09121,PALONOSETRON,Aurothioglucose,1576,764,1,False,True,False,False,False,False,,Aurothioglucose,,,,,False,True
CHEMBL119423,CHEMBL2104325,TISOPURINE,ISOBROMINDIONE,12,12,1,False,False,False,False,True,False,,,,,c7ae97eb02e35d07b71028e8df6c44a9474fbd53,,False,False
CHEMBL119423,CHEMBL348000,TISOPURINE,CINCHOPHEN,12,12,1,False,False,False,False,True,False,,,,,c7ae97eb02e35d07b71028e8df6c44a9474fbd53,,False,False
CHEMBL1195301,CHEMBL607048,ZOLUNICANT,18-METHOXYCORONARIDINE,2,1,1,False,True,False,False,False,False,,"Zolunicant, (-)-",,,,,True,True
CHEMBL119625,CHEMBL2108131,ZONAMPANEL,PLASMINOGEN,2,2,1,False,False,False,False,True,False,,,,,6a8ecab1351a0acb9db8407121316440e8f39db7,,False,False
CHEMBL119625,CHEMBL2109084,ZONAMPANEL,DESMOTEPLASE,2,2,1,False,False,False,False,True,False,,,,,6a8ecab1351a0acb9db8407121316440e8f39db7,,False,False
CHEMBL119625,CHEMBL4802182,ZONAMPANEL,THR-18,2,2,1,False,False,False,False,True,False,,,,,6a8ecab1351a0acb9db8407121316440e8f39db7,,False,False
CHEMBL119709,CHEMBL3989873,IB-MECA,PICLIDENOSON,1,9,1,False,True,False,False,False,False,,IB-MECA,,,,,True,True
CHEMBL1199480,CHEMBL36342,OCTENIDINE,OCTENIDINE HYDROCHLORIDE,7,5,1,False,True,False,False,False,False,,Octenidine,,,,,False,True
CHEMBL1200359,CHEMBL268869,SULFAMETER,SULFAMETHOXYPYRIDAZINE,130,130,1,False,False,False,False,True,False,,,,,6da33028f0831f04479a8f64e7afdc0888b4206e,,False,False
CHEMBL1200380,CHEMBL184,ACYCLOVIR SODIUM,ACYCLOVIR,17,1177,1,False,True,False,False,False,False,,Acyclovir,,,,,False,True
CHEMBL1200490,CHEMBL2103735,CETRORELIX,CETRORELIX ACETATE,9,3,1,False,True,False,False,False,False,,Cetrorelix,,,,,False,True
CHEMBL1200498,CHEMBL1201197,ALATROFLOXACIN MESYLATE,ALATROFLOXACIN,2,8,1,False,True,False,False,False,False,,Alatrofloxacin,,,,,False,True
CHEMBL1200501,CHEMBL1201247,GOSERELIN ACETATE,GOSERELIN,15,1141,1,False,True,False,False,False,False,,Goserelin acetate,,,,,False,True
CHEMBL1200506,CHEMBL532,ERYTHROMYCIN LACTOBIONATE,ERYTHROMYCIN,4,1082,1,False,True,False,False,False,False,,Erythromycin,,,,,False,True
CHEMBL1200522,CHEMBL3183184,AVOBENZONE,OCTINOXATE,3,3,1,False,False,False,False,True,False,,,,,fd30e01bbd568f15f92934bd8a736d027b06ee43,,True,False
CHEMBL1200530,CHEMBL996,CEFOXITIN SODIUM,CEFOXITIN,3,796,1,False,True,False,False,False,False,,Cefoxitin,,,,,False,True
CHEMBL1200542,CHEMBL1200592,DESOXYCORTICOSTERONE ACETATE,DESOXYCORTICOSTERONE PIVALATE,10,10,1,False,False,False,False,True,False,,,,,ac0d576a168824403d85037848d840d1fa711517,,False,False
CHEMBL1200545,DRUGBANK:DB00223,DIFLORASONE DIACETATE,Diflorasone,1,123,1,False,True,False,False,False,False,,Diflorasone,,,,,True,True
CHEMBL1200581,CHEMBL1200839,DIATRIZOATE SODIUM,DIATRIZOATE MEGLUMINE,2,2,1,False,False,False,False,True,False,,,,,c64ae646b570d2d6ded358bccee6b5f116e5f22a,,False,False
CHEMBL1200593,CHEMBL2108345,GADOTERIDOL,TRABEDERSEN,2,2,1,False,False,False,False,True,False,,,,,b8767cb003fc2934e0ce69cab6b51ba8e7a8260e,,True,False
CHEMBL1200596,CHEMBL1437764,CHLOROXINE,CLIMBAZOLE,2,2,1,False,False,False,False,True,False,,,,,901414530ad4572af00247381e2d87e52be76da2,,True,False
CHEMBL1200601,CHEMBL1278,NARATRIPTAN HYDROCHLORIDE,NARATRIPTAN,3,1160,1,False,True,False,False,False,False,,Naratriptan,,,,,False,True
CHEMBL1200647,CHEMBL1231649,CANDICIDIN,CARBOMYCIN A,284,284,1,False,False,False,False,True,False,,,,,cb9844772ea5fb3a7d1916c9dfebc2bab81216fb,,False,False
CHEMBL1200647,CHEMBL1908325,CANDICIDIN,SELAMECTIN,284,284,1,False,False,False,False,True,False,,,,,cb9844772ea5fb3a7d1916c9dfebc2bab81216fb,,False,False
CHEMBL1200647,CHEMBL3039509,CANDICIDIN,TILDIPIROSIN,284,284,1,False,False,False,False,True,False,,,,,cb9844772ea5fb3a7d1916c9dfebc2bab81216fb,,False,False
CHEMBL1200649,CHEMBL1200937,QUINUPRISTIN,DALFOPRISTIN,195,195,1,False,False,False,False,True,False,,,,,e4db8b63af9e492127c4773a42e628ecc6b2ab92,,False,False
CHEMBL1200699,CHEMBL1433,DOXYCYCLINE,DOXYCYCLINE ANHYDROUS,78,1301,1,False,True,False,False,False,False,,Doxycycline,,,,,False,True
CHEMBL1200748,CHEMBL1201236,CARBIDOPA,CARBIDOPA ANHYDROUS,28,996,1,False,True,False,False,False,False,,Carbidopa,,,,,False,True
CHEMBL1200751,CHEMBL1425,MERCAPTOPURINE,MERCAPTOPURINE ANHYDROUS,24,955,1,False,True,False,False,False,False,,Mercaptopurine,,,,,False,True
CHEMBL1200770,CHEMBL867,IOCETAMIC ACID,IOPANOIC ACID,9,9,1,False,False,False,False,True,False,,,,,9fb25d693c59ee199eac89b31cf7a37f5e2c9d5b,,True,False
CHEMBL1200796,CHEMBL88,CYCLOPHOSPHAMIDE,CYCLOPHOSPHAMIDE ANHYDROUS,252,1598,1,False,True,False,False,False,False,,(+-)-Cyclophosphamide,,,,,False,True
CHEMBL1200820,CHEMBL702,PIPERACILLIN SODIUM,PIPERACILLIN,10,957,1,False,True,False,False,False,False,,Piperacillin,,,,,False,True
CHEMBL1200830,DRUGBANK:DB13257,FERROUS SULFATE,Ferrous sulfate anhydrous,7,136,1,False,True,False,False,False,False,,Ferrous sulfate anhydrous,,,,,False,True
CHEMBL1200832,CHEMBL822,TERBINAFINE HYDROCHLORIDE,TERBINAFINE,2,957,1,False,True,False,False,False,False,,Terbinafine hydrochloride,,,,,False,True
CHEMBL1200861,CHEMBL1236315,TARTARIC ACID,TARTRATE,5,41,1,False,True,False,False,False,False,,Tartaric acid,,,,,True,True
CHEMBL1200865,DRUGBANK:DB00873,LOTEPREDNOL ETABONATE,Loteprednol,23,175,1,False,True,False,False,False,False,,Loteprednol,,,,,True,True
CHEMBL1200875,CHEMBL1493,FLAVOXATE HYDROCHLORIDE,FLAVOXATE,5,1549,1,False,True,False,False,False,False,,Flavoxate,,,,,False,True
CHEMBL1200908,CHEMBL1201360,HALOBETASOL PROPIONATE,HALOBETASOL,4,125,1,False,True,False,False,False,False,,Halobetasol,,,,,True,True
CHEMBL1200928,CHEMBL3184986,ZINC ACETATE ANHYDROUS,ZINC ACETATE,205,8,1,False,True,False,False,False,False,,Zinc acetate,,,,,False,True
CHEMBL1200929,DRUGBANK:DB14548,ZINC SULFATE,"Zinc sulfate, unspecified form",104,60,1,False,True,False,False,False,False,,"Zinc sulfate, unspecified form",,,,,True,True
CHEMBL1200936,CHEMBL1628385,PENICILLIN G PROCAINE,PROCAINE BENZYLPENICILLIN,5,872,1,False,True,False,False,False,False,,Penicillin G procaine,,,,,False,True
CHEMBL1200947,CHEMBL1291,METIPRANOLOL HYDROCHLORIDE,METIPRANOLOL,1,324,1,False,True,False,False,False,False,,Metipranolol,,,,,False,True
CHEMBL1200966,CHEMBL2096646,SODIUM AMINOSALICYLATE,AMINOSALICYLATE SODIUM,2,1,1,False,True,False,False,False,False,,Aminosalicylate sodium,,,,,False,True
CHEMBL1200966,CHEMBL2105983,SODIUM AMINOSALICYLATE,AMINOSALICYLATE CALCIUM,2,2,1,False,False,False,False,True,False,,,,,75f30e1d00913a8faf57ba8c4cd0b5b6009f4b1e,,False,False
CHEMBL1200979,CHEMBL1371937,DEXPANTHENOL,PANTHENOL,743,3,1,False,True,False,False,False,False,,(+)-Panthenol,,,,,True,True
CHEMBL1200982,CHEMBL449,BUTABARBITAL SODIUM,BUTABARBITAL,1,1721,1,False,True,False,False,False,False,,Butabarbital,,,,,False,True
CHEMBL1200989,CHEMBL1201361,ALCLOMETASONE DIPROPIONATE,ALCLOMETASONE,3,132,1,False,True,False,False,False,False,,Alclometasone,,,,,True,True
CHEMBL1201018,CHEMBL680,CEFACLOR,CEFACLOR ANHYDROUS,11,969,1,False,True,False,False,False,False,,Cefaclor,,,,,False,True
CHEMBL1201061,CHEMBL3989693,LEVALBUTEROL HYDROCHLORIDE,LEVALBUTEROL TARTRATE,2,2,1,False,False,False,False,True,False,,,,,c81b5d83d9b1c646181bb460bf8b9ba8cfe7cd8b,,False,False
CHEMBL1201082,CHEMBL41,FLUOXETINE HYDROCHLORIDE,FLUOXETINE,7,1906,1,False,True,False,False,False,False,,Fluoxetine,,,,,False,True
CHEMBL1201089,CHEMBL657,DIPHENHYDRAMINE CITRATE,DIPHENHYDRAMINE,3,1580,1,False,True,False,False,False,False,,Diphenhydramine,,,,,False,True
CHEMBL1201098,CHEMBL474579,CEFOTETAN DISODIUM,CEFOTETAN,3,843,1,False,True,False,False,False,False,,Cefotetan,,,,,False,True
CHEMBL1201132,CHEMBL895,NALBUPHINE HYDROCHLORIDE,NALBUPHINE,10,943,1,False,True,False,False,False,False,,Nalbuphine,,,,,False,True
CHEMBL1201138,CHEMBL1232801,LEUCOVORIN CALCIUM,FOLINIC ACID,110,19,1,False,True,False,False,False,False,,Folinic acid,,,,,False,True
CHEMBL1201142,CHEMBL1235738,RASAGILINE MESYLATE,AZILECT,3,1,1,False,True,False,False,False,False,,Azilect,,,,,True,True
CHEMBL1201179,CHEMBL554,LAPATINIB DITOSYLATE,LAPATINIB,20,963,1,False,True,False,False,False,False,,Lapatinib,,,,,False,True
CHEMBL1201186,CHEMBL1744033,BISMUTH SUBCITRATE POTASSIUM,BISMUTH SUBCITRATE,6,1,1,False,True,False,False,False,False,,Bismuth subcitrate,,,,,True,True
CHEMBL1201193,RXNORM:1815,LEVOBUPIVACAINE,bupivacaine,1192,1,1,False,True,False,False,False,False,,(-)-bupivacaine,,,,,True,True
CHEMBL1201235,DRUGBANK:DB00725,METHYLHOMATROPINE,Homatropine methylbromide,2,1004,1,False,True,False,False,False,False,,Methylhomatropine,,,,,False,True
CHEMBL1201236,RXNORM:2019,CARBIDOPA ANHYDROUS,carbidopa,996,5,1,False,True,False,False,False,False,,Carbidopa,,,,,True,True
CHEMBL1201275,DRUGBANK:DB09136,ISOSULFAN BLUE,Isosulfan blue,2,736,1,True,False,False,False,False,False,isosulfan blue,,,,,,True,True
CHEMBL1201320,CHEMBL1503,ESOMEPRAZOLE,OMEPRAZOLE,393,1029,1,False,True,False,False,False,False,,(−)-omeprazole,,,,,False,True
CHEMBL1201328,CHEMBL2358147,CARPHENAZINE,CARPHENAZINE MALEATE,28,1,1,False,True,False,False,False,False,,Carphenazine,,,,,False,True
CHEMBL1201390,CHEMBL989,FLUOCINOLONE,FLUOCINOLONE ACETONIDE,1,1476,1,False,True,False,False,False,False,,Fluocinolone,,,,,True,True
CHEMBL1201396,CHEMBL1473,FLUTICASONE,FLUTICASONE PROPIONATE,1151,1838,1,False,True,False,False,False,False,,Fluticasone,,,,,False,True
CHEMBL1201406,CHEMBL2105722,ETHYNODIOL,NOMEGESTROL,417,417,1,False,False,False,False,True,False,,,,,50a17b3c840093feded6de7ace23cd39c79bbd29,,False,False
CHEMBL1201414,DRUGBANK:DB06822,TINZAPARIN SODIUM,Tinzaparin,11,858,1,False,True,False,False,False,False,,Tinzaparin,,,,,False,True
CHEMBL1201421,DRUGBANK:DB04895,PEGAPTANIB SODIUM,Pegaptanib,7,768,1,False,True,False,False,False,False,,Pegaptanib sodium,,,,,True,True
CHEMBL1201438,DRUGBANK:DB14865,ALDESLEUKIN,Human interleukin-2,113,4,1,False,True,False,False,False,False,,Human interleukin-2,,,,,True,True
CHEMBL1201460,DRUGBANK:DB06779,DALTEPARIN SODIUM,Dalteparin,25,878,1,False,True,False,False,False,False,,Dalteparin,,,,,False,True
CHEMBL1201463,CHEMBL485,CODEINE POLISTIREX,CODEINE,1,1763,1,False,True,False,False,False,False,,Codeine polistirex,,,,,False,True
CHEMBL1201466,DRUGBANK:DB09317,"ESTROGENS, CONJUGATED SYNTHETIC A","Synthetic Conjugated Estrogens, A",2,1199,1,False,True,False,False,False,False,,"Estrogens, Conjugated Synthetic A",,,,,True,True
CHEMBL1201466,CHEMBL1201467,"ESTROGENS, CONJUGATED SYNTHETIC A","SYNTHETIC CONJUGATED ESTROGENS, B",2,2,1,False,False,False,False,True,False,,,,,0612f206eeb2093147aca6d035a2468c5bfc5928,,True,False
CHEMBL1201468,DRUGBANK:DB09381,"ESTROGENS, ESTERIFIED",Esterified estrogens,5,517,1,False,True,False,False,False,False,,Esterified estrogens,,,,,True,True
CHEMBL1201469,CHEMBL557217,GRAMICIDIN,GRAMICIDIN D,1,19,1,False,True,False,False,False,False,,Gramicidin,,,,,True,True
CHEMBL1201473,DRUGBANK:DB00930,COLESEVELAM HYDROCHLORIDE,Colesevelam,10,327,1,False,True,False,False,False,False,,Colesevelam,,,,,False,True
CHEMBL1201474,DRUGBANK:DB00375,COLESTIPOL HYDROCHLORIDE,Colestipol,7,332,1,False,True,False,False,False,False,,Colestipol,,,,,True,True
CHEMBL1201476,DRUGBANK:DB01225,ENOXAPARIN SODIUM,Enoxaparin,36,877,1,False,True,False,False,False,False,,Enoxaparin,,,,,False,True
CHEMBL1201478,CHEMBL1201479,POLYETHYLENE GLYCOL,POLYETHYLENE GLYCOL 3350,16,10,1,False,True,False,False,False,False,,Polyethylene glycol 3350,,,,,False,True
CHEMBL1201478,CHEMBL457299,POLYETHYLENE GLYCOL,MACROGOL,16,2,1,False,True,False,False,False,False,,Macrogol,,,,,False,True
CHEMBL1201479,DRUGBANK:DB09287,POLYETHYLENE GLYCOL 3350,Polyethylene glycol,10,481,1,False,True,False,False,False,False,,Polyethylene glycol 3350,,,,,False,True
CHEMBL1201483,CHEMBL1590,PSEUDOEPHEDRINE POLISTIREX,PSEUDOEPHEDRINE,1,1206,1,False,True,False,False,False,False,,Pseudoephedrine polistirex,,,,,False,True
CHEMBL1201488,DRUGBANK:DB09532,SECRETIN SYNTHETIC HUMAN,Secretin human,2,170,1,False,True,False,False,False,False,,Secretin (human),,,,,True,True
CHEMBL1201494,CHEMBL4298110,SODIUM FERRIC GLUCONATE COMPLEX,FERRIC MALTOL,2,2,1,False,False,False,False,True,False,,,,,ca007e65418caf9f436f672531ee6627b874bb04,,False,False
CHEMBL1201505,DRUGBANK:DB05254,"FIBRINOLYSIN, HUMAN",Fibrinolysin,3,638,1,False,True,False,False,False,False,,Fibrinolysin,,,,,True,True
CHEMBL1201509,DRUGBANK:DB09126,"GONADOTROPIN, CHORIONIC",Chorionic Gonadotropin (Human),11,5,1,False,True,False,False,False,False,,"Gonadotropin, Chorionic",,,,,True,True
CHEMBL1201514,DRUGBANK:DB00061,PEGADEMASE BOVINE,Pegademase,3,37,1,False,True,False,False,False,False,,Pegademase bovine,,,,,True,True
CHEMBL1201519,CHEMBL1550,VITAMIN K,PHYTONADIONE,14,783,1,False,True,False,False,False,False,,Vitamin K,,,,,False,True
CHEMBL1201534,DRUGBANK:DB06754,DANAPAROID SODIUM,Danaparoid,2,856,1,False,True,False,False,False,False,,Danaparoid,,,,,True,True
CHEMBL1201536,CHEMBL3,NICOTINE POLACRILEX,NICOTINE,4,1297,1,False,True,False,False,False,False,,Nicotine polacrilex,,,,,False,True
CHEMBL1201539,CHEMBL1201630,INSULIN PORK,INSULIN PURIFIED PORK,6,1,1,False,True,False,False,False,False,,Insulin (pork),,,,,True,True
CHEMBL1201544,CHEMBL4802224,IRON DEXTRAN,FERRIC OXYHYDROXIDE,4,1,1,False,True,False,False,False,False,,Iron dextran,,,,,True,True
CHEMBL1201558,CHEMBL2107842,INTERFERON ALFA-2B,ALBINTERFERON ALFA-2B,37,4,1,False,True,False,False,False,False,,Interferon-alfa-2b,,,,,True,True
CHEMBL1201565,DRUGBANK:DB00016,EPOETIN ALFA,Erythropoietin,36,548,1,False,True,False,False,False,False,,Epoetin alfa,,,,,True,True
CHEMBL1201569,DRUGBANK:DB00042,RIMABOTULINUMTOXINB,Botulinum toxin type B,9,802,1,False,True,False,False,False,False,,Botulinum toxin type b,,,,,True,True
CHEMBL1201574,DRUGBANK:DB00083,ONABOTULINUMTOXINA,Botulinum toxin type A,105,803,1,False,True,False,False,False,False,,OnabotulinumtoxinA,,,,,True,True
CHEMBL1201600,DRUGBANK:DB11603,RABIES IMMUNE GLOBULIN,"Rabies immune globulin, human",2,275,1,False,True,False,False,False,False,,Rabies immune globulin,,,,,True,True
CHEMBL1201608,DRUGBANK:DB00075,MUROMONAB-CD3,Muromonab,10,603,1,False,True,False,False,False,False,,Muromonab,,,,,True,True
CHEMBL1201611,DRUGBANK:DB00046,INSULIN LISPRO PROTAMINE RECOMBINANT,Insulin lispro,2,731,1,False,True,False,False,False,False,,Insulin lispro protamine recombinant,,,,,True,True
CHEMBL1201611,CHEMBL3703921,INSULIN LISPRO PROTAMINE RECOMBINANT,ENAVOGLIFLOZIN,2,2,1,False,False,False,False,True,False,,,,,ead83b86f759259c98276f5dfe3ca0fb47eec1d3,,True,False
CHEMBL1201611,CHEMBL4297654,INSULIN LISPRO PROTAMINE RECOMBINANT,BIGUANIDE,2,2,1,False,False,False,False,True,False,,,,,ead83b86f759259c98276f5dfe3ca0fb47eec1d3,,True,False
CHEMBL1201611,CHEMBL4594581,INSULIN LISPRO PROTAMINE RECOMBINANT,INSULIN ICODEC,2,2,1,False,False,False,False,True,False,,,,,ead83b86f759259c98276f5dfe3ca0fb47eec1d3,,True,False
CHEMBL1201616,DRUGBANK:DB09527,SECRETIN SYNTHETIC PORCINE,Secretin porcine,1,163,1,False,True,False,False,False,False,,Secretin synthetic porcine,,,,,True,True
CHEMBL1201621,DRUGBANK:DB00052,SOMATROPIN,Somatotropin,45,162,1,False,True,False,False,False,False,,Somatotropin,,,,,False,True
CHEMBL1201629,DRUGBANK:DB09456,INSULIN PURIFIED BEEF,Insulin beef,1,729,1,False,True,False,False,False,False,,Insulin (beef),,,,,True,True
CHEMBL1201630,DRUGBANK:DB00071,INSULIN PURIFIED PORK,Insulin pork,1,729,1,False,True,False,False,False,False,,Insulin (pork),,,,,True,True
CHEMBL1201647,DRUGBANK:DB09344,"SUGAR, INVERT",Invert sugar,1,736,1,False,True,False,False,False,False,,Invert sugar,,,,,True,True
CHEMBL1201649,DRUGBANK:DB00286,"ESTROGENS, CONJUGATED",Conjugated estrogens,35,1625,1,False,True,False,False,False,False,,Conjugated estrogens,,,,,False,True
CHEMBL1201659,CHEMBL505,CHLORPHENIRAMINE POLISTIREX,CHLORPHENIRAMINE,1,1447,1,False,True,False,False,False,False,,Chlorpheniramine polistirex,,,,,False,True
CHEMBL1201692,DRUGBANK:DB00066,FOLLITROPIN ALFA,Follitropin,1,187,1,False,True,False,False,False,False,,Follitropin alfa,,,,,True,True
CHEMBL1201824,CHEMBL4594320,ALGLUCOSIDASE ALFA,AVALGLUCOSIDASE ALFA,3,3,1,False,False,False,False,True,False,,,,,e5995588006171855f11937cf4bc63c2801d403a,,True,False
CHEMBL1201824,CHEMBL4594329,ALGLUCOSIDASE ALFA,CIPAGLUCOSIDASE ALFA,3,3,1,False,False,False,False,True,False,,,,,e5995588006171855f11937cf4bc63c2801d403a,,True,False
CHEMBL1201837,CHEMBL5095248,ECALLANTIDE,SEBETRALSTAT,2,2,1,False,False,False,False,True,False,,,,,d591ae713267c514c70f18e1fff1f49238d027e1,,True,False
CHEMBL1207745,CHEMBL435883,BERAPROST,BERAPROST SODIUM,6,835,1,False,True,False,False,False,False,,Beraprost,,,,,False,True
CHEMBL1213270,CHEMBL1213271,CHEMBL1213270,"2-AMINO-1-METHYL-6- PHENYLIMIDAZO[4,5- B]PYRIDINE",2,2,1,False,False,False,False,True,False,,,,,ddc644759b549aa05840fc9d07bb00b21a53aa99,,True,False
CHEMBL1213270,CHEMBL180071,CHEMBL1213270,CHEMBL180071,2,2,1,False,False,False,False,True,False,,,,,ddc644759b549aa05840fc9d07bb00b21a53aa99,,True,False
CHEMBL1213270,CHEMBL180517,CHEMBL1213270,CHEMBL180517,2,2,1,False,False,False,False,True,False,,,,,ddc644759b549aa05840fc9d07bb00b21a53aa99,,True,False
CHEMBL1213270,CHEMBL193676,CHEMBL1213270,CHEMBL193676,2,2,1,False,False,False,False,True,False,,,,,ddc644759b549aa05840fc9d07bb00b21a53aa99,,True,False
CHEMBL1213270,CHEMBL222501,CHEMBL1213270,WAY-169916,2,2,1,False,False,False,False,True,False,,,,,ddc644759b549aa05840fc9d07bb00b21a53aa99,,True,False
CHEMBL1213270,CHEMBL223026,CHEMBL1213270,CHEMBL223026,2,2,1,False,False,False,False,True,False,,,,,ddc644759b549aa05840fc9d07bb00b21a53aa99,,True,False
CHEMBL1213270,CHEMBL431698,CHEMBL1213270,RALOXIFENE CORE,2,2,1,False,False,False,False,True,False,,,,,ddc644759b549aa05840fc9d07bb00b21a53aa99,,True,False
CHEMBL1213271,CHEMBL180071,"2-AMINO-1-METHYL-6- PHENYLIMIDAZO[4,5- B]PYRIDINE",CHEMBL180071,2,2,1,False,False,False,False,True,False,,,,,ddc644759b549aa05840fc9d07bb00b21a53aa99,,True,False
CHEMBL1213271,CHEMBL180517,"2-AMINO-1-METHYL-6- PHENYLIMIDAZO[4,5- B]PYRIDINE",CHEMBL180517,2,2,1,False,False,False,False,True,False,,,,,ddc644759b549aa05840fc9d07bb00b21a53aa99,,True,False
CHEMBL1213271,CHEMBL193676,"2-AMINO-1-METHYL-6- PHENYLIMIDAZO[4,5- B]PYRIDINE",CHEMBL193676,2,2,1,False,False,False,False,True,False,,,,,ddc644759b549aa05840fc9d07bb00b21a53aa99,,True,False
CHEMBL1213271,CHEMBL222501,"2-AMINO-1-METHYL-6- PHENYLIMIDAZO[4,5- B]PYRIDINE",WAY-169916,2,2,1,False,False,False,False,True,False,,,,,ddc644759b549aa05840fc9d07bb00b21a53aa99,,True,False
CHEMBL1213271,CHEMBL223026,"2-AMINO-1-METHYL-6- PHENYLIMIDAZO[4,5- B]PYRIDINE",CHEMBL223026,2,2,1,False,False,False,False,True,False,,,,,ddc644759b549aa05840fc9d07bb00b21a53aa99,,True,False
CHEMBL1213271,CHEMBL431698,"2-AMINO-1-METHYL-6- PHENYLIMIDAZO[4,5- B]PYRIDINE",RALOXIFENE CORE,2,2,1,False,False,False,False,True,False,,,,,ddc644759b549aa05840fc9d07bb00b21a53aa99,,True,False
CHEMBL1213351,CHEMBL1738990,PROPOXYPHENE,LEVOPROPOXYPHENE,1273,88,1,False,True,False,False,False,False,,(-)-propoxyphene,,,,,False,True
CHEMBL1214186,CHEMBL144366,SINEFUNGIN,PYROQUILON,14,14,1,False,False,False,False,True,False,,,,,1f56b0b7dbcbc946198137d79c7c6e1c25d17605,,True,False
CHEMBL1214186,CHEMBL2272031,SINEFUNGIN,PENTAMYCIN,14,14,1,False,False,False,False,True,False,,,,,1f56b0b7dbcbc946198137d79c7c6e1c25d17605,,True,False
CHEMBL1214186,CHEMBL240963,SINEFUNGIN,LAWSONE,14,14,1,False,False,False,False,True,False,,,,,1f56b0b7dbcbc946198137d79c7c6e1c25d17605,,True,False
CHEMBL1214186,CHEMBL309339,SINEFUNGIN,SALICYLHYDROXAMIC ACID,14,14,1,False,False,False,False,True,False,,,,,1f56b0b7dbcbc946198137d79c7c6e1c25d17605,,True,False
CHEMBL1214186,CHEMBL486174,SINEFUNGIN,PECILOCIN,14,14,1,False,False,False,False,True,False,,,,,1f56b0b7dbcbc946198137d79c7c6e1c25d17605,,True,False
CHEMBL1214186,CHEMBL514315,SINEFUNGIN,NIFURATEL,14,14,1,False,False,False,False,True,False,,,,,1f56b0b7dbcbc946198137d79c7c6e1c25d17605,,True,False
CHEMBL1214186,CHEMBL97972,SINEFUNGIN,PYRROLNITRIN,14,14,1,False,False,False,False,True,False,,,,,1f56b0b7dbcbc946198137d79c7c6e1c25d17605,,True,False
CHEMBL1214186,DRUGBANK:DB14058,SINEFUNGIN,Basifungin,14,14,1,False,False,False,False,True,False,,,,,1f56b0b7dbcbc946198137d79c7c6e1c25d17605,,True,False
CHEMBL1219,CHEMBL3833391,RABEPRAZOLE,CLOFEZONE,1379,4,1,False,True,False,False,False,False,,Clofezone,,,,,False,True
CHEMBL1219,CHEMBL3833413,RABEPRAZOLE,CLOFEZONE,1379,4,1,False,True,False,False,False,False,,Clofezone,,,,,False,True
CHEMBL121941,CHEMBL122264,CHEMBL121941,NU-6094,2,2,1,False,False,False,False,True,False,,,,,d2892b45df35238ede25490ba39fb212bc7c626b,,True,False
CHEMBL121941,CHEMBL123368,CHEMBL121941,CHEMBL123368,2,2,1,False,False,False,False,True,False,,,,,d2892b45df35238ede25490ba39fb212bc7c626b,,True,False
CHEMBL121941,CHEMBL203407,CHEMBL121941,CHEMBL203407,2,2,1,False,False,False,False,True,False,,,,,d2892b45df35238ede25490ba39fb212bc7c626b,,True,False
CHEMBL121941,CHEMBL222419,CHEMBL121941,GSK-237701A,2,2,1,False,False,False,False,True,False,,,,,d2892b45df35238ede25490ba39fb212bc7c626b,,True,False
CHEMBL121941,CHEMBL233149,CHEMBL121941,CHEMBL233149,2,2,1,False,False,False,False,True,False,,,,,d2892b45df35238ede25490ba39fb212bc7c626b,,True,False
CHEMBL121941,CHEMBL233349,CHEMBL121941,CHEMBL233349,2,2,1,False,False,False,False,True,False,,,,,d2892b45df35238ede25490ba39fb212bc7c626b,,True,False
CHEMBL121941,CHEMBL233553,CHEMBL121941,CHEMBL233553,2,2,1,False,False,False,False,True,False,,,,,d2892b45df35238ede25490ba39fb212bc7c626b,,True,False
CHEMBL121941,CHEMBL233970,CHEMBL121941,CHEMBL233970,2,2,1,False,False,False,False,True,False,,,,,d2892b45df35238ede25490ba39fb212bc7c626b,,True,False
CHEMBL121941,CHEMBL269881,CHEMBL121941,NU-2058,2,2,1,False,False,False,False,True,False,,,,,d2892b45df35238ede25490ba39fb212bc7c626b,,True,False
CHEMBL121941,CHEMBL270686,CHEMBL121941,MERIOLIN 3,2,2,1,False,False,False,False,True,False,,,,,d2892b45df35238ede25490ba39fb212bc7c626b,,True,False
CHEMBL121941,CHEMBL270687,CHEMBL121941,MERIOLIN 5,2,2,1,False,False,False,False,True,False,,,,,d2892b45df35238ede25490ba39fb212bc7c626b,,True,False
CHEMBL121941,CHEMBL298445,CHEMBL121941,CHEMBL298445,2,2,1,False,False,False,False,True,False,,,,,d2892b45df35238ede25490ba39fb212bc7c626b,,True,False
CHEMBL121941,CHEMBL319467,CHEMBL121941,NU-6102,2,2,1,False,False,False,False,True,False,,,,,d2892b45df35238ede25490ba39fb212bc7c626b,,True,False
CHEMBL121941,CHEMBL340813,CHEMBL121941,NU-6086,2,2,1,False,False,False,False,True,False,,,,,d2892b45df35238ede25490ba39fb212bc7c626b,,True,False
CHEMBL121941,CHEMBL341273,CHEMBL121941,CHEMBL341273,2,2,1,False,False,False,False,True,False,,,,,d2892b45df35238ede25490ba39fb212bc7c626b,,True,False
CHEMBL121941,CHEMBL360520,CHEMBL121941,CHEMBL360520,2,2,1,False,False,False,False,True,False,,,,,d2892b45df35238ede25490ba39fb212bc7c626b,,True,False
CHEMBL121941,CHEMBL380500,CHEMBL121941,VARIOLIN B,2,2,1,False,False,False,False,True,False,,,,,d2892b45df35238ede25490ba39fb212bc7c626b,,True,False
CHEMBL121941,CHEMBL46817,CHEMBL121941,CHEMBL46817,2,2,1,False,False,False,False,True,False,,,,,d2892b45df35238ede25490ba39fb212bc7c626b,,True,False
CHEMBL121941,CHEMBL47302,CHEMBL121941,CHEMBL47302,2,2,1,False,False,False,False,True,False,,,,,d2892b45df35238ede25490ba39fb212bc7c626b,,True,False
CHEMBL121941,CHEMBL48109,CHEMBL121941,CHEMBL48109,2,2,1,False,False,False,False,True,False,,,,,d2892b45df35238ede25490ba39fb212bc7c626b,,True,False
CHEMBL121941,CHEMBL482193,CHEMBL121941,CHEMBL482193,2,2,1,False,False,False,False,True,False,,,,,d2892b45df35238ede25490ba39fb212bc7c626b,,True,False
CHEMBL121941,CHEMBL518800,CHEMBL121941,CHEMBL518800,2,2,1,False,False,False,False,True,False,,,,,d2892b45df35238ede25490ba39fb212bc7c626b,,True,False
CHEMBL121941,CHEMBL525194,CHEMBL121941,CHEMBL525194,2,2,1,False,False,False,False,True,False,,,,,d2892b45df35238ede25490ba39fb212bc7c626b,,True,False
CHEMBL12198,CHEMBL279597,ALANINE,L-ALANINE,3,27,1,False,True,False,False,False,False,,Alanine,,,,,True,True
CHEMBL1222250,DRUGBANK:DB09341,DEXTROSE,"Dextrose, unspecified form",59,21,1,False,True,False,False,False,False,,Dextrose,,,,,True,True
CHEMBL122264,CHEMBL123368,NU-6094,CHEMBL123368,2,2,1,False,False,False,False,True,False,,,,,d2892b45df35238ede25490ba39fb212bc7c626b,,True,False
CHEMBL122264,CHEMBL203407,NU-6094,CHEMBL203407,2,2,1,False,False,False,False,True,False,,,,,d2892b45df35238ede25490ba39fb212bc7c626b,,True,False
CHEMBL122264,CHEMBL222419,NU-6094,GSK-237701A,2,2,1,False,False,False,False,True,False,,,,,d2892b45df35238ede25490ba39fb212bc7c626b,,True,False
CHEMBL122264,CHEMBL233149,NU-6094,CHEMBL233149,2,2,1,False,False,False,False,True,False,,,,,d2892b45df35238ede25490ba39fb212bc7c626b,,True,False
CHEMBL122264,CHEMBL233349,NU-6094,CHEMBL233349,2,2,1,False,False,False,False,True,False,,,,,d2892b45df35238ede25490ba39fb212bc7c626b,,True,False
CHEMBL122264,CHEMBL233553,NU-6094,CHEMBL233553,2,2,1,False,False,False,False,True,False,,,,,d2892b45df35238ede25490ba39fb212bc7c626b,,True,False
CHEMBL122264,CHEMBL233970,NU-6094,CHEMBL233970,2,2,1,False,False,False,False,True,False,,,,,d2892b45df35238ede25490ba39fb212bc7c626b,,True,False
CHEMBL122264,CHEMBL269881,NU-6094,NU-2058,2,2,1,False,False,False,False,True,False,,,,,d2892b45df35238ede25490ba39fb212bc7c626b,,True,False
CHEMBL122264,CHEMBL270686,NU-6094,MERIOLIN 3,2,2,1,False,False,False,False,True,False,,,,,d2892b45df35238ede25490ba39fb212bc7c626b,,True,False
CHEMBL122264,CHEMBL270687,NU-6094,MERIOLIN 5,2,2,1,False,False,False,False,True,False,,,,,d2892b45df35238ede25490ba39fb212bc7c626b,,True,False
CHEMBL122264,CHEMBL298445,NU-6094,CHEMBL298445,2,2,1,False,False,False,False,True,False,,,,,d2892b45df35238ede25490ba39fb212bc7c626b,,True,False
CHEMBL122264,CHEMBL319467,NU-6094,NU-6102,2,2,1,False,False,False,False,True,False,,,,,d2892b45df35238ede25490ba39fb212bc7c626b,,True,False
CHEMBL122264,CHEMBL340813,NU-6094,NU-6086,2,2,1,False,False,False,False,True,False,,,,,d2892b45df35238ede25490ba39fb212bc7c626b,,True,False
CHEMBL122264,CHEMBL341273,NU-6094,CHEMBL341273,2,2,1,False,False,False,False,True,False,,,,,d2892b45df35238ede25490ba39fb212bc7c626b,,True,False
CHEMBL122264,CHEMBL360520,NU-6094,CHEMBL360520,2,2,1,False,False,False,False,True,False,,,,,d2892b45df35238ede25490ba39fb212bc7c626b,,True,False
CHEMBL122264,CHEMBL380500,NU-6094,VARIOLIN B,2,2,1,False,False,False,False,True,False,,,,,d2892b45df35238ede25490ba39fb212bc7c626b,,True,False
CHEMBL122264,CHEMBL46817,NU-6094,CHEMBL46817,2,2,1,False,False,False,False,True,False,,,,,d2892b45df35238ede25490ba39fb212bc7c626b,,True,False
CHEMBL122264,CHEMBL47302,NU-6094,CHEMBL47302,2,2,1,False,False,False,False,True,False,,,,,d2892b45df35238ede25490ba39fb212bc7c626b,,True,False
CHEMBL122264,CHEMBL48109,NU-6094,CHEMBL48109,2,2,1,False,False,False,False,True,False,,,,,d2892b45df35238ede25490ba39fb212bc7c626b,,True,False
CHEMBL122264,CHEMBL482193,NU-6094,CHEMBL482193,2,2,1,False,False,False,False,True,False,,,,,d2892b45df35238ede25490ba39fb212bc7c626b,,True,False
CHEMBL122264,CHEMBL518800,NU-6094,CHEMBL518800,2,2,1,False,False,False,False,True,False,,,,,d2892b45df35238ede25490ba39fb212bc7c626b,,True,False
CHEMBL122264,CHEMBL525194,NU-6094,CHEMBL525194,2,2,1,False,False,False,False,True,False,,,,,d2892b45df35238ede25490ba39fb212bc7c626b,,True,False
CHEMBL1228,CHEMBL3989676,OXYPHENBUTAZONE ANHYDROUS,OXYPHENBUTAZONE,1399,5,1,False,True,False,False,False,False,,Oxyphenbutazone,,,,,False,True
CHEMBL1229,CHEMBL674,OSELTAMIVIR,OSELTAMIVIR CARBOXYLATE,814,15,1,False,True,False,False,False,False,,Oseltamivir Carboxylate,,,,,False,True
CHEMBL1231649,CHEMBL1908325,CARBOMYCIN A,SELAMECTIN,284,284,1,False,False,False,False,True,False,,,,,cb9844772ea5fb3a7d1916c9dfebc2bab81216fb,,False,False
CHEMBL1231649,CHEMBL3039509,CARBOMYCIN A,TILDIPIROSIN,284,284,1,False,False,False,False,True,False,,,,,cb9844772ea5fb3a7d1916c9dfebc2bab81216fb,,False,False
CHEMBL1231700,CHEMBL1256994,CITICOLINE,CITICOLINE SODIUM,14,5,1,False,True,False,False,False,False,,Citicoline,,,,,False,True
CHEMBL1232111,CHEMBL4297372,OMIGAPIL,ATSM COPPER (II),2,2,1,False,False,False,False,True,False,,,,,1481e244bece51c65305b4b0dded0c5c64cf9566,,True,False
CHEMBL1232164,CHEMBL76029,SEBACIC ACID,CHEMBL76029,3,3,1,False,False,False,False,True,False,,,,,bd73c24e208862283920f8958bfa06119c797809,,True,False
CHEMBL1232164,CHEMBL77562,SEBACIC ACID,"1,3,5-Benzenetricarboxylic Acid",3,3,1,False,False,False,False,True,False,,,,,bd73c24e208862283920f8958bfa06119c797809,,True,False
CHEMBL1232399,CHEMBL1232702,CHEMBL1232399,CHEMBL1232702,3,3,1,False,False,False,False,True,False,,,,,fb5d87ea107c3f593fc0eadbe1b31e100de4ad78,,True,False
CHEMBL1232399,CHEMBL6885,CHEMBL1232399,"QUINAZOLINE-2,4,6-TRIAMINE",3,3,1,False,False,False,False,True,False,,,,,fb5d87ea107c3f593fc0eadbe1b31e100de4ad78,,True,False
CHEMBL1232702,CHEMBL6885,CHEMBL1232702,"QUINAZOLINE-2,4,6-TRIAMINE",3,3,1,False,False,False,False,True,False,,,,,fb5d87ea107c3f593fc0eadbe1b31e100de4ad78,,True,False
CHEMBL1232801,CHEMBL1679,FOLINIC ACID,LEUCOVORIN,19,282,1,False,True,False,False,False,False,,Folinic acid,,,,,False,True
CHEMBL1233464,CHEMBL1235482,PHENYLACETALDEHYDE,GLUTARAL,2,2,1,False,False,False,False,True,False,,,,,53d2a66acd4d25c79d717db2b3249d010de6bf36,,True,False
CHEMBL1233464,CHEMBL14193,PHENYLACETALDEHYDE,4-HYDROXYBENZALDEHYDE,2,2,1,False,False,False,False,True,False,,,,,53d2a66acd4d25c79d717db2b3249d010de6bf36,,True,False
CHEMBL1233464,CHEMBL293492,PHENYLACETALDEHYDE,CINNAMALDEHYDE,2,2,1,False,False,False,False,True,False,,,,,53d2a66acd4d25c79d717db2b3249d010de6bf36,,True,False
CHEMBL1233464,CHEMBL446036,PHENYLACETALDEHYDE,MALONALDEHYDE,2,2,1,False,False,False,False,True,False,,,,,53d2a66acd4d25c79d717db2b3249d010de6bf36,,True,False
CHEMBL1233464,DRUGBANK:DB03174,PHENYLACETALDEHYDE,Phosphonoacetaldehyde,2,2,1,False,False,False,False,True,False,,,,,53d2a66acd4d25c79d717db2b3249d010de6bf36,,True,False
CHEMBL123368,CHEMBL203407,CHEMBL123368,CHEMBL203407,2,2,1,False,False,False,False,True,False,,,,,d2892b45df35238ede25490ba39fb212bc7c626b,,True,False
CHEMBL123368,CHEMBL222419,CHEMBL123368,GSK-237701A,2,2,1,False,False,False,False,True,False,,,,,d2892b45df35238ede25490ba39fb212bc7c626b,,True,False
CHEMBL123368,CHEMBL233149,CHEMBL123368,CHEMBL233149,2,2,1,False,False,False,False,True,False,,,,,d2892b45df35238ede25490ba39fb212bc7c626b,,True,False
CHEMBL123368,CHEMBL233349,CHEMBL123368,CHEMBL233349,2,2,1,False,False,False,False,True,False,,,,,d2892b45df35238ede25490ba39fb212bc7c626b,,True,False
CHEMBL123368,CHEMBL233553,CHEMBL123368,CHEMBL233553,2,2,1,False,False,False,False,True,False,,,,,d2892b45df35238ede25490ba39fb212bc7c626b,,True,False
CHEMBL123368,CHEMBL233970,CHEMBL123368,CHEMBL233970,2,2,1,False,False,False,False,True,False,,,,,d2892b45df35238ede25490ba39fb212bc7c626b,,True,False
CHEMBL123368,CHEMBL269881,CHEMBL123368,NU-2058,2,2,1,False,False,False,False,True,False,,,,,d2892b45df35238ede25490ba39fb212bc7c626b,,True,False
CHEMBL123368,CHEMBL270686,CHEMBL123368,MERIOLIN 3,2,2,1,False,False,False,False,True,False,,,,,d2892b45df35238ede25490ba39fb212bc7c626b,,True,False
CHEMBL123368,CHEMBL270687,CHEMBL123368,MERIOLIN 5,2,2,1,False,False,False,False,True,False,,,,,d2892b45df35238ede25490ba39fb212bc7c626b,,True,False
CHEMBL123368,CHEMBL298445,CHEMBL123368,CHEMBL298445,2,2,1,False,False,False,False,True,False,,,,,d2892b45df35238ede25490ba39fb212bc7c626b,,True,False
CHEMBL123368,CHEMBL319467,CHEMBL123368,NU-6102,2,2,1,False,False,False,False,True,False,,,,,d2892b45df35238ede25490ba39fb212bc7c626b,,True,False
CHEMBL123368,CHEMBL340813,CHEMBL123368,NU-6086,2,2,1,False,False,False,False,True,False,,,,,d2892b45df35238ede25490ba39fb212bc7c626b,,True,False
CHEMBL123368,CHEMBL341273,CHEMBL123368,CHEMBL341273,2,2,1,False,False,False,False,True,False,,,,,d2892b45df35238ede25490ba39fb212bc7c626b,,True,False
CHEMBL123368,CHEMBL360520,CHEMBL123368,CHEMBL360520,2,2,1,False,False,False,False,True,False,,,,,d2892b45df35238ede25490ba39fb212bc7c626b,,True,False
CHEMBL123368,CHEMBL380500,CHEMBL123368,VARIOLIN B,2,2,1,False,False,False,False,True,False,,,,,d2892b45df35238ede25490ba39fb212bc7c626b,,True,False
CHEMBL123368,CHEMBL46817,CHEMBL123368,CHEMBL46817,2,2,1,False,False,False,False,True,False,,,,,d2892b45df35238ede25490ba39fb212bc7c626b,,True,False
CHEMBL123368,CHEMBL47302,CHEMBL123368,CHEMBL47302,2,2,1,False,False,False,False,True,False,,,,,d2892b45df35238ede25490ba39fb212bc7c626b,,True,False
CHEMBL123368,CHEMBL48109,CHEMBL123368,CHEMBL48109,2,2,1,False,False,False,False,True,False,,,,,d2892b45df35238ede25490ba39fb212bc7c626b,,True,False
CHEMBL123368,CHEMBL482193,CHEMBL123368,CHEMBL482193,2,2,1,False,False,False,False,True,False,,,,,d2892b45df35238ede25490ba39fb212bc7c626b,,True,False
CHEMBL123368,CHEMBL518800,CHEMBL123368,CHEMBL518800,2,2,1,False,False,False,False,True,False,,,,,d2892b45df35238ede25490ba39fb212bc7c626b,,True,False
CHEMBL123368,CHEMBL525194,CHEMBL123368,CHEMBL525194,2,2,1,False,False,False,False,True,False,,,,,d2892b45df35238ede25490ba39fb212bc7c626b,,True,False
CHEMBL1234032,CHEMBL1234033,CHEMBL1234032,CHEMBL1234033,2,2,1,False,False,False,False,True,False,,,,,a4c02ce46f7a881a258b881e84c4744ddcd4e25d,,True,False
CHEMBL1234032,CHEMBL207496,CHEMBL1234032,CHEMBL207496,2,2,1,False,False,False,False,True,False,,,,,a4c02ce46f7a881a258b881e84c4744ddcd4e25d,,True,False
CHEMBL1234032,CHEMBL223339,CHEMBL1234032,CHEMBL223339,2,2,1,False,False,False,False,True,False,,,,,a4c02ce46f7a881a258b881e84c4744ddcd4e25d,,True,False
CHEMBL1234032,CHEMBL227924,CHEMBL1234032,CHEMBL227924,2,2,1,False,False,False,False,True,False,,,,,a4c02ce46f7a881a258b881e84c4744ddcd4e25d,,True,False
CHEMBL1234032,CHEMBL228133,CHEMBL1234032,CHEMBL228133,2,2,1,False,False,False,False,True,False,,,,,a4c02ce46f7a881a258b881e84c4744ddcd4e25d,,True,False
CHEMBL1234032,CHEMBL228224,CHEMBL1234032,CHEMBL228224,2,2,1,False,False,False,False,True,False,,,,,a4c02ce46f7a881a258b881e84c4744ddcd4e25d,,True,False
CHEMBL1234032,CHEMBL229855,CHEMBL1234032,CHEMBL229855,2,2,1,False,False,False,False,True,False,,,,,a4c02ce46f7a881a258b881e84c4744ddcd4e25d,,True,False
CHEMBL1234032,CHEMBL260000,CHEMBL1234032,CHEMBL260000,2,2,1,False,False,False,False,True,False,,,,,a4c02ce46f7a881a258b881e84c4744ddcd4e25d,,True,False
CHEMBL1234032,CHEMBL376388,CHEMBL1234032,CHEMBL376388,2,2,1,False,False,False,False,True,False,,,,,a4c02ce46f7a881a258b881e84c4744ddcd4e25d,,True,False
CHEMBL1234032,CHEMBL379218,CHEMBL1234032,A-674563,2,2,1,False,False,False,False,True,False,,,,,a4c02ce46f7a881a258b881e84c4744ddcd4e25d,,True,False
CHEMBL1234032,CHEMBL383541,CHEMBL1234032,CHEMBL383541,2,2,1,False,False,False,False,True,False,,,,,a4c02ce46f7a881a258b881e84c4744ddcd4e25d,,True,False
CHEMBL1234032,CHEMBL406863,CHEMBL1234032,CHEMBL406863,2,2,1,False,False,False,False,True,False,,,,,a4c02ce46f7a881a258b881e84c4744ddcd4e25d,,True,False
CHEMBL1234033,CHEMBL207496,CHEMBL1234033,CHEMBL207496,2,2,1,False,False,False,False,True,False,,,,,a4c02ce46f7a881a258b881e84c4744ddcd4e25d,,True,False
CHEMBL1234033,CHEMBL223339,CHEMBL1234033,CHEMBL223339,2,2,1,False,False,False,False,True,False,,,,,a4c02ce46f7a881a258b881e84c4744ddcd4e25d,,True,False
CHEMBL1234033,CHEMBL227924,CHEMBL1234033,CHEMBL227924,2,2,1,False,False,False,False,True,False,,,,,a4c02ce46f7a881a258b881e84c4744ddcd4e25d,,True,False
CHEMBL1234033,CHEMBL228133,CHEMBL1234033,CHEMBL228133,2,2,1,False,False,False,False,True,False,,,,,a4c02ce46f7a881a258b881e84c4744ddcd4e25d,,True,False
CHEMBL1234033,CHEMBL228224,CHEMBL1234033,CHEMBL228224,2,2,1,False,False,False,False,True,False,,,,,a4c02ce46f7a881a258b881e84c4744ddcd4e25d,,True,False
CHEMBL1234033,CHEMBL229855,CHEMBL1234033,CHEMBL229855,2,2,1,False,False,False,False,True,False,,,,,a4c02ce46f7a881a258b881e84c4744ddcd4e25d,,True,False
CHEMBL1234033,CHEMBL260000,CHEMBL1234033,CHEMBL260000,2,2,1,False,False,False,False,True,False,,,,,a4c02ce46f7a881a258b881e84c4744ddcd4e25d,,True,False
CHEMBL1234033,CHEMBL376388,CHEMBL1234033,CHEMBL376388,2,2,1,False,False,False,False,True,False,,,,,a4c02ce46f7a881a258b881e84c4744ddcd4e25d,,True,False
CHEMBL1234033,CHEMBL379218,CHEMBL1234033,A-674563,2,2,1,False,False,False,False,True,False,,,,,a4c02ce46f7a881a258b881e84c4744ddcd4e25d,,True,False
CHEMBL1234033,CHEMBL383541,CHEMBL1234033,CHEMBL383541,2,2,1,False,False,False,False,True,False,,,,,a4c02ce46f7a881a258b881e84c4744ddcd4e25d,,True,False
CHEMBL1234033,CHEMBL406863,CHEMBL1234033,CHEMBL406863,2,2,1,False,False,False,False,True,False,,,,,a4c02ce46f7a881a258b881e84c4744ddcd4e25d,,True,False
CHEMBL1234624,CHEMBL46148,CHEMBL1234624,CHEMBL46148,2,2,1,False,False,False,False,True,False,,,,,2ce4eb6d893b9f56098e68ef047dfc19cf95af8e,,True,False
CHEMBL1235482,CHEMBL14193,GLUTARAL,4-HYDROXYBENZALDEHYDE,2,2,1,False,False,False,False,True,False,,,,,53d2a66acd4d25c79d717db2b3249d010de6bf36,,True,False
CHEMBL1235482,CHEMBL293492,GLUTARAL,CINNAMALDEHYDE,2,2,1,False,False,False,False,True,False,,,,,53d2a66acd4d25c79d717db2b3249d010de6bf36,,True,False
CHEMBL1235482,CHEMBL446036,GLUTARAL,MALONALDEHYDE,2,2,1,False,False,False,False,True,False,,,,,53d2a66acd4d25c79d717db2b3249d010de6bf36,,True,False
CHEMBL1235482,DRUGBANK:DB03174,GLUTARAL,Phosphonoacetaldehyde,2,2,1,False,False,False,False,True,False,,,,,53d2a66acd4d25c79d717db2b3249d010de6bf36,,True,False
CHEMBL1235551,CHEMBL976,"PRAZIQUANTEL, (R)-",PRAZIQUANTEL,1,604,1,False,True,False,False,False,False,,(-)-praziquantel,,,,,True,True
CHEMBL1235570,CHEMBL1236595,CHEMBL1235570,Coenzyme Q2,10,10,1,False,False,False,False,True,False,,,,,f3221d5a3607b4f6e3dc1d90314ce16f6fe9d0cf,,True,False
CHEMBL1235570,CHEMBL230001,CHEMBL1235570,AZOXYSTROBIN,10,10,1,False,False,False,False,True,False,,,,,f3221d5a3607b4f6e3dc1d90314ce16f6fe9d0cf,,True,False
CHEMBL1235738,CHEMBL887,AZILECT,RASAGILINE,1,1959,1,False,True,False,False,False,False,,Azilect,,,,,True,True
CHEMBL1236068,CHEMBL1236670,STREPTOLYDIGIN,VIRGINIAMYCIN FACTOR M1,19,19,1,False,False,False,False,True,False,,,,,a5f75572e455ef1428c04011b389f1c4c27c127d,,True,False
CHEMBL1236068,CHEMBL1241590,STREPTOLYDIGIN,FLORFENICOL,19,19,1,False,False,False,False,True,False,,,,,a5f75572e455ef1428c04011b389f1c4c27c127d,,True,False
CHEMBL1236068,CHEMBL1321154,STREPTOLYDIGIN,ROXARSONE,19,19,1,False,False,False,False,True,False,,,,,a5f75572e455ef1428c04011b389f1c4c27c127d,,True,False
CHEMBL1236068,CHEMBL1766417,STREPTOLYDIGIN,CHEMBL1766417,19,19,1,False,False,False,False,True,False,,,,,a5f75572e455ef1428c04011b389f1c4c27c127d,,True,False
CHEMBL1236068,CHEMBL2104423,STREPTOLYDIGIN,NARASIN,19,19,1,False,False,False,False,True,False,,,,,a5f75572e455ef1428c04011b389f1c4c27c127d,,True,False
CHEMBL1236068,CHEMBL2105807,STREPTOLYDIGIN,MADURAMICIN,19,19,1,False,False,False,False,True,False,,,,,a5f75572e455ef1428c04011b389f1c4c27c127d,,True,False
CHEMBL1236068,CHEMBL2107342,STREPTOLYDIGIN,GAMITHROMYCIN,19,19,1,False,False,False,False,True,False,,,,,a5f75572e455ef1428c04011b389f1c4c27c127d,,True,False
CHEMBL1236068,CHEMBL346059,STREPTOLYDIGIN,CHEMBL346059,19,19,1,False,False,False,False,True,False,,,,,a5f75572e455ef1428c04011b389f1c4c27c127d,,True,False
CHEMBL1236068,CHEMBL410968,STREPTOLYDIGIN,CHEMBL410968,19,19,1,False,False,False,False,True,False,,,,,a5f75572e455ef1428c04011b389f1c4c27c127d,,True,False
CHEMBL1236068,CHEMBL478120,STREPTOLYDIGIN,MARBOFLOXACIN,19,19,1,False,False,False,False,True,False,,,,,a5f75572e455ef1428c04011b389f1c4c27c127d,,True,False
CHEMBL1236068,DRUGBANK:DB02237,STREPTOLYDIGIN,Maltotetraose,19,19,1,False,False,False,False,True,False,,,,,a5f75572e455ef1428c04011b389f1c4c27c127d,,True,False
CHEMBL1236068,DRUGBANK:DB04952,STREPTOLYDIGIN,Ramoplanin,19,19,1,False,False,False,False,True,False,,,,,a5f75572e455ef1428c04011b389f1c4c27c127d,,True,False
CHEMBL1236068,DRUGBANK:DB11375,STREPTOLYDIGIN,Avilamycin,19,19,1,False,False,False,False,True,False,,,,,a5f75572e455ef1428c04011b389f1c4c27c127d,,True,False
CHEMBL1236068,DRUGBANK:DB11377,STREPTOLYDIGIN,Bambermycins,19,19,1,False,False,False,False,True,False,,,,,a5f75572e455ef1428c04011b389f1c4c27c127d,,True,False
CHEMBL1236068,DRUGBANK:DB11401,STREPTOLYDIGIN,Efrotomycin,19,19,1,False,False,False,False,True,False,,,,,a5f75572e455ef1428c04011b389f1c4c27c127d,,True,False
CHEMBL1236068,DRUGBANK:DB11474,STREPTOLYDIGIN,Tulathromycin A,19,19,1,False,False,False,False,True,False,,,,,a5f75572e455ef1428c04011b389f1c4c27c127d,,True,False
CHEMBL1236068,DRUGBANK:DB13172,STREPTOLYDIGIN,Tunicamycin,19,19,1,False,False,False,False,True,False,,,,,a5f75572e455ef1428c04011b389f1c4c27c127d,,True,False
CHEMBL1236068,DRUGBANK:DB13704,STREPTOLYDIGIN,Pristinamycin,19,19,1,False,False,False,False,True,False,,,,,a5f75572e455ef1428c04011b389f1c4c27c127d,,True,False
CHEMBL1236068,DRUGBANK:DB13705,STREPTOLYDIGIN,Decamethoxine,19,19,1,False,False,False,False,True,False,,,,,a5f75572e455ef1428c04011b389f1c4c27c127d,,True,False
CHEMBL1236068,DRUGBANK:DB14051,STREPTOLYDIGIN,Malacidin A,19,19,1,False,False,False,False,True,False,,,,,a5f75572e455ef1428c04011b389f1c4c27c127d,,True,False
CHEMBL1236068,DRUGBANK:DB14052,STREPTOLYDIGIN,Malacidin B,19,19,1,False,False,False,False,True,False,,,,,a5f75572e455ef1428c04011b389f1c4c27c127d,,True,False
CHEMBL1236068,DRUGBANK:DB15657,STREPTOLYDIGIN,Ala-geninthiocin,19,19,1,False,False,False,False,True,False,,,,,a5f75572e455ef1428c04011b389f1c4c27c127d,,True,False
CHEMBL1236539,CHEMBL574737,7-Hydroxystaurosporine,UCN-01,5,43,1,False,True,False,False,False,False,,7-hydroxystaurosporine,,,,,True,True
CHEMBL1236595,CHEMBL230001,Coenzyme Q2,AZOXYSTROBIN,10,10,1,False,False,False,False,True,False,,,,,f3221d5a3607b4f6e3dc1d90314ce16f6fe9d0cf,,True,False
CHEMBL1236670,CHEMBL1241590,VIRGINIAMYCIN FACTOR M1,FLORFENICOL,19,19,1,False,False,False,False,True,False,,,,,a5f75572e455ef1428c04011b389f1c4c27c127d,,True,False
CHEMBL1236670,CHEMBL1321154,VIRGINIAMYCIN FACTOR M1,ROXARSONE,19,19,1,False,False,False,False,True,False,,,,,a5f75572e455ef1428c04011b389f1c4c27c127d,,True,False
CHEMBL1236670,CHEMBL1766417,VIRGINIAMYCIN FACTOR M1,CHEMBL1766417,19,19,1,False,False,False,False,True,False,,,,,a5f75572e455ef1428c04011b389f1c4c27c127d,,True,False
CHEMBL1236670,CHEMBL2104423,VIRGINIAMYCIN FACTOR M1,NARASIN,19,19,1,False,False,False,False,True,False,,,,,a5f75572e455ef1428c04011b389f1c4c27c127d,,True,False
CHEMBL1236670,CHEMBL2105807,VIRGINIAMYCIN FACTOR M1,MADURAMICIN,19,19,1,False,False,False,False,True,False,,,,,a5f75572e455ef1428c04011b389f1c4c27c127d,,True,False
CHEMBL1236670,CHEMBL2107342,VIRGINIAMYCIN FACTOR M1,GAMITHROMYCIN,19,19,1,False,False,False,False,True,False,,,,,a5f75572e455ef1428c04011b389f1c4c27c127d,,True,False
CHEMBL1236670,CHEMBL346059,VIRGINIAMYCIN FACTOR M1,CHEMBL346059,19,19,1,False,False,False,False,True,False,,,,,a5f75572e455ef1428c04011b389f1c4c27c127d,,True,False
CHEMBL1236670,CHEMBL410968,VIRGINIAMYCIN FACTOR M1,CHEMBL410968,19,19,1,False,False,False,False,True,False,,,,,a5f75572e455ef1428c04011b389f1c4c27c127d,,True,False
CHEMBL1236670,CHEMBL478120,VIRGINIAMYCIN FACTOR M1,MARBOFLOXACIN,19,19,1,False,False,False,False,True,False,,,,,a5f75572e455ef1428c04011b389f1c4c27c127d,,True,False
CHEMBL1236670,DRUGBANK:DB02237,VIRGINIAMYCIN FACTOR M1,Maltotetraose,19,19,1,False,False,False,False,True,False,,,,,a5f75572e455ef1428c04011b389f1c4c27c127d,,True,False
CHEMBL1236670,DRUGBANK:DB04952,VIRGINIAMYCIN FACTOR M1,Ramoplanin,19,19,1,False,False,False,False,True,False,,,,,a5f75572e455ef1428c04011b389f1c4c27c127d,,True,False
CHEMBL1236670,DRUGBANK:DB11375,VIRGINIAMYCIN FACTOR M1,Avilamycin,19,19,1,False,False,False,False,True,False,,,,,a5f75572e455ef1428c04011b389f1c4c27c127d,,True,False
CHEMBL1236670,DRUGBANK:DB11377,VIRGINIAMYCIN FACTOR M1,Bambermycins,19,19,1,False,False,False,False,True,False,,,,,a5f75572e455ef1428c04011b389f1c4c27c127d,,True,False
CHEMBL1236670,DRUGBANK:DB11401,VIRGINIAMYCIN FACTOR M1,Efrotomycin,19,19,1,False,False,False,False,True,False,,,,,a5f75572e455ef1428c04011b389f1c4c27c127d,,True,False
CHEMBL1236670,DRUGBANK:DB11474,VIRGINIAMYCIN FACTOR M1,Tulathromycin A,19,19,1,False,False,False,False,True,False,,,,,a5f75572e455ef1428c04011b389f1c4c27c127d,,True,False
CHEMBL1236670,DRUGBANK:DB13172,VIRGINIAMYCIN FACTOR M1,Tunicamycin,19,19,1,False,False,False,False,True,False,,,,,a5f75572e455ef1428c04011b389f1c4c27c127d,,True,False
CHEMBL1236670,DRUGBANK:DB13704,VIRGINIAMYCIN FACTOR M1,Pristinamycin,19,19,1,False,False,False,False,True,False,,,,,a5f75572e455ef1428c04011b389f1c4c27c127d,,True,False
CHEMBL1236670,DRUGBANK:DB13705,VIRGINIAMYCIN FACTOR M1,Decamethoxine,19,19,1,False,False,False,False,True,False,,,,,a5f75572e455ef1428c04011b389f1c4c27c127d,,True,False
CHEMBL1236670,DRUGBANK:DB14051,VIRGINIAMYCIN FACTOR M1,Malacidin A,19,19,1,False,False,False,False,True,False,,,,,a5f75572e455ef1428c04011b389f1c4c27c127d,,True,False
CHEMBL1236670,DRUGBANK:DB14052,VIRGINIAMYCIN FACTOR M1,Malacidin B,19,19,1,False,False,False,False,True,False,,,,,a5f75572e455ef1428c04011b389f1c4c27c127d,,True,False
CHEMBL1236670,DRUGBANK:DB15657,VIRGINIAMYCIN FACTOR M1,Ala-geninthiocin,19,19,1,False,False,False,False,True,False,,,,,a5f75572e455ef1428c04011b389f1c4c27c127d,,True,False
CHEMBL1236936,CHEMBL4297915,CINACIGUAT,CIMLANOD,2,2,1,False,False,False,False,True,False,,,,,5b95a3478d5d0e73dad71ebeb285ac9bbf2bef12,,True,False
CHEMBL1236936,CHEMBL52333,CINACIGUAT,ROLOFYLLINE,2,2,1,False,False,False,False,True,False,,,,,5b95a3478d5d0e73dad71ebeb285ac9bbf2bef12,,True,False
CHEMBL1237,CHEMBL419213,LISINOPRIL ANHYDROUS,LISINOPRIL,1361,8,1,False,True,False,False,False,False,,Lisinopril,,,,,False,True
CHEMBL1237054,CHEMBL257619,PLICAMYCIN,CHEMBL257619,2,7,1,False,True,False,False,False,False,,Plicamycin,,,,,True,True
CHEMBL1237104,CHEMBL3989716,PROPOXYPHENE HYDROCHLORIDE,PROPOXYPHENE NAPSYLATE,2,2,1,False,False,False,False,True,False,,,,,c95c091c6e02a84db88426accbc8f9219474970b,,False,False
CHEMBL1240772,CHEMBL4594475,GLP-1,GLUCAGON-LIKE PEPTIDE 1,7,1,1,False,True,False,False,False,False,,Glp-1,,,,,True,True
CHEMBL1241590,CHEMBL1321154,FLORFENICOL,ROXARSONE,19,19,1,False,False,False,False,True,False,,,,,a5f75572e455ef1428c04011b389f1c4c27c127d,,True,False
CHEMBL1241590,CHEMBL1766417,FLORFENICOL,CHEMBL1766417,19,19,1,False,False,False,False,True,False,,,,,a5f75572e455ef1428c04011b389f1c4c27c127d,,True,False
CHEMBL1241590,CHEMBL2104423,FLORFENICOL,NARASIN,19,19,1,False,False,False,False,True,False,,,,,a5f75572e455ef1428c04011b389f1c4c27c127d,,True,False
CHEMBL1241590,CHEMBL2105807,FLORFENICOL,MADURAMICIN,19,19,1,False,False,False,False,True,False,,,,,a5f75572e455ef1428c04011b389f1c4c27c127d,,True,False
CHEMBL1241590,CHEMBL2107342,FLORFENICOL,GAMITHROMYCIN,19,19,1,False,False,False,False,True,False,,,,,a5f75572e455ef1428c04011b389f1c4c27c127d,,True,False
CHEMBL1241590,CHEMBL346059,FLORFENICOL,CHEMBL346059,19,19,1,False,False,False,False,True,False,,,,,a5f75572e455ef1428c04011b389f1c4c27c127d,,True,False
CHEMBL1241590,CHEMBL410968,FLORFENICOL,CHEMBL410968,19,19,1,False,False,False,False,True,False,,,,,a5f75572e455ef1428c04011b389f1c4c27c127d,,True,False
CHEMBL1241590,CHEMBL478120,FLORFENICOL,MARBOFLOXACIN,19,19,1,False,False,False,False,True,False,,,,,a5f75572e455ef1428c04011b389f1c4c27c127d,,True,False
CHEMBL1241590,DRUGBANK:DB02237,FLORFENICOL,Maltotetraose,19,19,1,False,False,False,False,True,False,,,,,a5f75572e455ef1428c04011b389f1c4c27c127d,,True,False
CHEMBL1241590,DRUGBANK:DB04952,FLORFENICOL,Ramoplanin,19,19,1,False,False,False,False,True,False,,,,,a5f75572e455ef1428c04011b389f1c4c27c127d,,True,False
CHEMBL1241590,DRUGBANK:DB11375,FLORFENICOL,Avilamycin,19,19,1,False,False,False,False,True,False,,,,,a5f75572e455ef1428c04011b389f1c4c27c127d,,True,False
CHEMBL1241590,DRUGBANK:DB11377,FLORFENICOL,Bambermycins,19,19,1,False,False,False,False,True,False,,,,,a5f75572e455ef1428c04011b389f1c4c27c127d,,True,False
CHEMBL1241590,DRUGBANK:DB11401,FLORFENICOL,Efrotomycin,19,19,1,False,False,False,False,True,False,,,,,a5f75572e455ef1428c04011b389f1c4c27c127d,,True,False
CHEMBL1241590,DRUGBANK:DB11474,FLORFENICOL,Tulathromycin A,19,19,1,False,False,False,False,True,False,,,,,a5f75572e455ef1428c04011b389f1c4c27c127d,,True,False
CHEMBL1241590,DRUGBANK:DB13172,FLORFENICOL,Tunicamycin,19,19,1,False,False,False,False,True,False,,,,,a5f75572e455ef1428c04011b389f1c4c27c127d,,True,False
CHEMBL1241590,DRUGBANK:DB13704,FLORFENICOL,Pristinamycin,19,19,1,False,False,False,False,True,False,,,,,a5f75572e455ef1428c04011b389f1c4c27c127d,,True,False
CHEMBL1241590,DRUGBANK:DB13705,FLORFENICOL,Decamethoxine,19,19,1,False,False,False,False,True,False,,,,,a5f75572e455ef1428c04011b389f1c4c27c127d,,True,False
CHEMBL1241590,DRUGBANK:DB14051,FLORFENICOL,Malacidin A,19,19,1,False,False,False,False,True,False,,,,,a5f75572e455ef1428c04011b389f1c4c27c127d,,True,False
CHEMBL1241590,DRUGBANK:DB14052,FLORFENICOL,Malacidin B,19,19,1,False,False,False,False,True,False,,,,,a5f75572e455ef1428c04011b389f1c4c27c127d,,True,False
CHEMBL1241590,DRUGBANK:DB15657,FLORFENICOL,Ala-geninthiocin,19,19,1,False,False,False,False,True,False,,,,,a5f75572e455ef1428c04011b389f1c4c27c127d,,True,False
CHEMBL1251,CHEMBL5314377,GANIRELIX,GANIRELIX ACETATE,6,5,1,False,True,False,False,False,False,,Ganirelix,,,,,False,True
CHEMBL1256575,CHEMBL128136,CHEMBL1256575,CHEMBL128136,4,4,1,False,False,False,False,True,False,,,,,0404436fa7aaf7d5c15f1c66099dffc8cc644e0d,,True,False
CHEMBL1256575,CHEMBL23293,CHEMBL1256575,SALIRASIB,4,4,1,False,False,False,False,True,False,,,,,0404436fa7aaf7d5c15f1c66099dffc8cc644e0d,,True,False
CHEMBL1256575,CHEMBL2376648,CHEMBL1256575,X-396,4,4,1,False,False,False,False,True,False,,,,,0404436fa7aaf7d5c15f1c66099dffc8cc644e0d,,True,False
CHEMBL1256575,CHEMBL267099,CHEMBL1256575,TUBERCIDIN,4,4,1,False,False,False,False,True,False,,,,,0404436fa7aaf7d5c15f1c66099dffc8cc644e0d,,True,False
CHEMBL1256575,CHEMBL367788,CHEMBL1256575,NSC-324360,4,4,1,False,False,False,False,True,False,,,,,0404436fa7aaf7d5c15f1c66099dffc8cc644e0d,,True,False
CHEMBL1256575,CHEMBL37537,CHEMBL1256575,PROTOCATECHUIC ACID,4,4,1,False,False,False,False,True,False,,,,,0404436fa7aaf7d5c15f1c66099dffc8cc644e0d,,True,False
CHEMBL1256575,CHEMBL419186,CHEMBL1256575,CHEMBL419186,4,4,1,False,False,False,False,True,False,,,,,0404436fa7aaf7d5c15f1c66099dffc8cc644e0d,,True,False
CHEMBL1256575,CHEMBL4296683,CHEMBL1256575,CHEMBL4296683,4,4,1,False,False,False,False,True,False,,,,,0404436fa7aaf7d5c15f1c66099dffc8cc644e0d,,True,False
CHEMBL1256575,CHEMBL449303,CHEMBL1256575,GINSENOSIDE RB2,4,4,1,False,False,False,False,True,False,,,,,0404436fa7aaf7d5c15f1c66099dffc8cc644e0d,,True,False
CHEMBL1256575,CHEMBL47405,CHEMBL1256575,ETANIDAZOLE,4,4,1,False,False,False,False,True,False,,,,,0404436fa7aaf7d5c15f1c66099dffc8cc644e0d,,True,False
CHEMBL1256575,CHEMBL99668,CHEMBL1256575,TOYOCAMYCIN,4,4,1,False,False,False,False,True,False,,,,,0404436fa7aaf7d5c15f1c66099dffc8cc644e0d,,True,False
CHEMBL1256575,DRUGBANK:DB03509,CHEMBL1256575,2-(4-Chlorophenyl)-5-Quinoxalinecarboxamide,4,4,1,False,False,False,False,True,False,,,,,0404436fa7aaf7d5c15f1c66099dffc8cc644e0d,,True,False
CHEMBL1256575,DRUGBANK:DB03825,CHEMBL1256575,Rhodamine 6G,4,4,1,False,False,False,False,True,False,,,,,0404436fa7aaf7d5c15f1c66099dffc8cc644e0d,,True,False
CHEMBL1256575,DRUGBANK:DB04106,CHEMBL1256575,Fotemustine,4,4,1,False,False,False,False,True,False,,,,,0404436fa7aaf7d5c15f1c66099dffc8cc644e0d,,True,False
CHEMBL1256575,DRUGBANK:DB04900,CHEMBL1256575,Thymalfasin,4,4,1,False,False,False,False,True,False,,,,,0404436fa7aaf7d5c15f1c66099dffc8cc644e0d,,True,False
CHEMBL1256575,DRUGBANK:DB04907,CHEMBL1256575,Sitimagene ceradenovec,4,4,1,False,False,False,False,True,False,,,,,0404436fa7aaf7d5c15f1c66099dffc8cc644e0d,,True,False
CHEMBL1256575,DRUGBANK:DB04950,CHEMBL1256575,Ranpirnase,4,4,1,False,False,False,False,True,False,,,,,0404436fa7aaf7d5c15f1c66099dffc8cc644e0d,,True,False
CHEMBL1256575,DRUGBANK:DB05697,CHEMBL1256575,Trabedersen,4,4,1,False,False,False,False,True,False,,,,,0404436fa7aaf7d5c15f1c66099dffc8cc644e0d,,True,False
CHEMBL1256575,DRUGBANK:DB06021,CHEMBL1256575,AV-412,4,4,1,False,False,False,False,True,False,,,,,0404436fa7aaf7d5c15f1c66099dffc8cc644e0d,,True,False
CHEMBL1256575,DRUGBANK:DB06181,CHEMBL1256575,EMD-1201081,4,4,1,False,False,False,False,True,False,,,,,0404436fa7aaf7d5c15f1c66099dffc8cc644e0d,,True,False
CHEMBL1256575,DRUGBANK:DB06517,CHEMBL1256575,MLN576,4,4,1,False,False,False,False,True,False,,,,,0404436fa7aaf7d5c15f1c66099dffc8cc644e0d,,True,False
CHEMBL1256575,DRUGBANK:DB12083,CHEMBL1256575,Mafosfamide,4,4,1,False,False,False,False,True,False,,,,,0404436fa7aaf7d5c15f1c66099dffc8cc644e0d,,True,False
CHEMBL1256575,DRUGBANK:DB12182,CHEMBL1256575,Binetrakin,4,4,1,False,False,False,False,True,False,,,,,0404436fa7aaf7d5c15f1c66099dffc8cc644e0d,,True,False
CHEMBL1256575,DRUGBANK:DB12379,CHEMBL1256575,Indirubin,4,4,1,False,False,False,False,True,False,,,,,0404436fa7aaf7d5c15f1c66099dffc8cc644e0d,,True,False
CHEMBL1256575,DRUGBANK:DB13128,CHEMBL1256575,Sizofiran,4,4,1,False,False,False,False,True,False,,,,,0404436fa7aaf7d5c15f1c66099dffc8cc644e0d,,True,False
CHEMBL1256575,DRUGBANK:DB13480,CHEMBL1256575,Lentinan,4,4,1,False,False,False,False,True,False,,,,,0404436fa7aaf7d5c15f1c66099dffc8cc644e0d,,True,False
CHEMBL1256575,DRUGBANK:DB13647,CHEMBL1256575,Semustine,4,4,1,False,False,False,False,True,False,,,,,0404436fa7aaf7d5c15f1c66099dffc8cc644e0d,,True,False
CHEMBL1256575,DRUGBANK:DB13811,CHEMBL1256575,Oblimersen,4,4,1,False,False,False,False,True,False,,,,,0404436fa7aaf7d5c15f1c66099dffc8cc644e0d,,True,False
CHEMBL1256575,DRUGBANK:DB13896,CHEMBL1256575,Talimogene laherparepvec,4,4,1,False,False,False,False,True,False,,,,,0404436fa7aaf7d5c15f1c66099dffc8cc644e0d,,True,False
CHEMBL1256575,DRUGBANK:DB14865,CHEMBL1256575,Human interleukin-2,4,4,1,False,False,False,False,True,False,,,,,0404436fa7aaf7d5c15f1c66099dffc8cc644e0d,,True,False
CHEMBL1256575,DRUGBANK:DB14951,CHEMBL1256575,Etirinotecan pegol,4,4,1,False,False,False,False,True,False,,,,,0404436fa7aaf7d5c15f1c66099dffc8cc644e0d,,True,False
CHEMBL1256575,DRUGBANK:DB15699,CHEMBL1256575,Brexucabtagene autoleucel,4,4,1,False,False,False,False,True,False,,,,,0404436fa7aaf7d5c15f1c66099dffc8cc644e0d,,True,False
CHEMBL1256786,CHEMBL1363,FORMOTEROL,ARFORMOTEROL,1449,1710,1,False,True,False,False,False,False,,(-)-formoterol,,,,,False,True
CHEMBL1256978,CHEMBL4298127,GSK-364735,VRC-01LS,2,2,1,False,False,False,False,True,False,,,,,9abc49c290dd2de14eec95f4c2cf56dab767303c,,True,False
CHEMBL1256978,CHEMBL5095294,GSK-364735,TEROPAVIMAB,2,2,1,False,False,False,False,True,False,,,,,9abc49c290dd2de14eec95f4c2cf56dab767303c,,True,False
CHEMBL1269597,CHEMBL1956820,SCY 635,GS-9256,2,2,1,False,False,False,False,True,False,,,,,b806c3173fc3927bca13affa020f19fa854dc358,,True,False
CHEMBL1269597,CHEMBL1957287,SCY 635,TEGOBUVIR,2,2,1,False,False,False,False,True,False,,,,,b806c3173fc3927bca13affa020f19fa854dc358,,True,False
CHEMBL1269597,CHEMBL2043025,SCY 635,TMC-647055,2,2,1,False,False,False,False,True,False,,,,,b806c3173fc3927bca13affa020f19fa854dc358,,True,False
CHEMBL1269597,CHEMBL2105750,SCY 635,SOVAPREVIR,2,2,1,False,False,False,False,True,False,,,,,b806c3173fc3927bca13affa020f19fa854dc358,,True,False
CHEMBL1269597,CHEMBL2108360,SCY 635,MIRAVIRSEN,2,2,1,False,False,False,False,True,False,,,,,b806c3173fc3927bca13affa020f19fa854dc358,,True,False
CHEMBL1269597,CHEMBL2160007,SCY 635,PSI-352938,2,2,1,False,False,False,False,True,False,,,,,b806c3173fc3927bca13affa020f19fa854dc358,,True,False
CHEMBL1269597,CHEMBL3039503,SCY 635,LOMIBUVIR,2,2,1,False,False,False,False,True,False,,,,,b806c3173fc3927bca13affa020f19fa854dc358,,True,False
CHEMBL1269597,CHEMBL3039519,SCY 635,SAMATASVIR,2,2,1,False,False,False,False,True,False,,,,,b806c3173fc3927bca13affa020f19fa854dc358,,True,False
CHEMBL1269597,CHEMBL3121539,SCY 635,RADALBUVIR,2,2,1,False,False,False,False,True,False,,,,,b806c3173fc3927bca13affa020f19fa854dc358,,True,False
CHEMBL1269597,CHEMBL3707372,SCY 635,VOXILAPREVIR,2,2,1,False,False,False,False,True,False,,,,,b806c3173fc3927bca13affa020f19fa854dc358,,True,False
CHEMBL1269597,CHEMBL3833385,SCY 635,RUZASVIR,2,2,1,False,False,False,False,True,False,,,,,b806c3173fc3927bca13affa020f19fa854dc358,,True,False
CHEMBL1269597,CHEMBL4076467,SCY 635,ABT-072,2,2,1,False,False,False,False,True,False,,,,,b806c3173fc3927bca13affa020f19fa854dc358,,True,False
CHEMBL1269597,CHEMBL4297647,SCY 635,FURAPREVIR,2,2,1,False,False,False,False,True,False,,,,,b806c3173fc3927bca13affa020f19fa854dc358,,True,False
CHEMBL1269597,CHEMBL490672,SCY 635,FILIBUVIR,2,2,1,False,False,False,False,True,False,,,,,b806c3173fc3927bca13affa020f19fa854dc358,,True,False
CHEMBL1269597,CHEMBL562967,SCY 635,MERICITABINE,2,2,1,False,False,False,False,True,False,,,,,b806c3173fc3927bca13affa020f19fa854dc358,,True,False
CHEMBL127300,CHEMBL1697825,HEXOBENDINE,BUTALAMINE,3,3,1,False,False,False,False,True,False,,,,,c809cb02241f137ce888fa60ed6c0347f880d71a,,False,False
CHEMBL127300,CHEMBL1697844,HEXOBENDINE,NICOFURANOSE,3,3,1,False,False,False,False,True,False,,,,,c809cb02241f137ce888fa60ed6c0347f880d71a,,False,False
CHEMBL127300,CHEMBL1736151,HEXOBENDINE,ETAFENONE,3,3,1,False,False,False,False,True,False,,,,,c809cb02241f137ce888fa60ed6c0347f880d71a,,False,False
CHEMBL127300,CHEMBL1892145,HEXOBENDINE,VINBURNINE,3,3,1,False,False,False,False,True,False,,,,,c809cb02241f137ce888fa60ed6c0347f880d71a,,False,False
CHEMBL127300,CHEMBL1908307,HEXOBENDINE,FLOSEQUINAN,3,3,1,False,False,False,False,True,False,,,,,c809cb02241f137ce888fa60ed6c0347f880d71a,,False,False
CHEMBL127300,CHEMBL2104282,HEXOBENDINE,IMOLAMINE,3,3,1,False,False,False,False,True,False,,,,,c809cb02241f137ce888fa60ed6c0347f880d71a,,False,False
CHEMBL1276127,CHEMBL4650437,INDIRUBIN,EBDAROKIMAB,2,2,1,False,False,False,False,True,False,,,,,0e07c8d98430ea078659ff995a84cdccb4e65362,,True,False
CHEMBL128136,CHEMBL23293,CHEMBL128136,SALIRASIB,4,4,1,False,False,False,False,True,False,,,,,0404436fa7aaf7d5c15f1c66099dffc8cc644e0d,,True,False
CHEMBL128136,CHEMBL2376648,CHEMBL128136,X-396,4,4,1,False,False,False,False,True,False,,,,,0404436fa7aaf7d5c15f1c66099dffc8cc644e0d,,True,False
CHEMBL128136,CHEMBL267099,CHEMBL128136,TUBERCIDIN,4,4,1,False,False,False,False,True,False,,,,,0404436fa7aaf7d5c15f1c66099dffc8cc644e0d,,True,False
CHEMBL128136,CHEMBL367788,CHEMBL128136,NSC-324360,4,4,1,False,False,False,False,True,False,,,,,0404436fa7aaf7d5c15f1c66099dffc8cc644e0d,,True,False
CHEMBL128136,CHEMBL37537,CHEMBL128136,PROTOCATECHUIC ACID,4,4,1,False,False,False,False,True,False,,,,,0404436fa7aaf7d5c15f1c66099dffc8cc644e0d,,True,False
CHEMBL128136,CHEMBL419186,CHEMBL128136,CHEMBL419186,4,4,1,False,False,False,False,True,False,,,,,0404436fa7aaf7d5c15f1c66099dffc8cc644e0d,,True,False
CHEMBL128136,CHEMBL4296683,CHEMBL128136,CHEMBL4296683,4,4,1,False,False,False,False,True,False,,,,,0404436fa7aaf7d5c15f1c66099dffc8cc644e0d,,True,False
CHEMBL128136,CHEMBL449303,CHEMBL128136,GINSENOSIDE RB2,4,4,1,False,False,False,False,True,False,,,,,0404436fa7aaf7d5c15f1c66099dffc8cc644e0d,,True,False
CHEMBL128136,CHEMBL47405,CHEMBL128136,ETANIDAZOLE,4,4,1,False,False,False,False,True,False,,,,,0404436fa7aaf7d5c15f1c66099dffc8cc644e0d,,True,False
CHEMBL128136,CHEMBL99668,CHEMBL128136,TOYOCAMYCIN,4,4,1,False,False,False,False,True,False,,,,,0404436fa7aaf7d5c15f1c66099dffc8cc644e0d,,True,False
CHEMBL128136,DRUGBANK:DB03509,CHEMBL128136,2-(4-Chlorophenyl)-5-Quinoxalinecarboxamide,4,4,1,False,False,False,False,True,False,,,,,0404436fa7aaf7d5c15f1c66099dffc8cc644e0d,,True,False
CHEMBL128136,DRUGBANK:DB03825,CHEMBL128136,Rhodamine 6G,4,4,1,False,False,False,False,True,False,,,,,0404436fa7aaf7d5c15f1c66099dffc8cc644e0d,,True,False
CHEMBL128136,DRUGBANK:DB04106,CHEMBL128136,Fotemustine,4,4,1,False,False,False,False,True,False,,,,,0404436fa7aaf7d5c15f1c66099dffc8cc644e0d,,True,False
CHEMBL128136,DRUGBANK:DB04900,CHEMBL128136,Thymalfasin,4,4,1,False,False,False,False,True,False,,,,,0404436fa7aaf7d5c15f1c66099dffc8cc644e0d,,True,False
CHEMBL128136,DRUGBANK:DB04907,CHEMBL128136,Sitimagene ceradenovec,4,4,1,False,False,False,False,True,False,,,,,0404436fa7aaf7d5c15f1c66099dffc8cc644e0d,,True,False
CHEMBL128136,DRUGBANK:DB04950,CHEMBL128136,Ranpirnase,4,4,1,False,False,False,False,True,False,,,,,0404436fa7aaf7d5c15f1c66099dffc8cc644e0d,,True,False
CHEMBL128136,DRUGBANK:DB05697,CHEMBL128136,Trabedersen,4,4,1,False,False,False,False,True,False,,,,,0404436fa7aaf7d5c15f1c66099dffc8cc644e0d,,True,False
CHEMBL128136,DRUGBANK:DB06021,CHEMBL128136,AV-412,4,4,1,False,False,False,False,True,False,,,,,0404436fa7aaf7d5c15f1c66099dffc8cc644e0d,,True,False
CHEMBL128136,DRUGBANK:DB06181,CHEMBL128136,EMD-1201081,4,4,1,False,False,False,False,True,False,,,,,0404436fa7aaf7d5c15f1c66099dffc8cc644e0d,,True,False
CHEMBL128136,DRUGBANK:DB06517,CHEMBL128136,MLN576,4,4,1,False,False,False,False,True,False,,,,,0404436fa7aaf7d5c15f1c66099dffc8cc644e0d,,True,False
CHEMBL128136,DRUGBANK:DB12083,CHEMBL128136,Mafosfamide,4,4,1,False,False,False,False,True,False,,,,,0404436fa7aaf7d5c15f1c66099dffc8cc644e0d,,True,False
CHEMBL128136,DRUGBANK:DB12182,CHEMBL128136,Binetrakin,4,4,1,False,False,False,False,True,False,,,,,0404436fa7aaf7d5c15f1c66099dffc8cc644e0d,,True,False
CHEMBL128136,DRUGBANK:DB12379,CHEMBL128136,Indirubin,4,4,1,False,False,False,False,True,False,,,,,0404436fa7aaf7d5c15f1c66099dffc8cc644e0d,,True,False
CHEMBL128136,DRUGBANK:DB13128,CHEMBL128136,Sizofiran,4,4,1,False,False,False,False,True,False,,,,,0404436fa7aaf7d5c15f1c66099dffc8cc644e0d,,True,False
CHEMBL128136,DRUGBANK:DB13480,CHEMBL128136,Lentinan,4,4,1,False,False,False,False,True,False,,,,,0404436fa7aaf7d5c15f1c66099dffc8cc644e0d,,True,False
CHEMBL128136,DRUGBANK:DB13647,CHEMBL128136,Semustine,4,4,1,False,False,False,False,True,False,,,,,0404436fa7aaf7d5c15f1c66099dffc8cc644e0d,,True,False
CHEMBL128136,DRUGBANK:DB13811,CHEMBL128136,Oblimersen,4,4,1,False,False,False,False,True,False,,,,,0404436fa7aaf7d5c15f1c66099dffc8cc644e0d,,True,False
CHEMBL128136,DRUGBANK:DB13896,CHEMBL128136,Talimogene laherparepvec,4,4,1,False,False,False,False,True,False,,,,,0404436fa7aaf7d5c15f1c66099dffc8cc644e0d,,True,False
CHEMBL128136,DRUGBANK:DB14865,CHEMBL128136,Human interleukin-2,4,4,1,False,False,False,False,True,False,,,,,0404436fa7aaf7d5c15f1c66099dffc8cc644e0d,,True,False
CHEMBL128136,DRUGBANK:DB14951,CHEMBL128136,Etirinotecan pegol,4,4,1,False,False,False,False,True,False,,,,,0404436fa7aaf7d5c15f1c66099dffc8cc644e0d,,True,False
CHEMBL128136,DRUGBANK:DB15699,CHEMBL128136,Brexucabtagene autoleucel,4,4,1,False,False,False,False,True,False,,,,,0404436fa7aaf7d5c15f1c66099dffc8cc644e0d,,True,False
CHEMBL1288810,CHEMBL151445,LEVODROPROPIZINE,DROPROPIZINE,2,3,1,False,True,False,False,False,False,,(-)-dropropizine,,,,,False,True
CHEMBL1290003,CHEMBL289469,CHEMBL1290003,GRANISETRON,1029,16,1,False,True,False,False,False,False,,Granisetron,,,,,False,True
CHEMBL1294,CHEMBL170,QUINIDINE,QUININE,2534,2199,1,False,True,False,False,False,False,,β-quinine,,,,,False,True
CHEMBL1313657,CHEMBL420,CHEMBL1313657,GUANABENZ,1017,2,1,False,True,False,False,False,False,,Guanabenz,,,,,False,True
CHEMBL1315492,CHEMBL2105291,ALTRENOGEST,QUINGESTANOL ACETATE,105,105,1,False,False,False,False,True,False,,,,,8cee4fe07e9d5d5c4a2f7068db60951570deba00,,True,False
CHEMBL1315492,CHEMBL2106801,ALTRENOGEST,NORMETHANDRONE,105,105,1,False,False,False,False,True,False,,,,,8cee4fe07e9d5d5c4a2f7068db60951570deba00,,True,False
CHEMBL1318150,CHEMBL2104266,ASPOXICILLIN,EPICILLIN,158,158,1,False,False,False,False,True,False,,,,,70c3eb6cbd9cd21fe93bd0b590e42ef2c8512b15,,False,False
CHEMBL1318150,CHEMBL2105612,ASPOXICILLIN,PROPICILLIN,158,158,1,False,False,False,False,True,False,,,,,70c3eb6cbd9cd21fe93bd0b590e42ef2c8512b15,,False,False
CHEMBL1318150,CHEMBL2106548,ASPOXICILLIN,CLOMETOCILLIN,158,158,1,False,False,False,False,True,False,,,,,70c3eb6cbd9cd21fe93bd0b590e42ef2c8512b15,,False,False
CHEMBL1318150,CHEMBL2106988,ASPOXICILLIN,PENAMECILLIN,158,158,1,False,False,False,False,True,False,,,,,70c3eb6cbd9cd21fe93bd0b590e42ef2c8512b15,,False,False
CHEMBL1321154,CHEMBL1766417,ROXARSONE,CHEMBL1766417,19,19,1,False,False,False,False,True,False,,,,,a5f75572e455ef1428c04011b389f1c4c27c127d,,True,False
CHEMBL1321154,CHEMBL2104423,ROXARSONE,NARASIN,19,19,1,False,False,False,False,True,False,,,,,a5f75572e455ef1428c04011b389f1c4c27c127d,,True,False
CHEMBL1321154,CHEMBL2105807,ROXARSONE,MADURAMICIN,19,19,1,False,False,False,False,True,False,,,,,a5f75572e455ef1428c04011b389f1c4c27c127d,,True,False
CHEMBL1321154,CHEMBL2107342,ROXARSONE,GAMITHROMYCIN,19,19,1,False,False,False,False,True,False,,,,,a5f75572e455ef1428c04011b389f1c4c27c127d,,True,False
CHEMBL1321154,CHEMBL346059,ROXARSONE,CHEMBL346059,19,19,1,False,False,False,False,True,False,,,,,a5f75572e455ef1428c04011b389f1c4c27c127d,,True,False
CHEMBL1321154,CHEMBL410968,ROXARSONE,CHEMBL410968,19,19,1,False,False,False,False,True,False,,,,,a5f75572e455ef1428c04011b389f1c4c27c127d,,True,False
CHEMBL1321154,CHEMBL478120,ROXARSONE,MARBOFLOXACIN,19,19,1,False,False,False,False,True,False,,,,,a5f75572e455ef1428c04011b389f1c4c27c127d,,True,False
CHEMBL1321154,DRUGBANK:DB02237,ROXARSONE,Maltotetraose,19,19,1,False,False,False,False,True,False,,,,,a5f75572e455ef1428c04011b389f1c4c27c127d,,True,False
CHEMBL1321154,DRUGBANK:DB04952,ROXARSONE,Ramoplanin,19,19,1,False,False,False,False,True,False,,,,,a5f75572e455ef1428c04011b389f1c4c27c127d,,True,False
CHEMBL1321154,DRUGBANK:DB11375,ROXARSONE,Avilamycin,19,19,1,False,False,False,False,True,False,,,,,a5f75572e455ef1428c04011b389f1c4c27c127d,,True,False
CHEMBL1321154,DRUGBANK:DB11377,ROXARSONE,Bambermycins,19,19,1,False,False,False,False,True,False,,,,,a5f75572e455ef1428c04011b389f1c4c27c127d,,True,False
CHEMBL1321154,DRUGBANK:DB11401,ROXARSONE,Efrotomycin,19,19,1,False,False,False,False,True,False,,,,,a5f75572e455ef1428c04011b389f1c4c27c127d,,True,False
CHEMBL1321154,DRUGBANK:DB11474,ROXARSONE,Tulathromycin A,19,19,1,False,False,False,False,True,False,,,,,a5f75572e455ef1428c04011b389f1c4c27c127d,,True,False
CHEMBL1321154,DRUGBANK:DB13172,ROXARSONE,Tunicamycin,19,19,1,False,False,False,False,True,False,,,,,a5f75572e455ef1428c04011b389f1c4c27c127d,,True,False
CHEMBL1321154,DRUGBANK:DB13704,ROXARSONE,Pristinamycin,19,19,1,False,False,False,False,True,False,,,,,a5f75572e455ef1428c04011b389f1c4c27c127d,,True,False
CHEMBL1321154,DRUGBANK:DB13705,ROXARSONE,Decamethoxine,19,19,1,False,False,False,False,True,False,,,,,a5f75572e455ef1428c04011b389f1c4c27c127d,,True,False
CHEMBL1321154,DRUGBANK:DB14051,ROXARSONE,Malacidin A,19,19,1,False,False,False,False,True,False,,,,,a5f75572e455ef1428c04011b389f1c4c27c127d,,True,False
CHEMBL1321154,DRUGBANK:DB14052,ROXARSONE,Malacidin B,19,19,1,False,False,False,False,True,False,,,,,a5f75572e455ef1428c04011b389f1c4c27c127d,,True,False
CHEMBL1321154,DRUGBANK:DB15657,ROXARSONE,Ala-geninthiocin,19,19,1,False,False,False,False,True,False,,,,,a5f75572e455ef1428c04011b389f1c4c27c127d,,True,False
CHEMBL1328968,DRUGBANK:DB11529,MELENGESTROL ACETATE,Melengestrol,852,930,1,False,True,False,False,False,False,,Melengestrol,,,,,True,True
CHEMBL1328968,CHEMBL2106011,MELENGESTROL ACETATE,CLOCORTOLONE ACETATE,852,852,1,False,False,False,False,True,False,,,,,9d14b78fd50cf54e4d7de634582e013177df5a19,,False,False
CHEMBL1330588,CHEMBL1491306,METHYLTHIOURACIL,BENZYLTHIOURACIL,328,328,1,False,False,False,False,True,False,,,,,5ccf7aedd4ee242a76504b6e41c6c85e147ac78f,,False,False
CHEMBL1330729,CHEMBL49080,CLENBUTEROL HYDROCHLORIDE,CLENBUTEROL,2,815,1,False,True,False,False,False,False,,Clenbuterol hydrochloride,,,,,False,True
CHEMBL1331216,CHEMBL517712,HYOSCYAMINE,ATROPINE,1331,1548,1,False,True,False,False,False,False,,(-)-atropine,,,,,False,True
CHEMBL134342,CHEMBL33864,THIOCTIC ACID,"LIPOIC ACID, ALPHA",146,28,1,False,True,False,False,False,False,,Thioctic acid,,,,,False,True
CHEMBL135400,CHEMBL1522,ZOPICLONE,ESZOPICLONE,1240,1709,1,False,True,False,False,False,False,,(+)-Zopiclone,,,,,False,True
CHEMBL1363,RXNORM:25255,ARFORMOTEROL,formoterol,1710,2,1,False,True,False,False,False,False,,(-)-formoterol,,,,,True,True
CHEMBL136497,CHEMBL1712923,IRSOGLADINE,IRSOGLADINE MALEATE,5,4,1,False,True,False,False,False,False,,Irsogladine maleate,,,,,False,True
CHEMBL136560,CHEMBL61006,"(1R,2S)-PHENYLPROPANOLAMINE",PHENYLPROPANOLAMINE,974,4,1,False,True,False,False,False,False,,(+-)-Phenylpropanolamine,,,,,False,True
CHEMBL13786,CHEMBL2108291,Met-Enkephalin,METENKEFALIN,3,6,1,False,True,False,False,False,False,,Met-enkephalin,,,,,True,True
CHEMBL1389,CHEMBL2107797,LEVONORGESTREL,NORGESTREL,782,2,1,False,True,False,False,False,False,,"Norgestrel, (-)-",,,,,True,True
CHEMBL1389,DRUGBANK:DB09389,LEVONORGESTREL,Norgestrel,782,459,1,False,True,False,False,False,False,,"Norgestrel, (-)-",,,,,True,True
CHEMBL139367,CHEMBL3989402,PERAMIVIR ANHYDROUS,PERAMIVIR,15,2,1,False,True,False,False,False,False,,Peramivir,,,,,False,True
CHEMBL139835,CHEMBL142130,CYPROTERONE ACETATE,CYPROTERONE,826,1,1,False,True,False,False,False,False,,Cyproterone,,,,,True,True
CHEMBL14,CHEMBL965,CARBACHOL,CARBAMOYLCHOLINE,5,131,1,False,True,False,False,False,False,,Carbachol,,,,,False,True
CHEMBL1400,CHEMBL4650315,O-DESMETHYL TRAMADOL,DESMETRAMADOL,1,1,1,False,True,False,False,False,False,,O-desmethyl tramadol,,,,,True,True
CHEMBL14193,CHEMBL293492,4-HYDROXYBENZALDEHYDE,CINNAMALDEHYDE,2,2,1,False,False,False,False,True,False,,,,,53d2a66acd4d25c79d717db2b3249d010de6bf36,,True,False
CHEMBL14193,CHEMBL446036,4-HYDROXYBENZALDEHYDE,MALONALDEHYDE,2,2,1,False,False,False,False,True,False,,,,,53d2a66acd4d25c79d717db2b3249d010de6bf36,,True,False
CHEMBL14193,DRUGBANK:DB03174,4-HYDROXYBENZALDEHYDE,Phosphonoacetaldehyde,2,2,1,False,False,False,False,True,False,,,,,53d2a66acd4d25c79d717db2b3249d010de6bf36,,True,False
CHEMBL1434513,CHEMBL1437,NOREPINEPHRINE BITARTRATE,NOREPINEPHRINE,10,1041,1,False,True,False,False,False,False,,Norepinephrine,,,,,False,True
CHEMBL1436,CHEMBL2146124,CEFUROXIME,CEFUROXIME SODIUM,839,4,1,False,True,False,False,False,False,,Cefuroxime,,,,,False,True
CHEMBL14370,CHEMBL180101,REBOXETINE,ESREBOXETINE,12,748,1,False,True,False,False,False,False,,REBOXETINE,,,,,False,True
CHEMBL14370,CHEMBL383921,REBOXETINE,CHEMBL383921,12,887,1,False,True,False,False,False,False,,Reboxetine,,,,,False,True
CHEMBL1441570,CHEMBL1897362,CHEMBL1441570,HALOXON,14,14,1,False,False,False,False,True,False,,,,,93d41c97370d68ccc783478b6f0d9e16ceb4bf57,,True,False
CHEMBL1441570,CHEMBL303984,CHEMBL1441570,CHLOROBIOCIN,14,14,1,False,False,False,False,True,False,,,,,93d41c97370d68ccc783478b6f0d9e16ceb4bf57,,True,False
CHEMBL1443577,CHEMBL1474129,SULFACHLORPYRIDAZINE,CLORSULON,109,109,1,False,False,False,False,True,False,,,,,61548e270b16f10cdc5e3322f635f75fcb66e1f5,,True,False
CHEMBL1443577,CHEMBL1484857,SULFACHLORPYRIDAZINE,SUCCINYLSULFATHIAZOLE,109,109,1,False,False,False,False,True,False,,,,,61548e270b16f10cdc5e3322f635f75fcb66e1f5,,True,False
CHEMBL1443577,CHEMBL1524273,SULFACHLORPYRIDAZINE,PHTHALYLSULFATHIAZOLE,109,109,1,False,False,False,False,True,False,,,,,61548e270b16f10cdc5e3322f635f75fcb66e1f5,,True,False
CHEMBL1443577,CHEMBL3186751,SULFACHLORPYRIDAZINE,CHEMBL3186751,109,109,1,False,False,False,False,True,False,,,,,61548e270b16f10cdc5e3322f635f75fcb66e1f5,,True,False
CHEMBL1443577,CHEMBL338802,SULFACHLORPYRIDAZINE,SULFAGUANIDINE,109,109,1,False,False,False,False,True,False,,,,,61548e270b16f10cdc5e3322f635f75fcb66e1f5,,True,False
CHEMBL1443577,CHEMBL3833354,SULFACHLORPYRIDAZINE,SULFATOLAMIDE,109,109,1,False,False,False,False,True,False,,,,,61548e270b16f10cdc5e3322f635f75fcb66e1f5,,True,False
CHEMBL1443577,CHEMBL493636,SULFACHLORPYRIDAZINE,SULFANITRAN,109,109,1,False,False,False,False,True,False,,,,,61548e270b16f10cdc5e3322f635f75fcb66e1f5,,True,False
CHEMBL144366,CHEMBL2272031,PYROQUILON,PENTAMYCIN,14,14,1,False,False,False,False,True,False,,,,,1f56b0b7dbcbc946198137d79c7c6e1c25d17605,,True,False
CHEMBL144366,CHEMBL240963,PYROQUILON,LAWSONE,14,14,1,False,False,False,False,True,False,,,,,1f56b0b7dbcbc946198137d79c7c6e1c25d17605,,True,False
CHEMBL144366,CHEMBL309339,PYROQUILON,SALICYLHYDROXAMIC ACID,14,14,1,False,False,False,False,True,False,,,,,1f56b0b7dbcbc946198137d79c7c6e1c25d17605,,True,False
CHEMBL144366,CHEMBL486174,PYROQUILON,PECILOCIN,14,14,1,False,False,False,False,True,False,,,,,1f56b0b7dbcbc946198137d79c7c6e1c25d17605,,True,False
CHEMBL144366,CHEMBL514315,PYROQUILON,NIFURATEL,14,14,1,False,False,False,False,True,False,,,,,1f56b0b7dbcbc946198137d79c7c6e1c25d17605,,True,False
CHEMBL144366,CHEMBL97972,PYROQUILON,PYRROLNITRIN,14,14,1,False,False,False,False,True,False,,,,,1f56b0b7dbcbc946198137d79c7c6e1c25d17605,,True,False
CHEMBL144366,DRUGBANK:DB14058,PYROQUILON,Basifungin,14,14,1,False,False,False,False,True,False,,,,,1f56b0b7dbcbc946198137d79c7c6e1c25d17605,,True,False
CHEMBL1451173,CHEMBL1697856,DIPYROCETYL,BUCETIN,2,2,1,False,False,False,False,True,False,,,,,3b56a264f27444123fb04dcc674c19d7bf5f729e,,False,False
CHEMBL1451173,CHEMBL2104940,DIPYROCETYL,VIMINOL,2,2,1,False,False,False,False,True,False,,,,,3b56a264f27444123fb04dcc674c19d7bf5f729e,,False,False
CHEMBL1451173,CHEMBL3707214,DIPYROCETYL,MORPHOLINE SALICYLATE,2,2,1,False,False,False,False,True,False,,,,,3b56a264f27444123fb04dcc674c19d7bf5f729e,,False,False
CHEMBL1451173,CHEMBL3707342,DIPYROCETYL,POTASSIUM SALICYLATE,2,2,1,False,False,False,False,True,False,,,,,3b56a264f27444123fb04dcc674c19d7bf5f729e,,False,False
CHEMBL1451173,CHEMBL4594214,DIPYROCETYL,ZICONOTIDE,2,2,1,False,False,False,False,True,False,,,,,3b56a264f27444123fb04dcc674c19d7bf5f729e,,False,False
CHEMBL1454946,CHEMBL37161,FLUBENDAZOLE,FENBENDAZOLE,2,2,1,False,False,False,False,True,False,,,,,e98f0d54957d2094e0c5cfa7a3223be5cf0b1bba,,False,False
CHEMBL1473,RXNORM:41126,FLUTICASONE PROPIONATE,fluticasone,1838,6,1,False,True,False,False,False,False,,Fluticasone,,,,,True,True
CHEMBL1474129,CHEMBL1484857,CLORSULON,SUCCINYLSULFATHIAZOLE,109,109,1,False,False,False,False,True,False,,,,,61548e270b16f10cdc5e3322f635f75fcb66e1f5,,True,False
CHEMBL1474129,CHEMBL1524273,CLORSULON,PHTHALYLSULFATHIAZOLE,109,109,1,False,False,False,False,True,False,,,,,61548e270b16f10cdc5e3322f635f75fcb66e1f5,,True,False
CHEMBL1474129,CHEMBL3186751,CLORSULON,CHEMBL3186751,109,109,1,False,False,False,False,True,False,,,,,61548e270b16f10cdc5e3322f635f75fcb66e1f5,,True,False
CHEMBL1474129,CHEMBL338802,CLORSULON,SULFAGUANIDINE,109,109,1,False,False,False,False,True,False,,,,,61548e270b16f10cdc5e3322f635f75fcb66e1f5,,True,False
CHEMBL1474129,CHEMBL3833354,CLORSULON,SULFATOLAMIDE,109,109,1,False,False,False,False,True,False,,,,,61548e270b16f10cdc5e3322f635f75fcb66e1f5,,True,False
CHEMBL1474129,CHEMBL493636,CLORSULON,SULFANITRAN,109,109,1,False,False,False,False,True,False,,,,,61548e270b16f10cdc5e3322f635f75fcb66e1f5,,True,False
CHEMBL147507,CHEMBL558,(R)-MEXILETINE,MEXILETINE,1,778,1,False,True,False,False,False,False,,mexiletine,,,,,True,True
CHEMBL1484857,CHEMBL1524273,SUCCINYLSULFATHIAZOLE,PHTHALYLSULFATHIAZOLE,109,109,1,False,False,False,False,True,False,,,,,61548e270b16f10cdc5e3322f635f75fcb66e1f5,,True,False
CHEMBL1484857,CHEMBL3186751,SUCCINYLSULFATHIAZOLE,CHEMBL3186751,109,109,1,False,False,False,False,True,False,,,,,61548e270b16f10cdc5e3322f635f75fcb66e1f5,,True,False
CHEMBL1484857,CHEMBL338802,SUCCINYLSULFATHIAZOLE,SULFAGUANIDINE,109,109,1,False,False,False,False,True,False,,,,,61548e270b16f10cdc5e3322f635f75fcb66e1f5,,True,False
CHEMBL1484857,CHEMBL3833354,SUCCINYLSULFATHIAZOLE,SULFATOLAMIDE,109,109,1,False,False,False,False,True,False,,,,,61548e270b16f10cdc5e3322f635f75fcb66e1f5,,True,False
CHEMBL1484857,CHEMBL493636,SUCCINYLSULFATHIAZOLE,SULFANITRAN,109,109,1,False,False,False,False,True,False,,,,,61548e270b16f10cdc5e3322f635f75fcb66e1f5,,True,False
CHEMBL1486,CHEMBL483,TENOFOVIR DISOPROXIL FUMARATE,TENOFOVIR,18,1299,1,False,True,False,False,False,False,,Tenofovir,,,,,False,True
CHEMBL1499,CHEMBL1650,CORTISONE,CORTISONE ACETATE,935,1330,1,False,True,False,False,False,False,,Cortisone,,,,,False,True
CHEMBL1508,CHEMBL549,ESCITALOPRAM,CITALOPRAM,1715,1718,1,False,True,False,False,False,False,,(+)-Citalopram,,,,,False,True
CHEMBL1512080,CHEMBL2104340,METHISAZONE,IBACITABINE,13,13,1,False,False,False,False,True,False,,,,,9691d4569e4e386275c40e348a87c7b62ebd61d9,,False,False
CHEMBL152,CHEMBL5314375,CIDOFOVIR ANHYDROUS,CIDOFOVIR,829,15,1,False,True,False,False,False,False,,Cidofovir,,,,,False,True
CHEMBL1520837,CHEMBL406291,GNF-Pf-1859,BRADYKININ,2,2,1,False,False,False,False,True,False,,,,,e4f932b9af89e60e16c8b4cd40e24ee4a5bdfd59,,True,False
CHEMBL1520837,DRUGBANK:DB05306,GNF-Pf-1859,Alferminogene tadenovec,2,2,1,False,False,False,False,True,False,,,,,e4f932b9af89e60e16c8b4cd40e24ee4a5bdfd59,,True,False
CHEMBL1520837,DRUGBANK:DB06379,GNF-Pf-1859,Calcitonin gene-related peptide,2,2,1,False,False,False,False,True,False,,,,,e4f932b9af89e60e16c8b4cd40e24ee4a5bdfd59,,True,False
CHEMBL1524273,CHEMBL3186751,PHTHALYLSULFATHIAZOLE,CHEMBL3186751,109,109,1,False,False,False,False,True,False,,,,,61548e270b16f10cdc5e3322f635f75fcb66e1f5,,True,False
CHEMBL1524273,CHEMBL338802,PHTHALYLSULFATHIAZOLE,SULFAGUANIDINE,109,109,1,False,False,False,False,True,False,,,,,61548e270b16f10cdc5e3322f635f75fcb66e1f5,,True,False
CHEMBL1524273,CHEMBL3833354,PHTHALYLSULFATHIAZOLE,SULFATOLAMIDE,109,109,1,False,False,False,False,True,False,,,,,61548e270b16f10cdc5e3322f635f75fcb66e1f5,,True,False
CHEMBL1524273,CHEMBL493636,PHTHALYLSULFATHIAZOLE,SULFANITRAN,109,109,1,False,False,False,False,True,False,,,,,61548e270b16f10cdc5e3322f635f75fcb66e1f5,,True,False
CHEMBL153036,CHEMBL41,R-FLUOXETINE,FLUOXETINE,1,1906,1,False,True,False,False,False,False,,Fluoxetine,,,,,False,True
CHEMBL1536,DRUGBANK:DB11094,ERGOCALCIFEROL,Vitamin D,301,588,1,False,True,False,False,False,False,,Vitamin d,,,,,True,True
CHEMBL1547,CHEMBL1588,THIAMINE ION,THIAMINE,95,14,1,False,True,False,False,False,False,,Thiamine,,,,,False,True
CHEMBL1565476,DRUGBANK:DB07402,APAZONE,Azapropazone,1,1384,1,False,True,False,False,False,False,,Apazone,,,,,True,True
CHEMBL15768,CHEMBL2252949,CHEMBL15768,(-)-CAMPHOR,23,4,1,False,True,False,False,False,False,,(+/-)-camphor,,,,,True,True
CHEMBL15768,CHEMBL504760,CHEMBL15768,CAMPHOR,23,16,1,False,True,False,False,False,False,,(+/-)-camphor,,,,,False,True
CHEMBL1590,CHEMBL211456,PSEUDOEPHEDRINE,EPHEDRINE,1206,1085,1,False,True,False,False,False,False,,ψ-ephedrine,,,,,False,True
CHEMBL159659,CHEMBL651,LEVOMETHADONE,METHADONE,3,2165,1,False,True,False,False,False,False,,(-)-methadone,,,,,True,True
CHEMBL1603,CHEMBL1651906,STREPTOZOSIN,STREPTOZOCIN,643,10,1,False,True,False,False,False,False,,Streptozocin,,,,,True,True
CHEMBL1607,CHEMBL84,TOPOTECAN HYDROCHLORIDE,TOPOTECAN,73,1546,1,False,True,False,False,False,False,,Topotecan,,,,,False,True
CHEMBL1607480,CHEMBL3989568,OXYTETRACYCLINE HYDROCHLORIDE,OXYTETRACYCLINE CALCIUM,2,2,1,False,False,False,False,True,False,,,,,a32225082d25098d33c05957085c787c2a4b931e,,False,False
CHEMBL1628161,CHEMBL2106236,MOXESTROL,EPIMESTROL,496,496,1,False,False,False,False,True,False,,,,,ce1bfb776adf39f7bdd93ad1947209a906aa5b1d,,True,False
CHEMBL1628161,DRUGBANK:DB09369,MOXESTROL,Polyestradiol phosphate,496,496,1,False,False,False,False,True,False,,,,,ce1bfb776adf39f7bdd93ad1947209a906aa5b1d,,True,False
CHEMBL1628161,DRUGBANK:DB13143,MOXESTROL,Methallenestril,496,496,1,False,False,False,False,True,False,,,,,ce1bfb776adf39f7bdd93ad1947209a906aa5b1d,,True,False
CHEMBL1632,CHEMBL617,CEPHALOTHIN SODIUM,CEPHALOTHIN,1,895,1,False,True,False,False,False,False,,Cephalothin,,,,,False,True
CHEMBL1649931,CHEMBL35033,PF-232798,EMIVIRINE,13,13,1,False,False,False,False,True,False,,,,,5cb5644f471a3db7e9abba748b6f0569f969004d,,False,False
CHEMBL1649931,CHEMBL54893,PF-232798,UC 781,13,13,1,False,False,False,False,True,False,,,,,5cb5644f471a3db7e9abba748b6f0569f969004d,,False,False
CHEMBL1652442,CHEMBL539666,PIPERAQUINE TETRAPHOSPHATE,PIPERAQUINE PHOSPHATE,2,3,1,False,True,False,False,False,False,,Piperaquine Phosphate,,,,,False,True
CHEMBL165372,CHEMBL420671,CHEMBL165372,CHEMBL420671,2,2,1,False,False,False,False,True,False,,,,,10cfcfec9b05465d6fd9e011dd8fef2eee9a6d90,,True,False
CHEMBL165372,CHEMBL54277,CHEMBL165372,CHEMBL54277,2,2,1,False,False,False,False,True,False,,,,,10cfcfec9b05465d6fd9e011dd8fef2eee9a6d90,,True,False
CHEMBL168815,CHEMBL2218917,CEVIMELINE,CEVIMELINE HYDROCHLORIDE,2,2,1,False,True,False,False,False,False,,Cevimeline,,,,,False,True
CHEMBL1691,CHEMBL423,BETAXOLOL HYDROCHLORIDE,BETAXOLOL,4,1550,1,False,True,False,False,False,False,,Betaxolol,,,,,False,True
CHEMBL1697742,CHEMBL2109168,DEXTRAN,DEXTRAN 40,5,1,1,False,True,False,False,False,False,,Dextran 40,,,,,True,True
CHEMBL1697763,CHEMBL3707254,NIFURTOINOL,FURAZIDIN,2,2,1,False,False,False,False,True,False,,,,,d38746acce59e36205ac4ba1e80818447455f10c,,True,False
CHEMBL1697825,CHEMBL1697844,BUTALAMINE,NICOFURANOSE,3,3,1,False,False,False,False,True,False,,,,,c809cb02241f137ce888fa60ed6c0347f880d71a,,False,False
CHEMBL1697825,CHEMBL1736151,BUTALAMINE,ETAFENONE,3,3,1,False,False,False,False,True,False,,,,,c809cb02241f137ce888fa60ed6c0347f880d71a,,False,False
CHEMBL1697825,CHEMBL1892145,BUTALAMINE,VINBURNINE,3,3,1,False,False,False,False,True,False,,,,,c809cb02241f137ce888fa60ed6c0347f880d71a,,False,False
CHEMBL1697825,CHEMBL1908307,BUTALAMINE,FLOSEQUINAN,3,3,1,False,False,False,False,True,False,,,,,c809cb02241f137ce888fa60ed6c0347f880d71a,,False,False
CHEMBL1697825,CHEMBL2104282,BUTALAMINE,IMOLAMINE,3,3,1,False,False,False,False,True,False,,,,,c809cb02241f137ce888fa60ed6c0347f880d71a,,False,False
CHEMBL1697844,CHEMBL1736151,NICOFURANOSE,ETAFENONE,3,3,1,False,False,False,False,True,False,,,,,c809cb02241f137ce888fa60ed6c0347f880d71a,,False,False
CHEMBL1697844,CHEMBL1892145,NICOFURANOSE,VINBURNINE,3,3,1,False,False,False,False,True,False,,,,,c809cb02241f137ce888fa60ed6c0347f880d71a,,False,False
CHEMBL1697844,CHEMBL1908307,NICOFURANOSE,FLOSEQUINAN,3,3,1,False,False,False,False,True,False,,,,,c809cb02241f137ce888fa60ed6c0347f880d71a,,False,False
CHEMBL1697844,CHEMBL2104282,NICOFURANOSE,IMOLAMINE,3,3,1,False,False,False,False,True,False,,,,,c809cb02241f137ce888fa60ed6c0347f880d71a,,False,False
CHEMBL1697856,CHEMBL2104940,BUCETIN,VIMINOL,2,2,1,False,False,False,False,True,False,,,,,3b56a264f27444123fb04dcc674c19d7bf5f729e,,False,False
CHEMBL1697856,CHEMBL3707214,BUCETIN,MORPHOLINE SALICYLATE,2,2,1,False,False,False,False,True,False,,,,,3b56a264f27444123fb04dcc674c19d7bf5f729e,,False,False
CHEMBL1697856,CHEMBL3707342,BUCETIN,POTASSIUM SALICYLATE,2,2,1,False,False,False,False,True,False,,,,,3b56a264f27444123fb04dcc674c19d7bf5f729e,,False,False
CHEMBL1697856,CHEMBL4594214,BUCETIN,ZICONOTIDE,2,2,1,False,False,False,False,True,False,,,,,3b56a264f27444123fb04dcc674c19d7bf5f729e,,False,False
CHEMBL169896,CHEMBL3137345,OSI-7904,DULIGOTUZUMAB,3,3,1,False,False,False,False,True,False,,,,,3557935429ad7d5e042f19aad227585902802157,,True,False
CHEMBL1705373,CHEMBL213907,THIOCOLCHICOSIDE,CHEMBL213907,1,752,1,False,True,False,False,False,False,,Thiocolchicoside,,,,,True,True
CHEMBL1708,CHEMBL4297919,PAROXETINE HYDROCHLORIDE,PAROXETINE HYDROCHLORIDE HEMIHYDRATE,10,1,1,False,True,False,False,False,False,,Paroxetine hydrochloride,,,,,True,True
CHEMBL1716091,CHEMBL622,SDX-101,ETODOLAC,2,1640,1,False,True,False,False,False,False,,(-)-etodolac,,,,,True,True
CHEMBL1718,CHEMBL80,NALOXONE HYDROCHLORIDE,NALOXONE,8,1082,1,False,True,False,False,False,False,,Naloxone,,,,,False,True
CHEMBL1724,CHEMBL524004,MEPENZOLATE BROMIDE,MEPENZOLATE,1,983,1,False,True,False,False,False,False,,Mepenzolate,,,,,False,True
CHEMBL1729,CHEMBL560739,CISAPRIDE,CHEMBL560739,2,1594,1,False,True,False,False,False,False,,Cisapride,,,,,False,True
CHEMBL1736151,CHEMBL1892145,ETAFENONE,VINBURNINE,3,3,1,False,False,False,False,True,False,,,,,c809cb02241f137ce888fa60ed6c0347f880d71a,,False,False
CHEMBL1736151,CHEMBL1908307,ETAFENONE,FLOSEQUINAN,3,3,1,False,False,False,False,True,False,,,,,c809cb02241f137ce888fa60ed6c0347f880d71a,,False,False
CHEMBL1736151,CHEMBL2104282,ETAFENONE,IMOLAMINE,3,3,1,False,False,False,False,True,False,,,,,c809cb02241f137ce888fa60ed6c0347f880d71a,,False,False
CHEMBL1742439,CHEMBL2105039,TALASTINE,HISTAPYRRODINE,10,10,1,False,False,False,False,True,False,,,,,75dc229fe7c386bf07ab227af7378c1683d3084b,,False,False
CHEMBL1742439,CHEMBL2105505,TALASTINE,SEQUIFENADINE,10,10,1,False,False,False,False,True,False,,,,,75dc229fe7c386bf07ab227af7378c1683d3084b,,False,False
CHEMBL1742439,CHEMBL3707371,TALASTINE,HYDROXYETHYLPROMETHAZINE,10,10,1,False,False,False,False,True,False,,,,,75dc229fe7c386bf07ab227af7378c1683d3084b,,False,False
CHEMBL1742981,CHEMBL307177,ABAGOVOMAB,LY-295501,3,3,1,False,False,False,False,True,False,,,,,b71f9d784111d999c877e1f6bf942351a99a45f5,,True,False
CHEMBL1742994,CHEMBL2109256,BRENTUXIMAB VEDOTIN,SGN-30,26,6,1,False,True,False,False,False,False,,Sgn 30,,,,,True,True
CHEMBL1743,CHEMBL454446,CEFDITOREN,CEFDITOREN PIVOXIL,808,5,1,False,True,False,False,False,False,,Cefditoren,,,,,False,True
CHEMBL1743015,CHEMBL2109511,ETROLIZUMAB,ONTAMALIMAB,2,2,1,False,False,False,False,True,False,,,,,0d0a3ca5685fd7e0da6c771f49ccbfb54257a1e9,,True,False
CHEMBL1743015,CHEMBL3137351,ETROLIZUMAB,ABRILUMAB,2,2,1,False,False,False,False,True,False,,,,,0d0a3ca5685fd7e0da6c771f49ccbfb54257a1e9,,True,False
CHEMBL1743015,CHEMBL3707383,ETROLIZUMAB,MONGERSEN SODIUM,2,2,1,False,False,False,False,True,False,,,,,0d0a3ca5685fd7e0da6c771f49ccbfb54257a1e9,,True,False
CHEMBL1743015,CHEMBL3833372,ETROLIZUMAB,BRAZIKUMAB,2,2,1,False,False,False,False,True,False,,,,,0d0a3ca5685fd7e0da6c771f49ccbfb54257a1e9,,True,False
CHEMBL1743015,CHEMBL4297252,ETROLIZUMAB,2'-FUCOSYLLACTOSE,2,2,1,False,False,False,False,True,False,,,,,0d0a3ca5685fd7e0da6c771f49ccbfb54257a1e9,,True,False
CHEMBL1743052,CHEMBL5095481,OPORTUZUMAB MONATOX,DETALIMOGENE VORAPLASMID,3,3,1,False,False,False,False,True,False,,,,,74a3fdc10fbda1d4f376fc6342c7ac7b919b99cb,,True,False
CHEMBL1743064,CHEMBL3545259,ROBATUMUMAB,VANUCIZUMAB,2,2,1,False,False,False,False,True,False,,,,,45cff46f56d602a0067ff3e514b2f16585146386,,True,False
CHEMBL1743064,CHEMBL5095385,ROBATUMUMAB,NANRILKEFUSP ALFA,2,2,1,False,False,False,False,True,False,,,,,45cff46f56d602a0067ff3e514b2f16585146386,,True,False
CHEMBL1743260,CHEMBL1997373,KARENITECIN,COSITECAN,6,1,1,False,True,False,False,False,False,,Karenitecin,,,,,True,True
CHEMBL1743263,DRUGBANK:DB13385,DIHYDROERGOCRYPTINE,Dihydroergocryptine,15,1055,1,True,False,False,False,False,False,dihydroergocryptine,,,,,,True,True
CHEMBL1749,CHEMBL3989507,EDETATE DISODIUM ANHYDROUS,EDETATE DISODIUM,12,2,1,False,True,False,False,False,False,,Edetate Disodium,,,,,False,True
CHEMBL1753,CHEMBL376185,CLINDAMYCIN,CHEMBL376185,23,719,1,False,True,False,False,False,False,,Clindamycin,,,,,False,True
CHEMBL1757,CHEMBL2322189,FOSFOMYCIN,FOSFOMYCIN SODIUM,775,2,1,False,True,False,False,False,False,,Fosfomycin sodium,,,,,False,True
CHEMBL1766417,CHEMBL2104423,CHEMBL1766417,NARASIN,19,19,1,False,False,False,False,True,False,,,,,a5f75572e455ef1428c04011b389f1c4c27c127d,,True,False
CHEMBL1766417,CHEMBL2105807,CHEMBL1766417,MADURAMICIN,19,19,1,False,False,False,False,True,False,,,,,a5f75572e455ef1428c04011b389f1c4c27c127d,,True,False
CHEMBL1766417,CHEMBL2107342,CHEMBL1766417,GAMITHROMYCIN,19,19,1,False,False,False,False,True,False,,,,,a5f75572e455ef1428c04011b389f1c4c27c127d,,True,False
CHEMBL1766417,CHEMBL346059,CHEMBL1766417,CHEMBL346059,19,19,1,False,False,False,False,True,False,,,,,a5f75572e455ef1428c04011b389f1c4c27c127d,,True,False
CHEMBL1766417,CHEMBL410968,CHEMBL1766417,CHEMBL410968,19,19,1,False,False,False,False,True,False,,,,,a5f75572e455ef1428c04011b389f1c4c27c127d,,True,False
CHEMBL1766417,CHEMBL478120,CHEMBL1766417,MARBOFLOXACIN,19,19,1,False,False,False,False,True,False,,,,,a5f75572e455ef1428c04011b389f1c4c27c127d,,True,False
CHEMBL1766417,DRUGBANK:DB02237,CHEMBL1766417,Maltotetraose,19,19,1,False,False,False,False,True,False,,,,,a5f75572e455ef1428c04011b389f1c4c27c127d,,True,False
CHEMBL1766417,DRUGBANK:DB04952,CHEMBL1766417,Ramoplanin,19,19,1,False,False,False,False,True,False,,,,,a5f75572e455ef1428c04011b389f1c4c27c127d,,True,False
CHEMBL1766417,DRUGBANK:DB11375,CHEMBL1766417,Avilamycin,19,19,1,False,False,False,False,True,False,,,,,a5f75572e455ef1428c04011b389f1c4c27c127d,,True,False
CHEMBL1766417,DRUGBANK:DB11377,CHEMBL1766417,Bambermycins,19,19,1,False,False,False,False,True,False,,,,,a5f75572e455ef1428c04011b389f1c4c27c127d,,True,False
CHEMBL1766417,DRUGBANK:DB11401,CHEMBL1766417,Efrotomycin,19,19,1,False,False,False,False,True,False,,,,,a5f75572e455ef1428c04011b389f1c4c27c127d,,True,False
CHEMBL1766417,DRUGBANK:DB11474,CHEMBL1766417,Tulathromycin A,19,19,1,False,False,False,False,True,False,,,,,a5f75572e455ef1428c04011b389f1c4c27c127d,,True,False
CHEMBL1766417,DRUGBANK:DB13172,CHEMBL1766417,Tunicamycin,19,19,1,False,False,False,False,True,False,,,,,a5f75572e455ef1428c04011b389f1c4c27c127d,,True,False
CHEMBL1766417,DRUGBANK:DB13704,CHEMBL1766417,Pristinamycin,19,19,1,False,False,False,False,True,False,,,,,a5f75572e455ef1428c04011b389f1c4c27c127d,,True,False
CHEMBL1766417,DRUGBANK:DB13705,CHEMBL1766417,Decamethoxine,19,19,1,False,False,False,False,True,False,,,,,a5f75572e455ef1428c04011b389f1c4c27c127d,,True,False
CHEMBL1766417,DRUGBANK:DB14051,CHEMBL1766417,Malacidin A,19,19,1,False,False,False,False,True,False,,,,,a5f75572e455ef1428c04011b389f1c4c27c127d,,True,False
CHEMBL1766417,DRUGBANK:DB14052,CHEMBL1766417,Malacidin B,19,19,1,False,False,False,False,True,False,,,,,a5f75572e455ef1428c04011b389f1c4c27c127d,,True,False
CHEMBL1766417,DRUGBANK:DB15657,CHEMBL1766417,Ala-geninthiocin,19,19,1,False,False,False,False,True,False,,,,,a5f75572e455ef1428c04011b389f1c4c27c127d,,True,False
CHEMBL180071,CHEMBL180517,CHEMBL180071,CHEMBL180517,2,2,1,False,False,False,False,True,False,,,,,ddc644759b549aa05840fc9d07bb00b21a53aa99,,True,False
CHEMBL180071,CHEMBL193676,CHEMBL180071,CHEMBL193676,2,2,1,False,False,False,False,True,False,,,,,ddc644759b549aa05840fc9d07bb00b21a53aa99,,True,False
CHEMBL180071,CHEMBL222501,CHEMBL180071,WAY-169916,2,2,1,False,False,False,False,True,False,,,,,ddc644759b549aa05840fc9d07bb00b21a53aa99,,True,False
CHEMBL180071,CHEMBL223026,CHEMBL180071,CHEMBL223026,2,2,1,False,False,False,False,True,False,,,,,ddc644759b549aa05840fc9d07bb00b21a53aa99,,True,False
CHEMBL180071,CHEMBL431698,CHEMBL180071,RALOXIFENE CORE,2,2,1,False,False,False,False,True,False,,,,,ddc644759b549aa05840fc9d07bb00b21a53aa99,,True,False
CHEMBL180517,CHEMBL193676,CHEMBL180517,CHEMBL193676,2,2,1,False,False,False,False,True,False,,,,,ddc644759b549aa05840fc9d07bb00b21a53aa99,,True,False
CHEMBL180517,CHEMBL222501,CHEMBL180517,WAY-169916,2,2,1,False,False,False,False,True,False,,,,,ddc644759b549aa05840fc9d07bb00b21a53aa99,,True,False
CHEMBL180517,CHEMBL223026,CHEMBL180517,CHEMBL223026,2,2,1,False,False,False,False,True,False,,,,,ddc644759b549aa05840fc9d07bb00b21a53aa99,,True,False
CHEMBL180517,CHEMBL431698,CHEMBL180517,RALOXIFENE CORE,2,2,1,False,False,False,False,True,False,,,,,ddc644759b549aa05840fc9d07bb00b21a53aa99,,True,False
CHEMBL1822792,CHEMBL2041933,MK-2461,AZD-7762,2,2,1,False,False,False,False,True,False,,,,,1ddf2d7cf5c6ef91e22ab805b1ae8b0dfbaceb17,,True,False
CHEMBL1822792,CHEMBL3545261,MK-2461,BRONTICTUZUMAB,2,2,1,False,False,False,False,True,False,,,,,1ddf2d7cf5c6ef91e22ab805b1ae8b0dfbaceb17,,True,False
CHEMBL1822792,CHEMBL4297705,MK-2461,BMS-986178,2,2,1,False,False,False,False,True,False,,,,,1ddf2d7cf5c6ef91e22ab805b1ae8b0dfbaceb17,,True,False
CHEMBL1822792,CHEMBL4298000,MK-2461,ONVATILIMAB,2,2,1,False,False,False,False,True,False,,,,,1ddf2d7cf5c6ef91e22ab805b1ae8b0dfbaceb17,,True,False
CHEMBL1822792,CHEMBL4594306,MK-2461,DILPACIMAB,2,2,1,False,False,False,False,True,False,,,,,1ddf2d7cf5c6ef91e22ab805b1ae8b0dfbaceb17,,True,False
CHEMBL1822792,CHEMBL4594392,MK-2461,SERCLUTAMAB TALIRINE,2,2,1,False,False,False,False,True,False,,,,,1ddf2d7cf5c6ef91e22ab805b1ae8b0dfbaceb17,,True,False
CHEMBL1822792,CHEMBL4594432,MK-2461,LY-3200882,2,2,1,False,False,False,False,True,False,,,,,1ddf2d7cf5c6ef91e22ab805b1ae8b0dfbaceb17,,True,False
CHEMBL1822792,CHEMBL4802207,MK-2461,GSK-1795091,2,2,1,False,False,False,False,True,False,,,,,1ddf2d7cf5c6ef91e22ab805b1ae8b0dfbaceb17,,True,False
CHEMBL1822792,CHEMBL5095164,MK-2461,OSUNPROTAFIB,2,2,1,False,False,False,False,True,False,,,,,1ddf2d7cf5c6ef91e22ab805b1ae8b0dfbaceb17,,True,False
CHEMBL1822792,CHEMBL5095359,MK-2461,REOZALIMAB,2,2,1,False,False,False,False,True,False,,,,,1ddf2d7cf5c6ef91e22ab805b1ae8b0dfbaceb17,,True,False
CHEMBL1822792,CHEMBL5314911,MK-2461,BMS-986310,2,2,1,False,False,False,False,True,False,,,,,1ddf2d7cf5c6ef91e22ab805b1ae8b0dfbaceb17,,True,False
CHEMBL1823817,CHEMBL2104969,CE-224535,GIRIPLADIB,2,2,1,False,False,False,False,True,False,,,,,3139f9cb9c5d8d632a551a904a6ec461effd0e44,,True,False
CHEMBL1823817,CHEMBL3900554,CE-224535,BMS-986142,2,2,1,False,False,False,False,True,False,,,,,3139f9cb9c5d8d632a551a904a6ec461effd0e44,,True,False
CHEMBL1835919,CHEMBL2103860,PF-04620110,USISTAPIDE,2,2,1,False,False,False,False,True,False,,,,,de6b63e1482b83b0137ca13793ef58d6f6a56a63,,True,False
CHEMBL1835919,CHEMBL2401865,PF-04620110,OXYNTOMODULIN,2,2,1,False,False,False,False,True,False,,,,,de6b63e1482b83b0137ca13793ef58d6f6a56a63,,True,False
CHEMBL1835919,CHEMBL5095115,PF-04620110,ECNOGLUTIDE,2,2,1,False,False,False,False,True,False,,,,,de6b63e1482b83b0137ca13793ef58d6f6a56a63,,True,False
CHEMBL185918,CHEMBL187105,CHEMBL185918,CHEMBL187105,2,2,1,False,False,False,False,True,False,,,,,feefe1561bdc488a2bce02bcc6bc1ccac86534a1,,True,False
CHEMBL185918,CHEMBL190467,CHEMBL185918,CHEMBL190467,2,2,1,False,False,False,False,True,False,,,,,feefe1561bdc488a2bce02bcc6bc1ccac86534a1,,True,False
CHEMBL185918,CHEMBL192154,CHEMBL185918,CHEMBL192154,2,2,1,False,False,False,False,True,False,,,,,feefe1561bdc488a2bce02bcc6bc1ccac86534a1,,True,False
CHEMBL185918,CHEMBL363498,CHEMBL185918,CHEMBL363498,2,2,1,False,False,False,False,True,False,,,,,feefe1561bdc488a2bce02bcc6bc1ccac86534a1,,True,False
CHEMBL185918,CHEMBL364092,CHEMBL185918,CHEMBL364092,2,2,1,False,False,False,False,True,False,,,,,feefe1561bdc488a2bce02bcc6bc1ccac86534a1,,True,False
CHEMBL185918,CHEMBL395308,CHEMBL185918,CHEMBL395308,2,2,1,False,False,False,False,True,False,,,,,feefe1561bdc488a2bce02bcc6bc1ccac86534a1,,True,False
CHEMBL186200,DRUGBANK:DB13408,CHEMBL186200,Methylpropylpropanediol dinitrate,90,90,1,False,False,False,False,True,False,,,,,25aedfc16527a6171a15f7289c24cdd5a202dcbd,,True,False
CHEMBL1865258,CHEMBL2105131,CLOFENAMIDE,MEFRUSIDE,719,719,1,False,False,False,False,True,False,,,,,939957509fbaedd976fc45592d4cf91c9074748a,,False,False
CHEMBL1865258,CHEMBL2106167,CLOFENAMIDE,CLOREXOLONE,719,719,1,False,False,False,False,True,False,,,,,939957509fbaedd976fc45592d4cf91c9074748a,,False,False
CHEMBL1865258,CHEMBL2106186,CLOFENAMIDE,FENQUIZONE,719,719,1,False,False,False,False,True,False,,,,,939957509fbaedd976fc45592d4cf91c9074748a,,False,False
CHEMBL187105,CHEMBL190467,CHEMBL187105,CHEMBL190467,2,2,1,False,False,False,False,True,False,,,,,feefe1561bdc488a2bce02bcc6bc1ccac86534a1,,True,False
CHEMBL187105,CHEMBL192154,CHEMBL187105,CHEMBL192154,2,2,1,False,False,False,False,True,False,,,,,feefe1561bdc488a2bce02bcc6bc1ccac86534a1,,True,False
CHEMBL187105,CHEMBL363498,CHEMBL187105,CHEMBL363498,2,2,1,False,False,False,False,True,False,,,,,feefe1561bdc488a2bce02bcc6bc1ccac86534a1,,True,False
CHEMBL187105,CHEMBL364092,CHEMBL187105,CHEMBL364092,2,2,1,False,False,False,False,True,False,,,,,feefe1561bdc488a2bce02bcc6bc1ccac86534a1,,True,False
CHEMBL187105,CHEMBL395308,CHEMBL187105,CHEMBL395308,2,2,1,False,False,False,False,True,False,,,,,feefe1561bdc488a2bce02bcc6bc1ccac86534a1,,True,False
CHEMBL1892145,CHEMBL1908307,VINBURNINE,FLOSEQUINAN,3,3,1,False,False,False,False,True,False,,,,,c809cb02241f137ce888fa60ed6c0347f880d71a,,False,False
CHEMBL1892145,CHEMBL2104282,VINBURNINE,IMOLAMINE,3,3,1,False,False,False,False,True,False,,,,,c809cb02241f137ce888fa60ed6c0347f880d71a,,False,False
CHEMBL1897362,CHEMBL303984,HALOXON,CHLOROBIOCIN,14,14,1,False,False,False,False,True,False,,,,,93d41c97370d68ccc783478b6f0d9e16ceb4bf57,,True,False
CHEMBL1901620,DRUGBANK:DB03866,CHEMBL1901620,Prostaglandin G2,104,104,1,False,False,False,False,True,False,,,,,69dc0c59bc95187f4c05c42b2543add00fdff275,,True,False
CHEMBL1901620,DRUGBANK:DB11411,CHEMBL1901620,Fenprostalene,104,104,1,False,False,False,False,True,False,,,,,69dc0c59bc95187f4c05c42b2543add00fdff275,,True,False
CHEMBL1901620,DRUGBANK:DB11425,CHEMBL1901620,Luprostiol,104,104,1,False,False,False,False,True,False,,,,,69dc0c59bc95187f4c05c42b2543add00fdff275,,True,False
CHEMBL1901620,DRUGBANK:DB11454,CHEMBL1901620,Prostalene,104,104,1,False,False,False,False,True,False,,,,,69dc0c59bc95187f4c05c42b2543add00fdff275,,True,False
CHEMBL1901620,DRUGBANK:DB13824,CHEMBL1901620,Enprostil,104,104,1,False,False,False,False,True,False,,,,,69dc0c59bc95187f4c05c42b2543add00fdff275,,True,False
CHEMBL190467,CHEMBL192154,CHEMBL190467,CHEMBL192154,2,2,1,False,False,False,False,True,False,,,,,feefe1561bdc488a2bce02bcc6bc1ccac86534a1,,True,False
CHEMBL190467,CHEMBL363498,CHEMBL190467,CHEMBL363498,2,2,1,False,False,False,False,True,False,,,,,feefe1561bdc488a2bce02bcc6bc1ccac86534a1,,True,False
CHEMBL190467,CHEMBL364092,CHEMBL190467,CHEMBL364092,2,2,1,False,False,False,False,True,False,,,,,feefe1561bdc488a2bce02bcc6bc1ccac86534a1,,True,False
CHEMBL190467,CHEMBL395308,CHEMBL190467,CHEMBL395308,2,2,1,False,False,False,False,True,False,,,,,feefe1561bdc488a2bce02bcc6bc1ccac86534a1,,True,False
CHEMBL1908307,CHEMBL2104282,FLOSEQUINAN,IMOLAMINE,3,3,1,False,False,False,False,True,False,,,,,c809cb02241f137ce888fa60ed6c0347f880d71a,,False,False
CHEMBL1908325,CHEMBL3039509,SELAMECTIN,TILDIPIROSIN,284,284,1,False,False,False,False,True,False,,,,,cb9844772ea5fb3a7d1916c9dfebc2bab81216fb,,False,False
CHEMBL1908350,CHEMBL2106403,ROKITAMYCIN,FLURITHROMYCIN,285,285,1,False,False,False,False,True,False,,,,,99652e93dbc6f355aa6295ec9b41586ea31808a0,,False,False
CHEMBL192154,CHEMBL363498,CHEMBL192154,CHEMBL363498,2,2,1,False,False,False,False,True,False,,,,,feefe1561bdc488a2bce02bcc6bc1ccac86534a1,,True,False
CHEMBL192154,CHEMBL364092,CHEMBL192154,CHEMBL364092,2,2,1,False,False,False,False,True,False,,,,,feefe1561bdc488a2bce02bcc6bc1ccac86534a1,,True,False
CHEMBL192154,CHEMBL395308,CHEMBL192154,CHEMBL395308,2,2,1,False,False,False,False,True,False,,,,,feefe1561bdc488a2bce02bcc6bc1ccac86534a1,,True,False
CHEMBL193676,CHEMBL222501,CHEMBL193676,WAY-169916,2,2,1,False,False,False,False,True,False,,,,,ddc644759b549aa05840fc9d07bb00b21a53aa99,,True,False
CHEMBL193676,CHEMBL223026,CHEMBL193676,CHEMBL223026,2,2,1,False,False,False,False,True,False,,,,,ddc644759b549aa05840fc9d07bb00b21a53aa99,,True,False
CHEMBL193676,CHEMBL431698,CHEMBL193676,RALOXIFENE CORE,2,2,1,False,False,False,False,True,False,,,,,ddc644759b549aa05840fc9d07bb00b21a53aa99,,True,False
CHEMBL1938400,CHEMBL217899,PF-03715455,TOFIMILAST,2,2,1,False,False,False,False,True,False,,,,,4f3779b979598ac146d5f3ff1b3d4e02588d2ed4,,True,False
CHEMBL1938400,CHEMBL3113974,PF-03715455,TRANIMILAST,2,2,1,False,False,False,False,True,False,,,,,4f3779b979598ac146d5f3ff1b3d4e02588d2ed4,,True,False
CHEMBL1938400,CHEMBL3545162,PF-03715455,PBF-680,2,2,1,False,False,False,False,True,False,,,,,4f3779b979598ac146d5f3ff1b3d4e02588d2ed4,,True,False
CHEMBL1938400,CHEMBL3707249,PF-03715455,ASM-024,2,2,1,False,False,False,False,True,False,,,,,4f3779b979598ac146d5f3ff1b3d4e02588d2ed4,,True,False
CHEMBL1938400,CHEMBL3916700,PF-03715455,LAS190792,2,2,1,False,False,False,False,True,False,,,,,4f3779b979598ac146d5f3ff1b3d4e02588d2ed4,,True,False
CHEMBL1938400,CHEMBL4072756,PF-03715455,AZD-5423,2,2,1,False,False,False,False,True,False,,,,,4f3779b979598ac146d5f3ff1b3d4e02588d2ed4,,True,False
CHEMBL1938400,CHEMBL4297520,PF-03715455,OGLEMILAST,2,2,1,False,False,False,False,True,False,,,,,4f3779b979598ac146d5f3ff1b3d4e02588d2ed4,,True,False
CHEMBL1950651,CHEMBL3545153,EVODENOSON,DE-104,2,2,1,False,False,False,False,True,False,,,,,502a9fe95ad5b7398c2ae19feab12d18bcfe5728,,True,False
CHEMBL1950651,CHEMBL3545407,EVODENOSON,TRABODENOSON,2,2,1,False,False,False,False,True,False,,,,,502a9fe95ad5b7398c2ae19feab12d18bcfe5728,,True,False
CHEMBL1950651,DRUGBANK:DB13931,EVODENOSON,Netarsudil,2,2,1,False,False,False,False,True,False,,,,,502a9fe95ad5b7398c2ae19feab12d18bcfe5728,,True,False
CHEMBL1956820,CHEMBL1957287,GS-9256,TEGOBUVIR,2,2,1,False,False,False,False,True,False,,,,,b806c3173fc3927bca13affa020f19fa854dc358,,True,False
CHEMBL1956820,CHEMBL2043025,GS-9256,TMC-647055,2,2,1,False,False,False,False,True,False,,,,,b806c3173fc3927bca13affa020f19fa854dc358,,True,False
CHEMBL1956820,CHEMBL2105750,GS-9256,SOVAPREVIR,2,2,1,False,False,False,False,True,False,,,,,b806c3173fc3927bca13affa020f19fa854dc358,,True,False
CHEMBL1956820,CHEMBL2108360,GS-9256,MIRAVIRSEN,2,2,1,False,False,False,False,True,False,,,,,b806c3173fc3927bca13affa020f19fa854dc358,,True,False
CHEMBL1956820,CHEMBL2160007,GS-9256,PSI-352938,2,2,1,False,False,False,False,True,False,,,,,b806c3173fc3927bca13affa020f19fa854dc358,,True,False
CHEMBL1956820,CHEMBL3039503,GS-9256,LOMIBUVIR,2,2,1,False,False,False,False,True,False,,,,,b806c3173fc3927bca13affa020f19fa854dc358,,True,False
CHEMBL1956820,CHEMBL3039519,GS-9256,SAMATASVIR,2,2,1,False,False,False,False,True,False,,,,,b806c3173fc3927bca13affa020f19fa854dc358,,True,False
CHEMBL1956820,CHEMBL3121539,GS-9256,RADALBUVIR,2,2,1,False,False,False,False,True,False,,,,,b806c3173fc3927bca13affa020f19fa854dc358,,True,False
CHEMBL1956820,CHEMBL3707372,GS-9256,VOXILAPREVIR,2,2,1,False,False,False,False,True,False,,,,,b806c3173fc3927bca13affa020f19fa854dc358,,True,False
CHEMBL1956820,CHEMBL3833385,GS-9256,RUZASVIR,2,2,1,False,False,False,False,True,False,,,,,b806c3173fc3927bca13affa020f19fa854dc358,,True,False
CHEMBL1956820,CHEMBL4076467,GS-9256,ABT-072,2,2,1,False,False,False,False,True,False,,,,,b806c3173fc3927bca13affa020f19fa854dc358,,True,False
CHEMBL1956820,CHEMBL4297647,GS-9256,FURAPREVIR,2,2,1,False,False,False,False,True,False,,,,,b806c3173fc3927bca13affa020f19fa854dc358,,True,False
CHEMBL1956820,CHEMBL490672,GS-9256,FILIBUVIR,2,2,1,False,False,False,False,True,False,,,,,b806c3173fc3927bca13affa020f19fa854dc358,,True,False
CHEMBL1956820,CHEMBL562967,GS-9256,MERICITABINE,2,2,1,False,False,False,False,True,False,,,,,b806c3173fc3927bca13affa020f19fa854dc358,,True,False
CHEMBL1957287,CHEMBL2043025,TEGOBUVIR,TMC-647055,2,2,1,False,False,False,False,True,False,,,,,b806c3173fc3927bca13affa020f19fa854dc358,,True,False
CHEMBL1957287,CHEMBL2105750,TEGOBUVIR,SOVAPREVIR,2,2,1,False,False,False,False,True,False,,,,,b806c3173fc3927bca13affa020f19fa854dc358,,True,False
CHEMBL1957287,CHEMBL2108360,TEGOBUVIR,MIRAVIRSEN,2,2,1,False,False,False,False,True,False,,,,,b806c3173fc3927bca13affa020f19fa854dc358,,True,False
CHEMBL1957287,CHEMBL2160007,TEGOBUVIR,PSI-352938,2,2,1,False,False,False,False,True,False,,,,,b806c3173fc3927bca13affa020f19fa854dc358,,True,False
CHEMBL1957287,CHEMBL3039503,TEGOBUVIR,LOMIBUVIR,2,2,1,False,False,False,False,True,False,,,,,b806c3173fc3927bca13affa020f19fa854dc358,,True,False
CHEMBL1957287,CHEMBL3039519,TEGOBUVIR,SAMATASVIR,2,2,1,False,False,False,False,True,False,,,,,b806c3173fc3927bca13affa020f19fa854dc358,,True,False
CHEMBL1957287,CHEMBL3121539,TEGOBUVIR,RADALBUVIR,2,2,1,False,False,False,False,True,False,,,,,b806c3173fc3927bca13affa020f19fa854dc358,,True,False
CHEMBL1957287,CHEMBL3707372,TEGOBUVIR,VOXILAPREVIR,2,2,1,False,False,False,False,True,False,,,,,b806c3173fc3927bca13affa020f19fa854dc358,,True,False
CHEMBL1957287,CHEMBL3833385,TEGOBUVIR,RUZASVIR,2,2,1,False,False,False,False,True,False,,,,,b806c3173fc3927bca13affa020f19fa854dc358,,True,False
CHEMBL1957287,CHEMBL4076467,TEGOBUVIR,ABT-072,2,2,1,False,False,False,False,True,False,,,,,b806c3173fc3927bca13affa020f19fa854dc358,,True,False
CHEMBL1957287,CHEMBL4297647,TEGOBUVIR,FURAPREVIR,2,2,1,False,False,False,False,True,False,,,,,b806c3173fc3927bca13affa020f19fa854dc358,,True,False
CHEMBL1957287,CHEMBL490672,TEGOBUVIR,FILIBUVIR,2,2,1,False,False,False,False,True,False,,,,,b806c3173fc3927bca13affa020f19fa854dc358,,True,False
CHEMBL1957287,CHEMBL562967,TEGOBUVIR,MERICITABINE,2,2,1,False,False,False,False,True,False,,,,,b806c3173fc3927bca13affa020f19fa854dc358,,True,False
CHEMBL1961796,CHEMBL1961797,SR9009,SR9011,2,2,1,False,False,False,False,True,False,,,,,570e275b5e7ecd83b258090a1a4feeaf6589a6e9,,True,False
CHEMBL20210,CHEMBL3971095,RUPINTRIVIR,CHEMBL3971095,12,12,1,False,False,False,False,True,False,,,,,964a1a84ed889b3eaaa3345c7fd8629d3146fa7c,,True,False
CHEMBL20210,CHEMBL4105584,RUPINTRIVIR,CHEMBL4105584,12,12,1,False,False,False,False,True,False,,,,,964a1a84ed889b3eaaa3345c7fd8629d3146fa7c,,True,False
CHEMBL20210,CHEMBL4297291,RUPINTRIVIR,INGAVIRIN,12,12,1,False,False,False,False,True,False,,,,,964a1a84ed889b3eaaa3345c7fd8629d3146fa7c,,True,False
CHEMBL20210,DRUGBANK:DB12753,RUPINTRIVIR,Racivir,12,12,1,False,False,False,False,True,False,,,,,964a1a84ed889b3eaaa3345c7fd8629d3146fa7c,,True,False
CHEMBL20210,DRUGBANK:DB14930,RUPINTRIVIR,Alovudine F-18,12,12,1,False,False,False,False,True,False,,,,,964a1a84ed889b3eaaa3345c7fd8629d3146fa7c,,True,False
CHEMBL20210,DRUGBANK:DB15332,RUPINTRIVIR,Radavirsen,12,12,1,False,False,False,False,True,False,,,,,964a1a84ed889b3eaaa3345c7fd8629d3146fa7c,,True,False
CHEMBL20210,DRUGBANK:DB15686,RUPINTRIVIR,GS-441524,12,12,1,False,False,False,False,True,False,,,,,964a1a84ed889b3eaaa3345c7fd8629d3146fa7c,,True,False
CHEMBL2021423,CHEMBL3989857,MAGNESIUM SULFATE ANHYDROUS,MAGNESIUM SULFATE,1669,65,1,False,True,False,False,False,False,,Magnesium sulfate,,,,,False,True
CHEMBL2021430,CHEMBL384467,DEXAMETHASONE SODIUM PHOSPHATE,DEXAMETHASONE,73,1831,1,False,True,False,False,False,False,,Dexamethasone,,,,,False,True
CHEMBL2028661,CHEMBL57242,AZILSARTAN MEDOXOMIL,AZILSARTAN,566,6,1,False,True,False,False,False,False,,Azilsartan,,,,,True,True
CHEMBL203407,CHEMBL222419,CHEMBL203407,GSK-237701A,2,2,1,False,False,False,False,True,False,,,,,d2892b45df35238ede25490ba39fb212bc7c626b,,True,False
CHEMBL203407,CHEMBL233149,CHEMBL203407,CHEMBL233149,2,2,1,False,False,False,False,True,False,,,,,d2892b45df35238ede25490ba39fb212bc7c626b,,True,False
CHEMBL203407,CHEMBL233349,CHEMBL203407,CHEMBL233349,2,2,1,False,False,False,False,True,False,,,,,d2892b45df35238ede25490ba39fb212bc7c626b,,True,False
CHEMBL203407,CHEMBL233553,CHEMBL203407,CHEMBL233553,2,2,1,False,False,False,False,True,False,,,,,d2892b45df35238ede25490ba39fb212bc7c626b,,True,False
CHEMBL203407,CHEMBL233970,CHEMBL203407,CHEMBL233970,2,2,1,False,False,False,False,True,False,,,,,d2892b45df35238ede25490ba39fb212bc7c626b,,True,False
CHEMBL203407,CHEMBL269881,CHEMBL203407,NU-2058,2,2,1,False,False,False,False,True,False,,,,,d2892b45df35238ede25490ba39fb212bc7c626b,,True,False
CHEMBL203407,CHEMBL270686,CHEMBL203407,MERIOLIN 3,2,2,1,False,False,False,False,True,False,,,,,d2892b45df35238ede25490ba39fb212bc7c626b,,True,False
CHEMBL203407,CHEMBL270687,CHEMBL203407,MERIOLIN 5,2,2,1,False,False,False,False,True,False,,,,,d2892b45df35238ede25490ba39fb212bc7c626b,,True,False
CHEMBL203407,CHEMBL298445,CHEMBL203407,CHEMBL298445,2,2,1,False,False,False,False,True,False,,,,,d2892b45df35238ede25490ba39fb212bc7c626b,,True,False
CHEMBL203407,CHEMBL319467,CHEMBL203407,NU-6102,2,2,1,False,False,False,False,True,False,,,,,d2892b45df35238ede25490ba39fb212bc7c626b,,True,False
CHEMBL203407,CHEMBL340813,CHEMBL203407,NU-6086,2,2,1,False,False,False,False,True,False,,,,,d2892b45df35238ede25490ba39fb212bc7c626b,,True,False
CHEMBL203407,CHEMBL341273,CHEMBL203407,CHEMBL341273,2,2,1,False,False,False,False,True,False,,,,,d2892b45df35238ede25490ba39fb212bc7c626b,,True,False
CHEMBL203407,CHEMBL360520,CHEMBL203407,CHEMBL360520,2,2,1,False,False,False,False,True,False,,,,,d2892b45df35238ede25490ba39fb212bc7c626b,,True,False
CHEMBL203407,CHEMBL380500,CHEMBL203407,VARIOLIN B,2,2,1,False,False,False,False,True,False,,,,,d2892b45df35238ede25490ba39fb212bc7c626b,,True,False
CHEMBL203407,CHEMBL46817,CHEMBL203407,CHEMBL46817,2,2,1,False,False,False,False,True,False,,,,,d2892b45df35238ede25490ba39fb212bc7c626b,,True,False
CHEMBL203407,CHEMBL47302,CHEMBL203407,CHEMBL47302,2,2,1,False,False,False,False,True,False,,,,,d2892b45df35238ede25490ba39fb212bc7c626b,,True,False
CHEMBL203407,CHEMBL48109,CHEMBL203407,CHEMBL48109,2,2,1,False,False,False,False,True,False,,,,,d2892b45df35238ede25490ba39fb212bc7c626b,,True,False
CHEMBL203407,CHEMBL482193,CHEMBL203407,CHEMBL482193,2,2,1,False,False,False,False,True,False,,,,,d2892b45df35238ede25490ba39fb212bc7c626b,,True,False
CHEMBL203407,CHEMBL518800,CHEMBL203407,CHEMBL518800,2,2,1,False,False,False,False,True,False,,,,,d2892b45df35238ede25490ba39fb212bc7c626b,,True,False
CHEMBL203407,CHEMBL525194,CHEMBL203407,CHEMBL525194,2,2,1,False,False,False,False,True,False,,,,,d2892b45df35238ede25490ba39fb212bc7c626b,,True,False
CHEMBL2041933,CHEMBL3545261,AZD-7762,BRONTICTUZUMAB,2,2,1,False,False,False,False,True,False,,,,,1ddf2d7cf5c6ef91e22ab805b1ae8b0dfbaceb17,,True,False
CHEMBL2041933,CHEMBL4297705,AZD-7762,BMS-986178,2,2,1,False,False,False,False,True,False,,,,,1ddf2d7cf5c6ef91e22ab805b1ae8b0dfbaceb17,,True,False
CHEMBL2041933,CHEMBL4298000,AZD-7762,ONVATILIMAB,2,2,1,False,False,False,False,True,False,,,,,1ddf2d7cf5c6ef91e22ab805b1ae8b0dfbaceb17,,True,False
CHEMBL2041933,CHEMBL4594306,AZD-7762,DILPACIMAB,2,2,1,False,False,False,False,True,False,,,,,1ddf2d7cf5c6ef91e22ab805b1ae8b0dfbaceb17,,True,False
CHEMBL2041933,CHEMBL4594392,AZD-7762,SERCLUTAMAB TALIRINE,2,2,1,False,False,False,False,True,False,,,,,1ddf2d7cf5c6ef91e22ab805b1ae8b0dfbaceb17,,True,False
CHEMBL2041933,CHEMBL4594432,AZD-7762,LY-3200882,2,2,1,False,False,False,False,True,False,,,,,1ddf2d7cf5c6ef91e22ab805b1ae8b0dfbaceb17,,True,False
CHEMBL2041933,CHEMBL4802207,AZD-7762,GSK-1795091,2,2,1,False,False,False,False,True,False,,,,,1ddf2d7cf5c6ef91e22ab805b1ae8b0dfbaceb17,,True,False
CHEMBL2041933,CHEMBL5095164,AZD-7762,OSUNPROTAFIB,2,2,1,False,False,False,False,True,False,,,,,1ddf2d7cf5c6ef91e22ab805b1ae8b0dfbaceb17,,True,False
CHEMBL2041933,CHEMBL5095359,AZD-7762,REOZALIMAB,2,2,1,False,False,False,False,True,False,,,,,1ddf2d7cf5c6ef91e22ab805b1ae8b0dfbaceb17,,True,False
CHEMBL2041933,CHEMBL5314911,AZD-7762,BMS-986310,2,2,1,False,False,False,False,True,False,,,,,1ddf2d7cf5c6ef91e22ab805b1ae8b0dfbaceb17,,True,False
CHEMBL2041980,CHEMBL2058833,MMV-390048,GANAPLACIDE,2,2,1,False,False,False,False,True,False,,,,,5a323c5332ea8fe6d65a8fa80e9bf8fc759a7818,,True,False
CHEMBL2041980,CHEMBL4297927,MMV-390048,LUMEFANTRINE CO-ARTEMETHER,2,2,1,False,False,False,False,True,False,,,,,5a323c5332ea8fe6d65a8fa80e9bf8fc759a7818,,True,False
CHEMBL2043025,CHEMBL2105750,TMC-647055,SOVAPREVIR,2,2,1,False,False,False,False,True,False,,,,,b806c3173fc3927bca13affa020f19fa854dc358,,True,False
CHEMBL2043025,CHEMBL2108360,TMC-647055,MIRAVIRSEN,2,2,1,False,False,False,False,True,False,,,,,b806c3173fc3927bca13affa020f19fa854dc358,,True,False
CHEMBL2043025,CHEMBL2160007,TMC-647055,PSI-352938,2,2,1,False,False,False,False,True,False,,,,,b806c3173fc3927bca13affa020f19fa854dc358,,True,False
CHEMBL2043025,CHEMBL3039503,TMC-647055,LOMIBUVIR,2,2,1,False,False,False,False,True,False,,,,,b806c3173fc3927bca13affa020f19fa854dc358,,True,False
CHEMBL2043025,CHEMBL3039519,TMC-647055,SAMATASVIR,2,2,1,False,False,False,False,True,False,,,,,b806c3173fc3927bca13affa020f19fa854dc358,,True,False
CHEMBL2043025,CHEMBL3121539,TMC-647055,RADALBUVIR,2,2,1,False,False,False,False,True,False,,,,,b806c3173fc3927bca13affa020f19fa854dc358,,True,False
CHEMBL2043025,CHEMBL3707372,TMC-647055,VOXILAPREVIR,2,2,1,False,False,False,False,True,False,,,,,b806c3173fc3927bca13affa020f19fa854dc358,,True,False
CHEMBL2043025,CHEMBL3833385,TMC-647055,RUZASVIR,2,2,1,False,False,False,False,True,False,,,,,b806c3173fc3927bca13affa020f19fa854dc358,,True,False
CHEMBL2043025,CHEMBL4076467,TMC-647055,ABT-072,2,2,1,False,False,False,False,True,False,,,,,b806c3173fc3927bca13affa020f19fa854dc358,,True,False
CHEMBL2043025,CHEMBL4297647,TMC-647055,FURAPREVIR,2,2,1,False,False,False,False,True,False,,,,,b806c3173fc3927bca13affa020f19fa854dc358,,True,False
CHEMBL2043025,CHEMBL490672,TMC-647055,FILIBUVIR,2,2,1,False,False,False,False,True,False,,,,,b806c3173fc3927bca13affa020f19fa854dc358,,True,False
CHEMBL2043025,CHEMBL562967,TMC-647055,MERICITABINE,2,2,1,False,False,False,False,True,False,,,,,b806c3173fc3927bca13affa020f19fa854dc358,,True,False
CHEMBL2048484,CHEMBL4594217,CANAGLIFLOZIN ANHYDROUS,CANAGLIFLOZIN,1610,10,1,False,True,False,False,False,False,,Canagliflozin,,,,,False,True
CHEMBL204997,CHEMBL377956,CHEMBL204997,CHEMBL377956,2,2,1,False,False,False,False,True,False,,,,,a652a428eea56a8bf85ffc5da79cb5565823d31d,,True,False
CHEMBL2051956,CHEMBL405355,DEXNIGULDIPINE,NIGULDIPINE,1140,1327,1,False,True,False,False,False,False,,niguldipine,,,,,False,True
CHEMBL2052016,CHEMBL5314346,CHEMBL2052016,VERTEPORFIN,23,16,1,False,True,False,False,False,False,,Verteporfin,,,,,False,True
CHEMBL2058833,CHEMBL4297927,GANAPLACIDE,LUMEFANTRINE CO-ARTEMETHER,2,2,1,False,False,False,False,True,False,,,,,5a323c5332ea8fe6d65a8fa80e9bf8fc759a7818,,True,False
CHEMBL207228,CHEMBL209740,CHEMBL207228,CHEMBL209740,2,2,1,False,False,False,False,True,False,,,,,5f2f8067b9037092ed7fb7d5a4d5bbefccf0f7b7,,True,False
CHEMBL207228,CHEMBL382639,CHEMBL207228,CHEMBL382639,2,2,1,False,False,False,False,True,False,,,,,5f2f8067b9037092ed7fb7d5a4d5bbefccf0f7b7,,True,False
CHEMBL207496,CHEMBL223339,CHEMBL207496,CHEMBL223339,2,2,1,False,False,False,False,True,False,,,,,a4c02ce46f7a881a258b881e84c4744ddcd4e25d,,True,False
CHEMBL207496,CHEMBL227924,CHEMBL207496,CHEMBL227924,2,2,1,False,False,False,False,True,False,,,,,a4c02ce46f7a881a258b881e84c4744ddcd4e25d,,True,False
CHEMBL207496,CHEMBL228133,CHEMBL207496,CHEMBL228133,2,2,1,False,False,False,False,True,False,,,,,a4c02ce46f7a881a258b881e84c4744ddcd4e25d,,True,False
CHEMBL207496,CHEMBL228224,CHEMBL207496,CHEMBL228224,2,2,1,False,False,False,False,True,False,,,,,a4c02ce46f7a881a258b881e84c4744ddcd4e25d,,True,False
CHEMBL207496,CHEMBL229855,CHEMBL207496,CHEMBL229855,2,2,1,False,False,False,False,True,False,,,,,a4c02ce46f7a881a258b881e84c4744ddcd4e25d,,True,False
CHEMBL207496,CHEMBL260000,CHEMBL207496,CHEMBL260000,2,2,1,False,False,False,False,True,False,,,,,a4c02ce46f7a881a258b881e84c4744ddcd4e25d,,True,False
CHEMBL207496,CHEMBL376388,CHEMBL207496,CHEMBL376388,2,2,1,False,False,False,False,True,False,,,,,a4c02ce46f7a881a258b881e84c4744ddcd4e25d,,True,False
CHEMBL207496,CHEMBL379218,CHEMBL207496,A-674563,2,2,1,False,False,False,False,True,False,,,,,a4c02ce46f7a881a258b881e84c4744ddcd4e25d,,True,False
CHEMBL207496,CHEMBL383541,CHEMBL207496,CHEMBL383541,2,2,1,False,False,False,False,True,False,,,,,a4c02ce46f7a881a258b881e84c4744ddcd4e25d,,True,False
CHEMBL207496,CHEMBL406863,CHEMBL207496,CHEMBL406863,2,2,1,False,False,False,False,True,False,,,,,a4c02ce46f7a881a258b881e84c4744ddcd4e25d,,True,False
CHEMBL2079588,CHEMBL4297815,TELATINIB,CINREBAFUSP ALFA,2,2,1,False,False,False,False,True,False,,,,,4a3d6679fc7e1272d978f6fa17ffe64724b76727,,True,False
CHEMBL20883,DRUGBANK:DB09327,TEGAFUR,Tegafur-uracil,1295,86,1,False,True,False,False,False,False,,Tegafur-uracil,,,,,True,True
CHEMBL209073,CHEMBL425863,CHEMBL209073,MIBOLERONE,147,147,1,False,False,False,False,True,False,,,,,14b2a19469e68c13b0d6f06855169270ff851ba7,,False,False
CHEMBL209073,CHEMBL455706,CHEMBL209073,CALUSTERONE,147,147,1,False,False,False,False,True,False,,,,,14b2a19469e68c13b0d6f06855169270ff851ba7,,False,False
CHEMBL209740,CHEMBL382639,CHEMBL209740,CHEMBL382639,2,2,1,False,False,False,False,True,False,,,,,5f2f8067b9037092ed7fb7d5a4d5bbefccf0f7b7,,True,False
CHEMBL2103745,CHEMBL385517,SAXAGLIPTIN,SAXAGLIPTIN ANHYDROUS,8,1430,1,False,True,False,False,False,False,,Saxagliptin,,,,,False,True
CHEMBL2103751,CHEMBL273124,PREDNIMUSTINE,PENCLOMEDINE,6,6,1,False,False,False,False,True,False,,,,,ee11bc4853f0db353339f3f26aec2bfe7a92308a,,False,False
CHEMBL2103860,CHEMBL2401865,USISTAPIDE,OXYNTOMODULIN,2,2,1,False,False,False,False,True,False,,,,,de6b63e1482b83b0137ca13793ef58d6f6a56a63,,True,False
CHEMBL2103860,CHEMBL5095115,USISTAPIDE,ECNOGLUTIDE,2,2,1,False,False,False,False,True,False,,,,,de6b63e1482b83b0137ca13793ef58d6f6a56a63,,True,False
CHEMBL2103877,CHEMBL443052,EFINACONAZOLE,TAVABOROLE,2,2,1,False,False,False,False,True,False,,,,,965babcdd7fa303fe1aa804308fef4477c9cf365,,True,False
CHEMBL2103959,CHEMBL506569,GITOFORMATE,LANATOSIDE C,439,439,1,False,False,False,False,True,False,,,,,82498ac452e43988afd8fafe9a055a1416303737,,False,False
CHEMBL2104194,CHEMBL2105534,ENPROSTIL,ZOLIMIDINE,2,2,1,False,False,False,False,True,False,,,,,0c8d6623c515f5d035fe7fab123b069d85406e1e,,False,False
CHEMBL2104194,CHEMBL2108085,ENPROSTIL,SULGLICOTIDE,2,2,1,False,False,False,False,True,False,,,,,0c8d6623c515f5d035fe7fab123b069d85406e1e,,False,False
CHEMBL2104194,CHEMBL3833348,ENPROSTIL,BISMUTH SUBNITRATE,2,2,1,False,False,False,False,True,False,,,,,0c8d6623c515f5d035fe7fab123b069d85406e1e,,False,False
CHEMBL2104194,CHEMBL4802233,ENPROSTIL,ROXATIDINE,2,2,1,False,False,False,False,True,False,,,,,0c8d6623c515f5d035fe7fab123b069d85406e1e,,False,False
CHEMBL2104266,CHEMBL2105612,EPICILLIN,PROPICILLIN,158,158,1,False,False,False,False,True,False,,,,,70c3eb6cbd9cd21fe93bd0b590e42ef2c8512b15,,False,False
CHEMBL2104266,CHEMBL2106548,EPICILLIN,CLOMETOCILLIN,158,158,1,False,False,False,False,True,False,,,,,70c3eb6cbd9cd21fe93bd0b590e42ef2c8512b15,,False,False
CHEMBL2104266,CHEMBL2106988,EPICILLIN,PENAMECILLIN,158,158,1,False,False,False,False,True,False,,,,,70c3eb6cbd9cd21fe93bd0b590e42ef2c8512b15,,False,False
CHEMBL2104325,CHEMBL348000,ISOBROMINDIONE,CINCHOPHEN,12,12,1,False,False,False,False,True,False,,,,,c7ae97eb02e35d07b71028e8df6c44a9474fbd53,,False,False
CHEMBL2104423,CHEMBL2105807,NARASIN,MADURAMICIN,19,19,1,False,False,False,False,True,False,,,,,a5f75572e455ef1428c04011b389f1c4c27c127d,,True,False
CHEMBL2104423,CHEMBL2107342,NARASIN,GAMITHROMYCIN,19,19,1,False,False,False,False,True,False,,,,,a5f75572e455ef1428c04011b389f1c4c27c127d,,True,False
CHEMBL2104423,CHEMBL346059,NARASIN,CHEMBL346059,19,19,1,False,False,False,False,True,False,,,,,a5f75572e455ef1428c04011b389f1c4c27c127d,,True,False
CHEMBL2104423,CHEMBL410968,NARASIN,CHEMBL410968,19,19,1,False,False,False,False,True,False,,,,,a5f75572e455ef1428c04011b389f1c4c27c127d,,True,False
CHEMBL2104423,CHEMBL478120,NARASIN,MARBOFLOXACIN,19,19,1,False,False,False,False,True,False,,,,,a5f75572e455ef1428c04011b389f1c4c27c127d,,True,False
CHEMBL2104423,DRUGBANK:DB02237,NARASIN,Maltotetraose,19,19,1,False,False,False,False,True,False,,,,,a5f75572e455ef1428c04011b389f1c4c27c127d,,True,False
CHEMBL2104423,DRUGBANK:DB04952,NARASIN,Ramoplanin,19,19,1,False,False,False,False,True,False,,,,,a5f75572e455ef1428c04011b389f1c4c27c127d,,True,False
CHEMBL2104423,DRUGBANK:DB11375,NARASIN,Avilamycin,19,19,1,False,False,False,False,True,False,,,,,a5f75572e455ef1428c04011b389f1c4c27c127d,,True,False
CHEMBL2104423,DRUGBANK:DB11377,NARASIN,Bambermycins,19,19,1,False,False,False,False,True,False,,,,,a5f75572e455ef1428c04011b389f1c4c27c127d,,True,False
CHEMBL2104423,DRUGBANK:DB11401,NARASIN,Efrotomycin,19,19,1,False,False,False,False,True,False,,,,,a5f75572e455ef1428c04011b389f1c4c27c127d,,True,False
CHEMBL2104423,DRUGBANK:DB11474,NARASIN,Tulathromycin A,19,19,1,False,False,False,False,True,False,,,,,a5f75572e455ef1428c04011b389f1c4c27c127d,,True,False
CHEMBL2104423,DRUGBANK:DB13172,NARASIN,Tunicamycin,19,19,1,False,False,False,False,True,False,,,,,a5f75572e455ef1428c04011b389f1c4c27c127d,,True,False
CHEMBL2104423,DRUGBANK:DB13704,NARASIN,Pristinamycin,19,19,1,False,False,False,False,True,False,,,,,a5f75572e455ef1428c04011b389f1c4c27c127d,,True,False
CHEMBL2104423,DRUGBANK:DB13705,NARASIN,Decamethoxine,19,19,1,False,False,False,False,True,False,,,,,a5f75572e455ef1428c04011b389f1c4c27c127d,,True,False
CHEMBL2104423,DRUGBANK:DB14051,NARASIN,Malacidin A,19,19,1,False,False,False,False,True,False,,,,,a5f75572e455ef1428c04011b389f1c4c27c127d,,True,False
CHEMBL2104423,DRUGBANK:DB14052,NARASIN,Malacidin B,19,19,1,False,False,False,False,True,False,,,,,a5f75572e455ef1428c04011b389f1c4c27c127d,,True,False
CHEMBL2104423,DRUGBANK:DB15657,NARASIN,Ala-geninthiocin,19,19,1,False,False,False,False,True,False,,,,,a5f75572e455ef1428c04011b389f1c4c27c127d,,True,False
CHEMBL2104560,CHEMBL2220384,DEXTILIDINE,TILIDINE,900,2,1,False,True,False,False,False,False,,Tilidine,,,,,False,True
CHEMBL2104906,CHEMBL757,NANDROLONE CYCLOTATE,NANDROLONE,1,205,1,False,True,False,False,False,False,,Nandrolone,,,,,True,True
CHEMBL2104921,CHEMBL2105499,SULFAMAZONE,SULFAPERIN,110,110,1,False,False,False,False,True,False,,,,,b4500f44f29f208eff9b18ef149299f751f81fda,,False,False
CHEMBL2104921,CHEMBL2107489,SULFAMAZONE,SULFATHIOUREA,110,110,1,False,False,False,False,True,False,,,,,b4500f44f29f208eff9b18ef149299f751f81fda,,False,False
CHEMBL2104921,CHEMBL485696,SULFAMAZONE,SULFISOMIDINE,110,110,1,False,False,False,False,True,False,,,,,b4500f44f29f208eff9b18ef149299f751f81fda,,False,False
CHEMBL2104921,CHEMBL485940,SULFAMAZONE,SULFAMETOMIDINE,110,110,1,False,False,False,False,True,False,,,,,b4500f44f29f208eff9b18ef149299f751f81fda,,False,False
CHEMBL2104940,CHEMBL3707214,VIMINOL,MORPHOLINE SALICYLATE,2,2,1,False,False,False,False,True,False,,,,,3b56a264f27444123fb04dcc674c19d7bf5f729e,,False,False
CHEMBL2104940,CHEMBL3707342,VIMINOL,POTASSIUM SALICYLATE,2,2,1,False,False,False,False,True,False,,,,,3b56a264f27444123fb04dcc674c19d7bf5f729e,,False,False
CHEMBL2104940,CHEMBL4594214,VIMINOL,ZICONOTIDE,2,2,1,False,False,False,False,True,False,,,,,3b56a264f27444123fb04dcc674c19d7bf5f729e,,False,False
CHEMBL2104967,CHEMBL4297542,FIRATEGRAST,GSK-2018682,2,2,1,False,False,False,False,True,False,,,,,ba34bade98af6a5d32db9e90e1170cdeef58875d,,True,False
CHEMBL2104969,CHEMBL3900554,GIRIPLADIB,BMS-986142,2,2,1,False,False,False,False,True,False,,,,,3139f9cb9c5d8d632a551a904a6ec461effd0e44,,True,False
CHEMBL2104970,CHEMBL5095426,INCYCLINIDE,ZURLETRECTINIB,2,2,1,False,False,False,False,True,False,,,,,f38b3ac4e7193af07801ee1db63731a2e7f926c6,,True,False
CHEMBL2105039,CHEMBL2105505,HISTAPYRRODINE,SEQUIFENADINE,10,10,1,False,False,False,False,True,False,,,,,75dc229fe7c386bf07ab227af7378c1683d3084b,,False,False
CHEMBL2105039,CHEMBL3707371,HISTAPYRRODINE,HYDROXYETHYLPROMETHAZINE,10,10,1,False,False,False,False,True,False,,,,,75dc229fe7c386bf07ab227af7378c1683d3084b,,False,False
CHEMBL2105131,CHEMBL2106167,MEFRUSIDE,CLOREXOLONE,719,719,1,False,False,False,False,True,False,,,,,939957509fbaedd976fc45592d4cf91c9074748a,,False,False
CHEMBL2105131,CHEMBL2106186,MEFRUSIDE,FENQUIZONE,719,719,1,False,False,False,False,True,False,,,,,939957509fbaedd976fc45592d4cf91c9074748a,,False,False
CHEMBL2105248,CHEMBL2105894,POTASSIUM BITARTRATE,"POTASH, SULFURATED",288,288,1,False,False,False,False,True,False,,,,,510fc5d5fdfe5d9b294ffd04febffffc4a823401,,True,False
CHEMBL2105248,DRUGBANK:DB13735,POTASSIUM BITARTRATE,Potassium guaiacolsulfonate,288,288,1,False,False,False,False,True,False,,,,,510fc5d5fdfe5d9b294ffd04febffffc4a823401,,True,False
CHEMBL2105248,DRUGBANK:DB13831,POTASSIUM BITARTRATE,Potassium permanganate,288,288,1,False,False,False,False,True,False,,,,,510fc5d5fdfe5d9b294ffd04febffffc4a823401,,True,False
CHEMBL2105248,DRUGBANK:DB14492,POTASSIUM BITARTRATE,Potassium triiodide,288,288,1,False,False,False,False,True,False,,,,,510fc5d5fdfe5d9b294ffd04febffffc4a823401,,True,False
CHEMBL2105291,DRUGBANK:DB13685,QUINGESTANOL ACETATE,Quingestanol,105,459,1,False,True,False,False,False,False,,Quingestanol,,,,,True,True
CHEMBL2105291,CHEMBL2106801,QUINGESTANOL ACETATE,NORMETHANDRONE,105,105,1,False,False,False,False,True,False,,,,,8cee4fe07e9d5d5c4a2f7068db60951570deba00,,True,False
CHEMBL2105373,CHEMBL253363,PREGNENOLONE SUCCINATE,PREGNENOLONE,12,13,1,False,True,False,False,False,False,,Pregnenolone,,,,,False,True
CHEMBL2105499,CHEMBL2107489,SULFAPERIN,SULFATHIOUREA,110,110,1,False,False,False,False,True,False,,,,,b4500f44f29f208eff9b18ef149299f751f81fda,,False,False
CHEMBL2105499,CHEMBL485696,SULFAPERIN,SULFISOMIDINE,110,110,1,False,False,False,False,True,False,,,,,b4500f44f29f208eff9b18ef149299f751f81fda,,False,False
CHEMBL2105499,CHEMBL485940,SULFAPERIN,SULFAMETOMIDINE,110,110,1,False,False,False,False,True,False,,,,,b4500f44f29f208eff9b18ef149299f751f81fda,,False,False
CHEMBL2105505,CHEMBL3707371,SEQUIFENADINE,HYDROXYETHYLPROMETHAZINE,10,10,1,False,False,False,False,True,False,,,,,75dc229fe7c386bf07ab227af7378c1683d3084b,,False,False
CHEMBL2105534,CHEMBL2108085,ZOLIMIDINE,SULGLICOTIDE,2,2,1,False,False,False,False,True,False,,,,,0c8d6623c515f5d035fe7fab123b069d85406e1e,,False,False
CHEMBL2105534,CHEMBL3833348,ZOLIMIDINE,BISMUTH SUBNITRATE,2,2,1,False,False,False,False,True,False,,,,,0c8d6623c515f5d035fe7fab123b069d85406e1e,,False,False
CHEMBL2105534,CHEMBL4802233,ZOLIMIDINE,ROXATIDINE,2,2,1,False,False,False,False,True,False,,,,,0c8d6623c515f5d035fe7fab123b069d85406e1e,,False,False
CHEMBL2105612,CHEMBL2106548,PROPICILLIN,CLOMETOCILLIN,158,158,1,False,False,False,False,True,False,,,,,70c3eb6cbd9cd21fe93bd0b590e42ef2c8512b15,,False,False
CHEMBL2105612,CHEMBL2106988,PROPICILLIN,PENAMECILLIN,158,158,1,False,False,False,False,True,False,,,,,70c3eb6cbd9cd21fe93bd0b590e42ef2c8512b15,,False,False
CHEMBL2105680,CHEMBL437765,RIFAMYCIN SODIUM,RIFAMYCIN,2,887,1,False,True,False,False,False,False,,Rifamycin,,,,,False,True
CHEMBL2105711,CHEMBL2110731,TOFOGLIFLOZIN,TOFOGLIFLOZIN ANHYDROUS,3,579,1,False,True,False,False,False,False,,Tofogliflozin,,,,,False,True
CHEMBL2105750,CHEMBL2108360,SOVAPREVIR,MIRAVIRSEN,2,2,1,False,False,False,False,True,False,,,,,b806c3173fc3927bca13affa020f19fa854dc358,,True,False
CHEMBL2105750,CHEMBL2160007,SOVAPREVIR,PSI-352938,2,2,1,False,False,False,False,True,False,,,,,b806c3173fc3927bca13affa020f19fa854dc358,,True,False
CHEMBL2105750,CHEMBL3039503,SOVAPREVIR,LOMIBUVIR,2,2,1,False,False,False,False,True,False,,,,,b806c3173fc3927bca13affa020f19fa854dc358,,True,False
CHEMBL2105750,CHEMBL3039519,SOVAPREVIR,SAMATASVIR,2,2,1,False,False,False,False,True,False,,,,,b806c3173fc3927bca13affa020f19fa854dc358,,True,False
CHEMBL2105750,CHEMBL3121539,SOVAPREVIR,RADALBUVIR,2,2,1,False,False,False,False,True,False,,,,,b806c3173fc3927bca13affa020f19fa854dc358,,True,False
CHEMBL2105750,CHEMBL3707372,SOVAPREVIR,VOXILAPREVIR,2,2,1,False,False,False,False,True,False,,,,,b806c3173fc3927bca13affa020f19fa854dc358,,True,False
CHEMBL2105750,CHEMBL3833385,SOVAPREVIR,RUZASVIR,2,2,1,False,False,False,False,True,False,,,,,b806c3173fc3927bca13affa020f19fa854dc358,,True,False
CHEMBL2105750,CHEMBL4076467,SOVAPREVIR,ABT-072,2,2,1,False,False,False,False,True,False,,,,,b806c3173fc3927bca13affa020f19fa854dc358,,True,False
CHEMBL2105750,CHEMBL4297647,SOVAPREVIR,FURAPREVIR,2,2,1,False,False,False,False,True,False,,,,,b806c3173fc3927bca13affa020f19fa854dc358,,True,False
CHEMBL2105750,CHEMBL490672,SOVAPREVIR,FILIBUVIR,2,2,1,False,False,False,False,True,False,,,,,b806c3173fc3927bca13affa020f19fa854dc358,,True,False
CHEMBL2105750,CHEMBL562967,SOVAPREVIR,MERICITABINE,2,2,1,False,False,False,False,True,False,,,,,b806c3173fc3927bca13affa020f19fa854dc358,,True,False
CHEMBL2105807,CHEMBL2107342,MADURAMICIN,GAMITHROMYCIN,19,19,1,False,False,False,False,True,False,,,,,a5f75572e455ef1428c04011b389f1c4c27c127d,,True,False
CHEMBL2105807,CHEMBL346059,MADURAMICIN,CHEMBL346059,19,19,1,False,False,False,False,True,False,,,,,a5f75572e455ef1428c04011b389f1c4c27c127d,,True,False
CHEMBL2105807,CHEMBL410968,MADURAMICIN,CHEMBL410968,19,19,1,False,False,False,False,True,False,,,,,a5f75572e455ef1428c04011b389f1c4c27c127d,,True,False
CHEMBL2105807,CHEMBL478120,MADURAMICIN,MARBOFLOXACIN,19,19,1,False,False,False,False,True,False,,,,,a5f75572e455ef1428c04011b389f1c4c27c127d,,True,False
CHEMBL2105807,DRUGBANK:DB02237,MADURAMICIN,Maltotetraose,19,19,1,False,False,False,False,True,False,,,,,a5f75572e455ef1428c04011b389f1c4c27c127d,,True,False
CHEMBL2105807,DRUGBANK:DB04952,MADURAMICIN,Ramoplanin,19,19,1,False,False,False,False,True,False,,,,,a5f75572e455ef1428c04011b389f1c4c27c127d,,True,False
CHEMBL2105807,DRUGBANK:DB11375,MADURAMICIN,Avilamycin,19,19,1,False,False,False,False,True,False,,,,,a5f75572e455ef1428c04011b389f1c4c27c127d,,True,False
CHEMBL2105807,DRUGBANK:DB11377,MADURAMICIN,Bambermycins,19,19,1,False,False,False,False,True,False,,,,,a5f75572e455ef1428c04011b389f1c4c27c127d,,True,False
CHEMBL2105807,DRUGBANK:DB11401,MADURAMICIN,Efrotomycin,19,19,1,False,False,False,False,True,False,,,,,a5f75572e455ef1428c04011b389f1c4c27c127d,,True,False
CHEMBL2105807,DRUGBANK:DB11474,MADURAMICIN,Tulathromycin A,19,19,1,False,False,False,False,True,False,,,,,a5f75572e455ef1428c04011b389f1c4c27c127d,,True,False
CHEMBL2105807,DRUGBANK:DB13172,MADURAMICIN,Tunicamycin,19,19,1,False,False,False,False,True,False,,,,,a5f75572e455ef1428c04011b389f1c4c27c127d,,True,False
CHEMBL2105807,DRUGBANK:DB13704,MADURAMICIN,Pristinamycin,19,19,1,False,False,False,False,True,False,,,,,a5f75572e455ef1428c04011b389f1c4c27c127d,,True,False
CHEMBL2105807,DRUGBANK:DB13705,MADURAMICIN,Decamethoxine,19,19,1,False,False,False,False,True,False,,,,,a5f75572e455ef1428c04011b389f1c4c27c127d,,True,False
CHEMBL2105807,DRUGBANK:DB14051,MADURAMICIN,Malacidin A,19,19,1,False,False,False,False,True,False,,,,,a5f75572e455ef1428c04011b389f1c4c27c127d,,True,False
CHEMBL2105807,DRUGBANK:DB14052,MADURAMICIN,Malacidin B,19,19,1,False,False,False,False,True,False,,,,,a5f75572e455ef1428c04011b389f1c4c27c127d,,True,False
CHEMBL2105807,DRUGBANK:DB15657,MADURAMICIN,Ala-geninthiocin,19,19,1,False,False,False,False,True,False,,,,,a5f75572e455ef1428c04011b389f1c4c27c127d,,True,False
CHEMBL2105894,DRUGBANK:DB13735,"POTASH, SULFURATED",Potassium guaiacolsulfonate,288,288,1,False,False,False,False,True,False,,,,,510fc5d5fdfe5d9b294ffd04febffffc4a823401,,True,False
CHEMBL2105894,DRUGBANK:DB13831,"POTASH, SULFURATED",Potassium permanganate,288,288,1,False,False,False,False,True,False,,,,,510fc5d5fdfe5d9b294ffd04febffffc4a823401,,True,False
CHEMBL2105894,DRUGBANK:DB14492,"POTASH, SULFURATED",Potassium triiodide,288,288,1,False,False,False,False,True,False,,,,,510fc5d5fdfe5d9b294ffd04febffffc4a823401,,True,False
CHEMBL2106004,DRUGBANK:DB09219,BISOXATIN ACETATE,Bisoxatin,1,1021,1,False,True,False,False,False,False,,Bisoxatin,,,,,True,True
CHEMBL2106011,DRUGBANK:DB00838,CLOCORTOLONE ACETATE,Clocortolone,852,123,1,False,True,False,False,False,False,,Clocortolone,,,,,True,True
CHEMBL2106124,CHEMBL3707206,CALCIUM GLYCEROPHOSPHATE,CALCIUM GLYCERYLPHOSPHATE,1,17,1,False,True,False,False,False,False,,calcium β-glycerophosphate,,,,,True,True
CHEMBL2106167,CHEMBL2106186,CLOREXOLONE,FENQUIZONE,719,719,1,False,False,False,False,True,False,,,,,939957509fbaedd976fc45592d4cf91c9074748a,,False,False
CHEMBL2106236,DRUGBANK:DB09369,EPIMESTROL,Polyestradiol phosphate,496,496,1,False,False,False,False,True,False,,,,,ce1bfb776adf39f7bdd93ad1947209a906aa5b1d,,True,False
CHEMBL2106236,DRUGBANK:DB13143,EPIMESTROL,Methallenestril,496,496,1,False,False,False,False,True,False,,,,,ce1bfb776adf39f7bdd93ad1947209a906aa5b1d,,True,False
CHEMBL2106439,CHEMBL398880,PIPOTIAZINE PALMITATE,PIPOTIAZINE,1,1132,1,False,True,False,False,False,False,,Pipotiazine,,,,,True,True
CHEMBL2106548,CHEMBL2106988,CLOMETOCILLIN,PENAMECILLIN,158,158,1,False,False,False,False,True,False,,,,,70c3eb6cbd9cd21fe93bd0b590e42ef2c8512b15,,False,False
CHEMBL2106571,CHEMBL259548,CLOSTEBOL,BOLASTERONE,56,56,1,False,False,False,False,True,False,,,,,f98f0610a8d445bb29b2e200fb49027ea01e72e2,,True,False
CHEMBL2106571,CHEMBL307500,CLOSTEBOL,CHEMBL307500,56,56,1,False,False,False,False,True,False,,,,,f98f0610a8d445bb29b2e200fb49027ea01e72e2,,True,False
CHEMBL2106571,CHEMBL440283,CLOSTEBOL,ANDROSTENEDIOL,56,56,1,False,False,False,False,True,False,,,,,f98f0610a8d445bb29b2e200fb49027ea01e72e2,,True,False
CHEMBL2106571,DRUGBANK:DB01434,CLOSTEBOL,19-norandrostenedione,56,56,1,False,False,False,False,True,False,,,,,f98f0610a8d445bb29b2e200fb49027ea01e72e2,,True,False
CHEMBL2106571,DRUGBANK:DB06250,CLOSTEBOL,Fluasterone,56,56,1,False,False,False,False,True,False,,,,,f98f0610a8d445bb29b2e200fb49027ea01e72e2,,True,False
CHEMBL2106571,DRUGBANK:DB13710,CLOSTEBOL,Metenolone,56,56,1,False,False,False,False,True,False,,,,,f98f0610a8d445bb29b2e200fb49027ea01e72e2,,True,False
CHEMBL2107112,DRUGBANK:DB09091,TIXOCORTOL PIVALATE,Tixocortol,1,1307,1,False,True,False,False,False,False,,Tixocortol,,,,,True,True
CHEMBL2107342,CHEMBL346059,GAMITHROMYCIN,CHEMBL346059,19,19,1,False,False,False,False,True,False,,,,,a5f75572e455ef1428c04011b389f1c4c27c127d,,True,False
CHEMBL2107342,CHEMBL410968,GAMITHROMYCIN,CHEMBL410968,19,19,1,False,False,False,False,True,False,,,,,a5f75572e455ef1428c04011b389f1c4c27c127d,,True,False
CHEMBL2107342,CHEMBL478120,GAMITHROMYCIN,MARBOFLOXACIN,19,19,1,False,False,False,False,True,False,,,,,a5f75572e455ef1428c04011b389f1c4c27c127d,,True,False
CHEMBL2107342,DRUGBANK:DB02237,GAMITHROMYCIN,Maltotetraose,19,19,1,False,False,False,False,True,False,,,,,a5f75572e455ef1428c04011b389f1c4c27c127d,,True,False
CHEMBL2107342,DRUGBANK:DB04952,GAMITHROMYCIN,Ramoplanin,19,19,1,False,False,False,False,True,False,,,,,a5f75572e455ef1428c04011b389f1c4c27c127d,,True,False
CHEMBL2107342,DRUGBANK:DB11375,GAMITHROMYCIN,Avilamycin,19,19,1,False,False,False,False,True,False,,,,,a5f75572e455ef1428c04011b389f1c4c27c127d,,True,False
CHEMBL2107342,DRUGBANK:DB11377,GAMITHROMYCIN,Bambermycins,19,19,1,False,False,False,False,True,False,,,,,a5f75572e455ef1428c04011b389f1c4c27c127d,,True,False
CHEMBL2107342,DRUGBANK:DB11401,GAMITHROMYCIN,Efrotomycin,19,19,1,False,False,False,False,True,False,,,,,a5f75572e455ef1428c04011b389f1c4c27c127d,,True,False
CHEMBL2107342,DRUGBANK:DB11474,GAMITHROMYCIN,Tulathromycin A,19,19,1,False,False,False,False,True,False,,,,,a5f75572e455ef1428c04011b389f1c4c27c127d,,True,False
CHEMBL2107342,DRUGBANK:DB13172,GAMITHROMYCIN,Tunicamycin,19,19,1,False,False,False,False,True,False,,,,,a5f75572e455ef1428c04011b389f1c4c27c127d,,True,False
CHEMBL2107342,DRUGBANK:DB13704,GAMITHROMYCIN,Pristinamycin,19,19,1,False,False,False,False,True,False,,,,,a5f75572e455ef1428c04011b389f1c4c27c127d,,True,False
CHEMBL2107342,DRUGBANK:DB13705,GAMITHROMYCIN,Decamethoxine,19,19,1,False,False,False,False,True,False,,,,,a5f75572e455ef1428c04011b389f1c4c27c127d,,True,False
CHEMBL2107342,DRUGBANK:DB14051,GAMITHROMYCIN,Malacidin A,19,19,1,False,False,False,False,True,False,,,,,a5f75572e455ef1428c04011b389f1c4c27c127d,,True,False
CHEMBL2107342,DRUGBANK:DB14052,GAMITHROMYCIN,Malacidin B,19,19,1,False,False,False,False,True,False,,,,,a5f75572e455ef1428c04011b389f1c4c27c127d,,True,False
CHEMBL2107342,DRUGBANK:DB15657,GAMITHROMYCIN,Ala-geninthiocin,19,19,1,False,False,False,False,True,False,,,,,a5f75572e455ef1428c04011b389f1c4c27c127d,,True,False
CHEMBL2107350,CHEMBL4594288,LEVAMLODIPINE MALATE,LEVAMLODIPINE MALEATE,2,2,1,False,False,False,False,True,False,,,,,0ab757f2d782bf4473b5000199583a6e0d23fbe8,,False,False
CHEMBL2107358,CHEMBL408194,OBATOCLAX MESYLATE,OBATOCLAX,14,16,1,False,True,False,False,False,False,,Obatoclax,,,,,False,True
CHEMBL2107489,CHEMBL485696,SULFATHIOUREA,SULFISOMIDINE,110,110,1,False,False,False,False,True,False,,,,,b4500f44f29f208eff9b18ef149299f751f81fda,,False,False
CHEMBL2107489,CHEMBL485940,SULFATHIOUREA,SULFAMETOMIDINE,110,110,1,False,False,False,False,True,False,,,,,b4500f44f29f208eff9b18ef149299f751f81fda,,False,False
CHEMBL2107760,CHEMBL2109549,NEBENTAN,J591,2,2,1,False,False,False,False,True,False,,,,,50f0d8c1fcf97f86477fbf7f9fc7d9440f0841dd,,True,False
CHEMBL2107760,CHEMBL2109556,NEBENTAN,MLN-2704,2,2,1,False,False,False,False,True,False,,,,,50f0d8c1fcf97f86477fbf7f9fc7d9440f0841dd,,True,False
CHEMBL2107760,CHEMBL3039550,NEBENTAN,RILIMOGENE GALVACIREPVEC,2,2,1,False,False,False,False,True,False,,,,,50f0d8c1fcf97f86477fbf7f9fc7d9440f0841dd,,True,False
CHEMBL2107760,CHEMBL4297485,NEBENTAN,CFG-920,2,2,1,False,False,False,False,True,False,,,,,50f0d8c1fcf97f86477fbf7f9fc7d9440f0841dd,,True,False
CHEMBL2107767,CHEMBL4519121,PALIRODEN,MEVIDALEN HYDROXYBENZOATE,2,2,1,False,False,False,False,True,False,,,,,5fd6146b1737aba93e7224142ff43661bf49c59a,,True,False
CHEMBL2107767,CHEMBL4594351,PALIRODEN,TAK-071,2,2,1,False,False,False,False,True,False,,,,,5fd6146b1737aba93e7224142ff43661bf49c59a,,True,False
CHEMBL2107842,DRUGBANK:DB00105,ALBINTERFERON ALFA-2B,Interferon alfa-2b,4,627,1,False,True,False,False,False,False,,Interferon-alfa-2b,,,,,True,True
CHEMBL2107869,CHEMBL2108305,INSULIN DEGLUDEC,INSULIN TREGOPIL,3,3,1,False,False,False,False,True,False,,,,,954685392a5fd6f3bf944436330ce4d217f5d9b2,,True,False
CHEMBL2107869,CHEMBL5095262,INSULIN DEGLUDEC,CADISEGLIATIN,3,3,1,False,False,False,False,True,False,,,,,954685392a5fd6f3bf944436330ce4d217f5d9b2,,True,False
CHEMBL2107886,DRUGBANK:DB09259,REVIPARIN SODIUM,Reviparin,1,857,1,False,True,False,False,False,False,,Reviparin,,,,,True,True
CHEMBL2107906,DRUGBANK:DB15461,PLAGUE VACCINE,Yersinia pestis 195/p antigen (formaldehyde inactivated),1,274,1,False,True,False,False,False,False,,PLAGUE VACCINE,,,,,True,True
CHEMBL2108021,CHEMBL2108809,BESILESOMAB,SULESOMAB,2,2,1,False,False,False,False,True,False,,,,,c07de49226a9d54382e4b627475bb9deb1ee11e5,,True,False
CHEMBL2108029,CHEMBL2109635,ERTUMAXOMAB,SAR-566658,2,2,1,False,False,False,False,True,False,,,,,7c3cb873a5b63373d53ae5aad9f24b345046c389,,True,False
CHEMBL2108029,CHEMBL2364649,ERTUMAXOMAB,MARGETUXIMAB,2,2,1,False,False,False,False,True,False,,,,,7c3cb873a5b63373d53ae5aad9f24b345046c389,,True,False
CHEMBL2108029,CHEMBL3907479,ERTUMAXOMAB,FGFR INHIBITOR DEBIO 1347,2,2,1,False,False,False,False,True,False,,,,,7c3cb873a5b63373d53ae5aad9f24b345046c389,,True,False
CHEMBL2108029,CHEMBL4297736,ERTUMAXOMAB,PRALUZATAMAB RAVTANSINE,2,2,1,False,False,False,False,True,False,,,,,7c3cb873a5b63373d53ae5aad9f24b345046c389,,True,False
CHEMBL2108029,CHEMBL4298025,ERTUMAXOMAB,ZENOCUTUZUMAB,2,2,1,False,False,False,False,True,False,,,,,7c3cb873a5b63373d53ae5aad9f24b345046c389,,True,False
CHEMBL2108029,CHEMBL4466233,ERTUMAXOMAB,PEMRAMETOSTAT,2,2,1,False,False,False,False,True,False,,,,,7c3cb873a5b63373d53ae5aad9f24b345046c389,,True,False
CHEMBL2108029,CHEMBL4469414,ERTUMAXOMAB,LUVIXASERTIB,2,2,1,False,False,False,False,True,False,,,,,7c3cb873a5b63373d53ae5aad9f24b345046c389,,True,False
CHEMBL2108029,CHEMBL5087025,ERTUMAXOMAB,TARAGARESTRANT,2,2,1,False,False,False,False,True,False,,,,,7c3cb873a5b63373d53ae5aad9f24b345046c389,,True,False
CHEMBL2108035,DRUGBANK:DB00083,INCOBOTULINUMTOXINA,Botulinum toxin type A,19,803,1,False,True,False,False,False,False,,IncobotulinumtoxinA,,,,,True,True
CHEMBL2108038,CHEMBL4297938,MATUZUMAB,LIFASTUZUMAB VEDOTIN,2,2,1,False,False,False,False,True,False,,,,,80688b55ec5a9d6baee01f1b7515bcccb4738a3c,,True,False
CHEMBL2108080,DRUGBANK:DB09260,PARNAPARIN SODIUM,Parnaparin,2,877,1,False,True,False,False,False,False,,Parnaparin sodium,,,,,False,True
CHEMBL2108085,CHEMBL3833348,SULGLICOTIDE,BISMUTH SUBNITRATE,2,2,1,False,False,False,False,True,False,,,,,0c8d6623c515f5d035fe7fab123b069d85406e1e,,False,False
CHEMBL2108085,CHEMBL4802233,SULGLICOTIDE,ROXATIDINE,2,2,1,False,False,False,False,True,False,,,,,0c8d6623c515f5d035fe7fab123b069d85406e1e,,False,False
CHEMBL2108126,DRUGBANK:DB11097,PSYLLIUM HUSK,Plantago seed,1,399,1,False,True,False,False,False,False,,Psyllium husk,,,,,True,True
CHEMBL2108131,CHEMBL2109084,PLASMINOGEN,DESMOTEPLASE,2,2,1,False,False,False,False,True,False,,,,,6a8ecab1351a0acb9db8407121316440e8f39db7,,False,False
CHEMBL2108131,CHEMBL4802182,PLASMINOGEN,THR-18,2,2,1,False,False,False,False,True,False,,,,,6a8ecab1351a0acb9db8407121316440e8f39db7,,False,False
CHEMBL2108175,DRUGBANK:DB13192,ANTIHEMOPHILIC FACTOR,Antihemophilic factor human,3,95,1,False,True,False,False,False,False,,Antihemophilic factor (human),,,,,True,True
CHEMBL2108209,CHEMBL2108509,LENTINAN,INTERFERON ALFA-N1,2,2,1,False,False,False,False,True,False,,,,,6736dd6108821f68507c441e957bc9593221a51f,,True,False
CHEMBL2108265,DRUGBANK:DB15478,CASCARA SAGRADA,Frangula purshiana bark,1,395,1,False,True,False,False,False,False,,Cascara sagrada,,,,,True,True
CHEMBL2108278,CHEMBL2108735,ETEPLIRSEN,DRISAPERSEN,2,2,1,False,False,False,False,True,False,,,,,08ad68a3258d7bfedf183f66b8073d3c037523a1,,True,False
CHEMBL2108278,CHEMBL4297566,ETEPLIRSEN,CASIMERSEN,2,2,1,False,False,False,False,True,False,,,,,08ad68a3258d7bfedf183f66b8073d3c037523a1,,True,False
CHEMBL2108278,CHEMBL4297762,ETEPLIRSEN,GOLODIRSEN,2,2,1,False,False,False,False,True,False,,,,,08ad68a3258d7bfedf183f66b8073d3c037523a1,,True,False
CHEMBL2108278,CHEMBL4298062,ETEPLIRSEN,VILTOLARSEN,2,2,1,False,False,False,False,True,False,,,,,08ad68a3258d7bfedf183f66b8073d3c037523a1,,True,False
CHEMBL2108280,CHEMBL4297610,CENERSEN,OLUTASIDENIB,2,2,1,False,False,False,False,True,False,,,,,59969f8c29d87d568fed6781fbcceea733a5dd0d,,True,False
CHEMBL2108280,CHEMBL4298096,CENERSEN,MIK-665,2,2,1,False,False,False,False,True,False,,,,,59969f8c29d87d568fed6781fbcceea733a5dd0d,,True,False
CHEMBL2108280,CHEMBL4594521,CENERSEN,ELUVIXTAMAB,2,2,1,False,False,False,False,True,False,,,,,59969f8c29d87d568fed6781fbcceea733a5dd0d,,True,False
CHEMBL2108290,DRUGBANK:DB00016,EPOETIN THETA,Erythropoietin,2,548,1,False,True,False,False,False,False,,Epoetin theta,,,,,True,True
CHEMBL2108290,CHEMBL2109093,EPOETIN THETA,EPOETIN DELTA,2,2,1,False,False,False,False,True,False,,,,,00d3a2ad0ee796469e92bf5276bc3aa2ba97733d,,True,False
CHEMBL2108292,CHEMBL2108322,EPTACOG ALFA PEGOL (ACTIVATED),VATREPTACOG ALFA (ACTIVATED),2,2,1,False,False,False,False,True,False,,,,,b8d5522b2f897862d9a167caf5483a0c0258d008,,True,False
CHEMBL2108292,CHEMBL4297730,EPTACOG ALFA PEGOL (ACTIVATED),CONCIZUMAB,2,2,1,False,False,False,False,True,False,,,,,b8d5522b2f897862d9a167caf5483a0c0258d008,,True,False
CHEMBL2108292,CHEMBL5315078,EPTACOG ALFA PEGOL (ACTIVATED),EPTACOG BETA (ACTIVATED),2,2,1,False,False,False,False,True,False,,,,,b8d5522b2f897862d9a167caf5483a0c0258d008,,True,False
CHEMBL2108305,CHEMBL5095262,INSULIN TREGOPIL,CADISEGLIATIN,3,3,1,False,False,False,False,True,False,,,,,954685392a5fd6f3bf944436330ce4d217f5d9b2,,True,False
CHEMBL2108309,CHEMBL4594442,CUSTIRSEN,IMARADENANT,3,3,1,False,False,False,False,True,False,,,,,5c0152f4b46ba14df31f39d26e1da8f5908f301a,,True,False
CHEMBL2108312,CHEMBL2108769,OZARELIX,SAW PALMETTO,2,2,1,False,False,False,False,True,False,,,,,e020951b502d42319d6be97946509f25bb57ce62,,True,False
CHEMBL2108312,CHEMBL2364656,OZARELIX,TOPSALYSIN,2,2,1,False,False,False,False,True,False,,,,,e020951b502d42319d6be97946509f25bb57ce62,,True,False
CHEMBL2108322,DRUGBANK:DB12409,VATREPTACOG ALFA (ACTIVATED),Vatreptacog alfa,2,95,1,False,True,False,False,False,False,,Vatreptacog alfa,,,,,True,True
CHEMBL2108322,CHEMBL4297730,VATREPTACOG ALFA (ACTIVATED),CONCIZUMAB,2,2,1,False,False,False,False,True,False,,,,,b8d5522b2f897862d9a167caf5483a0c0258d008,,True,False
CHEMBL2108322,CHEMBL5315078,VATREPTACOG ALFA (ACTIVATED),EPTACOG BETA (ACTIVATED),2,2,1,False,False,False,False,True,False,,,,,b8d5522b2f897862d9a167caf5483a0c0258d008,,True,False
CHEMBL2108324,CHEMBL2109229,OBLIMERSEN,OBLIMERSEN SODIUM,1,28,1,False,True,False,False,False,False,,Oblimersen,,,,,True,True
CHEMBL2108334,DRUGBANK:DB00036,EPTACOG ALFA (ACTIVATED),Coagulation factor VIIa Recombinant Human,10,100,1,False,True,False,False,False,False,,Coagulation factor viia recombinant human,,,,,True,True
CHEMBL2108360,CHEMBL2160007,MIRAVIRSEN,PSI-352938,2,2,1,False,False,False,False,True,False,,,,,b806c3173fc3927bca13affa020f19fa854dc358,,True,False
CHEMBL2108360,CHEMBL3039503,MIRAVIRSEN,LOMIBUVIR,2,2,1,False,False,False,False,True,False,,,,,b806c3173fc3927bca13affa020f19fa854dc358,,True,False
CHEMBL2108360,CHEMBL3039519,MIRAVIRSEN,SAMATASVIR,2,2,1,False,False,False,False,True,False,,,,,b806c3173fc3927bca13affa020f19fa854dc358,,True,False
CHEMBL2108360,CHEMBL3121539,MIRAVIRSEN,RADALBUVIR,2,2,1,False,False,False,False,True,False,,,,,b806c3173fc3927bca13affa020f19fa854dc358,,True,False
CHEMBL2108360,CHEMBL3707372,MIRAVIRSEN,VOXILAPREVIR,2,2,1,False,False,False,False,True,False,,,,,b806c3173fc3927bca13affa020f19fa854dc358,,True,False
CHEMBL2108360,CHEMBL3833385,MIRAVIRSEN,RUZASVIR,2,2,1,False,False,False,False,True,False,,,,,b806c3173fc3927bca13affa020f19fa854dc358,,True,False
CHEMBL2108360,CHEMBL4076467,MIRAVIRSEN,ABT-072,2,2,1,False,False,False,False,True,False,,,,,b806c3173fc3927bca13affa020f19fa854dc358,,True,False
CHEMBL2108360,CHEMBL4297647,MIRAVIRSEN,FURAPREVIR,2,2,1,False,False,False,False,True,False,,,,,b806c3173fc3927bca13affa020f19fa854dc358,,True,False
CHEMBL2108360,CHEMBL490672,MIRAVIRSEN,FILIBUVIR,2,2,1,False,False,False,False,True,False,,,,,b806c3173fc3927bca13affa020f19fa854dc358,,True,False
CHEMBL2108360,CHEMBL562967,MIRAVIRSEN,MERICITABINE,2,2,1,False,False,False,False,True,False,,,,,b806c3173fc3927bca13affa020f19fa854dc358,,True,False
CHEMBL2108416,DRUGBANK:DB13199,BRINOLASE,Brinase,1,638,1,False,True,False,False,False,False,,Brinase,,,,,True,True
CHEMBL2108448,DRUGBANK:DB09106,HETASTARCH,Hydroxyethyl Starch,4,736,1,False,True,False,False,False,False,,Hetastarch,,,,,True,True
CHEMBL2108466,DRUGBANK:DB01381,GINKGO,Ginkgo biloba,18,570,1,False,True,False,False,False,False,,Ginkgo,,,,,True,True
CHEMBL2108467,DRUGBANK:DB01404,"GINSENG, ASIAN",Ginseng,11,7,1,False,True,False,False,False,False,,Ginseng,,,,,True,True
CHEMBL2108510,DRUGBANK:DB14999,INTERFERON BETA,Human interferon beta,6,39,1,False,True,False,False,False,False,,Human interferon beta,,,,,True,True
CHEMBL2108559,CHEMBL3544923,SENNOSIDES,LABETUZUMAB GOVITECAN,2,2,1,False,False,False,False,True,False,,,,,f94d932857b9ce3ba246df5bc03215cb304b145c,,True,False
CHEMBL2108569,CHEMBL5095357,INSULIN PEGLISPRO,INSULIN EFSITORA ALFA,2,2,1,False,False,False,False,True,False,,,,,2dc26eb0db9dc63f8e748889182bb621a17e2713,,True,False
CHEMBL2108570,DRUGBANK:DB00083,ABOBOTULINUMTOXINA,Botulinum toxin type A,3,803,1,False,True,False,False,False,False,,AbobotulinumtoxinA,,,,,True,True
CHEMBL2108593,DRUGBANK:DB00016,EPOETIN ZETA,Erythropoietin,3,548,1,False,True,False,False,False,False,,Epoetin zeta,,,,,True,True
CHEMBL2108680,DRUGBANK:DB05916,PIDILIZUMAB,CT-011,9,337,1,False,True,False,False,False,False,,CT-011,,,,,True,True
CHEMBL2108688,DRUGBANK:DB14711,SMALLPOX VACCINE,"Smallpox (Vaccinia) Vaccine, Live",3,274,1,False,True,False,False,False,False,,Smallpox vaccine,,,,,True,True
CHEMBL2108735,CHEMBL4297566,DRISAPERSEN,CASIMERSEN,2,2,1,False,False,False,False,True,False,,,,,08ad68a3258d7bfedf183f66b8073d3c037523a1,,True,False
CHEMBL2108735,CHEMBL4297762,DRISAPERSEN,GOLODIRSEN,2,2,1,False,False,False,False,True,False,,,,,08ad68a3258d7bfedf183f66b8073d3c037523a1,,True,False
CHEMBL2108735,CHEMBL4298062,DRISAPERSEN,VILTOLARSEN,2,2,1,False,False,False,False,True,False,,,,,08ad68a3258d7bfedf183f66b8073d3c037523a1,,True,False
CHEMBL2108752,DRUGBANK:DB04895,PEGAPTANIB OCTASODIUM,Pegaptanib,1,768,1,False,True,False,False,False,False,,Pegaptanib Octasodium,,,,,True,True
CHEMBL2108769,CHEMBL2364656,SAW PALMETTO,TOPSALYSIN,2,2,1,False,False,False,False,True,False,,,,,e020951b502d42319d6be97946509f25bb57ce62,,True,False
CHEMBL2108780,DRUGBANK:DB09287,POLYETHYLENE GLYCOL 4000,Polyethylene glycol,4,481,1,False,True,False,False,False,False,,Polyethylene glycol 4000,,,,,False,True
CHEMBL2108875,DRUGBANK:DB10583,TETANUS TOXOID,Clostridium tetani toxoid antigen (formaldehyde inactivated),21,274,1,False,True,False,False,False,False,,Tetanus toxoid,,,,,True,True
CHEMBL2108876,DRUGBANK:DB10583,TETANUS TOXOID ADSORBED,Clostridium tetani toxoid antigen (formaldehyde inactivated),2,274,1,False,True,False,False,False,False,,Tetanus toxoid adsorbed,,,,,True,True
CHEMBL2108878,DRUGBANK:DB09100,THYROID,"Thyroid, porcine",5,473,1,False,True,False,False,False,False,,"Thyroid, porcine",,,,,True,True
CHEMBL2108922,CHEMBL2303614,CHONDROITIN SULFATE SODIUM,CHONDROITIN SULFATE,6,1,1,False,True,False,False,False,False,,Chondroitin sulfate,,,,,True,True
CHEMBL2108922,DRUGBANK:DB09301,CHONDROITIN SULFATE SODIUM,Chondroitin sulfate,6,740,1,False,True,False,False,False,False,,Chondroitin sulfate,,,,,True,True
CHEMBL2108931,DRUGBANK:DB08886,CRISANTASPASE,Asparaginase Erwinia chrysanthemi,5,26,1,False,True,False,False,False,False,,Crisantaspase,,,,,True,True
CHEMBL2108939,DRUGBANK:DB14443,CHOLERA VACCINE,Vibrio cholerae CVD 103-HgR strain live antigen,2,724,1,False,True,False,False,False,False,,Cholera Vaccine,,,,,True,True
CHEMBL2108989,DRUGBANK:DB00023,ASPARAGINASE,Asparaginase Escherichia coli,25,26,1,False,True,False,False,False,False,,Asparaginase,,,,,True,True
CHEMBL2109000,DRUGBANK:DB11059,CARBOXYMETHYLCELLULOSE CALCIUM,Carboxymethylcellulose,1,398,1,False,True,False,False,False,False,,Carboxymethylcellulose,,,,,True,True
CHEMBL2109057,CHEMBL5095345,ECROMEXIMAB,TYROSINASE,3,3,1,False,False,False,False,True,False,,,,,c2036f21cd3ad23caff5551e26f1fca37b14cbb5,,True,False
CHEMBL2109065,DRUGBANK:DB00055,DROTRECOGIN ALFA (ACTIVATED),Drotrecogin alfa,10,638,1,False,True,False,False,False,False,,Drotrecogin alfa,,,,,True,True
CHEMBL2109084,CHEMBL4802182,DESMOTEPLASE,THR-18,2,2,1,False,False,False,False,True,False,,,,,6a8ecab1351a0acb9db8407121316440e8f39db7,,False,False
CHEMBL2109092,DRUGBANK:DB00016,EPOETIN BETA,Erythropoietin,46,548,1,False,True,False,False,False,False,,Erythropoietin,,,,,True,True
CHEMBL2109121,DRUGBANK:DB10584,DIPHTHERIA TOXOID,Corynebacterium diphtheriae toxoid antigen (formaldehyde inactivated),6,274,1,False,True,False,False,False,False,,Diphtheria toxoid,,,,,True,True
CHEMBL2109159,CHEMBL4297388,PITRAKINRA,GW-870086,2,2,1,False,False,False,False,True,False,,,,,73eb921fb11e77565981319a0f6aa6bdcba99da7,,True,False
CHEMBL2109204,DRUGBANK:DB08813,NADROPARIN CALCIUM,Nadroparin,6,855,1,False,True,False,False,False,False,,Nadroparin,,,,,True,True
CHEMBL2109205,DRUGBANK:DB00100,COAGULATION FACTOR IX RECOMBINANT HUMAN,Coagulation Factor IX (Recombinant),1,96,1,False,True,False,False,False,False,,Coagulation factor IX recombinant human,,,,,True,True
CHEMBL2109225,DRUGBANK:DB10317,RUBELLA VIRUS VACCINE LIVE,Rubella virus vaccine,3,401,1,False,True,False,False,False,False,,"Rubella virus vaccine,live",,,,,True,True
CHEMBL2109229,DRUGBANK:DB13811,OBLIMERSEN SODIUM,Oblimersen,28,4,1,False,True,False,False,False,False,,Oblimersen,,,,,True,True
CHEMBL2109255,CHEMBL5095305,HEFI-1,DAVOCETICEPT,2,2,1,False,False,False,False,True,False,,,,,71f1b5ddded6671cac6a5fedcd79d2577ef8b77e,,True,False
CHEMBL2109255,CHEMBL70971,HEFI-1,CARBENDAZIM,2,2,1,False,False,False,False,True,False,,,,,71f1b5ddded6671cac6a5fedcd79d2577ef8b77e,,True,False
CHEMBL2109298,CHEMBL5095453,MEDI-3617,BAVUNALIMAB,2,2,1,False,False,False,False,True,False,,,,,0ed075f7397441800cffb93155b0926aec5d385d,,True,False
CHEMBL2109323,CHEMBL5314425,IMC-CS4,MISETIONAMIDE,2,2,1,False,False,False,False,True,False,,,,,fa78074c60df04152e35b8d51e2e3aeecd83b942,,True,False
CHEMBL2109356,CHEMBL574,BIIB-022,P-TOLUENESULFONAMIDE,3,3,1,False,False,False,False,True,False,,,,,b9ba79b1eb107117855384edafaecae3827dbc43,,True,False
CHEMBL2109387,CHEMBL4472508,PARSATUZUMAB,CINTIRORGON,2,2,1,False,False,False,False,True,False,,,,,a631678da0c3fc82df3950f57cf39d11fb6d341d,,True,False
CHEMBL2109396,CHEMBL2109406,AMG-888,PATRITUMAB,6,6,1,False,True,False,False,False,False,,AMG 888,,,,,True,True
CHEMBL2109399,DRUGBANK:DB05773,T-DM1,Trastuzumab emtansine,1,1283,1,False,True,False,False,False,False,,T-DM1,,,,,True,True
CHEMBL2109417,DRUGBANK:DB15443,EMD-273063,Lorukafusp alfa,5,333,1,False,True,False,False,False,False,,EMD 273063,,,,,True,True
CHEMBL2109430,CHEMBL4650406,GIMSILUMAB,LEVILIMAB,2,2,1,False,False,False,False,True,False,,,,,9556f792f9d6e12b24f5f90629efc92a81cc5cd8,,True,False
CHEMBL2109430,CHEMBL4650518,GIMSILUMAB,PLONMARLIMAB,2,2,1,False,False,False,False,True,False,,,,,9556f792f9d6e12b24f5f90629efc92a81cc5cd8,,True,False
CHEMBL2109442,CHEMBL4594586,PRO-542,PGT-121,2,2,1,False,False,False,False,True,False,,,,,dbb89298ac5ddb4f23bb1cba436ee634497136bc,,True,False
CHEMBL2109494,CHEMBL2109495,A27.15,E2.3,4,4,1,False,False,False,False,True,False,,,,,66bfdb33d8fae7bc24801f58728374490e688fe8,,True,False
CHEMBL2109498,CHEMBL4446378,IPH-2101,TAPOTOCLAX,2,2,1,False,False,False,False,True,False,,,,,bdf3e6020b46bc0dfb716f1bdb23fa5abe7b6b77,,True,False
CHEMBL2109511,CHEMBL3137351,ONTAMALIMAB,ABRILUMAB,2,2,1,False,False,False,False,True,False,,,,,0d0a3ca5685fd7e0da6c771f49ccbfb54257a1e9,,True,False
CHEMBL2109511,CHEMBL3707383,ONTAMALIMAB,MONGERSEN SODIUM,2,2,1,False,False,False,False,True,False,,,,,0d0a3ca5685fd7e0da6c771f49ccbfb54257a1e9,,True,False
CHEMBL2109511,CHEMBL3833372,ONTAMALIMAB,BRAZIKUMAB,2,2,1,False,False,False,False,True,False,,,,,0d0a3ca5685fd7e0da6c771f49ccbfb54257a1e9,,True,False
CHEMBL2109511,CHEMBL4297252,ONTAMALIMAB,2'-FUCOSYLLACTOSE,2,2,1,False,False,False,False,True,False,,,,,0d0a3ca5685fd7e0da6c771f49ccbfb54257a1e9,,True,False
CHEMBL2109549,CHEMBL2109556,J591,MLN-2704,2,2,1,False,False,False,False,True,False,,,,,50f0d8c1fcf97f86477fbf7f9fc7d9440f0841dd,,True,False
CHEMBL2109549,CHEMBL3039550,J591,RILIMOGENE GALVACIREPVEC,2,2,1,False,False,False,False,True,False,,,,,50f0d8c1fcf97f86477fbf7f9fc7d9440f0841dd,,True,False
CHEMBL2109549,CHEMBL4297485,J591,CFG-920,2,2,1,False,False,False,False,True,False,,,,,50f0d8c1fcf97f86477fbf7f9fc7d9440f0841dd,,True,False
CHEMBL2109556,CHEMBL3039550,MLN-2704,RILIMOGENE GALVACIREPVEC,2,2,1,False,False,False,False,True,False,,,,,50f0d8c1fcf97f86477fbf7f9fc7d9440f0841dd,,True,False
CHEMBL2109556,CHEMBL4297485,MLN-2704,CFG-920,2,2,1,False,False,False,False,True,False,,,,,50f0d8c1fcf97f86477fbf7f9fc7d9440f0841dd,,True,False
CHEMBL2109563,CHEMBL4297343,RAV-12,ABTL-0812,2,2,1,False,False,False,False,True,False,,,,,45805650de0716b9169582ee90bdd2217790768c,,True,False
CHEMBL2109595,CHEMBL3707229,AMG-157,TEZEPELUMAB,1,7,1,False,True,False,False,False,False,,AMG 157,,,,,True,True
CHEMBL2109595,DRUGBANK:DB15090,AMG-157,Tezepelumab,1,333,1,False,True,False,False,False,False,,AMG 157,,,,,True,True
CHEMBL2109608,CHEMBL4297740,L19IL2,DARLEUKIN,4,2,1,False,True,False,False,False,False,,L19IL2,,,,,True,True
CHEMBL2109635,CHEMBL2364649,SAR-566658,MARGETUXIMAB,2,2,1,False,False,False,False,True,False,,,,,7c3cb873a5b63373d53ae5aad9f24b345046c389,,True,False
CHEMBL2109635,CHEMBL3907479,SAR-566658,FGFR INHIBITOR DEBIO 1347,2,2,1,False,False,False,False,True,False,,,,,7c3cb873a5b63373d53ae5aad9f24b345046c389,,True,False
CHEMBL2109635,CHEMBL4297736,SAR-566658,PRALUZATAMAB RAVTANSINE,2,2,1,False,False,False,False,True,False,,,,,7c3cb873a5b63373d53ae5aad9f24b345046c389,,True,False
CHEMBL2109635,CHEMBL4298025,SAR-566658,ZENOCUTUZUMAB,2,2,1,False,False,False,False,True,False,,,,,7c3cb873a5b63373d53ae5aad9f24b345046c389,,True,False
CHEMBL2109635,CHEMBL4466233,SAR-566658,PEMRAMETOSTAT,2,2,1,False,False,False,False,True,False,,,,,7c3cb873a5b63373d53ae5aad9f24b345046c389,,True,False
CHEMBL2109635,CHEMBL4469414,SAR-566658,LUVIXASERTIB,2,2,1,False,False,False,False,True,False,,,,,7c3cb873a5b63373d53ae5aad9f24b345046c389,,True,False
CHEMBL2109635,CHEMBL5087025,SAR-566658,TARAGARESTRANT,2,2,1,False,False,False,False,True,False,,,,,7c3cb873a5b63373d53ae5aad9f24b345046c389,,True,False
CHEMBL211456,DRUGBANK:DB14752,EPHEDRINE,Racephedrine,1085,148,1,False,True,False,False,False,False,,(+-)-Ephedrine,,,,,True,True
CHEMBL2145077,CHEMBL471737,IVABRADINE HYDROCHLORIDE,IVABRADINE,4,505,1,False,True,False,False,False,False,,Ivabradine,,,,,False,True
CHEMBL214920,CHEMBL288149,TIOCARLIDE,SUTEZOLID,2,2,1,False,False,False,False,True,False,,,,,b46c271eaff666264ff1ec3d3173b5ecaa64b36f,,True,False
CHEMBL214920,CHEMBL3109802,TIOCARLIDE,TBA-7371,2,2,1,False,False,False,False,True,False,,,,,b46c271eaff666264ff1ec3d3173b5ecaa64b36f,,True,False
CHEMBL2151437,CHEMBL3545029,AZD0328,ABT-288,2,2,1,False,False,False,False,True,False,,,,,26b12a52696142f5b4475a0f53232b07e1ec1f67,,True,False
CHEMBL2151437,CHEMBL3545166,AZD0328,DRINABANT,2,2,1,False,False,False,False,True,False,,,,,26b12a52696142f5b4475a0f53232b07e1ec1f67,,True,False
CHEMBL2151437,CHEMBL3545231,AZD0328,ABT-126,2,2,1,False,False,False,False,True,False,,,,,26b12a52696142f5b4475a0f53232b07e1ec1f67,,True,False
CHEMBL2152922,CHEMBL4802137,PF-04995274,CX-157,2,2,1,False,False,False,False,True,False,,,,,e797d6cf878caaae3df4c9b73c1b39f8426f5435,,True,False
CHEMBL2160007,CHEMBL3039503,PSI-352938,LOMIBUVIR,2,2,1,False,False,False,False,True,False,,,,,b806c3173fc3927bca13affa020f19fa854dc358,,True,False
CHEMBL2160007,CHEMBL3039519,PSI-352938,SAMATASVIR,2,2,1,False,False,False,False,True,False,,,,,b806c3173fc3927bca13affa020f19fa854dc358,,True,False
CHEMBL2160007,CHEMBL3121539,PSI-352938,RADALBUVIR,2,2,1,False,False,False,False,True,False,,,,,b806c3173fc3927bca13affa020f19fa854dc358,,True,False
CHEMBL2160007,CHEMBL3707372,PSI-352938,VOXILAPREVIR,2,2,1,False,False,False,False,True,False,,,,,b806c3173fc3927bca13affa020f19fa854dc358,,True,False
CHEMBL2160007,CHEMBL3833385,PSI-352938,RUZASVIR,2,2,1,False,False,False,False,True,False,,,,,b806c3173fc3927bca13affa020f19fa854dc358,,True,False
CHEMBL2160007,CHEMBL4076467,PSI-352938,ABT-072,2,2,1,False,False,False,False,True,False,,,,,b806c3173fc3927bca13affa020f19fa854dc358,,True,False
CHEMBL2160007,CHEMBL4297647,PSI-352938,FURAPREVIR,2,2,1,False,False,False,False,True,False,,,,,b806c3173fc3927bca13affa020f19fa854dc358,,True,False
CHEMBL2160007,CHEMBL490672,PSI-352938,FILIBUVIR,2,2,1,False,False,False,False,True,False,,,,,b806c3173fc3927bca13affa020f19fa854dc358,,True,False
CHEMBL2160007,CHEMBL562967,PSI-352938,MERICITABINE,2,2,1,False,False,False,False,True,False,,,,,b806c3173fc3927bca13affa020f19fa854dc358,,True,False
CHEMBL217899,CHEMBL3113974,TOFIMILAST,TRANIMILAST,2,2,1,False,False,False,False,True,False,,,,,4f3779b979598ac146d5f3ff1b3d4e02588d2ed4,,True,False
CHEMBL217899,CHEMBL3545162,TOFIMILAST,PBF-680,2,2,1,False,False,False,False,True,False,,,,,4f3779b979598ac146d5f3ff1b3d4e02588d2ed4,,True,False
CHEMBL217899,CHEMBL3707249,TOFIMILAST,ASM-024,2,2,1,False,False,False,False,True,False,,,,,4f3779b979598ac146d5f3ff1b3d4e02588d2ed4,,True,False
CHEMBL217899,CHEMBL3916700,TOFIMILAST,LAS190792,2,2,1,False,False,False,False,True,False,,,,,4f3779b979598ac146d5f3ff1b3d4e02588d2ed4,,True,False
CHEMBL217899,CHEMBL4072756,TOFIMILAST,AZD-5423,2,2,1,False,False,False,False,True,False,,,,,4f3779b979598ac146d5f3ff1b3d4e02588d2ed4,,True,False
CHEMBL217899,CHEMBL4297520,TOFIMILAST,OGLEMILAST,2,2,1,False,False,False,False,True,False,,,,,4f3779b979598ac146d5f3ff1b3d4e02588d2ed4,,True,False
CHEMBL219544,DRUGBANK:DB01978,7-DEAZAGUANINE,"7,9-Dimethylguanine",345,345,1,False,False,False,False,True,False,,,,,5190c3f3b87864f0659f63a1b124772dff99ae83,,True,False
CHEMBL2216859,CHEMBL5314409,NEMIRALISIB,GSK-2269557,4,3,1,False,True,False,False,False,False,,GSK-2269557,,,,,False,True
CHEMBL2218896,CHEMBL947,NABILONE,CESAMET,13,1236,1,False,True,False,False,False,False,,Cesamet,,,,,False,True
CHEMBL2218917,DRUGBANK:DB00185,CEVIMELINE HYDROCHLORIDE,Cevimeline,2,1077,1,False,True,False,False,False,False,,Cevimeline,,,,,False,True
CHEMBL2220442,CHEMBL350239,FLUVASTATIN,CHEMBL350239,15,979,1,False,True,False,False,False,False,,Fluvastatin,,,,,False,True
CHEMBL222419,CHEMBL233149,GSK-237701A,CHEMBL233149,2,2,1,False,False,False,False,True,False,,,,,d2892b45df35238ede25490ba39fb212bc7c626b,,True,False
CHEMBL222419,CHEMBL233349,GSK-237701A,CHEMBL233349,2,2,1,False,False,False,False,True,False,,,,,d2892b45df35238ede25490ba39fb212bc7c626b,,True,False
CHEMBL222419,CHEMBL233553,GSK-237701A,CHEMBL233553,2,2,1,False,False,False,False,True,False,,,,,d2892b45df35238ede25490ba39fb212bc7c626b,,True,False
CHEMBL222419,CHEMBL233970,GSK-237701A,CHEMBL233970,2,2,1,False,False,False,False,True,False,,,,,d2892b45df35238ede25490ba39fb212bc7c626b,,True,False
CHEMBL222419,CHEMBL269881,GSK-237701A,NU-2058,2,2,1,False,False,False,False,True,False,,,,,d2892b45df35238ede25490ba39fb212bc7c626b,,True,False
CHEMBL222419,CHEMBL270686,GSK-237701A,MERIOLIN 3,2,2,1,False,False,False,False,True,False,,,,,d2892b45df35238ede25490ba39fb212bc7c626b,,True,False
CHEMBL222419,CHEMBL270687,GSK-237701A,MERIOLIN 5,2,2,1,False,False,False,False,True,False,,,,,d2892b45df35238ede25490ba39fb212bc7c626b,,True,False
CHEMBL222419,CHEMBL298445,GSK-237701A,CHEMBL298445,2,2,1,False,False,False,False,True,False,,,,,d2892b45df35238ede25490ba39fb212bc7c626b,,True,False
CHEMBL222419,CHEMBL319467,GSK-237701A,NU-6102,2,2,1,False,False,False,False,True,False,,,,,d2892b45df35238ede25490ba39fb212bc7c626b,,True,False
CHEMBL222419,CHEMBL340813,GSK-237701A,NU-6086,2,2,1,False,False,False,False,True,False,,,,,d2892b45df35238ede25490ba39fb212bc7c626b,,True,False
CHEMBL222419,CHEMBL341273,GSK-237701A,CHEMBL341273,2,2,1,False,False,False,False,True,False,,,,,d2892b45df35238ede25490ba39fb212bc7c626b,,True,False
CHEMBL222419,CHEMBL360520,GSK-237701A,CHEMBL360520,2,2,1,False,False,False,False,True,False,,,,,d2892b45df35238ede25490ba39fb212bc7c626b,,True,False
CHEMBL222419,CHEMBL380500,GSK-237701A,VARIOLIN B,2,2,1,False,False,False,False,True,False,,,,,d2892b45df35238ede25490ba39fb212bc7c626b,,True,False
CHEMBL222419,CHEMBL46817,GSK-237701A,CHEMBL46817,2,2,1,False,False,False,False,True,False,,,,,d2892b45df35238ede25490ba39fb212bc7c626b,,True,False
CHEMBL222419,CHEMBL47302,GSK-237701A,CHEMBL47302,2,2,1,False,False,False,False,True,False,,,,,d2892b45df35238ede25490ba39fb212bc7c626b,,True,False
CHEMBL222419,CHEMBL48109,GSK-237701A,CHEMBL48109,2,2,1,False,False,False,False,True,False,,,,,d2892b45df35238ede25490ba39fb212bc7c626b,,True,False
CHEMBL222419,CHEMBL482193,GSK-237701A,CHEMBL482193,2,2,1,False,False,False,False,True,False,,,,,d2892b45df35238ede25490ba39fb212bc7c626b,,True,False
CHEMBL222419,CHEMBL518800,GSK-237701A,CHEMBL518800,2,2,1,False,False,False,False,True,False,,,,,d2892b45df35238ede25490ba39fb212bc7c626b,,True,False
CHEMBL222419,CHEMBL525194,GSK-237701A,CHEMBL525194,2,2,1,False,False,False,False,True,False,,,,,d2892b45df35238ede25490ba39fb212bc7c626b,,True,False
CHEMBL222501,CHEMBL223026,WAY-169916,CHEMBL223026,2,2,1,False,False,False,False,True,False,,,,,ddc644759b549aa05840fc9d07bb00b21a53aa99,,True,False
CHEMBL222501,CHEMBL431698,WAY-169916,RALOXIFENE CORE,2,2,1,False,False,False,False,True,False,,,,,ddc644759b549aa05840fc9d07bb00b21a53aa99,,True,False
CHEMBL223026,CHEMBL431698,CHEMBL223026,RALOXIFENE CORE,2,2,1,False,False,False,False,True,False,,,,,ddc644759b549aa05840fc9d07bb00b21a53aa99,,True,False
CHEMBL223339,CHEMBL227924,CHEMBL223339,CHEMBL227924,2,2,1,False,False,False,False,True,False,,,,,a4c02ce46f7a881a258b881e84c4744ddcd4e25d,,True,False
CHEMBL223339,CHEMBL228133,CHEMBL223339,CHEMBL228133,2,2,1,False,False,False,False,True,False,,,,,a4c02ce46f7a881a258b881e84c4744ddcd4e25d,,True,False
CHEMBL223339,CHEMBL228224,CHEMBL223339,CHEMBL228224,2,2,1,False,False,False,False,True,False,,,,,a4c02ce46f7a881a258b881e84c4744ddcd4e25d,,True,False
CHEMBL223339,CHEMBL229855,CHEMBL223339,CHEMBL229855,2,2,1,False,False,False,False,True,False,,,,,a4c02ce46f7a881a258b881e84c4744ddcd4e25d,,True,False
CHEMBL223339,CHEMBL260000,CHEMBL223339,CHEMBL260000,2,2,1,False,False,False,False,True,False,,,,,a4c02ce46f7a881a258b881e84c4744ddcd4e25d,,True,False
CHEMBL223339,CHEMBL376388,CHEMBL223339,CHEMBL376388,2,2,1,False,False,False,False,True,False,,,,,a4c02ce46f7a881a258b881e84c4744ddcd4e25d,,True,False
CHEMBL223339,CHEMBL379218,CHEMBL223339,A-674563,2,2,1,False,False,False,False,True,False,,,,,a4c02ce46f7a881a258b881e84c4744ddcd4e25d,,True,False
CHEMBL223339,CHEMBL383541,CHEMBL223339,CHEMBL383541,2,2,1,False,False,False,False,True,False,,,,,a4c02ce46f7a881a258b881e84c4744ddcd4e25d,,True,False
CHEMBL223339,CHEMBL406863,CHEMBL223339,CHEMBL406863,2,2,1,False,False,False,False,True,False,,,,,a4c02ce46f7a881a258b881e84c4744ddcd4e25d,,True,False
CHEMBL2251240,CHEMBL569713,SCOPOLAMINE HYDROBROMIDE,SCOPOLAMINE,6,1065,1,False,True,False,False,False,False,,Scopolamine hydrobromide,,,,,False,True
CHEMBL226403,CHEMBL226471,CHEMBL226403,CHEMBL226471,2,2,1,False,False,False,False,True,False,,,,,a28881e5203bab28b798b64f46328954c4f2ab09,,True,False
CHEMBL2272031,CHEMBL240963,PENTAMYCIN,LAWSONE,14,14,1,False,False,False,False,True,False,,,,,1f56b0b7dbcbc946198137d79c7c6e1c25d17605,,True,False
CHEMBL2272031,CHEMBL309339,PENTAMYCIN,SALICYLHYDROXAMIC ACID,14,14,1,False,False,False,False,True,False,,,,,1f56b0b7dbcbc946198137d79c7c6e1c25d17605,,True,False
CHEMBL2272031,CHEMBL486174,PENTAMYCIN,PECILOCIN,14,14,1,False,False,False,False,True,False,,,,,1f56b0b7dbcbc946198137d79c7c6e1c25d17605,,True,False
CHEMBL2272031,CHEMBL514315,PENTAMYCIN,NIFURATEL,14,14,1,False,False,False,False,True,False,,,,,1f56b0b7dbcbc946198137d79c7c6e1c25d17605,,True,False
CHEMBL2272031,CHEMBL97972,PENTAMYCIN,PYRROLNITRIN,14,14,1,False,False,False,False,True,False,,,,,1f56b0b7dbcbc946198137d79c7c6e1c25d17605,,True,False
CHEMBL2272031,DRUGBANK:DB14058,PENTAMYCIN,Basifungin,14,14,1,False,False,False,False,True,False,,,,,1f56b0b7dbcbc946198137d79c7c6e1c25d17605,,True,False
CHEMBL227381,CHEMBL379300,CHEMBL227381,A-443654,4,4,1,False,False,False,False,True,False,,,,,89aef39271a0412dbe0749f288c5d7011ef1a855,,True,False
CHEMBL227381,CHEMBL428462,CHEMBL227381,CHEMBL428462,4,4,1,False,False,False,False,True,False,,,,,89aef39271a0412dbe0749f288c5d7011ef1a855,,True,False
CHEMBL227744,CHEMBL526688,NITROARGININE,CHEMBL526688,2,2,1,False,False,False,False,True,False,,,,,717784324e1a4e3b0bd0766b0d62227c670569f0,,True,False
CHEMBL227924,CHEMBL228133,CHEMBL227924,CHEMBL228133,2,2,1,False,False,False,False,True,False,,,,,a4c02ce46f7a881a258b881e84c4744ddcd4e25d,,True,False
CHEMBL227924,CHEMBL228224,CHEMBL227924,CHEMBL228224,2,2,1,False,False,False,False,True,False,,,,,a4c02ce46f7a881a258b881e84c4744ddcd4e25d,,True,False
CHEMBL227924,CHEMBL229855,CHEMBL227924,CHEMBL229855,2,2,1,False,False,False,False,True,False,,,,,a4c02ce46f7a881a258b881e84c4744ddcd4e25d,,True,False
CHEMBL227924,CHEMBL260000,CHEMBL227924,CHEMBL260000,2,2,1,False,False,False,False,True,False,,,,,a4c02ce46f7a881a258b881e84c4744ddcd4e25d,,True,False
CHEMBL227924,CHEMBL376388,CHEMBL227924,CHEMBL376388,2,2,1,False,False,False,False,True,False,,,,,a4c02ce46f7a881a258b881e84c4744ddcd4e25d,,True,False
CHEMBL227924,CHEMBL379218,CHEMBL227924,A-674563,2,2,1,False,False,False,False,True,False,,,,,a4c02ce46f7a881a258b881e84c4744ddcd4e25d,,True,False
CHEMBL227924,CHEMBL383541,CHEMBL227924,CHEMBL383541,2,2,1,False,False,False,False,True,False,,,,,a4c02ce46f7a881a258b881e84c4744ddcd4e25d,,True,False
CHEMBL227924,CHEMBL406863,CHEMBL227924,CHEMBL406863,2,2,1,False,False,False,False,True,False,,,,,a4c02ce46f7a881a258b881e84c4744ddcd4e25d,,True,False
CHEMBL228133,CHEMBL228224,CHEMBL228133,CHEMBL228224,2,2,1,False,False,False,False,True,False,,,,,a4c02ce46f7a881a258b881e84c4744ddcd4e25d,,True,False
CHEMBL228133,CHEMBL229855,CHEMBL228133,CHEMBL229855,2,2,1,False,False,False,False,True,False,,,,,a4c02ce46f7a881a258b881e84c4744ddcd4e25d,,True,False
CHEMBL228133,CHEMBL260000,CHEMBL228133,CHEMBL260000,2,2,1,False,False,False,False,True,False,,,,,a4c02ce46f7a881a258b881e84c4744ddcd4e25d,,True,False
CHEMBL228133,CHEMBL376388,CHEMBL228133,CHEMBL376388,2,2,1,False,False,False,False,True,False,,,,,a4c02ce46f7a881a258b881e84c4744ddcd4e25d,,True,False
CHEMBL228133,CHEMBL379218,CHEMBL228133,A-674563,2,2,1,False,False,False,False,True,False,,,,,a4c02ce46f7a881a258b881e84c4744ddcd4e25d,,True,False
CHEMBL228133,CHEMBL383541,CHEMBL228133,CHEMBL383541,2,2,1,False,False,False,False,True,False,,,,,a4c02ce46f7a881a258b881e84c4744ddcd4e25d,,True,False
CHEMBL228133,CHEMBL406863,CHEMBL228133,CHEMBL406863,2,2,1,False,False,False,False,True,False,,,,,a4c02ce46f7a881a258b881e84c4744ddcd4e25d,,True,False
CHEMBL228224,CHEMBL229855,CHEMBL228224,CHEMBL229855,2,2,1,False,False,False,False,True,False,,,,,a4c02ce46f7a881a258b881e84c4744ddcd4e25d,,True,False
CHEMBL228224,CHEMBL260000,CHEMBL228224,CHEMBL260000,2,2,1,False,False,False,False,True,False,,,,,a4c02ce46f7a881a258b881e84c4744ddcd4e25d,,True,False
CHEMBL228224,CHEMBL376388,CHEMBL228224,CHEMBL376388,2,2,1,False,False,False,False,True,False,,,,,a4c02ce46f7a881a258b881e84c4744ddcd4e25d,,True,False
CHEMBL228224,CHEMBL379218,CHEMBL228224,A-674563,2,2,1,False,False,False,False,True,False,,,,,a4c02ce46f7a881a258b881e84c4744ddcd4e25d,,True,False
CHEMBL228224,CHEMBL383541,CHEMBL228224,CHEMBL383541,2,2,1,False,False,False,False,True,False,,,,,a4c02ce46f7a881a258b881e84c4744ddcd4e25d,,True,False
CHEMBL228224,CHEMBL406863,CHEMBL228224,CHEMBL406863,2,2,1,False,False,False,False,True,False,,,,,a4c02ce46f7a881a258b881e84c4744ddcd4e25d,,True,False
CHEMBL229855,CHEMBL260000,CHEMBL229855,CHEMBL260000,2,2,1,False,False,False,False,True,False,,,,,a4c02ce46f7a881a258b881e84c4744ddcd4e25d,,True,False
CHEMBL229855,CHEMBL376388,CHEMBL229855,CHEMBL376388,2,2,1,False,False,False,False,True,False,,,,,a4c02ce46f7a881a258b881e84c4744ddcd4e25d,,True,False
CHEMBL229855,CHEMBL379218,CHEMBL229855,A-674563,2,2,1,False,False,False,False,True,False,,,,,a4c02ce46f7a881a258b881e84c4744ddcd4e25d,,True,False
CHEMBL229855,CHEMBL383541,CHEMBL229855,CHEMBL383541,2,2,1,False,False,False,False,True,False,,,,,a4c02ce46f7a881a258b881e84c4744ddcd4e25d,,True,False
CHEMBL229855,CHEMBL406863,CHEMBL229855,CHEMBL406863,2,2,1,False,False,False,False,True,False,,,,,a4c02ce46f7a881a258b881e84c4744ddcd4e25d,,True,False
CHEMBL2308885,DRUGBANK:DB13158,CLOBETASONE BUTYRATE,Clobetasone,2,186,1,False,True,False,False,False,False,,Clobetasone,,,,,True,True
CHEMBL2311030,DRUGBANK:DB01049,ERGOLOID MESYLATES,Ergoloid mesylate,4,1211,1,False,True,False,False,False,False,,Ergoloid Mesylates,,,,,False,True
CHEMBL231884,CHEMBL449317,DIOSMIN,HESPERIDIN,8,3,1,False,True,False,False,False,False,,Hesperidin,,,,,False,True
CHEMBL232656,CHEMBL535607,BX 471 FREE BASE,BX 471,2,2,1,False,True,False,False,False,False,,BX-471,,,,,False,True
CHEMBL23293,CHEMBL2376648,SALIRASIB,X-396,4,4,1,False,False,False,False,True,False,,,,,0404436fa7aaf7d5c15f1c66099dffc8cc644e0d,,True,False
CHEMBL23293,CHEMBL267099,SALIRASIB,TUBERCIDIN,4,4,1,False,False,False,False,True,False,,,,,0404436fa7aaf7d5c15f1c66099dffc8cc644e0d,,True,False
CHEMBL23293,CHEMBL367788,SALIRASIB,NSC-324360,4,4,1,False,False,False,False,True,False,,,,,0404436fa7aaf7d5c15f1c66099dffc8cc644e0d,,True,False
CHEMBL23293,CHEMBL37537,SALIRASIB,PROTOCATECHUIC ACID,4,4,1,False,False,False,False,True,False,,,,,0404436fa7aaf7d5c15f1c66099dffc8cc644e0d,,True,False
CHEMBL23293,CHEMBL419186,SALIRASIB,CHEMBL419186,4,4,1,False,False,False,False,True,False,,,,,0404436fa7aaf7d5c15f1c66099dffc8cc644e0d,,True,False
CHEMBL23293,CHEMBL4296683,SALIRASIB,CHEMBL4296683,4,4,1,False,False,False,False,True,False,,,,,0404436fa7aaf7d5c15f1c66099dffc8cc644e0d,,True,False
CHEMBL23293,CHEMBL449303,SALIRASIB,GINSENOSIDE RB2,4,4,1,False,False,False,False,True,False,,,,,0404436fa7aaf7d5c15f1c66099dffc8cc644e0d,,True,False
CHEMBL23293,CHEMBL47405,SALIRASIB,ETANIDAZOLE,4,4,1,False,False,False,False,True,False,,,,,0404436fa7aaf7d5c15f1c66099dffc8cc644e0d,,True,False
CHEMBL23293,CHEMBL99668,SALIRASIB,TOYOCAMYCIN,4,4,1,False,False,False,False,True,False,,,,,0404436fa7aaf7d5c15f1c66099dffc8cc644e0d,,True,False
CHEMBL23293,DRUGBANK:DB03509,SALIRASIB,2-(4-Chlorophenyl)-5-Quinoxalinecarboxamide,4,4,1,False,False,False,False,True,False,,,,,0404436fa7aaf7d5c15f1c66099dffc8cc644e0d,,True,False
CHEMBL23293,DRUGBANK:DB03825,SALIRASIB,Rhodamine 6G,4,4,1,False,False,False,False,True,False,,,,,0404436fa7aaf7d5c15f1c66099dffc8cc644e0d,,True,False
CHEMBL23293,DRUGBANK:DB04106,SALIRASIB,Fotemustine,4,4,1,False,False,False,False,True,False,,,,,0404436fa7aaf7d5c15f1c66099dffc8cc644e0d,,True,False
CHEMBL23293,DRUGBANK:DB04900,SALIRASIB,Thymalfasin,4,4,1,False,False,False,False,True,False,,,,,0404436fa7aaf7d5c15f1c66099dffc8cc644e0d,,True,False
CHEMBL23293,DRUGBANK:DB04907,SALIRASIB,Sitimagene ceradenovec,4,4,1,False,False,False,False,True,False,,,,,0404436fa7aaf7d5c15f1c66099dffc8cc644e0d,,True,False
CHEMBL23293,DRUGBANK:DB04950,SALIRASIB,Ranpirnase,4,4,1,False,False,False,False,True,False,,,,,0404436fa7aaf7d5c15f1c66099dffc8cc644e0d,,True,False
CHEMBL23293,DRUGBANK:DB05697,SALIRASIB,Trabedersen,4,4,1,False,False,False,False,True,False,,,,,0404436fa7aaf7d5c15f1c66099dffc8cc644e0d,,True,False
CHEMBL23293,DRUGBANK:DB06021,SALIRASIB,AV-412,4,4,1,False,False,False,False,True,False,,,,,0404436fa7aaf7d5c15f1c66099dffc8cc644e0d,,True,False
CHEMBL23293,DRUGBANK:DB06181,SALIRASIB,EMD-1201081,4,4,1,False,False,False,False,True,False,,,,,0404436fa7aaf7d5c15f1c66099dffc8cc644e0d,,True,False
CHEMBL23293,DRUGBANK:DB06517,SALIRASIB,MLN576,4,4,1,False,False,False,False,True,False,,,,,0404436fa7aaf7d5c15f1c66099dffc8cc644e0d,,True,False
CHEMBL23293,DRUGBANK:DB12083,SALIRASIB,Mafosfamide,4,4,1,False,False,False,False,True,False,,,,,0404436fa7aaf7d5c15f1c66099dffc8cc644e0d,,True,False
CHEMBL23293,DRUGBANK:DB12182,SALIRASIB,Binetrakin,4,4,1,False,False,False,False,True,False,,,,,0404436fa7aaf7d5c15f1c66099dffc8cc644e0d,,True,False
CHEMBL23293,DRUGBANK:DB12379,SALIRASIB,Indirubin,4,4,1,False,False,False,False,True,False,,,,,0404436fa7aaf7d5c15f1c66099dffc8cc644e0d,,True,False
CHEMBL23293,DRUGBANK:DB13128,SALIRASIB,Sizofiran,4,4,1,False,False,False,False,True,False,,,,,0404436fa7aaf7d5c15f1c66099dffc8cc644e0d,,True,False
CHEMBL23293,DRUGBANK:DB13480,SALIRASIB,Lentinan,4,4,1,False,False,False,False,True,False,,,,,0404436fa7aaf7d5c15f1c66099dffc8cc644e0d,,True,False
CHEMBL23293,DRUGBANK:DB13647,SALIRASIB,Semustine,4,4,1,False,False,False,False,True,False,,,,,0404436fa7aaf7d5c15f1c66099dffc8cc644e0d,,True,False
CHEMBL23293,DRUGBANK:DB13811,SALIRASIB,Oblimersen,4,4,1,False,False,False,False,True,False,,,,,0404436fa7aaf7d5c15f1c66099dffc8cc644e0d,,True,False
CHEMBL23293,DRUGBANK:DB13896,SALIRASIB,Talimogene laherparepvec,4,4,1,False,False,False,False,True,False,,,,,0404436fa7aaf7d5c15f1c66099dffc8cc644e0d,,True,False
CHEMBL23293,DRUGBANK:DB14865,SALIRASIB,Human interleukin-2,4,4,1,False,False,False,False,True,False,,,,,0404436fa7aaf7d5c15f1c66099dffc8cc644e0d,,True,False
CHEMBL23293,DRUGBANK:DB14951,SALIRASIB,Etirinotecan pegol,4,4,1,False,False,False,False,True,False,,,,,0404436fa7aaf7d5c15f1c66099dffc8cc644e0d,,True,False
CHEMBL23293,DRUGBANK:DB15699,SALIRASIB,Brexucabtagene autoleucel,4,4,1,False,False,False,False,True,False,,,,,0404436fa7aaf7d5c15f1c66099dffc8cc644e0d,,True,False
CHEMBL233149,CHEMBL233349,CHEMBL233149,CHEMBL233349,2,2,1,False,False,False,False,True,False,,,,,d2892b45df35238ede25490ba39fb212bc7c626b,,True,False
CHEMBL233149,CHEMBL233553,CHEMBL233149,CHEMBL233553,2,2,1,False,False,False,False,True,False,,,,,d2892b45df35238ede25490ba39fb212bc7c626b,,True,False
CHEMBL233149,CHEMBL233970,CHEMBL233149,CHEMBL233970,2,2,1,False,False,False,False,True,False,,,,,d2892b45df35238ede25490ba39fb212bc7c626b,,True,False
CHEMBL233149,CHEMBL269881,CHEMBL233149,NU-2058,2,2,1,False,False,False,False,True,False,,,,,d2892b45df35238ede25490ba39fb212bc7c626b,,True,False
CHEMBL233149,CHEMBL270686,CHEMBL233149,MERIOLIN 3,2,2,1,False,False,False,False,True,False,,,,,d2892b45df35238ede25490ba39fb212bc7c626b,,True,False
CHEMBL233149,CHEMBL270687,CHEMBL233149,MERIOLIN 5,2,2,1,False,False,False,False,True,False,,,,,d2892b45df35238ede25490ba39fb212bc7c626b,,True,False
CHEMBL233149,CHEMBL298445,CHEMBL233149,CHEMBL298445,2,2,1,False,False,False,False,True,False,,,,,d2892b45df35238ede25490ba39fb212bc7c626b,,True,False
CHEMBL233149,CHEMBL319467,CHEMBL233149,NU-6102,2,2,1,False,False,False,False,True,False,,,,,d2892b45df35238ede25490ba39fb212bc7c626b,,True,False
CHEMBL233149,CHEMBL340813,CHEMBL233149,NU-6086,2,2,1,False,False,False,False,True,False,,,,,d2892b45df35238ede25490ba39fb212bc7c626b,,True,False
CHEMBL233149,CHEMBL341273,CHEMBL233149,CHEMBL341273,2,2,1,False,False,False,False,True,False,,,,,d2892b45df35238ede25490ba39fb212bc7c626b,,True,False
CHEMBL233149,CHEMBL360520,CHEMBL233149,CHEMBL360520,2,2,1,False,False,False,False,True,False,,,,,d2892b45df35238ede25490ba39fb212bc7c626b,,True,False
CHEMBL233149,CHEMBL380500,CHEMBL233149,VARIOLIN B,2,2,1,False,False,False,False,True,False,,,,,d2892b45df35238ede25490ba39fb212bc7c626b,,True,False
CHEMBL233149,CHEMBL46817,CHEMBL233149,CHEMBL46817,2,2,1,False,False,False,False,True,False,,,,,d2892b45df35238ede25490ba39fb212bc7c626b,,True,False
CHEMBL233149,CHEMBL47302,CHEMBL233149,CHEMBL47302,2,2,1,False,False,False,False,True,False,,,,,d2892b45df35238ede25490ba39fb212bc7c626b,,True,False
CHEMBL233149,CHEMBL48109,CHEMBL233149,CHEMBL48109,2,2,1,False,False,False,False,True,False,,,,,d2892b45df35238ede25490ba39fb212bc7c626b,,True,False
CHEMBL233149,CHEMBL482193,CHEMBL233149,CHEMBL482193,2,2,1,False,False,False,False,True,False,,,,,d2892b45df35238ede25490ba39fb212bc7c626b,,True,False
CHEMBL233149,CHEMBL518800,CHEMBL233149,CHEMBL518800,2,2,1,False,False,False,False,True,False,,,,,d2892b45df35238ede25490ba39fb212bc7c626b,,True,False
CHEMBL233149,CHEMBL525194,CHEMBL233149,CHEMBL525194,2,2,1,False,False,False,False,True,False,,,,,d2892b45df35238ede25490ba39fb212bc7c626b,,True,False
CHEMBL23327,CHEMBL69863,PURVALANOLA,PICEATANNOL,3,29,1,False,True,False,False,False,False,,Piceatannol,,,,,True,True
CHEMBL233349,CHEMBL233553,CHEMBL233349,CHEMBL233553,2,2,1,False,False,False,False,True,False,,,,,d2892b45df35238ede25490ba39fb212bc7c626b,,True,False
CHEMBL233349,CHEMBL233970,CHEMBL233349,CHEMBL233970,2,2,1,False,False,False,False,True,False,,,,,d2892b45df35238ede25490ba39fb212bc7c626b,,True,False
CHEMBL233349,CHEMBL269881,CHEMBL233349,NU-2058,2,2,1,False,False,False,False,True,False,,,,,d2892b45df35238ede25490ba39fb212bc7c626b,,True,False
CHEMBL233349,CHEMBL270686,CHEMBL233349,MERIOLIN 3,2,2,1,False,False,False,False,True,False,,,,,d2892b45df35238ede25490ba39fb212bc7c626b,,True,False
CHEMBL233349,CHEMBL270687,CHEMBL233349,MERIOLIN 5,2,2,1,False,False,False,False,True,False,,,,,d2892b45df35238ede25490ba39fb212bc7c626b,,True,False
CHEMBL233349,CHEMBL298445,CHEMBL233349,CHEMBL298445,2,2,1,False,False,False,False,True,False,,,,,d2892b45df35238ede25490ba39fb212bc7c626b,,True,False
CHEMBL233349,CHEMBL319467,CHEMBL233349,NU-6102,2,2,1,False,False,False,False,True,False,,,,,d2892b45df35238ede25490ba39fb212bc7c626b,,True,False
CHEMBL233349,CHEMBL340813,CHEMBL233349,NU-6086,2,2,1,False,False,False,False,True,False,,,,,d2892b45df35238ede25490ba39fb212bc7c626b,,True,False
CHEMBL233349,CHEMBL341273,CHEMBL233349,CHEMBL341273,2,2,1,False,False,False,False,True,False,,,,,d2892b45df35238ede25490ba39fb212bc7c626b,,True,False
CHEMBL233349,CHEMBL360520,CHEMBL233349,CHEMBL360520,2,2,1,False,False,False,False,True,False,,,,,d2892b45df35238ede25490ba39fb212bc7c626b,,True,False
CHEMBL233349,CHEMBL380500,CHEMBL233349,VARIOLIN B,2,2,1,False,False,False,False,True,False,,,,,d2892b45df35238ede25490ba39fb212bc7c626b,,True,False
CHEMBL233349,CHEMBL46817,CHEMBL233349,CHEMBL46817,2,2,1,False,False,False,False,True,False,,,,,d2892b45df35238ede25490ba39fb212bc7c626b,,True,False
CHEMBL233349,CHEMBL47302,CHEMBL233349,CHEMBL47302,2,2,1,False,False,False,False,True,False,,,,,d2892b45df35238ede25490ba39fb212bc7c626b,,True,False
CHEMBL233349,CHEMBL48109,CHEMBL233349,CHEMBL48109,2,2,1,False,False,False,False,True,False,,,,,d2892b45df35238ede25490ba39fb212bc7c626b,,True,False
CHEMBL233349,CHEMBL482193,CHEMBL233349,CHEMBL482193,2,2,1,False,False,False,False,True,False,,,,,d2892b45df35238ede25490ba39fb212bc7c626b,,True,False
CHEMBL233349,CHEMBL518800,CHEMBL233349,CHEMBL518800,2,2,1,False,False,False,False,True,False,,,,,d2892b45df35238ede25490ba39fb212bc7c626b,,True,False
CHEMBL233349,CHEMBL525194,CHEMBL233349,CHEMBL525194,2,2,1,False,False,False,False,True,False,,,,,d2892b45df35238ede25490ba39fb212bc7c626b,,True,False
CHEMBL233406,CHEMBL3989856,SODIUM SULFATE ANHYDROUS,SODIUM SULFATE,1050,2,1,False,True,False,False,False,False,,Sodium sulfate,,,,,False,True
CHEMBL233553,CHEMBL233970,CHEMBL233553,CHEMBL233970,2,2,1,False,False,False,False,True,False,,,,,d2892b45df35238ede25490ba39fb212bc7c626b,,True,False
CHEMBL233553,CHEMBL269881,CHEMBL233553,NU-2058,2,2,1,False,False,False,False,True,False,,,,,d2892b45df35238ede25490ba39fb212bc7c626b,,True,False
CHEMBL233553,CHEMBL270686,CHEMBL233553,MERIOLIN 3,2,2,1,False,False,False,False,True,False,,,,,d2892b45df35238ede25490ba39fb212bc7c626b,,True,False
CHEMBL233553,CHEMBL270687,CHEMBL233553,MERIOLIN 5,2,2,1,False,False,False,False,True,False,,,,,d2892b45df35238ede25490ba39fb212bc7c626b,,True,False
CHEMBL233553,CHEMBL298445,CHEMBL233553,CHEMBL298445,2,2,1,False,False,False,False,True,False,,,,,d2892b45df35238ede25490ba39fb212bc7c626b,,True,False
CHEMBL233553,CHEMBL319467,CHEMBL233553,NU-6102,2,2,1,False,False,False,False,True,False,,,,,d2892b45df35238ede25490ba39fb212bc7c626b,,True,False
CHEMBL233553,CHEMBL340813,CHEMBL233553,NU-6086,2,2,1,False,False,False,False,True,False,,,,,d2892b45df35238ede25490ba39fb212bc7c626b,,True,False
CHEMBL233553,CHEMBL341273,CHEMBL233553,CHEMBL341273,2,2,1,False,False,False,False,True,False,,,,,d2892b45df35238ede25490ba39fb212bc7c626b,,True,False
CHEMBL233553,CHEMBL360520,CHEMBL233553,CHEMBL360520,2,2,1,False,False,False,False,True,False,,,,,d2892b45df35238ede25490ba39fb212bc7c626b,,True,False
CHEMBL233553,CHEMBL380500,CHEMBL233553,VARIOLIN B,2,2,1,False,False,False,False,True,False,,,,,d2892b45df35238ede25490ba39fb212bc7c626b,,True,False
CHEMBL233553,CHEMBL46817,CHEMBL233553,CHEMBL46817,2,2,1,False,False,False,False,True,False,,,,,d2892b45df35238ede25490ba39fb212bc7c626b,,True,False
CHEMBL233553,CHEMBL47302,CHEMBL233553,CHEMBL47302,2,2,1,False,False,False,False,True,False,,,,,d2892b45df35238ede25490ba39fb212bc7c626b,,True,False
CHEMBL233553,CHEMBL48109,CHEMBL233553,CHEMBL48109,2,2,1,False,False,False,False,True,False,,,,,d2892b45df35238ede25490ba39fb212bc7c626b,,True,False
CHEMBL233553,CHEMBL482193,CHEMBL233553,CHEMBL482193,2,2,1,False,False,False,False,True,False,,,,,d2892b45df35238ede25490ba39fb212bc7c626b,,True,False
CHEMBL233553,CHEMBL518800,CHEMBL233553,CHEMBL518800,2,2,1,False,False,False,False,True,False,,,,,d2892b45df35238ede25490ba39fb212bc7c626b,,True,False
CHEMBL233553,CHEMBL525194,CHEMBL233553,CHEMBL525194,2,2,1,False,False,False,False,True,False,,,,,d2892b45df35238ede25490ba39fb212bc7c626b,,True,False
CHEMBL2338397,CHEMBL3747513,CRENIGACESTAT,CB-5083,2,2,1,False,False,False,False,True,False,,,,,04fdae16667aa0f7e371700b7e325967823fe6fc,,True,False
CHEMBL2338397,CHEMBL4297809,CRENIGACESTAT,ELRANATAMAB,2,2,1,False,False,False,False,True,False,,,,,04fdae16667aa0f7e371700b7e325967823fe6fc,,True,False
CHEMBL2338397,CHEMBL4297908,CRENIGACESTAT,CEVOSTAMAB,2,2,1,False,False,False,False,True,False,,,,,04fdae16667aa0f7e371700b7e325967823fe6fc,,True,False
CHEMBL2338397,CHEMBL4297968,CRENIGACESTAT,GSK-3174998,2,2,1,False,False,False,False,True,False,,,,,04fdae16667aa0f7e371700b7e325967823fe6fc,,True,False
CHEMBL2338397,CHEMBL4298048,CRENIGACESTAT,MP-0250,2,2,1,False,False,False,False,True,False,,,,,04fdae16667aa0f7e371700b7e325967823fe6fc,,True,False
CHEMBL2338397,CHEMBL4650254,CRENIGACESTAT,PACANALOTAMAB,2,2,1,False,False,False,False,True,False,,,,,04fdae16667aa0f7e371700b7e325967823fe6fc,,True,False
CHEMBL2338397,CHEMBL4650255,CRENIGACESTAT,PAVURUTAMAB,2,2,1,False,False,False,False,True,False,,,,,04fdae16667aa0f7e371700b7e325967823fe6fc,,True,False
CHEMBL2338397,CHEMBL4650266,CRENIGACESTAT,ZEVORCABTAGENE AUTOLEUCEL,2,2,1,False,False,False,False,True,False,,,,,04fdae16667aa0f7e371700b7e325967823fe6fc,,True,False
CHEMBL2338397,CHEMBL5095227,CRENIGACESTAT,CEMSIDOMIDE,2,2,1,False,False,False,False,True,False,,,,,04fdae16667aa0f7e371700b7e325967823fe6fc,,True,False
CHEMBL2338397,CHEMBL5095449,CRENIGACESTAT,MOTIXAFORTIDE ACETATE,2,2,1,False,False,False,False,True,False,,,,,04fdae16667aa0f7e371700b7e325967823fe6fc,,True,False
CHEMBL233970,CHEMBL269881,CHEMBL233970,NU-2058,2,2,1,False,False,False,False,True,False,,,,,d2892b45df35238ede25490ba39fb212bc7c626b,,True,False
CHEMBL233970,CHEMBL270686,CHEMBL233970,MERIOLIN 3,2,2,1,False,False,False,False,True,False,,,,,d2892b45df35238ede25490ba39fb212bc7c626b,,True,False
CHEMBL233970,CHEMBL270687,CHEMBL233970,MERIOLIN 5,2,2,1,False,False,False,False,True,False,,,,,d2892b45df35238ede25490ba39fb212bc7c626b,,True,False
CHEMBL233970,CHEMBL298445,CHEMBL233970,CHEMBL298445,2,2,1,False,False,False,False,True,False,,,,,d2892b45df35238ede25490ba39fb212bc7c626b,,True,False
CHEMBL233970,CHEMBL319467,CHEMBL233970,NU-6102,2,2,1,False,False,False,False,True,False,,,,,d2892b45df35238ede25490ba39fb212bc7c626b,,True,False
CHEMBL233970,CHEMBL340813,CHEMBL233970,NU-6086,2,2,1,False,False,False,False,True,False,,,,,d2892b45df35238ede25490ba39fb212bc7c626b,,True,False
CHEMBL233970,CHEMBL341273,CHEMBL233970,CHEMBL341273,2,2,1,False,False,False,False,True,False,,,,,d2892b45df35238ede25490ba39fb212bc7c626b,,True,False
CHEMBL233970,CHEMBL360520,CHEMBL233970,CHEMBL360520,2,2,1,False,False,False,False,True,False,,,,,d2892b45df35238ede25490ba39fb212bc7c626b,,True,False
CHEMBL233970,CHEMBL380500,CHEMBL233970,VARIOLIN B,2,2,1,False,False,False,False,True,False,,,,,d2892b45df35238ede25490ba39fb212bc7c626b,,True,False
CHEMBL233970,CHEMBL46817,CHEMBL233970,CHEMBL46817,2,2,1,False,False,False,False,True,False,,,,,d2892b45df35238ede25490ba39fb212bc7c626b,,True,False
CHEMBL233970,CHEMBL47302,CHEMBL233970,CHEMBL47302,2,2,1,False,False,False,False,True,False,,,,,d2892b45df35238ede25490ba39fb212bc7c626b,,True,False
CHEMBL233970,CHEMBL48109,CHEMBL233970,CHEMBL48109,2,2,1,False,False,False,False,True,False,,,,,d2892b45df35238ede25490ba39fb212bc7c626b,,True,False
CHEMBL233970,CHEMBL482193,CHEMBL233970,CHEMBL482193,2,2,1,False,False,False,False,True,False,,,,,d2892b45df35238ede25490ba39fb212bc7c626b,,True,False
CHEMBL233970,CHEMBL518800,CHEMBL233970,CHEMBL518800,2,2,1,False,False,False,False,True,False,,,,,d2892b45df35238ede25490ba39fb212bc7c626b,,True,False
CHEMBL233970,CHEMBL525194,CHEMBL233970,CHEMBL525194,2,2,1,False,False,False,False,True,False,,,,,d2892b45df35238ede25490ba39fb212bc7c626b,,True,False
CHEMBL2348782,DRUGBANK:DB06423,CHEMBL2348782,Endostatin,13,13,1,False,False,False,False,True,False,,,,,5ee5750a6ac9a97fb0e4e02a19d5870ff74c6802,,True,False
CHEMBL2348782,DRUGBANK:DB11727,CHEMBL2348782,Endostar,13,13,1,False,False,False,False,True,False,,,,,5ee5750a6ac9a97fb0e4e02a19d5870ff74c6802,,True,False
CHEMBL2348782,DRUGBANK:DB12056,CHEMBL2348782,Trebananib,13,13,1,False,False,False,False,True,False,,,,,5ee5750a6ac9a97fb0e4e02a19d5870ff74c6802,,True,False
CHEMBL2357792,CHEMBL5314404,CHEMBL2357792,AJMALINE,436,1,1,False,True,False,False,False,False,,(+)-Ajmaline,,,,,True,True
CHEMBL2359370,CHEMBL4297672,MECOBALAMIN,METHYLCOBALAMIN,6,2,1,False,True,False,False,False,False,,Mecobalamin,,,,,True,True
CHEMBL236086,CHEMBL236718,CHEMBL236086,CHEMBL236718,2,2,1,False,False,False,False,True,False,,,,,3294159d1f11c95fa5273bf2dc697e1b456521f8,,True,False
CHEMBL2364649,CHEMBL3907479,MARGETUXIMAB,FGFR INHIBITOR DEBIO 1347,2,2,1,False,False,False,False,True,False,,,,,7c3cb873a5b63373d53ae5aad9f24b345046c389,,True,False
CHEMBL2364649,CHEMBL4297736,MARGETUXIMAB,PRALUZATAMAB RAVTANSINE,2,2,1,False,False,False,False,True,False,,,,,7c3cb873a5b63373d53ae5aad9f24b345046c389,,True,False
CHEMBL2364649,CHEMBL4298025,MARGETUXIMAB,ZENOCUTUZUMAB,2,2,1,False,False,False,False,True,False,,,,,7c3cb873a5b63373d53ae5aad9f24b345046c389,,True,False
CHEMBL2364649,CHEMBL4466233,MARGETUXIMAB,PEMRAMETOSTAT,2,2,1,False,False,False,False,True,False,,,,,7c3cb873a5b63373d53ae5aad9f24b345046c389,,True,False
CHEMBL2364649,CHEMBL4469414,MARGETUXIMAB,LUVIXASERTIB,2,2,1,False,False,False,False,True,False,,,,,7c3cb873a5b63373d53ae5aad9f24b345046c389,,True,False
CHEMBL2364649,CHEMBL5087025,MARGETUXIMAB,TARAGARESTRANT,2,2,1,False,False,False,False,True,False,,,,,7c3cb873a5b63373d53ae5aad9f24b345046c389,,True,False
CHEMBL2376648,CHEMBL4113131,X-396,ENSARTINIB,4,8,1,False,True,False,False,False,False,,X-396,,,,,True,True
CHEMBL2376648,CHEMBL267099,X-396,TUBERCIDIN,4,4,1,False,False,False,False,True,False,,,,,0404436fa7aaf7d5c15f1c66099dffc8cc644e0d,,True,False
CHEMBL2376648,CHEMBL367788,X-396,NSC-324360,4,4,1,False,False,False,False,True,False,,,,,0404436fa7aaf7d5c15f1c66099dffc8cc644e0d,,True,False
CHEMBL2376648,CHEMBL37537,X-396,PROTOCATECHUIC ACID,4,4,1,False,False,False,False,True,False,,,,,0404436fa7aaf7d5c15f1c66099dffc8cc644e0d,,True,False
CHEMBL2376648,CHEMBL419186,X-396,CHEMBL419186,4,4,1,False,False,False,False,True,False,,,,,0404436fa7aaf7d5c15f1c66099dffc8cc644e0d,,True,False
CHEMBL2376648,CHEMBL4296683,X-396,CHEMBL4296683,4,4,1,False,False,False,False,True,False,,,,,0404436fa7aaf7d5c15f1c66099dffc8cc644e0d,,True,False
CHEMBL2376648,CHEMBL449303,X-396,GINSENOSIDE RB2,4,4,1,False,False,False,False,True,False,,,,,0404436fa7aaf7d5c15f1c66099dffc8cc644e0d,,True,False
CHEMBL2376648,CHEMBL47405,X-396,ETANIDAZOLE,4,4,1,False,False,False,False,True,False,,,,,0404436fa7aaf7d5c15f1c66099dffc8cc644e0d,,True,False
CHEMBL2376648,CHEMBL99668,X-396,TOYOCAMYCIN,4,4,1,False,False,False,False,True,False,,,,,0404436fa7aaf7d5c15f1c66099dffc8cc644e0d,,True,False
CHEMBL2376648,DRUGBANK:DB03509,X-396,2-(4-Chlorophenyl)-5-Quinoxalinecarboxamide,4,4,1,False,False,False,False,True,False,,,,,0404436fa7aaf7d5c15f1c66099dffc8cc644e0d,,True,False
CHEMBL2376648,DRUGBANK:DB03825,X-396,Rhodamine 6G,4,4,1,False,False,False,False,True,False,,,,,0404436fa7aaf7d5c15f1c66099dffc8cc644e0d,,True,False
CHEMBL2376648,DRUGBANK:DB04106,X-396,Fotemustine,4,4,1,False,False,False,False,True,False,,,,,0404436fa7aaf7d5c15f1c66099dffc8cc644e0d,,True,False
CHEMBL2376648,DRUGBANK:DB04900,X-396,Thymalfasin,4,4,1,False,False,False,False,True,False,,,,,0404436fa7aaf7d5c15f1c66099dffc8cc644e0d,,True,False
CHEMBL2376648,DRUGBANK:DB04907,X-396,Sitimagene ceradenovec,4,4,1,False,False,False,False,True,False,,,,,0404436fa7aaf7d5c15f1c66099dffc8cc644e0d,,True,False
CHEMBL2376648,DRUGBANK:DB04950,X-396,Ranpirnase,4,4,1,False,False,False,False,True,False,,,,,0404436fa7aaf7d5c15f1c66099dffc8cc644e0d,,True,False
CHEMBL2376648,DRUGBANK:DB05697,X-396,Trabedersen,4,4,1,False,False,False,False,True,False,,,,,0404436fa7aaf7d5c15f1c66099dffc8cc644e0d,,True,False
CHEMBL2376648,DRUGBANK:DB06021,X-396,AV-412,4,4,1,False,False,False,False,True,False,,,,,0404436fa7aaf7d5c15f1c66099dffc8cc644e0d,,True,False
CHEMBL2376648,DRUGBANK:DB06181,X-396,EMD-1201081,4,4,1,False,False,False,False,True,False,,,,,0404436fa7aaf7d5c15f1c66099dffc8cc644e0d,,True,False
CHEMBL2376648,DRUGBANK:DB06517,X-396,MLN576,4,4,1,False,False,False,False,True,False,,,,,0404436fa7aaf7d5c15f1c66099dffc8cc644e0d,,True,False
CHEMBL2376648,DRUGBANK:DB12083,X-396,Mafosfamide,4,4,1,False,False,False,False,True,False,,,,,0404436fa7aaf7d5c15f1c66099dffc8cc644e0d,,True,False
CHEMBL2376648,DRUGBANK:DB12182,X-396,Binetrakin,4,4,1,False,False,False,False,True,False,,,,,0404436fa7aaf7d5c15f1c66099dffc8cc644e0d,,True,False
CHEMBL2376648,DRUGBANK:DB12379,X-396,Indirubin,4,4,1,False,False,False,False,True,False,,,,,0404436fa7aaf7d5c15f1c66099dffc8cc644e0d,,True,False
CHEMBL2376648,DRUGBANK:DB13128,X-396,Sizofiran,4,4,1,False,False,False,False,True,False,,,,,0404436fa7aaf7d5c15f1c66099dffc8cc644e0d,,True,False
CHEMBL2376648,DRUGBANK:DB13480,X-396,Lentinan,4,4,1,False,False,False,False,True,False,,,,,0404436fa7aaf7d5c15f1c66099dffc8cc644e0d,,True,False
CHEMBL2376648,DRUGBANK:DB13647,X-396,Semustine,4,4,1,False,False,False,False,True,False,,,,,0404436fa7aaf7d5c15f1c66099dffc8cc644e0d,,True,False
CHEMBL2376648,DRUGBANK:DB13811,X-396,Oblimersen,4,4,1,False,False,False,False,True,False,,,,,0404436fa7aaf7d5c15f1c66099dffc8cc644e0d,,True,False
CHEMBL2376648,DRUGBANK:DB13896,X-396,Talimogene laherparepvec,4,4,1,False,False,False,False,True,False,,,,,0404436fa7aaf7d5c15f1c66099dffc8cc644e0d,,True,False
CHEMBL2376648,DRUGBANK:DB14865,X-396,Human interleukin-2,4,4,1,False,False,False,False,True,False,,,,,0404436fa7aaf7d5c15f1c66099dffc8cc644e0d,,True,False
CHEMBL2376648,DRUGBANK:DB14951,X-396,Etirinotecan pegol,4,4,1,False,False,False,False,True,False,,,,,0404436fa7aaf7d5c15f1c66099dffc8cc644e0d,,True,False
CHEMBL2376648,DRUGBANK:DB15699,X-396,Brexucabtagene autoleucel,4,4,1,False,False,False,False,True,False,,,,,0404436fa7aaf7d5c15f1c66099dffc8cc644e0d,,True,False
CHEMBL239129,DRUGBANK:DB13732,MEGLUMINE ANTIMONATE,Meglumine antimoniate,4,2,1,False,True,False,False,False,False,,Meglumine antimonate,,,,,True,True
CHEMBL2401865,CHEMBL5095115,OXYNTOMODULIN,ECNOGLUTIDE,2,2,1,False,False,False,False,True,False,,,,,de6b63e1482b83b0137ca13793ef58d6f6a56a63,,True,False
CHEMBL240963,CHEMBL309339,LAWSONE,SALICYLHYDROXAMIC ACID,14,14,1,False,False,False,False,True,False,,,,,1f56b0b7dbcbc946198137d79c7c6e1c25d17605,,True,False
CHEMBL240963,CHEMBL486174,LAWSONE,PECILOCIN,14,14,1,False,False,False,False,True,False,,,,,1f56b0b7dbcbc946198137d79c7c6e1c25d17605,,True,False
CHEMBL240963,CHEMBL514315,LAWSONE,NIFURATEL,14,14,1,False,False,False,False,True,False,,,,,1f56b0b7dbcbc946198137d79c7c6e1c25d17605,,True,False
CHEMBL240963,CHEMBL97972,LAWSONE,PYRROLNITRIN,14,14,1,False,False,False,False,True,False,,,,,1f56b0b7dbcbc946198137d79c7c6e1c25d17605,,True,False
CHEMBL240963,DRUGBANK:DB14058,LAWSONE,Basifungin,14,14,1,False,False,False,False,True,False,,,,,1f56b0b7dbcbc946198137d79c7c6e1c25d17605,,True,False
CHEMBL242948,CHEMBL3184454,POLAPREZINC,CHEMBL3184454,4,79,1,False,True,False,False,False,False,,Polaprezinc,,,,,True,True
CHEMBL2431525,CHEMBL452329,CHEMBL2431525,TRESTOLONE ACETATE,146,146,1,False,False,False,False,True,False,,,,,d156bafcc0b00c041b50f064ee5513e50b190c5f,,True,False
CHEMBL2431525,DRUGBANK:DB01481,CHEMBL2431525,1-Testosterone,146,146,1,False,False,False,False,True,False,,,,,d156bafcc0b00c041b50f064ee5513e50b190c5f,,True,False
CHEMBL2431525,DRUGBANK:DB13947,CHEMBL2431525,Testosterone enantate benzilic acid hydrazone,146,146,1,False,False,False,False,True,False,,,,,d156bafcc0b00c041b50f064ee5513e50b190c5f,,True,False
CHEMBL2448612,CHEMBL442,ERGOTAMINE TARTRATE,ERGOTAMINE,3,1672,1,False,True,False,False,False,False,,Ergotamine Tartrate,,,,,False,True
CHEMBL246600,CHEMBL284642,COMBRETASTATIN,BIZELESIN,5,5,1,False,False,False,False,True,False,,,,,c2e9c1f4baff5d8ee195269a30fb7fee533be46c,,False,False
CHEMBL246600,CHEMBL312862,COMBRETASTATIN,DEMECOLCINE,5,5,1,False,False,False,False,True,False,,,,,c2e9c1f4baff5d8ee195269a30fb7fee533be46c,,False,False
CHEMBL246600,CHEMBL313302,COMBRETASTATIN,TRIAZIQUONE,5,5,1,False,False,False,False,True,False,,,,,c2e9c1f4baff5d8ee195269a30fb7fee533be46c,,False,False
CHEMBL246600,CHEMBL443014,COMBRETASTATIN,CARBOQUONE,5,5,1,False,False,False,False,True,False,,,,,c2e9c1f4baff5d8ee195269a30fb7fee533be46c,,False,False
CHEMBL246600,CHEMBL447629,COMBRETASTATIN,MITOBRONITOL,5,5,1,False,False,False,False,True,False,,,,,c2e9c1f4baff5d8ee195269a30fb7fee533be46c,,False,False
CHEMBL246600,CHEMBL460282,COMBRETASTATIN,MANNOSULFAN,5,5,1,False,False,False,False,True,False,,,,,c2e9c1f4baff5d8ee195269a30fb7fee533be46c,,False,False
CHEMBL246600,CHEMBL460287,COMBRETASTATIN,ETOGLUCID,5,5,1,False,False,False,False,True,False,,,,,c2e9c1f4baff5d8ee195269a30fb7fee533be46c,,False,False
CHEMBL24683,CHEMBL293526,CHEMBL24683,REGLITAZAR,2,2,1,False,False,False,False,True,False,,,,,575be4ef7fed87d3c4804950471a3e1ae04df2ee,,True,False
CHEMBL248702,CHEMBL87493,DEXFENFLURAMINE,FENFLURAMINE,733,924,1,False,True,False,False,False,False,,(+)-fenfluramine,,,,,False,True
CHEMBL250892,CHEMBL852,(R)-MELPHALAN,MELPHALAN,2,582,1,False,True,False,False,False,False,,melphalan,,,,,True,True
CHEMBL259548,CHEMBL307500,BOLASTERONE,CHEMBL307500,56,56,1,False,False,False,False,True,False,,,,,f98f0610a8d445bb29b2e200fb49027ea01e72e2,,True,False
CHEMBL259548,CHEMBL440283,BOLASTERONE,ANDROSTENEDIOL,56,56,1,False,False,False,False,True,False,,,,,f98f0610a8d445bb29b2e200fb49027ea01e72e2,,True,False
CHEMBL259548,DRUGBANK:DB01434,BOLASTERONE,19-norandrostenedione,56,56,1,False,False,False,False,True,False,,,,,f98f0610a8d445bb29b2e200fb49027ea01e72e2,,True,False
CHEMBL259548,DRUGBANK:DB06250,BOLASTERONE,Fluasterone,56,56,1,False,False,False,False,True,False,,,,,f98f0610a8d445bb29b2e200fb49027ea01e72e2,,True,False
CHEMBL259548,DRUGBANK:DB13710,BOLASTERONE,Metenolone,56,56,1,False,False,False,False,True,False,,,,,f98f0610a8d445bb29b2e200fb49027ea01e72e2,,True,False
CHEMBL259833,CHEMBL428963,CHEMBL259833,CHEMBL428963,2,2,1,False,False,False,False,True,False,,,,,8220b14048ba120f70f49f7416d5c667dd5f661f,,True,False
CHEMBL26,CHEMBL267044,SULPIRIDE,LEVOSULPIRIDE,1227,3,1,False,True,False,False,False,False,,(-)-sulpiride,,,,,False,True
CHEMBL260000,CHEMBL376388,CHEMBL260000,CHEMBL376388,2,2,1,False,False,False,False,True,False,,,,,a4c02ce46f7a881a258b881e84c4744ddcd4e25d,,True,False
CHEMBL260000,CHEMBL379218,CHEMBL260000,A-674563,2,2,1,False,False,False,False,True,False,,,,,a4c02ce46f7a881a258b881e84c4744ddcd4e25d,,True,False
CHEMBL260000,CHEMBL383541,CHEMBL260000,CHEMBL383541,2,2,1,False,False,False,False,True,False,,,,,a4c02ce46f7a881a258b881e84c4744ddcd4e25d,,True,False
CHEMBL260000,CHEMBL406863,CHEMBL260000,CHEMBL406863,2,2,1,False,False,False,False,True,False,,,,,a4c02ce46f7a881a258b881e84c4744ddcd4e25d,,True,False
CHEMBL263429,CHEMBL263441,DISOMOTIDE,OVEMOTIDE,2,2,1,False,False,False,False,True,False,,,,,782d1f6632265cc203f066de0be63610780b0e62,,True,False
CHEMBL263429,CHEMBL4297963,DISOMOTIDE,GP-100 ANTIGEN,2,2,1,False,False,False,False,True,False,,,,,782d1f6632265cc203f066de0be63610780b0e62,,True,False
CHEMBL263441,CHEMBL4297963,OVEMOTIDE,GP-100 ANTIGEN,2,2,1,False,False,False,False,True,False,,,,,782d1f6632265cc203f066de0be63610780b0e62,,True,False
CHEMBL267099,CHEMBL367788,TUBERCIDIN,NSC-324360,4,4,1,False,False,False,False,True,False,,,,,0404436fa7aaf7d5c15f1c66099dffc8cc644e0d,,True,False
CHEMBL267099,CHEMBL37537,TUBERCIDIN,PROTOCATECHUIC ACID,4,4,1,False,False,False,False,True,False,,,,,0404436fa7aaf7d5c15f1c66099dffc8cc644e0d,,True,False
CHEMBL267099,CHEMBL419186,TUBERCIDIN,CHEMBL419186,4,4,1,False,False,False,False,True,False,,,,,0404436fa7aaf7d5c15f1c66099dffc8cc644e0d,,True,False
CHEMBL267099,CHEMBL4296683,TUBERCIDIN,CHEMBL4296683,4,4,1,False,False,False,False,True,False,,,,,0404436fa7aaf7d5c15f1c66099dffc8cc644e0d,,True,False
CHEMBL267099,CHEMBL449303,TUBERCIDIN,GINSENOSIDE RB2,4,4,1,False,False,False,False,True,False,,,,,0404436fa7aaf7d5c15f1c66099dffc8cc644e0d,,True,False
CHEMBL267099,CHEMBL47405,TUBERCIDIN,ETANIDAZOLE,4,4,1,False,False,False,False,True,False,,,,,0404436fa7aaf7d5c15f1c66099dffc8cc644e0d,,True,False
CHEMBL267099,CHEMBL99668,TUBERCIDIN,TOYOCAMYCIN,4,4,1,False,False,False,False,True,False,,,,,0404436fa7aaf7d5c15f1c66099dffc8cc644e0d,,True,False
CHEMBL267099,DRUGBANK:DB03509,TUBERCIDIN,2-(4-Chlorophenyl)-5-Quinoxalinecarboxamide,4,4,1,False,False,False,False,True,False,,,,,0404436fa7aaf7d5c15f1c66099dffc8cc644e0d,,True,False
CHEMBL267099,DRUGBANK:DB03825,TUBERCIDIN,Rhodamine 6G,4,4,1,False,False,False,False,True,False,,,,,0404436fa7aaf7d5c15f1c66099dffc8cc644e0d,,True,False
CHEMBL267099,DRUGBANK:DB04106,TUBERCIDIN,Fotemustine,4,4,1,False,False,False,False,True,False,,,,,0404436fa7aaf7d5c15f1c66099dffc8cc644e0d,,True,False
CHEMBL267099,DRUGBANK:DB04900,TUBERCIDIN,Thymalfasin,4,4,1,False,False,False,False,True,False,,,,,0404436fa7aaf7d5c15f1c66099dffc8cc644e0d,,True,False
CHEMBL267099,DRUGBANK:DB04907,TUBERCIDIN,Sitimagene ceradenovec,4,4,1,False,False,False,False,True,False,,,,,0404436fa7aaf7d5c15f1c66099dffc8cc644e0d,,True,False
CHEMBL267099,DRUGBANK:DB04950,TUBERCIDIN,Ranpirnase,4,4,1,False,False,False,False,True,False,,,,,0404436fa7aaf7d5c15f1c66099dffc8cc644e0d,,True,False
CHEMBL267099,DRUGBANK:DB05697,TUBERCIDIN,Trabedersen,4,4,1,False,False,False,False,True,False,,,,,0404436fa7aaf7d5c15f1c66099dffc8cc644e0d,,True,False
CHEMBL267099,DRUGBANK:DB06021,TUBERCIDIN,AV-412,4,4,1,False,False,False,False,True,False,,,,,0404436fa7aaf7d5c15f1c66099dffc8cc644e0d,,True,False
CHEMBL267099,DRUGBANK:DB06181,TUBERCIDIN,EMD-1201081,4,4,1,False,False,False,False,True,False,,,,,0404436fa7aaf7d5c15f1c66099dffc8cc644e0d,,True,False
CHEMBL267099,DRUGBANK:DB06517,TUBERCIDIN,MLN576,4,4,1,False,False,False,False,True,False,,,,,0404436fa7aaf7d5c15f1c66099dffc8cc644e0d,,True,False
CHEMBL267099,DRUGBANK:DB12083,TUBERCIDIN,Mafosfamide,4,4,1,False,False,False,False,True,False,,,,,0404436fa7aaf7d5c15f1c66099dffc8cc644e0d,,True,False
CHEMBL267099,DRUGBANK:DB12182,TUBERCIDIN,Binetrakin,4,4,1,False,False,False,False,True,False,,,,,0404436fa7aaf7d5c15f1c66099dffc8cc644e0d,,True,False
CHEMBL267099,DRUGBANK:DB12379,TUBERCIDIN,Indirubin,4,4,1,False,False,False,False,True,False,,,,,0404436fa7aaf7d5c15f1c66099dffc8cc644e0d,,True,False
CHEMBL267099,DRUGBANK:DB13128,TUBERCIDIN,Sizofiran,4,4,1,False,False,False,False,True,False,,,,,0404436fa7aaf7d5c15f1c66099dffc8cc644e0d,,True,False
CHEMBL267099,DRUGBANK:DB13480,TUBERCIDIN,Lentinan,4,4,1,False,False,False,False,True,False,,,,,0404436fa7aaf7d5c15f1c66099dffc8cc644e0d,,True,False
CHEMBL267099,DRUGBANK:DB13647,TUBERCIDIN,Semustine,4,4,1,False,False,False,False,True,False,,,,,0404436fa7aaf7d5c15f1c66099dffc8cc644e0d,,True,False
CHEMBL267099,DRUGBANK:DB13811,TUBERCIDIN,Oblimersen,4,4,1,False,False,False,False,True,False,,,,,0404436fa7aaf7d5c15f1c66099dffc8cc644e0d,,True,False
CHEMBL267099,DRUGBANK:DB13896,TUBERCIDIN,Talimogene laherparepvec,4,4,1,False,False,False,False,True,False,,,,,0404436fa7aaf7d5c15f1c66099dffc8cc644e0d,,True,False
CHEMBL267099,DRUGBANK:DB14865,TUBERCIDIN,Human interleukin-2,4,4,1,False,False,False,False,True,False,,,,,0404436fa7aaf7d5c15f1c66099dffc8cc644e0d,,True,False
CHEMBL267099,DRUGBANK:DB14951,TUBERCIDIN,Etirinotecan pegol,4,4,1,False,False,False,False,True,False,,,,,0404436fa7aaf7d5c15f1c66099dffc8cc644e0d,,True,False
CHEMBL267099,DRUGBANK:DB15699,TUBERCIDIN,Brexucabtagene autoleucel,4,4,1,False,False,False,False,True,False,,,,,0404436fa7aaf7d5c15f1c66099dffc8cc644e0d,,True,False
CHEMBL269671,CHEMBL567597,CHEMBL269671,ARTEMISININ,197,3,1,False,True,False,False,False,False,,Artemisinin,,,,,True,True
CHEMBL269732,CHEMBL3989887,TACROLIMUS ANHYDROUS,TACROLIMUS,2089,4,1,False,True,False,False,False,False,,Tacrolimus,,,,,False,True
CHEMBL269881,CHEMBL270686,NU-2058,MERIOLIN 3,2,2,1,False,False,False,False,True,False,,,,,d2892b45df35238ede25490ba39fb212bc7c626b,,True,False
CHEMBL269881,CHEMBL270687,NU-2058,MERIOLIN 5,2,2,1,False,False,False,False,True,False,,,,,d2892b45df35238ede25490ba39fb212bc7c626b,,True,False
CHEMBL269881,CHEMBL298445,NU-2058,CHEMBL298445,2,2,1,False,False,False,False,True,False,,,,,d2892b45df35238ede25490ba39fb212bc7c626b,,True,False
CHEMBL269881,CHEMBL319467,NU-2058,NU-6102,2,2,1,False,False,False,False,True,False,,,,,d2892b45df35238ede25490ba39fb212bc7c626b,,True,False
CHEMBL269881,CHEMBL340813,NU-2058,NU-6086,2,2,1,False,False,False,False,True,False,,,,,d2892b45df35238ede25490ba39fb212bc7c626b,,True,False
CHEMBL269881,CHEMBL341273,NU-2058,CHEMBL341273,2,2,1,False,False,False,False,True,False,,,,,d2892b45df35238ede25490ba39fb212bc7c626b,,True,False
CHEMBL269881,CHEMBL360520,NU-2058,CHEMBL360520,2,2,1,False,False,False,False,True,False,,,,,d2892b45df35238ede25490ba39fb212bc7c626b,,True,False
CHEMBL269881,CHEMBL380500,NU-2058,VARIOLIN B,2,2,1,False,False,False,False,True,False,,,,,d2892b45df35238ede25490ba39fb212bc7c626b,,True,False
CHEMBL269881,CHEMBL46817,NU-2058,CHEMBL46817,2,2,1,False,False,False,False,True,False,,,,,d2892b45df35238ede25490ba39fb212bc7c626b,,True,False
CHEMBL269881,CHEMBL47302,NU-2058,CHEMBL47302,2,2,1,False,False,False,False,True,False,,,,,d2892b45df35238ede25490ba39fb212bc7c626b,,True,False
CHEMBL269881,CHEMBL48109,NU-2058,CHEMBL48109,2,2,1,False,False,False,False,True,False,,,,,d2892b45df35238ede25490ba39fb212bc7c626b,,True,False
CHEMBL269881,CHEMBL482193,NU-2058,CHEMBL482193,2,2,1,False,False,False,False,True,False,,,,,d2892b45df35238ede25490ba39fb212bc7c626b,,True,False
CHEMBL269881,CHEMBL518800,NU-2058,CHEMBL518800,2,2,1,False,False,False,False,True,False,,,,,d2892b45df35238ede25490ba39fb212bc7c626b,,True,False
CHEMBL269881,CHEMBL525194,NU-2058,CHEMBL525194,2,2,1,False,False,False,False,True,False,,,,,d2892b45df35238ede25490ba39fb212bc7c626b,,True,False
CHEMBL270686,CHEMBL270687,MERIOLIN 3,MERIOLIN 5,2,2,1,False,False,False,False,True,False,,,,,d2892b45df35238ede25490ba39fb212bc7c626b,,True,False
CHEMBL270686,CHEMBL298445,MERIOLIN 3,CHEMBL298445,2,2,1,False,False,False,False,True,False,,,,,d2892b45df35238ede25490ba39fb212bc7c626b,,True,False
CHEMBL270686,CHEMBL319467,MERIOLIN 3,NU-6102,2,2,1,False,False,False,False,True,False,,,,,d2892b45df35238ede25490ba39fb212bc7c626b,,True,False
CHEMBL270686,CHEMBL340813,MERIOLIN 3,NU-6086,2,2,1,False,False,False,False,True,False,,,,,d2892b45df35238ede25490ba39fb212bc7c626b,,True,False
CHEMBL270686,CHEMBL341273,MERIOLIN 3,CHEMBL341273,2,2,1,False,False,False,False,True,False,,,,,d2892b45df35238ede25490ba39fb212bc7c626b,,True,False
CHEMBL270686,CHEMBL360520,MERIOLIN 3,CHEMBL360520,2,2,1,False,False,False,False,True,False,,,,,d2892b45df35238ede25490ba39fb212bc7c626b,,True,False
CHEMBL270686,CHEMBL380500,MERIOLIN 3,VARIOLIN B,2,2,1,False,False,False,False,True,False,,,,,d2892b45df35238ede25490ba39fb212bc7c626b,,True,False
CHEMBL270686,CHEMBL46817,MERIOLIN 3,CHEMBL46817,2,2,1,False,False,False,False,True,False,,,,,d2892b45df35238ede25490ba39fb212bc7c626b,,True,False
CHEMBL270686,CHEMBL47302,MERIOLIN 3,CHEMBL47302,2,2,1,False,False,False,False,True,False,,,,,d2892b45df35238ede25490ba39fb212bc7c626b,,True,False
CHEMBL270686,CHEMBL48109,MERIOLIN 3,CHEMBL48109,2,2,1,False,False,False,False,True,False,,,,,d2892b45df35238ede25490ba39fb212bc7c626b,,True,False
CHEMBL270686,CHEMBL482193,MERIOLIN 3,CHEMBL482193,2,2,1,False,False,False,False,True,False,,,,,d2892b45df35238ede25490ba39fb212bc7c626b,,True,False
CHEMBL270686,CHEMBL518800,MERIOLIN 3,CHEMBL518800,2,2,1,False,False,False,False,True,False,,,,,d2892b45df35238ede25490ba39fb212bc7c626b,,True,False
CHEMBL270686,CHEMBL525194,MERIOLIN 3,CHEMBL525194,2,2,1,False,False,False,False,True,False,,,,,d2892b45df35238ede25490ba39fb212bc7c626b,,True,False
CHEMBL270687,CHEMBL298445,MERIOLIN 5,CHEMBL298445,2,2,1,False,False,False,False,True,False,,,,,d2892b45df35238ede25490ba39fb212bc7c626b,,True,False
CHEMBL270687,CHEMBL319467,MERIOLIN 5,NU-6102,2,2,1,False,False,False,False,True,False,,,,,d2892b45df35238ede25490ba39fb212bc7c626b,,True,False
CHEMBL270687,CHEMBL340813,MERIOLIN 5,NU-6086,2,2,1,False,False,False,False,True,False,,,,,d2892b45df35238ede25490ba39fb212bc7c626b,,True,False
CHEMBL270687,CHEMBL341273,MERIOLIN 5,CHEMBL341273,2,2,1,False,False,False,False,True,False,,,,,d2892b45df35238ede25490ba39fb212bc7c626b,,True,False
CHEMBL270687,CHEMBL360520,MERIOLIN 5,CHEMBL360520,2,2,1,False,False,False,False,True,False,,,,,d2892b45df35238ede25490ba39fb212bc7c626b,,True,False
CHEMBL270687,CHEMBL380500,MERIOLIN 5,VARIOLIN B,2,2,1,False,False,False,False,True,False,,,,,d2892b45df35238ede25490ba39fb212bc7c626b,,True,False
CHEMBL270687,CHEMBL46817,MERIOLIN 5,CHEMBL46817,2,2,1,False,False,False,False,True,False,,,,,d2892b45df35238ede25490ba39fb212bc7c626b,,True,False
CHEMBL270687,CHEMBL47302,MERIOLIN 5,CHEMBL47302,2,2,1,False,False,False,False,True,False,,,,,d2892b45df35238ede25490ba39fb212bc7c626b,,True,False
CHEMBL270687,CHEMBL48109,MERIOLIN 5,CHEMBL48109,2,2,1,False,False,False,False,True,False,,,,,d2892b45df35238ede25490ba39fb212bc7c626b,,True,False
CHEMBL270687,CHEMBL482193,MERIOLIN 5,CHEMBL482193,2,2,1,False,False,False,False,True,False,,,,,d2892b45df35238ede25490ba39fb212bc7c626b,,True,False
CHEMBL270687,CHEMBL518800,MERIOLIN 5,CHEMBL518800,2,2,1,False,False,False,False,True,False,,,,,d2892b45df35238ede25490ba39fb212bc7c626b,,True,False
CHEMBL270687,CHEMBL525194,MERIOLIN 5,CHEMBL525194,2,2,1,False,False,False,False,True,False,,,,,d2892b45df35238ede25490ba39fb212bc7c626b,,True,False
CHEMBL274467,DRUGBANK:DB05296,ACETOPHENONE,Motexafin lutetium,3,3,1,False,False,False,False,True,False,,,,,c6756476b102070f32096be1fb8365f5a84d42c4,,True,False
CHEMBL274467,DRUGBANK:DB06659,ACETOPHENONE,Rostaporfin,3,3,1,False,False,False,False,True,False,,,,,c6756476b102070f32096be1fb8365f5a84d42c4,,True,False
CHEMBL274467,DRUGBANK:DB09536,ACETOPHENONE,Titanium dioxide,3,3,1,False,False,False,False,True,False,,,,,c6756476b102070f32096be1fb8365f5a84d42c4,,True,False
CHEMBL284642,CHEMBL312862,BIZELESIN,DEMECOLCINE,5,5,1,False,False,False,False,True,False,,,,,c2e9c1f4baff5d8ee195269a30fb7fee533be46c,,False,False
CHEMBL284642,CHEMBL313302,BIZELESIN,TRIAZIQUONE,5,5,1,False,False,False,False,True,False,,,,,c2e9c1f4baff5d8ee195269a30fb7fee533be46c,,False,False
CHEMBL284642,CHEMBL443014,BIZELESIN,CARBOQUONE,5,5,1,False,False,False,False,True,False,,,,,c2e9c1f4baff5d8ee195269a30fb7fee533be46c,,False,False
CHEMBL284642,CHEMBL447629,BIZELESIN,MITOBRONITOL,5,5,1,False,False,False,False,True,False,,,,,c2e9c1f4baff5d8ee195269a30fb7fee533be46c,,False,False
CHEMBL284642,CHEMBL460282,BIZELESIN,MANNOSULFAN,5,5,1,False,False,False,False,True,False,,,,,c2e9c1f4baff5d8ee195269a30fb7fee533be46c,,False,False
CHEMBL284642,CHEMBL460287,BIZELESIN,ETOGLUCID,5,5,1,False,False,False,False,True,False,,,,,c2e9c1f4baff5d8ee195269a30fb7fee533be46c,,False,False
CHEMBL288149,CHEMBL3109802,SUTEZOLID,TBA-7371,2,2,1,False,False,False,False,True,False,,,,,b46c271eaff666264ff1ec3d3173b5ecaa64b36f,,True,False
CHEMBL293492,CHEMBL446036,CINNAMALDEHYDE,MALONALDEHYDE,2,2,1,False,False,False,False,True,False,,,,,53d2a66acd4d25c79d717db2b3249d010de6bf36,,True,False
CHEMBL293492,DRUGBANK:DB03174,CINNAMALDEHYDE,Phosphonoacetaldehyde,2,2,1,False,False,False,False,True,False,,,,,53d2a66acd4d25c79d717db2b3249d010de6bf36,,True,False
CHEMBL297792,CHEMBL3545236,S-3304,BPI-9016,2,2,1,False,False,False,False,True,False,,,,,c9dfb90b261c7cda3c7a9981fd938a76a6f55ac7,,True,False
CHEMBL297792,CHEMBL4297268,S-3304,BMS-275183,2,2,1,False,False,False,False,True,False,,,,,c9dfb90b261c7cda3c7a9981fd938a76a6f55ac7,,True,False
CHEMBL297792,CHEMBL4297707,S-3304,RENVISTOBART,2,2,1,False,False,False,False,True,False,,,,,c9dfb90b261c7cda3c7a9981fd938a76a6f55ac7,,True,False
CHEMBL297792,CHEMBL4298098,S-3304,TUSAMITAMAB RAVTANSINE,2,2,1,False,False,False,False,True,False,,,,,c9dfb90b261c7cda3c7a9981fd938a76a6f55ac7,,True,False
CHEMBL297792,CHEMBL4650367,S-3304,SIRPIGLENASTAT,2,2,1,False,False,False,False,True,False,,,,,c9dfb90b261c7cda3c7a9981fd938a76a6f55ac7,,True,False
CHEMBL297792,CHEMBL4650443,S-3304,VEBRELTINIB,2,2,1,False,False,False,False,True,False,,,,,c9dfb90b261c7cda3c7a9981fd938a76a6f55ac7,,True,False
CHEMBL297792,CHEMBL5095043,S-3304,ATAMPARIB,2,2,1,False,False,False,False,True,False,,,,,c9dfb90b261c7cda3c7a9981fd938a76a6f55ac7,,True,False
CHEMBL297792,CHEMBL5095196,S-3304,SLC-391,2,2,1,False,False,False,False,True,False,,,,,c9dfb90b261c7cda3c7a9981fd938a76a6f55ac7,,True,False
CHEMBL297792,CHEMBL5095260,S-3304,CAMONSERTIB,2,2,1,False,False,False,False,True,False,,,,,c9dfb90b261c7cda3c7a9981fd938a76a6f55ac7,,True,False
CHEMBL297792,CHEMBL5095337,S-3304,ACASUNLIMAB,2,2,1,False,False,False,False,True,False,,,,,c9dfb90b261c7cda3c7a9981fd938a76a6f55ac7,,True,False
CHEMBL297792,CHEMBL5095480,S-3304,DAVUTAMIG,2,2,1,False,False,False,False,True,False,,,,,c9dfb90b261c7cda3c7a9981fd938a76a6f55ac7,,True,False
CHEMBL297792,CHEMBL5314412,S-3304,ZOTIZALKIB,2,2,1,False,False,False,False,True,False,,,,,c9dfb90b261c7cda3c7a9981fd938a76a6f55ac7,,True,False
CHEMBL297792,CHEMBL5314987,S-3304,GOTISTOBART,2,2,1,False,False,False,False,True,False,,,,,c9dfb90b261c7cda3c7a9981fd938a76a6f55ac7,,True,False
CHEMBL297792,CHEMBL5315010,S-3304,FALBIKITUG,2,2,1,False,False,False,False,True,False,,,,,c9dfb90b261c7cda3c7a9981fd938a76a6f55ac7,,True,False
CHEMBL297792,CHEMBL5315023,S-3304,NEZUTATUG,2,2,1,False,False,False,False,True,False,,,,,c9dfb90b261c7cda3c7a9981fd938a76a6f55ac7,,True,False
CHEMBL298445,CHEMBL319467,CHEMBL298445,NU-6102,2,2,1,False,False,False,False,True,False,,,,,d2892b45df35238ede25490ba39fb212bc7c626b,,True,False
CHEMBL298445,CHEMBL340813,CHEMBL298445,NU-6086,2,2,1,False,False,False,False,True,False,,,,,d2892b45df35238ede25490ba39fb212bc7c626b,,True,False
CHEMBL298445,CHEMBL341273,CHEMBL298445,CHEMBL341273,2,2,1,False,False,False,False,True,False,,,,,d2892b45df35238ede25490ba39fb212bc7c626b,,True,False
CHEMBL298445,CHEMBL360520,CHEMBL298445,CHEMBL360520,2,2,1,False,False,False,False,True,False,,,,,d2892b45df35238ede25490ba39fb212bc7c626b,,True,False
CHEMBL298445,CHEMBL380500,CHEMBL298445,VARIOLIN B,2,2,1,False,False,False,False,True,False,,,,,d2892b45df35238ede25490ba39fb212bc7c626b,,True,False
CHEMBL298445,CHEMBL46817,CHEMBL298445,CHEMBL46817,2,2,1,False,False,False,False,True,False,,,,,d2892b45df35238ede25490ba39fb212bc7c626b,,True,False
CHEMBL298445,CHEMBL47302,CHEMBL298445,CHEMBL47302,2,2,1,False,False,False,False,True,False,,,,,d2892b45df35238ede25490ba39fb212bc7c626b,,True,False
CHEMBL298445,CHEMBL48109,CHEMBL298445,CHEMBL48109,2,2,1,False,False,False,False,True,False,,,,,d2892b45df35238ede25490ba39fb212bc7c626b,,True,False
CHEMBL298445,CHEMBL482193,CHEMBL298445,CHEMBL482193,2,2,1,False,False,False,False,True,False,,,,,d2892b45df35238ede25490ba39fb212bc7c626b,,True,False
CHEMBL298445,CHEMBL518800,CHEMBL298445,CHEMBL518800,2,2,1,False,False,False,False,True,False,,,,,d2892b45df35238ede25490ba39fb212bc7c626b,,True,False
CHEMBL298445,CHEMBL525194,CHEMBL298445,CHEMBL525194,2,2,1,False,False,False,False,True,False,,,,,d2892b45df35238ede25490ba39fb212bc7c626b,,True,False
CHEMBL3039503,CHEMBL3039519,LOMIBUVIR,SAMATASVIR,2,2,1,False,False,False,False,True,False,,,,,b806c3173fc3927bca13affa020f19fa854dc358,,True,False
CHEMBL3039503,CHEMBL3121539,LOMIBUVIR,RADALBUVIR,2,2,1,False,False,False,False,True,False,,,,,b806c3173fc3927bca13affa020f19fa854dc358,,True,False
CHEMBL3039503,CHEMBL3707372,LOMIBUVIR,VOXILAPREVIR,2,2,1,False,False,False,False,True,False,,,,,b806c3173fc3927bca13affa020f19fa854dc358,,True,False
CHEMBL3039503,CHEMBL3833385,LOMIBUVIR,RUZASVIR,2,2,1,False,False,False,False,True,False,,,,,b806c3173fc3927bca13affa020f19fa854dc358,,True,False
CHEMBL3039503,CHEMBL4076467,LOMIBUVIR,ABT-072,2,2,1,False,False,False,False,True,False,,,,,b806c3173fc3927bca13affa020f19fa854dc358,,True,False
CHEMBL3039503,CHEMBL4297647,LOMIBUVIR,FURAPREVIR,2,2,1,False,False,False,False,True,False,,,,,b806c3173fc3927bca13affa020f19fa854dc358,,True,False
CHEMBL3039503,CHEMBL490672,LOMIBUVIR,FILIBUVIR,2,2,1,False,False,False,False,True,False,,,,,b806c3173fc3927bca13affa020f19fa854dc358,,True,False
CHEMBL3039503,CHEMBL562967,LOMIBUVIR,MERICITABINE,2,2,1,False,False,False,False,True,False,,,,,b806c3173fc3927bca13affa020f19fa854dc358,,True,False
CHEMBL3039519,CHEMBL3121539,SAMATASVIR,RADALBUVIR,2,2,1,False,False,False,False,True,False,,,,,b806c3173fc3927bca13affa020f19fa854dc358,,True,False
CHEMBL3039519,CHEMBL3707372,SAMATASVIR,VOXILAPREVIR,2,2,1,False,False,False,False,True,False,,,,,b806c3173fc3927bca13affa020f19fa854dc358,,True,False
CHEMBL3039519,CHEMBL3833385,SAMATASVIR,RUZASVIR,2,2,1,False,False,False,False,True,False,,,,,b806c3173fc3927bca13affa020f19fa854dc358,,True,False
CHEMBL3039519,CHEMBL4076467,SAMATASVIR,ABT-072,2,2,1,False,False,False,False,True,False,,,,,b806c3173fc3927bca13affa020f19fa854dc358,,True,False
CHEMBL3039519,CHEMBL4297647,SAMATASVIR,FURAPREVIR,2,2,1,False,False,False,False,True,False,,,,,b806c3173fc3927bca13affa020f19fa854dc358,,True,False
CHEMBL3039519,CHEMBL490672,SAMATASVIR,FILIBUVIR,2,2,1,False,False,False,False,True,False,,,,,b806c3173fc3927bca13affa020f19fa854dc358,,True,False
CHEMBL3039519,CHEMBL562967,SAMATASVIR,MERICITABINE,2,2,1,False,False,False,False,True,False,,,,,b806c3173fc3927bca13affa020f19fa854dc358,,True,False
CHEMBL3039550,CHEMBL4297485,RILIMOGENE GALVACIREPVEC,CFG-920,2,2,1,False,False,False,False,True,False,,,,,50f0d8c1fcf97f86477fbf7f9fc7d9440f0841dd,,True,False
CHEMBL3039566,DRUGBANK:DB09146,SUCROFERRIC OXYHYDROXIDE,Iron sucrose,3,127,1,False,True,False,False,False,False,,Sucroferric oxyhydroxide,,,,,False,True
CHEMBL303992,CHEMBL62836,CHEMBL303992,CHEMBL62836,2,2,1,False,False,False,False,True,False,,,,,a67b2b3c35811fc0a8f5826358bb37223dc7d5cc,,True,False
CHEMBL304383,CHEMBL3989872,SARCOSINE,APIMOSTINEL,2,2,1,False,False,False,False,True,False,,,,,021db91aca5d136c2211bded95d1878e253f2d4d,,True,False
CHEMBL306043,DRUGBANK:DB09276,GOLD SODIUM THIOMALATE,Sodium aurothiomalate,2,817,1,False,True,False,False,False,False,,Gold sodium thiomalate,,,,,True,True
CHEMBL307500,CHEMBL440283,CHEMBL307500,ANDROSTENEDIOL,56,56,1,False,False,False,False,True,False,,,,,f98f0610a8d445bb29b2e200fb49027ea01e72e2,,True,False
CHEMBL307500,DRUGBANK:DB01434,CHEMBL307500,19-norandrostenedione,56,56,1,False,False,False,False,True,False,,,,,f98f0610a8d445bb29b2e200fb49027ea01e72e2,,True,False
CHEMBL307500,DRUGBANK:DB06250,CHEMBL307500,Fluasterone,56,56,1,False,False,False,False,True,False,,,,,f98f0610a8d445bb29b2e200fb49027ea01e72e2,,True,False
CHEMBL307500,DRUGBANK:DB13710,CHEMBL307500,Metenolone,56,56,1,False,False,False,False,True,False,,,,,f98f0610a8d445bb29b2e200fb49027ea01e72e2,,True,False
CHEMBL309339,CHEMBL486174,SALICYLHYDROXAMIC ACID,PECILOCIN,14,14,1,False,False,False,False,True,False,,,,,1f56b0b7dbcbc946198137d79c7c6e1c25d17605,,True,False
CHEMBL309339,CHEMBL514315,SALICYLHYDROXAMIC ACID,NIFURATEL,14,14,1,False,False,False,False,True,False,,,,,1f56b0b7dbcbc946198137d79c7c6e1c25d17605,,True,False
CHEMBL309339,CHEMBL97972,SALICYLHYDROXAMIC ACID,PYRROLNITRIN,14,14,1,False,False,False,False,True,False,,,,,1f56b0b7dbcbc946198137d79c7c6e1c25d17605,,True,False
CHEMBL309339,DRUGBANK:DB14058,SALICYLHYDROXAMIC ACID,Basifungin,14,14,1,False,False,False,False,True,False,,,,,1f56b0b7dbcbc946198137d79c7c6e1c25d17605,,True,False
CHEMBL3112741,CHEMBL3301605,RELEBACTAM ANHYDROUS,RELEBACTAM,140,9,1,False,True,False,False,False,False,,Relebactam,,,,,False,True
CHEMBL3113974,CHEMBL3545162,TRANIMILAST,PBF-680,2,2,1,False,False,False,False,True,False,,,,,4f3779b979598ac146d5f3ff1b3d4e02588d2ed4,,True,False
CHEMBL3113974,CHEMBL3707249,TRANIMILAST,ASM-024,2,2,1,False,False,False,False,True,False,,,,,4f3779b979598ac146d5f3ff1b3d4e02588d2ed4,,True,False
CHEMBL3113974,CHEMBL3916700,TRANIMILAST,LAS190792,2,2,1,False,False,False,False,True,False,,,,,4f3779b979598ac146d5f3ff1b3d4e02588d2ed4,,True,False
CHEMBL3113974,CHEMBL4072756,TRANIMILAST,AZD-5423,2,2,1,False,False,False,False,True,False,,,,,4f3779b979598ac146d5f3ff1b3d4e02588d2ed4,,True,False
CHEMBL3113974,CHEMBL4297520,TRANIMILAST,OGLEMILAST,2,2,1,False,False,False,False,True,False,,,,,4f3779b979598ac146d5f3ff1b3d4e02588d2ed4,,True,False
CHEMBL311498,CHEMBL66,CIANIDANOL,(+)-TAXIFOLIN,10,880,1,False,True,False,False,False,False,,Cianidanol,,,,,True,True
CHEMBL3121539,CHEMBL3707372,RADALBUVIR,VOXILAPREVIR,2,2,1,False,False,False,False,True,False,,,,,b806c3173fc3927bca13affa020f19fa854dc358,,True,False
CHEMBL3121539,CHEMBL3833385,RADALBUVIR,RUZASVIR,2,2,1,False,False,False,False,True,False,,,,,b806c3173fc3927bca13affa020f19fa854dc358,,True,False
CHEMBL3121539,CHEMBL4076467,RADALBUVIR,ABT-072,2,2,1,False,False,False,False,True,False,,,,,b806c3173fc3927bca13affa020f19fa854dc358,,True,False
CHEMBL3121539,CHEMBL4297647,RADALBUVIR,FURAPREVIR,2,2,1,False,False,False,False,True,False,,,,,b806c3173fc3927bca13affa020f19fa854dc358,,True,False
CHEMBL3121539,CHEMBL490672,RADALBUVIR,FILIBUVIR,2,2,1,False,False,False,False,True,False,,,,,b806c3173fc3927bca13affa020f19fa854dc358,,True,False
CHEMBL3121539,CHEMBL562967,RADALBUVIR,MERICITABINE,2,2,1,False,False,False,False,True,False,,,,,b806c3173fc3927bca13affa020f19fa854dc358,,True,False
CHEMBL3126832,CHEMBL609583,OBP-801,R-306465,6,6,1,False,False,False,False,True,False,,,,,20d9ff14c068ab080f620ddec8e42d4d1c99be03,,False,False
CHEMBL312862,CHEMBL313302,DEMECOLCINE,TRIAZIQUONE,5,5,1,False,False,False,False,True,False,,,,,c2e9c1f4baff5d8ee195269a30fb7fee533be46c,,False,False
CHEMBL312862,CHEMBL443014,DEMECOLCINE,CARBOQUONE,5,5,1,False,False,False,False,True,False,,,,,c2e9c1f4baff5d8ee195269a30fb7fee533be46c,,False,False
CHEMBL312862,CHEMBL447629,DEMECOLCINE,MITOBRONITOL,5,5,1,False,False,False,False,True,False,,,,,c2e9c1f4baff5d8ee195269a30fb7fee533be46c,,False,False
CHEMBL312862,CHEMBL460282,DEMECOLCINE,MANNOSULFAN,5,5,1,False,False,False,False,True,False,,,,,c2e9c1f4baff5d8ee195269a30fb7fee533be46c,,False,False
CHEMBL312862,CHEMBL460287,DEMECOLCINE,ETOGLUCID,5,5,1,False,False,False,False,True,False,,,,,c2e9c1f4baff5d8ee195269a30fb7fee533be46c,,False,False
CHEMBL313302,CHEMBL443014,TRIAZIQUONE,CARBOQUONE,5,5,1,False,False,False,False,True,False,,,,,c2e9c1f4baff5d8ee195269a30fb7fee533be46c,,False,False
CHEMBL313302,CHEMBL447629,TRIAZIQUONE,MITOBRONITOL,5,5,1,False,False,False,False,True,False,,,,,c2e9c1f4baff5d8ee195269a30fb7fee533be46c,,False,False
CHEMBL313302,CHEMBL460282,TRIAZIQUONE,MANNOSULFAN,5,5,1,False,False,False,False,True,False,,,,,c2e9c1f4baff5d8ee195269a30fb7fee533be46c,,False,False
CHEMBL313302,CHEMBL460287,TRIAZIQUONE,ETOGLUCID,5,5,1,False,False,False,False,True,False,,,,,c2e9c1f4baff5d8ee195269a30fb7fee533be46c,,False,False
CHEMBL3137351,CHEMBL3707383,ABRILUMAB,MONGERSEN SODIUM,2,2,1,False,False,False,False,True,False,,,,,0d0a3ca5685fd7e0da6c771f49ccbfb54257a1e9,,True,False
CHEMBL3137351,CHEMBL3833372,ABRILUMAB,BRAZIKUMAB,2,2,1,False,False,False,False,True,False,,,,,0d0a3ca5685fd7e0da6c771f49ccbfb54257a1e9,,True,False
CHEMBL3137351,CHEMBL4297252,ABRILUMAB,2'-FUCOSYLLACTOSE,2,2,1,False,False,False,False,True,False,,,,,0d0a3ca5685fd7e0da6c771f49ccbfb54257a1e9,,True,False
CHEMBL314854,CHEMBL544665,FINGOLIMOD,FINGOLIMOD HYDROCHLORIDE,601,5,1,False,True,False,False,False,False,,Fingolimod,,,,,False,True
CHEMBL317052,CHEMBL3989695,REGADENOSON ANHYDROUS,REGADENOSON,68,2,1,False,True,False,False,False,False,,Regadenoson,,,,,False,True
CHEMBL3181870,CHEMBL82202,PYRIDOXAL PHOSPHATE,PYRIDOXAL PHOSPHATE ANHYDROUS,2,53,1,False,True,False,False,False,False,,Pyridoxal Phosphate,,,,,False,True
CHEMBL318191,CHEMBL4779850,TONABERSAT,ANISODINE HYDROBROMIDE,2,2,1,False,False,False,False,True,False,,,,,3b677549761769fba9f7745d8be360cc6dcad408,,True,False
CHEMBL318191,DRUGBANK:DB15688,TONABERSAT,Zavegepant,2,2,1,False,False,False,False,True,False,,,,,3b677549761769fba9f7745d8be360cc6dcad408,,True,False
CHEMBL3185022,DRUGBANK:DB11255,CHROMIUM PICOLINATE,Chromium picolinate,2,11,1,True,False,False,False,False,False,chromium picolinate,,,,,,True,True
CHEMBL3186751,CHEMBL338802,CHEMBL3186751,SULFAGUANIDINE,109,109,1,False,False,False,False,True,False,,,,,61548e270b16f10cdc5e3322f635f75fcb66e1f5,,True,False
CHEMBL3186751,CHEMBL3833354,CHEMBL3186751,SULFATOLAMIDE,109,109,1,False,False,False,False,True,False,,,,,61548e270b16f10cdc5e3322f635f75fcb66e1f5,,True,False
CHEMBL3186751,CHEMBL493636,CHEMBL3186751,SULFANITRAN,109,109,1,False,False,False,False,True,False,,,,,61548e270b16f10cdc5e3322f635f75fcb66e1f5,,True,False
CHEMBL3186993,CHEMBL896,HYDROXYZINE HYDROCHLORIDE,HYDROXYZINE,1,1292,1,False,True,False,False,False,False,,Hydroxyzine,,,,,False,True
CHEMBL3187365,CHEMBL3544974,ASENAPINE,ASENAPINE MALEATE,7,1764,1,False,True,False,False,False,False,,Asenapine,,,,,False,True
CHEMBL319467,CHEMBL340813,NU-6102,NU-6086,2,2,1,False,False,False,False,True,False,,,,,d2892b45df35238ede25490ba39fb212bc7c626b,,True,False
CHEMBL319467,CHEMBL341273,NU-6102,CHEMBL341273,2,2,1,False,False,False,False,True,False,,,,,d2892b45df35238ede25490ba39fb212bc7c626b,,True,False
CHEMBL319467,CHEMBL360520,NU-6102,CHEMBL360520,2,2,1,False,False,False,False,True,False,,,,,d2892b45df35238ede25490ba39fb212bc7c626b,,True,False
CHEMBL319467,CHEMBL380500,NU-6102,VARIOLIN B,2,2,1,False,False,False,False,True,False,,,,,d2892b45df35238ede25490ba39fb212bc7c626b,,True,False
CHEMBL319467,CHEMBL46817,NU-6102,CHEMBL46817,2,2,1,False,False,False,False,True,False,,,,,d2892b45df35238ede25490ba39fb212bc7c626b,,True,False
CHEMBL319467,CHEMBL47302,NU-6102,CHEMBL47302,2,2,1,False,False,False,False,True,False,,,,,d2892b45df35238ede25490ba39fb212bc7c626b,,True,False
CHEMBL319467,CHEMBL48109,NU-6102,CHEMBL48109,2,2,1,False,False,False,False,True,False,,,,,d2892b45df35238ede25490ba39fb212bc7c626b,,True,False
CHEMBL319467,CHEMBL482193,NU-6102,CHEMBL482193,2,2,1,False,False,False,False,True,False,,,,,d2892b45df35238ede25490ba39fb212bc7c626b,,True,False
CHEMBL319467,CHEMBL518800,NU-6102,CHEMBL518800,2,2,1,False,False,False,False,True,False,,,,,d2892b45df35238ede25490ba39fb212bc7c626b,,True,False
CHEMBL319467,CHEMBL525194,NU-6102,CHEMBL525194,2,2,1,False,False,False,False,True,False,,,,,d2892b45df35238ede25490ba39fb212bc7c626b,,True,False
CHEMBL325795,CHEMBL430893,S-ROLIPRAM,(-)-ROLIPRAM,2,2,1,False,False,False,False,True,False,,,,,2557751bc730e0e0af72351d740d67058b75d083,,True,False
CHEMBL327715,CHEMBL96433,CHEMBL327715,CHEMBL96433,3,3,1,False,False,False,False,True,False,,,,,c6afe06258082aef447b49b5b6062b312d844d5d,,True,False
CHEMBL329123,CHEMBL4650307,ETALOCIB,RUCOSOPASEM MANGANESE,3,3,1,False,False,False,False,True,False,,,,,c5ba9eb44d27d1d559faf697f58bbbc608c95f6f,,True,False
CHEMBL33,CHEMBL4,LEVOFLOXACIN ANHYDROUS,OFLOXACIN,1506,1107,1,False,True,False,False,False,False,,(-)-Ofloxacin,,,,,False,True
CHEMBL33,CHEMBL5315124,LEVOFLOXACIN ANHYDROUS,LEVOFLOXACIN,1506,41,1,False,True,False,False,False,False,,Levofloxacin,,,,,False,True
CHEMBL3301597,CHEMBL3991241,FERRIC CITRATE,FERRIC CITRATE ANHYDROUS,5,5,1,False,True,False,False,False,False,,Ferric citrate,,,,,False,True
CHEMBL3301597,DRUGBANK:DB14520,FERRIC CITRATE,Tetraferric tricitrate decahydrate,5,124,1,False,True,False,False,False,False,,Ferric citrate,,,,,True,True
CHEMBL3301600,CHEMBL3301625,SPEBRUTINIB BESYLATE,SPEBRUTINIB,4,6,1,False,True,False,False,False,False,,Spebrutinib,,,,,False,True
CHEMBL3301667,CHEMBL56279,CALCIUM CARBIMIDE,CYANAMIDE,17,2,1,False,True,False,False,False,False,,Cyanamide,,,,,True,True
CHEMBL3301800,CHEMBL5314373,CEFPROZIL,"CEFPROZIL, (E)-",779,9,1,False,True,False,False,False,False,,Cefprozil,,,,,False,True
CHEMBL338802,CHEMBL3833354,SULFAGUANIDINE,SULFATOLAMIDE,109,109,1,False,False,False,False,True,False,,,,,61548e270b16f10cdc5e3322f635f75fcb66e1f5,,True,False
CHEMBL338802,CHEMBL493636,SULFAGUANIDINE,SULFANITRAN,109,109,1,False,False,False,False,True,False,,,,,61548e270b16f10cdc5e3322f635f75fcb66e1f5,,True,False
CHEMBL340813,CHEMBL341273,NU-6086,CHEMBL341273,2,2,1,False,False,False,False,True,False,,,,,d2892b45df35238ede25490ba39fb212bc7c626b,,True,False
CHEMBL340813,CHEMBL360520,NU-6086,CHEMBL360520,2,2,1,False,False,False,False,True,False,,,,,d2892b45df35238ede25490ba39fb212bc7c626b,,True,False
CHEMBL340813,CHEMBL380500,NU-6086,VARIOLIN B,2,2,1,False,False,False,False,True,False,,,,,d2892b45df35238ede25490ba39fb212bc7c626b,,True,False
CHEMBL340813,CHEMBL46817,NU-6086,CHEMBL46817,2,2,1,False,False,False,False,True,False,,,,,d2892b45df35238ede25490ba39fb212bc7c626b,,True,False
CHEMBL340813,CHEMBL47302,NU-6086,CHEMBL47302,2,2,1,False,False,False,False,True,False,,,,,d2892b45df35238ede25490ba39fb212bc7c626b,,True,False
CHEMBL340813,CHEMBL48109,NU-6086,CHEMBL48109,2,2,1,False,False,False,False,True,False,,,,,d2892b45df35238ede25490ba39fb212bc7c626b,,True,False
CHEMBL340813,CHEMBL482193,NU-6086,CHEMBL482193,2,2,1,False,False,False,False,True,False,,,,,d2892b45df35238ede25490ba39fb212bc7c626b,,True,False
CHEMBL340813,CHEMBL518800,NU-6086,CHEMBL518800,2,2,1,False,False,False,False,True,False,,,,,d2892b45df35238ede25490ba39fb212bc7c626b,,True,False
CHEMBL340813,CHEMBL525194,NU-6086,CHEMBL525194,2,2,1,False,False,False,False,True,False,,,,,d2892b45df35238ede25490ba39fb212bc7c626b,,True,False
CHEMBL341273,CHEMBL360520,CHEMBL341273,CHEMBL360520,2,2,1,False,False,False,False,True,False,,,,,d2892b45df35238ede25490ba39fb212bc7c626b,,True,False
CHEMBL341273,CHEMBL380500,CHEMBL341273,VARIOLIN B,2,2,1,False,False,False,False,True,False,,,,,d2892b45df35238ede25490ba39fb212bc7c626b,,True,False
CHEMBL341273,CHEMBL46817,CHEMBL341273,CHEMBL46817,2,2,1,False,False,False,False,True,False,,,,,d2892b45df35238ede25490ba39fb212bc7c626b,,True,False
CHEMBL341273,CHEMBL47302,CHEMBL341273,CHEMBL47302,2,2,1,False,False,False,False,True,False,,,,,d2892b45df35238ede25490ba39fb212bc7c626b,,True,False
CHEMBL341273,CHEMBL48109,CHEMBL341273,CHEMBL48109,2,2,1,False,False,False,False,True,False,,,,,d2892b45df35238ede25490ba39fb212bc7c626b,,True,False
CHEMBL341273,CHEMBL482193,CHEMBL341273,CHEMBL482193,2,2,1,False,False,False,False,True,False,,,,,d2892b45df35238ede25490ba39fb212bc7c626b,,True,False
CHEMBL341273,CHEMBL518800,CHEMBL341273,CHEMBL518800,2,2,1,False,False,False,False,True,False,,,,,d2892b45df35238ede25490ba39fb212bc7c626b,,True,False
CHEMBL341273,CHEMBL525194,CHEMBL341273,CHEMBL525194,2,2,1,False,False,False,False,True,False,,,,,d2892b45df35238ede25490ba39fb212bc7c626b,,True,False
CHEMBL346059,CHEMBL410968,CHEMBL346059,CHEMBL410968,19,19,1,False,False,False,False,True,False,,,,,a5f75572e455ef1428c04011b389f1c4c27c127d,,True,False
CHEMBL346059,CHEMBL478120,CHEMBL346059,MARBOFLOXACIN,19,19,1,False,False,False,False,True,False,,,,,a5f75572e455ef1428c04011b389f1c4c27c127d,,True,False
CHEMBL346059,DRUGBANK:DB02237,CHEMBL346059,Maltotetraose,19,19,1,False,False,False,False,True,False,,,,,a5f75572e455ef1428c04011b389f1c4c27c127d,,True,False
CHEMBL346059,DRUGBANK:DB04952,CHEMBL346059,Ramoplanin,19,19,1,False,False,False,False,True,False,,,,,a5f75572e455ef1428c04011b389f1c4c27c127d,,True,False
CHEMBL346059,DRUGBANK:DB11375,CHEMBL346059,Avilamycin,19,19,1,False,False,False,False,True,False,,,,,a5f75572e455ef1428c04011b389f1c4c27c127d,,True,False
CHEMBL346059,DRUGBANK:DB11377,CHEMBL346059,Bambermycins,19,19,1,False,False,False,False,True,False,,,,,a5f75572e455ef1428c04011b389f1c4c27c127d,,True,False
CHEMBL346059,DRUGBANK:DB11401,CHEMBL346059,Efrotomycin,19,19,1,False,False,False,False,True,False,,,,,a5f75572e455ef1428c04011b389f1c4c27c127d,,True,False
CHEMBL346059,DRUGBANK:DB11474,CHEMBL346059,Tulathromycin A,19,19,1,False,False,False,False,True,False,,,,,a5f75572e455ef1428c04011b389f1c4c27c127d,,True,False
CHEMBL346059,DRUGBANK:DB13172,CHEMBL346059,Tunicamycin,19,19,1,False,False,False,False,True,False,,,,,a5f75572e455ef1428c04011b389f1c4c27c127d,,True,False
CHEMBL346059,DRUGBANK:DB13704,CHEMBL346059,Pristinamycin,19,19,1,False,False,False,False,True,False,,,,,a5f75572e455ef1428c04011b389f1c4c27c127d,,True,False
CHEMBL346059,DRUGBANK:DB13705,CHEMBL346059,Decamethoxine,19,19,1,False,False,False,False,True,False,,,,,a5f75572e455ef1428c04011b389f1c4c27c127d,,True,False
CHEMBL346059,DRUGBANK:DB14051,CHEMBL346059,Malacidin A,19,19,1,False,False,False,False,True,False,,,,,a5f75572e455ef1428c04011b389f1c4c27c127d,,True,False
CHEMBL346059,DRUGBANK:DB14052,CHEMBL346059,Malacidin B,19,19,1,False,False,False,False,True,False,,,,,a5f75572e455ef1428c04011b389f1c4c27c127d,,True,False
CHEMBL346059,DRUGBANK:DB15657,CHEMBL346059,Ala-geninthiocin,19,19,1,False,False,False,False,True,False,,,,,a5f75572e455ef1428c04011b389f1c4c27c127d,,True,False
CHEMBL35033,CHEMBL54893,EMIVIRINE,UC 781,13,13,1,False,False,False,False,True,False,,,,,5cb5644f471a3db7e9abba748b6f0569f969004d,,False,False
CHEMBL3544936,CHEMBL4297930,XL-844,CYC-065,3,3,1,False,False,False,False,True,False,,,,,d77e95c156da76b94ad6a040e744dc8735b6ac19,,True,False
CHEMBL3544945,CHEMBL4594407,SAR-113945,CARBACYCLIC PHOSPHATIDIC ACID,2,2,1,False,False,False,False,True,False,,,,,1f0b0464b77c6c431faa74109bcdd776e3ee250b,,True,False
CHEMBL3544945,CHEMBL504535,SAR-113945,IMRECOXIB,2,2,1,False,False,False,False,True,False,,,,,1f0b0464b77c6c431faa74109bcdd776e3ee250b,,True,False
CHEMBL3544971,CHEMBL3989844,DEXTROAMPHETAMINE SULFATE,DEXTROAMPHETAMINE SACCHARATE,3,3,1,False,False,False,False,True,False,,,,,0ea8a584b06787b8442de29d8989ecdab29506b8,,False,False
CHEMBL3545029,CHEMBL3545166,ABT-288,DRINABANT,2,2,1,False,False,False,False,True,False,,,,,26b12a52696142f5b4475a0f53232b07e1ec1f67,,True,False
CHEMBL3545029,CHEMBL3545231,ABT-288,ABT-126,2,2,1,False,False,False,False,True,False,,,,,26b12a52696142f5b4475a0f53232b07e1ec1f67,,True,False
CHEMBL3545073,CHEMBL5314597,AMA0076,BIMATOPROST GRENOD,2,2,1,False,False,False,False,True,False,,,,,595f84e2f9d49e1aed088e87ae9267c1ac34f573,,True,False
CHEMBL3545125,CHEMBL3545257,MIROGABALIN,MIROGABALIN BESYLATE,5,1,1,False,True,False,False,False,False,,Mirogabalin,,,,,False,True
CHEMBL3545153,CHEMBL3545407,DE-104,TRABODENOSON,2,2,1,False,False,False,False,True,False,,,,,502a9fe95ad5b7398c2ae19feab12d18bcfe5728,,True,False
CHEMBL3545153,DRUGBANK:DB13931,DE-104,Netarsudil,2,2,1,False,False,False,False,True,False,,,,,502a9fe95ad5b7398c2ae19feab12d18bcfe5728,,True,False
CHEMBL3545162,CHEMBL3707249,PBF-680,ASM-024,2,2,1,False,False,False,False,True,False,,,,,4f3779b979598ac146d5f3ff1b3d4e02588d2ed4,,True,False
CHEMBL3545162,CHEMBL3916700,PBF-680,LAS190792,2,2,1,False,False,False,False,True,False,,,,,4f3779b979598ac146d5f3ff1b3d4e02588d2ed4,,True,False
CHEMBL3545162,CHEMBL4072756,PBF-680,AZD-5423,2,2,1,False,False,False,False,True,False,,,,,4f3779b979598ac146d5f3ff1b3d4e02588d2ed4,,True,False
CHEMBL3545162,CHEMBL4297520,PBF-680,OGLEMILAST,2,2,1,False,False,False,False,True,False,,,,,4f3779b979598ac146d5f3ff1b3d4e02588d2ed4,,True,False
CHEMBL3545166,CHEMBL3545231,DRINABANT,ABT-126,2,2,1,False,False,False,False,True,False,,,,,26b12a52696142f5b4475a0f53232b07e1ec1f67,,True,False
CHEMBL3545236,CHEMBL4297268,BPI-9016,BMS-275183,2,2,1,False,False,False,False,True,False,,,,,c9dfb90b261c7cda3c7a9981fd938a76a6f55ac7,,True,False
CHEMBL3545236,CHEMBL4297707,BPI-9016,RENVISTOBART,2,2,1,False,False,False,False,True,False,,,,,c9dfb90b261c7cda3c7a9981fd938a76a6f55ac7,,True,False
CHEMBL3545236,CHEMBL4298098,BPI-9016,TUSAMITAMAB RAVTANSINE,2,2,1,False,False,False,False,True,False,,,,,c9dfb90b261c7cda3c7a9981fd938a76a6f55ac7,,True,False
CHEMBL3545236,CHEMBL4650367,BPI-9016,SIRPIGLENASTAT,2,2,1,False,False,False,False,True,False,,,,,c9dfb90b261c7cda3c7a9981fd938a76a6f55ac7,,True,False
CHEMBL3545236,CHEMBL4650443,BPI-9016,VEBRELTINIB,2,2,1,False,False,False,False,True,False,,,,,c9dfb90b261c7cda3c7a9981fd938a76a6f55ac7,,True,False
CHEMBL3545236,CHEMBL5095043,BPI-9016,ATAMPARIB,2,2,1,False,False,False,False,True,False,,,,,c9dfb90b261c7cda3c7a9981fd938a76a6f55ac7,,True,False
CHEMBL3545236,CHEMBL5095196,BPI-9016,SLC-391,2,2,1,False,False,False,False,True,False,,,,,c9dfb90b261c7cda3c7a9981fd938a76a6f55ac7,,True,False
CHEMBL3545236,CHEMBL5095260,BPI-9016,CAMONSERTIB,2,2,1,False,False,False,False,True,False,,,,,c9dfb90b261c7cda3c7a9981fd938a76a6f55ac7,,True,False
CHEMBL3545236,CHEMBL5095337,BPI-9016,ACASUNLIMAB,2,2,1,False,False,False,False,True,False,,,,,c9dfb90b261c7cda3c7a9981fd938a76a6f55ac7,,True,False
CHEMBL3545236,CHEMBL5095480,BPI-9016,DAVUTAMIG,2,2,1,False,False,False,False,True,False,,,,,c9dfb90b261c7cda3c7a9981fd938a76a6f55ac7,,True,False
CHEMBL3545236,CHEMBL5314412,BPI-9016,ZOTIZALKIB,2,2,1,False,False,False,False,True,False,,,,,c9dfb90b261c7cda3c7a9981fd938a76a6f55ac7,,True,False
CHEMBL3545236,CHEMBL5314987,BPI-9016,GOTISTOBART,2,2,1,False,False,False,False,True,False,,,,,c9dfb90b261c7cda3c7a9981fd938a76a6f55ac7,,True,False
CHEMBL3545236,CHEMBL5315010,BPI-9016,FALBIKITUG,2,2,1,False,False,False,False,True,False,,,,,c9dfb90b261c7cda3c7a9981fd938a76a6f55ac7,,True,False
CHEMBL3545236,CHEMBL5315023,BPI-9016,NEZUTATUG,2,2,1,False,False,False,False,True,False,,,,,c9dfb90b261c7cda3c7a9981fd938a76a6f55ac7,,True,False
CHEMBL3545252,CHEMBL92,DOCETAXEL,DOCETAXEL ANHYDROUS,116,1168,1,False,True,False,False,False,False,,Docetaxel,,,,,False,True
CHEMBL3545259,CHEMBL5095385,VANUCIZUMAB,NANRILKEFUSP ALFA,2,2,1,False,False,False,False,True,False,,,,,45cff46f56d602a0067ff3e514b2f16585146386,,True,False
CHEMBL3545261,CHEMBL4297705,BRONTICTUZUMAB,BMS-986178,2,2,1,False,False,False,False,True,False,,,,,1ddf2d7cf5c6ef91e22ab805b1ae8b0dfbaceb17,,True,False
CHEMBL3545261,CHEMBL4298000,BRONTICTUZUMAB,ONVATILIMAB,2,2,1,False,False,False,False,True,False,,,,,1ddf2d7cf5c6ef91e22ab805b1ae8b0dfbaceb17,,True,False
CHEMBL3545261,CHEMBL4594306,BRONTICTUZUMAB,DILPACIMAB,2,2,1,False,False,False,False,True,False,,,,,1ddf2d7cf5c6ef91e22ab805b1ae8b0dfbaceb17,,True,False
CHEMBL3545261,CHEMBL4594392,BRONTICTUZUMAB,SERCLUTAMAB TALIRINE,2,2,1,False,False,False,False,True,False,,,,,1ddf2d7cf5c6ef91e22ab805b1ae8b0dfbaceb17,,True,False
CHEMBL3545261,CHEMBL4594432,BRONTICTUZUMAB,LY-3200882,2,2,1,False,False,False,False,True,False,,,,,1ddf2d7cf5c6ef91e22ab805b1ae8b0dfbaceb17,,True,False
CHEMBL3545261,CHEMBL4802207,BRONTICTUZUMAB,GSK-1795091,2,2,1,False,False,False,False,True,False,,,,,1ddf2d7cf5c6ef91e22ab805b1ae8b0dfbaceb17,,True,False
CHEMBL3545261,CHEMBL5095164,BRONTICTUZUMAB,OSUNPROTAFIB,2,2,1,False,False,False,False,True,False,,,,,1ddf2d7cf5c6ef91e22ab805b1ae8b0dfbaceb17,,True,False
CHEMBL3545261,CHEMBL5095359,BRONTICTUZUMAB,REOZALIMAB,2,2,1,False,False,False,False,True,False,,,,,1ddf2d7cf5c6ef91e22ab805b1ae8b0dfbaceb17,,True,False
CHEMBL3545261,CHEMBL5314911,BRONTICTUZUMAB,BMS-986310,2,2,1,False,False,False,False,True,False,,,,,1ddf2d7cf5c6ef91e22ab805b1ae8b0dfbaceb17,,True,False
CHEMBL3545327,CHEMBL4297282,TTP-607,GDC-0917,2,2,1,False,False,False,False,True,False,,,,,c947e88cd712f42d9faff294062ea497ecc5d79f,,True,False
CHEMBL3545354,CHEMBL3545395,CAFUSERTIB,BI-811283,2,2,1,False,False,False,False,True,False,,,,,f54f941b92665f1b0723912a48cba35d72af0882,,True,False
CHEMBL3545354,CHEMBL3678958,CAFUSERTIB,RUSERONTINIB,2,2,1,False,False,False,False,True,False,,,,,f54f941b92665f1b0723912a48cba35d72af0882,,True,False
CHEMBL3545354,CHEMBL4206033,CAFUSERTIB,BAY1436032,2,2,1,False,False,False,False,True,False,,,,,f54f941b92665f1b0723912a48cba35d72af0882,,True,False
CHEMBL3545354,CHEMBL4297470,CAFUSERTIB,MAX-40279,2,2,1,False,False,False,False,True,False,,,,,f54f941b92665f1b0723912a48cba35d72af0882,,True,False
CHEMBL3545354,CHEMBL4297881,CAFUSERTIB,EMIRODATAMAB,2,2,1,False,False,False,False,True,False,,,,,f54f941b92665f1b0723912a48cba35d72af0882,,True,False
CHEMBL3545354,CHEMBL4297991,CAFUSERTIB,PIVEKIMAB SUNIRINE,2,2,1,False,False,False,False,True,False,,,,,f54f941b92665f1b0723912a48cba35d72af0882,,True,False
CHEMBL3545354,CHEMBL4297997,CAFUSERTIB,IODINE I 131 APAMISTAMAB,2,2,1,False,False,False,False,True,False,,,,,f54f941b92665f1b0723912a48cba35d72af0882,,True,False
CHEMBL3545354,CHEMBL4594601,CAFUSERTIB,RO-5429083,2,2,1,False,False,False,False,True,False,,,,,f54f941b92665f1b0723912a48cba35d72af0882,,True,False
CHEMBL3545371,DRUGBANK:DB11731,DENINTUZUMAB MAFODOTIN,Depatuxizumab mafodotin,5,334,1,False,True,False,False,False,False,,Denintuzumab mafodotin,,,,,True,True
CHEMBL3545391,CHEMBL3545406,ORG-34517,LY2940094,3,3,1,False,False,False,False,True,False,,,,,aa54da130d9a28448c0cc8c881846112113f7188,,True,False
CHEMBL3545395,CHEMBL3678958,BI-811283,RUSERONTINIB,2,2,1,False,False,False,False,True,False,,,,,f54f941b92665f1b0723912a48cba35d72af0882,,True,False
CHEMBL3545395,CHEMBL4206033,BI-811283,BAY1436032,2,2,1,False,False,False,False,True,False,,,,,f54f941b92665f1b0723912a48cba35d72af0882,,True,False
CHEMBL3545395,CHEMBL4297470,BI-811283,MAX-40279,2,2,1,False,False,False,False,True,False,,,,,f54f941b92665f1b0723912a48cba35d72af0882,,True,False
CHEMBL3545395,CHEMBL4297881,BI-811283,EMIRODATAMAB,2,2,1,False,False,False,False,True,False,,,,,f54f941b92665f1b0723912a48cba35d72af0882,,True,False
CHEMBL3545395,CHEMBL4297991,BI-811283,PIVEKIMAB SUNIRINE,2,2,1,False,False,False,False,True,False,,,,,f54f941b92665f1b0723912a48cba35d72af0882,,True,False
CHEMBL3545395,CHEMBL4297997,BI-811283,IODINE I 131 APAMISTAMAB,2,2,1,False,False,False,False,True,False,,,,,f54f941b92665f1b0723912a48cba35d72af0882,,True,False
CHEMBL3545395,CHEMBL4594601,BI-811283,RO-5429083,2,2,1,False,False,False,False,True,False,,,,,f54f941b92665f1b0723912a48cba35d72af0882,,True,False
CHEMBL3545407,DRUGBANK:DB13931,TRABODENOSON,Netarsudil,2,2,1,False,False,False,False,True,False,,,,,502a9fe95ad5b7398c2ae19feab12d18bcfe5728,,True,False
CHEMBL3559672,DRUGBANK:DB09363,RAUWOLFIA SERPENTINA,Rauwolfia serpentina root,2,620,1,False,True,False,False,False,False,,Rauwolfia serpentina,,,,,True,True
CHEMBL360216,CHEMBL4594414,CYCLO(PROLYLGLYCYL),MITOQUINOL CATION,2,2,1,False,False,False,False,True,False,,,,,b5bb4b27f0485dea88fb92aedcfcc151498d055e,,True,False
CHEMBL360216,CHEMBL4594493,CYCLO(PROLYLGLYCYL),SARS-COV,2,2,1,False,False,False,False,True,False,,,,,b5bb4b27f0485dea88fb92aedcfcc151498d055e,,True,False
CHEMBL360216,CHEMBL4650524,CYCLO(PROLYLGLYCYL),SOTROVIMAB,2,2,1,False,False,False,False,True,False,,,,,b5bb4b27f0485dea88fb92aedcfcc151498d055e,,True,False
CHEMBL360216,CHEMBL4802204,CYCLO(PROLYLGLYCYL),ZORECIMERAN,2,2,1,False,False,False,False,True,False,,,,,b5bb4b27f0485dea88fb92aedcfcc151498d055e,,True,False
CHEMBL360216,CHEMBL5095387,CYCLO(PROLYLGLYCYL),NVX-COV2373,2,2,1,False,False,False,False,True,False,,,,,b5bb4b27f0485dea88fb92aedcfcc151498d055e,,True,False
CHEMBL360520,CHEMBL380500,CHEMBL360520,VARIOLIN B,2,2,1,False,False,False,False,True,False,,,,,d2892b45df35238ede25490ba39fb212bc7c626b,,True,False
CHEMBL360520,CHEMBL46817,CHEMBL360520,CHEMBL46817,2,2,1,False,False,False,False,True,False,,,,,d2892b45df35238ede25490ba39fb212bc7c626b,,True,False
CHEMBL360520,CHEMBL47302,CHEMBL360520,CHEMBL47302,2,2,1,False,False,False,False,True,False,,,,,d2892b45df35238ede25490ba39fb212bc7c626b,,True,False
CHEMBL360520,CHEMBL48109,CHEMBL360520,CHEMBL48109,2,2,1,False,False,False,False,True,False,,,,,d2892b45df35238ede25490ba39fb212bc7c626b,,True,False
CHEMBL360520,CHEMBL482193,CHEMBL360520,CHEMBL482193,2,2,1,False,False,False,False,True,False,,,,,d2892b45df35238ede25490ba39fb212bc7c626b,,True,False
CHEMBL360520,CHEMBL518800,CHEMBL360520,CHEMBL518800,2,2,1,False,False,False,False,True,False,,,,,d2892b45df35238ede25490ba39fb212bc7c626b,,True,False
CHEMBL360520,CHEMBL525194,CHEMBL360520,CHEMBL525194,2,2,1,False,False,False,False,True,False,,,,,d2892b45df35238ede25490ba39fb212bc7c626b,,True,False
CHEMBL363498,CHEMBL364092,CHEMBL363498,CHEMBL364092,2,2,1,False,False,False,False,True,False,,,,,feefe1561bdc488a2bce02bcc6bc1ccac86534a1,,True,False
CHEMBL363498,CHEMBL395308,CHEMBL363498,CHEMBL395308,2,2,1,False,False,False,False,True,False,,,,,feefe1561bdc488a2bce02bcc6bc1ccac86534a1,,True,False
CHEMBL364092,CHEMBL395308,CHEMBL364092,CHEMBL395308,2,2,1,False,False,False,False,True,False,,,,,feefe1561bdc488a2bce02bcc6bc1ccac86534a1,,True,False
CHEMBL367788,CHEMBL37537,NSC-324360,PROTOCATECHUIC ACID,4,4,1,False,False,False,False,True,False,,,,,0404436fa7aaf7d5c15f1c66099dffc8cc644e0d,,True,False
CHEMBL367788,CHEMBL419186,NSC-324360,CHEMBL419186,4,4,1,False,False,False,False,True,False,,,,,0404436fa7aaf7d5c15f1c66099dffc8cc644e0d,,True,False
CHEMBL367788,CHEMBL4296683,NSC-324360,CHEMBL4296683,4,4,1,False,False,False,False,True,False,,,,,0404436fa7aaf7d5c15f1c66099dffc8cc644e0d,,True,False
CHEMBL367788,CHEMBL449303,NSC-324360,GINSENOSIDE RB2,4,4,1,False,False,False,False,True,False,,,,,0404436fa7aaf7d5c15f1c66099dffc8cc644e0d,,True,False
CHEMBL367788,CHEMBL47405,NSC-324360,ETANIDAZOLE,4,4,1,False,False,False,False,True,False,,,,,0404436fa7aaf7d5c15f1c66099dffc8cc644e0d,,True,False
CHEMBL367788,CHEMBL99668,NSC-324360,TOYOCAMYCIN,4,4,1,False,False,False,False,True,False,,,,,0404436fa7aaf7d5c15f1c66099dffc8cc644e0d,,True,False
CHEMBL367788,DRUGBANK:DB03509,NSC-324360,2-(4-Chlorophenyl)-5-Quinoxalinecarboxamide,4,4,1,False,False,False,False,True,False,,,,,0404436fa7aaf7d5c15f1c66099dffc8cc644e0d,,True,False
CHEMBL367788,DRUGBANK:DB03825,NSC-324360,Rhodamine 6G,4,4,1,False,False,False,False,True,False,,,,,0404436fa7aaf7d5c15f1c66099dffc8cc644e0d,,True,False
CHEMBL367788,DRUGBANK:DB04106,NSC-324360,Fotemustine,4,4,1,False,False,False,False,True,False,,,,,0404436fa7aaf7d5c15f1c66099dffc8cc644e0d,,True,False
CHEMBL367788,DRUGBANK:DB04900,NSC-324360,Thymalfasin,4,4,1,False,False,False,False,True,False,,,,,0404436fa7aaf7d5c15f1c66099dffc8cc644e0d,,True,False
CHEMBL367788,DRUGBANK:DB04907,NSC-324360,Sitimagene ceradenovec,4,4,1,False,False,False,False,True,False,,,,,0404436fa7aaf7d5c15f1c66099dffc8cc644e0d,,True,False
CHEMBL367788,DRUGBANK:DB04950,NSC-324360,Ranpirnase,4,4,1,False,False,False,False,True,False,,,,,0404436fa7aaf7d5c15f1c66099dffc8cc644e0d,,True,False
CHEMBL367788,DRUGBANK:DB05697,NSC-324360,Trabedersen,4,4,1,False,False,False,False,True,False,,,,,0404436fa7aaf7d5c15f1c66099dffc8cc644e0d,,True,False
CHEMBL367788,DRUGBANK:DB06021,NSC-324360,AV-412,4,4,1,False,False,False,False,True,False,,,,,0404436fa7aaf7d5c15f1c66099dffc8cc644e0d,,True,False
CHEMBL367788,DRUGBANK:DB06181,NSC-324360,EMD-1201081,4,4,1,False,False,False,False,True,False,,,,,0404436fa7aaf7d5c15f1c66099dffc8cc644e0d,,True,False
CHEMBL367788,DRUGBANK:DB06517,NSC-324360,MLN576,4,4,1,False,False,False,False,True,False,,,,,0404436fa7aaf7d5c15f1c66099dffc8cc644e0d,,True,False
CHEMBL367788,DRUGBANK:DB12083,NSC-324360,Mafosfamide,4,4,1,False,False,False,False,True,False,,,,,0404436fa7aaf7d5c15f1c66099dffc8cc644e0d,,True,False
CHEMBL367788,DRUGBANK:DB12182,NSC-324360,Binetrakin,4,4,1,False,False,False,False,True,False,,,,,0404436fa7aaf7d5c15f1c66099dffc8cc644e0d,,True,False
CHEMBL367788,DRUGBANK:DB12379,NSC-324360,Indirubin,4,4,1,False,False,False,False,True,False,,,,,0404436fa7aaf7d5c15f1c66099dffc8cc644e0d,,True,False
CHEMBL367788,DRUGBANK:DB13128,NSC-324360,Sizofiran,4,4,1,False,False,False,False,True,False,,,,,0404436fa7aaf7d5c15f1c66099dffc8cc644e0d,,True,False
CHEMBL367788,DRUGBANK:DB13480,NSC-324360,Lentinan,4,4,1,False,False,False,False,True,False,,,,,0404436fa7aaf7d5c15f1c66099dffc8cc644e0d,,True,False
CHEMBL367788,DRUGBANK:DB13647,NSC-324360,Semustine,4,4,1,False,False,False,False,True,False,,,,,0404436fa7aaf7d5c15f1c66099dffc8cc644e0d,,True,False
CHEMBL367788,DRUGBANK:DB13811,NSC-324360,Oblimersen,4,4,1,False,False,False,False,True,False,,,,,0404436fa7aaf7d5c15f1c66099dffc8cc644e0d,,True,False
CHEMBL367788,DRUGBANK:DB13896,NSC-324360,Talimogene laherparepvec,4,4,1,False,False,False,False,True,False,,,,,0404436fa7aaf7d5c15f1c66099dffc8cc644e0d,,True,False
CHEMBL367788,DRUGBANK:DB14865,NSC-324360,Human interleukin-2,4,4,1,False,False,False,False,True,False,,,,,0404436fa7aaf7d5c15f1c66099dffc8cc644e0d,,True,False
CHEMBL367788,DRUGBANK:DB14951,NSC-324360,Etirinotecan pegol,4,4,1,False,False,False,False,True,False,,,,,0404436fa7aaf7d5c15f1c66099dffc8cc644e0d,,True,False
CHEMBL367788,DRUGBANK:DB15699,NSC-324360,Brexucabtagene autoleucel,4,4,1,False,False,False,False,True,False,,,,,0404436fa7aaf7d5c15f1c66099dffc8cc644e0d,,True,False
CHEMBL3678958,CHEMBL4206033,RUSERONTINIB,BAY1436032,2,2,1,False,False,False,False,True,False,,,,,f54f941b92665f1b0723912a48cba35d72af0882,,True,False
CHEMBL3678958,CHEMBL4297470,RUSERONTINIB,MAX-40279,2,2,1,False,False,False,False,True,False,,,,,f54f941b92665f1b0723912a48cba35d72af0882,,True,False
CHEMBL3678958,CHEMBL4297881,RUSERONTINIB,EMIRODATAMAB,2,2,1,False,False,False,False,True,False,,,,,f54f941b92665f1b0723912a48cba35d72af0882,,True,False
CHEMBL3678958,CHEMBL4297991,RUSERONTINIB,PIVEKIMAB SUNIRINE,2,2,1,False,False,False,False,True,False,,,,,f54f941b92665f1b0723912a48cba35d72af0882,,True,False
CHEMBL3678958,CHEMBL4297997,RUSERONTINIB,IODINE I 131 APAMISTAMAB,2,2,1,False,False,False,False,True,False,,,,,f54f941b92665f1b0723912a48cba35d72af0882,,True,False
CHEMBL3678958,CHEMBL4594601,RUSERONTINIB,RO-5429083,2,2,1,False,False,False,False,True,False,,,,,f54f941b92665f1b0723912a48cba35d72af0882,,True,False
CHEMBL3703921,CHEMBL4297654,ENAVOGLIFLOZIN,BIGUANIDE,2,2,1,False,False,False,False,True,False,,,,,ead83b86f759259c98276f5dfe3ca0fb47eec1d3,,True,False
CHEMBL3703921,CHEMBL4594581,ENAVOGLIFLOZIN,INSULIN ICODEC,2,2,1,False,False,False,False,True,False,,,,,ead83b86f759259c98276f5dfe3ca0fb47eec1d3,,True,False
CHEMBL3707214,CHEMBL3707342,MORPHOLINE SALICYLATE,POTASSIUM SALICYLATE,2,2,1,False,False,False,False,True,False,,,,,3b56a264f27444123fb04dcc674c19d7bf5f729e,,False,False
CHEMBL3707214,CHEMBL4594214,MORPHOLINE SALICYLATE,ZICONOTIDE,2,2,1,False,False,False,False,True,False,,,,,3b56a264f27444123fb04dcc674c19d7bf5f729e,,False,False
CHEMBL3707249,CHEMBL3916700,ASM-024,LAS190792,2,2,1,False,False,False,False,True,False,,,,,4f3779b979598ac146d5f3ff1b3d4e02588d2ed4,,True,False
CHEMBL3707249,CHEMBL4072756,ASM-024,AZD-5423,2,2,1,False,False,False,False,True,False,,,,,4f3779b979598ac146d5f3ff1b3d4e02588d2ed4,,True,False
CHEMBL3707249,CHEMBL4297520,ASM-024,OGLEMILAST,2,2,1,False,False,False,False,True,False,,,,,4f3779b979598ac146d5f3ff1b3d4e02588d2ed4,,True,False
CHEMBL3707257,CHEMBL488280,TENITRAMINE,PROPATYL NITRATE,91,91,1,False,False,False,False,True,False,,,,,55e81dbac31b9e73a3ce5e838066f6ba95a7c8c2,,False,False
CHEMBL3707342,CHEMBL4594214,POTASSIUM SALICYLATE,ZICONOTIDE,2,2,1,False,False,False,False,True,False,,,,,3b56a264f27444123fb04dcc674c19d7bf5f729e,,False,False
CHEMBL3707372,CHEMBL3833385,VOXILAPREVIR,RUZASVIR,2,2,1,False,False,False,False,True,False,,,,,b806c3173fc3927bca13affa020f19fa854dc358,,True,False
CHEMBL3707372,CHEMBL4076467,VOXILAPREVIR,ABT-072,2,2,1,False,False,False,False,True,False,,,,,b806c3173fc3927bca13affa020f19fa854dc358,,True,False
CHEMBL3707372,CHEMBL4297647,VOXILAPREVIR,FURAPREVIR,2,2,1,False,False,False,False,True,False,,,,,b806c3173fc3927bca13affa020f19fa854dc358,,True,False
CHEMBL3707372,CHEMBL490672,VOXILAPREVIR,FILIBUVIR,2,2,1,False,False,False,False,True,False,,,,,b806c3173fc3927bca13affa020f19fa854dc358,,True,False
CHEMBL3707372,CHEMBL562967,VOXILAPREVIR,MERICITABINE,2,2,1,False,False,False,False,True,False,,,,,b806c3173fc3927bca13affa020f19fa854dc358,,True,False
CHEMBL3707383,CHEMBL3833372,MONGERSEN SODIUM,BRAZIKUMAB,2,2,1,False,False,False,False,True,False,,,,,0d0a3ca5685fd7e0da6c771f49ccbfb54257a1e9,,True,False
CHEMBL3707383,CHEMBL4297252,MONGERSEN SODIUM,2'-FUCOSYLLACTOSE,2,2,1,False,False,False,False,True,False,,,,,0d0a3ca5685fd7e0da6c771f49ccbfb54257a1e9,,True,False
CHEMBL3707390,DRUGBANK:DB13522,MEBICAR,Mebicar,1,732,1,True,False,False,False,False,False,mebicar,,,,,,True,True
CHEMBL3707404,CHEMBL4594611,LUMRETUZUMAB,PATRITUMAB DERUXTECAN,3,3,1,False,False,False,False,True,False,,,,,43456c09c0dd2c46b5caf1b26536d3a13354dfd9,,True,False
CHEMBL372164,CHEMBL496879,CHEMBL372164,CHEMBL496879,2,2,1,False,False,False,False,True,False,,,,,8ec940e38314b603301eaa8b63bdd99338c1bbc2,,True,False
CHEMBL3747513,CHEMBL4297809,CB-5083,ELRANATAMAB,2,2,1,False,False,False,False,True,False,,,,,04fdae16667aa0f7e371700b7e325967823fe6fc,,True,False
CHEMBL3747513,CHEMBL4297908,CB-5083,CEVOSTAMAB,2,2,1,False,False,False,False,True,False,,,,,04fdae16667aa0f7e371700b7e325967823fe6fc,,True,False
CHEMBL3747513,CHEMBL4297968,CB-5083,GSK-3174998,2,2,1,False,False,False,False,True,False,,,,,04fdae16667aa0f7e371700b7e325967823fe6fc,,True,False
CHEMBL3747513,CHEMBL4298048,CB-5083,MP-0250,2,2,1,False,False,False,False,True,False,,,,,04fdae16667aa0f7e371700b7e325967823fe6fc,,True,False
CHEMBL3747513,CHEMBL4650254,CB-5083,PACANALOTAMAB,2,2,1,False,False,False,False,True,False,,,,,04fdae16667aa0f7e371700b7e325967823fe6fc,,True,False
CHEMBL3747513,CHEMBL4650255,CB-5083,PAVURUTAMAB,2,2,1,False,False,False,False,True,False,,,,,04fdae16667aa0f7e371700b7e325967823fe6fc,,True,False
CHEMBL3747513,CHEMBL4650266,CB-5083,ZEVORCABTAGENE AUTOLEUCEL,2,2,1,False,False,False,False,True,False,,,,,04fdae16667aa0f7e371700b7e325967823fe6fc,,True,False
CHEMBL3747513,CHEMBL5095227,CB-5083,CEMSIDOMIDE,2,2,1,False,False,False,False,True,False,,,,,04fdae16667aa0f7e371700b7e325967823fe6fc,,True,False
CHEMBL3747513,CHEMBL5095449,CB-5083,MOTIXAFORTIDE ACETATE,2,2,1,False,False,False,False,True,False,,,,,04fdae16667aa0f7e371700b7e325967823fe6fc,,True,False
CHEMBL37537,CHEMBL419186,PROTOCATECHUIC ACID,CHEMBL419186,4,4,1,False,False,False,False,True,False,,,,,0404436fa7aaf7d5c15f1c66099dffc8cc644e0d,,True,False
CHEMBL37537,CHEMBL4296683,PROTOCATECHUIC ACID,CHEMBL4296683,4,4,1,False,False,False,False,True,False,,,,,0404436fa7aaf7d5c15f1c66099dffc8cc644e0d,,True,False
CHEMBL37537,CHEMBL449303,PROTOCATECHUIC ACID,GINSENOSIDE RB2,4,4,1,False,False,False,False,True,False,,,,,0404436fa7aaf7d5c15f1c66099dffc8cc644e0d,,True,False
CHEMBL37537,CHEMBL47405,PROTOCATECHUIC ACID,ETANIDAZOLE,4,4,1,False,False,False,False,True,False,,,,,0404436fa7aaf7d5c15f1c66099dffc8cc644e0d,,True,False
CHEMBL37537,CHEMBL99668,PROTOCATECHUIC ACID,TOYOCAMYCIN,4,4,1,False,False,False,False,True,False,,,,,0404436fa7aaf7d5c15f1c66099dffc8cc644e0d,,True,False
CHEMBL37537,DRUGBANK:DB03509,PROTOCATECHUIC ACID,2-(4-Chlorophenyl)-5-Quinoxalinecarboxamide,4,4,1,False,False,False,False,True,False,,,,,0404436fa7aaf7d5c15f1c66099dffc8cc644e0d,,True,False
CHEMBL37537,DRUGBANK:DB03825,PROTOCATECHUIC ACID,Rhodamine 6G,4,4,1,False,False,False,False,True,False,,,,,0404436fa7aaf7d5c15f1c66099dffc8cc644e0d,,True,False
CHEMBL37537,DRUGBANK:DB04106,PROTOCATECHUIC ACID,Fotemustine,4,4,1,False,False,False,False,True,False,,,,,0404436fa7aaf7d5c15f1c66099dffc8cc644e0d,,True,False
CHEMBL37537,DRUGBANK:DB04900,PROTOCATECHUIC ACID,Thymalfasin,4,4,1,False,False,False,False,True,False,,,,,0404436fa7aaf7d5c15f1c66099dffc8cc644e0d,,True,False
CHEMBL37537,DRUGBANK:DB04907,PROTOCATECHUIC ACID,Sitimagene ceradenovec,4,4,1,False,False,False,False,True,False,,,,,0404436fa7aaf7d5c15f1c66099dffc8cc644e0d,,True,False
CHEMBL37537,DRUGBANK:DB04950,PROTOCATECHUIC ACID,Ranpirnase,4,4,1,False,False,False,False,True,False,,,,,0404436fa7aaf7d5c15f1c66099dffc8cc644e0d,,True,False
CHEMBL37537,DRUGBANK:DB05697,PROTOCATECHUIC ACID,Trabedersen,4,4,1,False,False,False,False,True,False,,,,,0404436fa7aaf7d5c15f1c66099dffc8cc644e0d,,True,False
CHEMBL37537,DRUGBANK:DB06021,PROTOCATECHUIC ACID,AV-412,4,4,1,False,False,False,False,True,False,,,,,0404436fa7aaf7d5c15f1c66099dffc8cc644e0d,,True,False
CHEMBL37537,DRUGBANK:DB06181,PROTOCATECHUIC ACID,EMD-1201081,4,4,1,False,False,False,False,True,False,,,,,0404436fa7aaf7d5c15f1c66099dffc8cc644e0d,,True,False
CHEMBL37537,DRUGBANK:DB06517,PROTOCATECHUIC ACID,MLN576,4,4,1,False,False,False,False,True,False,,,,,0404436fa7aaf7d5c15f1c66099dffc8cc644e0d,,True,False
CHEMBL37537,DRUGBANK:DB12083,PROTOCATECHUIC ACID,Mafosfamide,4,4,1,False,False,False,False,True,False,,,,,0404436fa7aaf7d5c15f1c66099dffc8cc644e0d,,True,False
CHEMBL37537,DRUGBANK:DB12182,PROTOCATECHUIC ACID,Binetrakin,4,4,1,False,False,False,False,True,False,,,,,0404436fa7aaf7d5c15f1c66099dffc8cc644e0d,,True,False
CHEMBL37537,DRUGBANK:DB12379,PROTOCATECHUIC ACID,Indirubin,4,4,1,False,False,False,False,True,False,,,,,0404436fa7aaf7d5c15f1c66099dffc8cc644e0d,,True,False
CHEMBL37537,DRUGBANK:DB13128,PROTOCATECHUIC ACID,Sizofiran,4,4,1,False,False,False,False,True,False,,,,,0404436fa7aaf7d5c15f1c66099dffc8cc644e0d,,True,False
CHEMBL37537,DRUGBANK:DB13480,PROTOCATECHUIC ACID,Lentinan,4,4,1,False,False,False,False,True,False,,,,,0404436fa7aaf7d5c15f1c66099dffc8cc644e0d,,True,False
CHEMBL37537,DRUGBANK:DB13647,PROTOCATECHUIC ACID,Semustine,4,4,1,False,False,False,False,True,False,,,,,0404436fa7aaf7d5c15f1c66099dffc8cc644e0d,,True,False
CHEMBL37537,DRUGBANK:DB13811,PROTOCATECHUIC ACID,Oblimersen,4,4,1,False,False,False,False,True,False,,,,,0404436fa7aaf7d5c15f1c66099dffc8cc644e0d,,True,False
CHEMBL37537,DRUGBANK:DB13896,PROTOCATECHUIC ACID,Talimogene laherparepvec,4,4,1,False,False,False,False,True,False,,,,,0404436fa7aaf7d5c15f1c66099dffc8cc644e0d,,True,False
CHEMBL37537,DRUGBANK:DB14865,PROTOCATECHUIC ACID,Human interleukin-2,4,4,1,False,False,False,False,True,False,,,,,0404436fa7aaf7d5c15f1c66099dffc8cc644e0d,,True,False
CHEMBL37537,DRUGBANK:DB14951,PROTOCATECHUIC ACID,Etirinotecan pegol,4,4,1,False,False,False,False,True,False,,,,,0404436fa7aaf7d5c15f1c66099dffc8cc644e0d,,True,False
CHEMBL37537,DRUGBANK:DB15699,PROTOCATECHUIC ACID,Brexucabtagene autoleucel,4,4,1,False,False,False,False,True,False,,,,,0404436fa7aaf7d5c15f1c66099dffc8cc644e0d,,True,False
CHEMBL376388,CHEMBL379218,CHEMBL376388,A-674563,2,2,1,False,False,False,False,True,False,,,,,a4c02ce46f7a881a258b881e84c4744ddcd4e25d,,True,False
CHEMBL376388,CHEMBL383541,CHEMBL376388,CHEMBL383541,2,2,1,False,False,False,False,True,False,,,,,a4c02ce46f7a881a258b881e84c4744ddcd4e25d,,True,False
CHEMBL376388,CHEMBL406863,CHEMBL376388,CHEMBL406863,2,2,1,False,False,False,False,True,False,,,,,a4c02ce46f7a881a258b881e84c4744ddcd4e25d,,True,False
CHEMBL379218,CHEMBL383541,A-674563,CHEMBL383541,2,2,1,False,False,False,False,True,False,,,,,a4c02ce46f7a881a258b881e84c4744ddcd4e25d,,True,False
CHEMBL379218,CHEMBL406863,A-674563,CHEMBL406863,2,2,1,False,False,False,False,True,False,,,,,a4c02ce46f7a881a258b881e84c4744ddcd4e25d,,True,False
CHEMBL379300,CHEMBL428462,A-443654,CHEMBL428462,4,4,1,False,False,False,False,True,False,,,,,89aef39271a0412dbe0749f288c5d7011ef1a855,,True,False
CHEMBL380500,CHEMBL46817,VARIOLIN B,CHEMBL46817,2,2,1,False,False,False,False,True,False,,,,,d2892b45df35238ede25490ba39fb212bc7c626b,,True,False
CHEMBL380500,CHEMBL47302,VARIOLIN B,CHEMBL47302,2,2,1,False,False,False,False,True,False,,,,,d2892b45df35238ede25490ba39fb212bc7c626b,,True,False
CHEMBL380500,CHEMBL48109,VARIOLIN B,CHEMBL48109,2,2,1,False,False,False,False,True,False,,,,,d2892b45df35238ede25490ba39fb212bc7c626b,,True,False
CHEMBL380500,CHEMBL482193,VARIOLIN B,CHEMBL482193,2,2,1,False,False,False,False,True,False,,,,,d2892b45df35238ede25490ba39fb212bc7c626b,,True,False
CHEMBL380500,CHEMBL518800,VARIOLIN B,CHEMBL518800,2,2,1,False,False,False,False,True,False,,,,,d2892b45df35238ede25490ba39fb212bc7c626b,,True,False
CHEMBL380500,CHEMBL525194,VARIOLIN B,CHEMBL525194,2,2,1,False,False,False,False,True,False,,,,,d2892b45df35238ede25490ba39fb212bc7c626b,,True,False
CHEMBL383189,CHEMBL399530,CHEMBL383189,CCT018159,2,2,1,False,False,False,False,True,False,,,,,c19473c43808c36697a28632ca567072f497aac2,,True,False
CHEMBL3833343,CHEMBL4594348,VOBARILIZUMAB,ELSUBRUTINIB,2,2,1,False,False,False,False,True,False,,,,,fc676b16abe00392a9ac9ed3b8647e77233662a1,,True,False
CHEMBL3833348,CHEMBL4802233,BISMUTH SUBNITRATE,ROXATIDINE,2,2,1,False,False,False,False,True,False,,,,,0c8d6623c515f5d035fe7fab123b069d85406e1e,,False,False
CHEMBL3833354,CHEMBL493636,SULFATOLAMIDE,SULFANITRAN,109,109,1,False,False,False,False,True,False,,,,,61548e270b16f10cdc5e3322f635f75fcb66e1f5,,True,False
CHEMBL3833372,CHEMBL4297252,BRAZIKUMAB,2'-FUCOSYLLACTOSE,2,2,1,False,False,False,False,True,False,,,,,0d0a3ca5685fd7e0da6c771f49ccbfb54257a1e9,,True,False
CHEMBL3833374,DRUGBANK:DB12296,ANDECALIXIMAB,GS-5745,6,333,1,False,True,False,False,False,False,,GS-5745,,,,,True,True
CHEMBL3833382,DRUGBANK:DB13555,PRAJMALIUM,Prajmaline,2,433,1,False,True,False,False,False,False,,Prajmaline,,,,,False,True
CHEMBL3833385,CHEMBL4076467,RUZASVIR,ABT-072,2,2,1,False,False,False,False,True,False,,,,,b806c3173fc3927bca13affa020f19fa854dc358,,True,False
CHEMBL3833385,CHEMBL4297647,RUZASVIR,FURAPREVIR,2,2,1,False,False,False,False,True,False,,,,,b806c3173fc3927bca13affa020f19fa854dc358,,True,False
CHEMBL3833385,CHEMBL490672,RUZASVIR,FILIBUVIR,2,2,1,False,False,False,False,True,False,,,,,b806c3173fc3927bca13affa020f19fa854dc358,,True,False
CHEMBL3833385,CHEMBL562967,RUZASVIR,MERICITABINE,2,2,1,False,False,False,False,True,False,,,,,b806c3173fc3927bca13affa020f19fa854dc358,,True,False
CHEMBL3833393,CHEMBL5315075,EMICIZUMAB,SUSOCTOCOG ALFA,2,2,1,False,False,False,False,True,False,,,,,a9dee9413d2734107ee477e85ff77ec0832d8fba,,True,False
CHEMBL383541,CHEMBL406863,CHEMBL383541,CHEMBL406863,2,2,1,False,False,False,False,True,False,,,,,a4c02ce46f7a881a258b881e84c4744ddcd4e25d,,True,False
CHEMBL383675,CHEMBL500576,TEMOPORFIN,CHEMBL500576,10,9,1,False,True,False,False,False,False,,Temoporfin,,,,,True,True
CHEMBL38380,CHEMBL541388,FASUDIL,FASUDIL HYDROCHLORIDE,499,3,1,False,True,False,False,False,False,,Fasudil,,,,,False,True
CHEMBL386051,DRUGBANK:DB02058,PD-0173955,3-[4-(1-formylpiperazin-4-yl)-benzylidenyl]-2-indolinone,26,26,1,False,False,False,False,True,False,,,,,3a012eac1271ee39a3a694033c8c27649a52c010,,True,False
CHEMBL3907479,CHEMBL4297736,FGFR INHIBITOR DEBIO 1347,PRALUZATAMAB RAVTANSINE,2,2,1,False,False,False,False,True,False,,,,,7c3cb873a5b63373d53ae5aad9f24b345046c389,,True,False
CHEMBL3907479,CHEMBL4298025,FGFR INHIBITOR DEBIO 1347,ZENOCUTUZUMAB,2,2,1,False,False,False,False,True,False,,,,,7c3cb873a5b63373d53ae5aad9f24b345046c389,,True,False
CHEMBL3907479,CHEMBL4466233,FGFR INHIBITOR DEBIO 1347,PEMRAMETOSTAT,2,2,1,False,False,False,False,True,False,,,,,7c3cb873a5b63373d53ae5aad9f24b345046c389,,True,False
CHEMBL3907479,CHEMBL4469414,FGFR INHIBITOR DEBIO 1347,LUVIXASERTIB,2,2,1,False,False,False,False,True,False,,,,,7c3cb873a5b63373d53ae5aad9f24b345046c389,,True,False
CHEMBL3907479,CHEMBL5087025,FGFR INHIBITOR DEBIO 1347,TARAGARESTRANT,2,2,1,False,False,False,False,True,False,,,,,7c3cb873a5b63373d53ae5aad9f24b345046c389,,True,False
CHEMBL391640,CHEMBL391737,CHEMBL391640,CHEMBL391737,2,2,1,False,False,False,False,True,False,,,,,36ab8347ad5da5d36b09b7d7a60339195cd64a88,,True,False
CHEMBL3916700,CHEMBL4072756,LAS190792,AZD-5423,2,2,1,False,False,False,False,True,False,,,,,4f3779b979598ac146d5f3ff1b3d4e02588d2ed4,,True,False
CHEMBL3916700,CHEMBL4297520,LAS190792,OGLEMILAST,2,2,1,False,False,False,False,True,False,,,,,4f3779b979598ac146d5f3ff1b3d4e02588d2ed4,,True,False
CHEMBL395091,CHEMBL742,ESKETAMINE,KETAMINE,1399,1994,1,False,True,False,False,False,False,,(-)-Ketamine,,,,,False,True
CHEMBL3971095,CHEMBL4105584,CHEMBL3971095,CHEMBL4105584,12,12,1,False,False,False,False,True,False,,,,,964a1a84ed889b3eaaa3345c7fd8629d3146fa7c,,True,False
CHEMBL3971095,CHEMBL4297291,CHEMBL3971095,INGAVIRIN,12,12,1,False,False,False,False,True,False,,,,,964a1a84ed889b3eaaa3345c7fd8629d3146fa7c,,True,False
CHEMBL3971095,DRUGBANK:DB12753,CHEMBL3971095,Racivir,12,12,1,False,False,False,False,True,False,,,,,964a1a84ed889b3eaaa3345c7fd8629d3146fa7c,,True,False
CHEMBL3971095,DRUGBANK:DB14930,CHEMBL3971095,Alovudine F-18,12,12,1,False,False,False,False,True,False,,,,,964a1a84ed889b3eaaa3345c7fd8629d3146fa7c,,True,False
CHEMBL3971095,DRUGBANK:DB15332,CHEMBL3971095,Radavirsen,12,12,1,False,False,False,False,True,False,,,,,964a1a84ed889b3eaaa3345c7fd8629d3146fa7c,,True,False
CHEMBL3971095,DRUGBANK:DB15686,CHEMBL3971095,GS-441524,12,12,1,False,False,False,False,True,False,,,,,964a1a84ed889b3eaaa3345c7fd8629d3146fa7c,,True,False
CHEMBL3989406,CHEMBL577,ENALAPRILAT,ENALAPRILAT ANHYDROUS,4,1294,1,False,True,False,False,False,False,,Enalaprilat,,,,,False,True
CHEMBL3989408,CHEMBL4594450,IBUPROFEN SODIUM,IBUPROFEN ARGININE,2,2,1,False,False,False,False,True,False,,,,,8cd0eba04b5f21df394f17b8f664e854f8089d12,,False,False
CHEMBL3989715,CHEMBL719,MUPIROCIN CALCIUM,MUPIROCIN,5,33,1,False,True,False,False,False,False,,Mupirocin,,,,,False,True
CHEMBL3989724,CHEMBL968,FLURAZEPAM HYDROCHLORIDE,FLURAZEPAM,2,1498,1,False,True,False,False,False,False,,Flurazepam,,,,,False,True
CHEMBL3989727,CHEMBL47,VITAMIN E,ALPHA-TOCOPHEROL,71,367,1,False,True,False,False,False,False,,.alpha.-tocopherol,,,,,False,True
CHEMBL3989727,CHEMBL81421,VITAMIN E,(+)-ALPHA-TOCOPHERYL SUCCINATE,71,26,1,False,True,False,False,False,False,,.alpha.-tocopheryl succinate,,,,,False,True
CHEMBL3989727,DRUGBANK:DB11251,VITAMIN E,Tocopherol,71,738,1,False,True,False,False,False,False,,Tocopherol,,,,,True,True
CHEMBL3989859,DRUGBANK:DB14003,TOCOPHEROL ACETATE,alpha-Tocopherol acetate,1,1,1,False,True,False,False,False,False,,.alpha.-tocopherol acetate,,,,,True,True
CHEMBL3989999,CHEMBL4521078,LETOLIZUMAB,PLX-51107,2,2,1,False,False,False,False,True,False,,,,,618bd096a205141029e7d18b01756bad052a7e34,,True,False
CHEMBL3990039,CHEMBL4297754,MARSTACIMAB,FITUSIRAN,3,3,1,False,False,False,False,True,False,,,,,bf790b7cd2ef2c164f4ab7221bdbe91055c518f6,,True,False
CHEMBL3990039,CHEMBL4297904,MARSTACIMAB,BAY-1093884,3,3,1,False,False,False,False,True,False,,,,,bf790b7cd2ef2c164f4ab7221bdbe91055c518f6,,True,False
CHEMBL3991443,DRUGBANK:DB14488,FERROUS GLUCONATE ANHYDROUS,Ferrous gluconate,2,130,1,False,True,False,False,False,False,,Ferrous gluconate anhydrous,,,,,False,True
CHEMBL405,CHEMBL612,AMPHETAMINE,DEXTROAMPHETAMINE,2118,1220,1,False,True,False,False,False,False,,(+)-amphetamine,,,,,False,True
CHEMBL405110,CHEMBL550495,METHYLENE BLUE ANHYDROUS,METHYLENE BLUE,2206,17,1,False,True,False,False,False,False,,Methylene blue,,,,,False,True
CHEMBL406291,DRUGBANK:DB05306,BRADYKININ,Alferminogene tadenovec,2,2,1,False,False,False,False,True,False,,,,,e4f932b9af89e60e16c8b4cd40e24ee4a5bdfd59,,True,False
CHEMBL406291,DRUGBANK:DB06379,BRADYKININ,Calcitonin gene-related peptide,2,2,1,False,False,False,False,True,False,,,,,e4f932b9af89e60e16c8b4cd40e24ee4a5bdfd59,,True,False
CHEMBL4072756,CHEMBL4297520,AZD-5423,OGLEMILAST,2,2,1,False,False,False,False,True,False,,,,,4f3779b979598ac146d5f3ff1b3d4e02588d2ed4,,True,False
CHEMBL4076467,CHEMBL4297647,ABT-072,FURAPREVIR,2,2,1,False,False,False,False,True,False,,,,,b806c3173fc3927bca13affa020f19fa854dc358,,True,False
CHEMBL4076467,CHEMBL490672,ABT-072,FILIBUVIR,2,2,1,False,False,False,False,True,False,,,,,b806c3173fc3927bca13affa020f19fa854dc358,,True,False
CHEMBL4076467,CHEMBL562967,ABT-072,MERICITABINE,2,2,1,False,False,False,False,True,False,,,,,b806c3173fc3927bca13affa020f19fa854dc358,,True,False
CHEMBL4089731,CHEMBL4303309,EXICORILANT,CX-5461,2,2,1,False,False,False,False,True,False,,,,,3819f3c75dfe3ad0eaa053a2a7c4e434fff1c47b,,True,False
CHEMBL4089731,CHEMBL4594597,EXICORILANT,NEZASTOMIG,2,2,1,False,False,False,False,True,False,,,,,3819f3c75dfe3ad0eaa053a2a7c4e434fff1c47b,,True,False
CHEMBL4089731,CHEMBL4785363,EXICORILANT,INOBRODIB,2,2,1,False,False,False,False,True,False,,,,,3819f3c75dfe3ad0eaa053a2a7c4e434fff1c47b,,True,False
CHEMBL4089731,CHEMBL4862963,EXICORILANT,BAVDEGALUTAMIDE,2,2,1,False,False,False,False,True,False,,,,,3819f3c75dfe3ad0eaa053a2a7c4e434fff1c47b,,True,False
CHEMBL4105584,CHEMBL4297291,CHEMBL4105584,INGAVIRIN,12,12,1,False,False,False,False,True,False,,,,,964a1a84ed889b3eaaa3345c7fd8629d3146fa7c,,True,False
CHEMBL4105584,DRUGBANK:DB12753,CHEMBL4105584,Racivir,12,12,1,False,False,False,False,True,False,,,,,964a1a84ed889b3eaaa3345c7fd8629d3146fa7c,,True,False
CHEMBL4105584,DRUGBANK:DB14930,CHEMBL4105584,Alovudine F-18,12,12,1,False,False,False,False,True,False,,,,,964a1a84ed889b3eaaa3345c7fd8629d3146fa7c,,True,False
CHEMBL4105584,DRUGBANK:DB15332,CHEMBL4105584,Radavirsen,12,12,1,False,False,False,False,True,False,,,,,964a1a84ed889b3eaaa3345c7fd8629d3146fa7c,,True,False
CHEMBL4105584,DRUGBANK:DB15686,CHEMBL4105584,GS-441524,12,12,1,False,False,False,False,True,False,,,,,964a1a84ed889b3eaaa3345c7fd8629d3146fa7c,,True,False
CHEMBL410968,CHEMBL478120,CHEMBL410968,MARBOFLOXACIN,19,19,1,False,False,False,False,True,False,,,,,a5f75572e455ef1428c04011b389f1c4c27c127d,,True,False
CHEMBL410968,DRUGBANK:DB02237,CHEMBL410968,Maltotetraose,19,19,1,False,False,False,False,True,False,,,,,a5f75572e455ef1428c04011b389f1c4c27c127d,,True,False
CHEMBL410968,DRUGBANK:DB04952,CHEMBL410968,Ramoplanin,19,19,1,False,False,False,False,True,False,,,,,a5f75572e455ef1428c04011b389f1c4c27c127d,,True,False
CHEMBL410968,DRUGBANK:DB11375,CHEMBL410968,Avilamycin,19,19,1,False,False,False,False,True,False,,,,,a5f75572e455ef1428c04011b389f1c4c27c127d,,True,False
CHEMBL410968,DRUGBANK:DB11377,CHEMBL410968,Bambermycins,19,19,1,False,False,False,False,True,False,,,,,a5f75572e455ef1428c04011b389f1c4c27c127d,,True,False
CHEMBL410968,DRUGBANK:DB11401,CHEMBL410968,Efrotomycin,19,19,1,False,False,False,False,True,False,,,,,a5f75572e455ef1428c04011b389f1c4c27c127d,,True,False
CHEMBL410968,DRUGBANK:DB11474,CHEMBL410968,Tulathromycin A,19,19,1,False,False,False,False,True,False,,,,,a5f75572e455ef1428c04011b389f1c4c27c127d,,True,False
CHEMBL410968,DRUGBANK:DB13172,CHEMBL410968,Tunicamycin,19,19,1,False,False,False,False,True,False,,,,,a5f75572e455ef1428c04011b389f1c4c27c127d,,True,False
CHEMBL410968,DRUGBANK:DB13704,CHEMBL410968,Pristinamycin,19,19,1,False,False,False,False,True,False,,,,,a5f75572e455ef1428c04011b389f1c4c27c127d,,True,False
CHEMBL410968,DRUGBANK:DB13705,CHEMBL410968,Decamethoxine,19,19,1,False,False,False,False,True,False,,,,,a5f75572e455ef1428c04011b389f1c4c27c127d,,True,False
CHEMBL410968,DRUGBANK:DB14051,CHEMBL410968,Malacidin A,19,19,1,False,False,False,False,True,False,,,,,a5f75572e455ef1428c04011b389f1c4c27c127d,,True,False
CHEMBL410968,DRUGBANK:DB14052,CHEMBL410968,Malacidin B,19,19,1,False,False,False,False,True,False,,,,,a5f75572e455ef1428c04011b389f1c4c27c127d,,True,False
CHEMBL410968,DRUGBANK:DB15657,CHEMBL410968,Ala-geninthiocin,19,19,1,False,False,False,False,True,False,,,,,a5f75572e455ef1428c04011b389f1c4c27c127d,,True,False
CHEMBL415768,CHEMBL480853,DEOXYANDROGRAPHOLIDE,NEOANDROGRAPHOLIDE,2,2,1,False,False,False,False,True,False,,,,,daba0202cb099f21bcab6f15a63ec0422ed542d1,,True,False
CHEMBL419186,CHEMBL4296683,CHEMBL419186,CHEMBL4296683,4,4,1,False,False,False,False,True,False,,,,,0404436fa7aaf7d5c15f1c66099dffc8cc644e0d,,True,False
CHEMBL419186,CHEMBL449303,CHEMBL419186,GINSENOSIDE RB2,4,4,1,False,False,False,False,True,False,,,,,0404436fa7aaf7d5c15f1c66099dffc8cc644e0d,,True,False
CHEMBL419186,CHEMBL47405,CHEMBL419186,ETANIDAZOLE,4,4,1,False,False,False,False,True,False,,,,,0404436fa7aaf7d5c15f1c66099dffc8cc644e0d,,True,False
CHEMBL419186,CHEMBL99668,CHEMBL419186,TOYOCAMYCIN,4,4,1,False,False,False,False,True,False,,,,,0404436fa7aaf7d5c15f1c66099dffc8cc644e0d,,True,False
CHEMBL419186,DRUGBANK:DB03509,CHEMBL419186,2-(4-Chlorophenyl)-5-Quinoxalinecarboxamide,4,4,1,False,False,False,False,True,False,,,,,0404436fa7aaf7d5c15f1c66099dffc8cc644e0d,,True,False
CHEMBL419186,DRUGBANK:DB03825,CHEMBL419186,Rhodamine 6G,4,4,1,False,False,False,False,True,False,,,,,0404436fa7aaf7d5c15f1c66099dffc8cc644e0d,,True,False
CHEMBL419186,DRUGBANK:DB04106,CHEMBL419186,Fotemustine,4,4,1,False,False,False,False,True,False,,,,,0404436fa7aaf7d5c15f1c66099dffc8cc644e0d,,True,False
CHEMBL419186,DRUGBANK:DB04900,CHEMBL419186,Thymalfasin,4,4,1,False,False,False,False,True,False,,,,,0404436fa7aaf7d5c15f1c66099dffc8cc644e0d,,True,False
CHEMBL419186,DRUGBANK:DB04907,CHEMBL419186,Sitimagene ceradenovec,4,4,1,False,False,False,False,True,False,,,,,0404436fa7aaf7d5c15f1c66099dffc8cc644e0d,,True,False
CHEMBL419186,DRUGBANK:DB04950,CHEMBL419186,Ranpirnase,4,4,1,False,False,False,False,True,False,,,,,0404436fa7aaf7d5c15f1c66099dffc8cc644e0d,,True,False
CHEMBL419186,DRUGBANK:DB05697,CHEMBL419186,Trabedersen,4,4,1,False,False,False,False,True,False,,,,,0404436fa7aaf7d5c15f1c66099dffc8cc644e0d,,True,False
CHEMBL419186,DRUGBANK:DB06021,CHEMBL419186,AV-412,4,4,1,False,False,False,False,True,False,,,,,0404436fa7aaf7d5c15f1c66099dffc8cc644e0d,,True,False
CHEMBL419186,DRUGBANK:DB06181,CHEMBL419186,EMD-1201081,4,4,1,False,False,False,False,True,False,,,,,0404436fa7aaf7d5c15f1c66099dffc8cc644e0d,,True,False
CHEMBL419186,DRUGBANK:DB06517,CHEMBL419186,MLN576,4,4,1,False,False,False,False,True,False,,,,,0404436fa7aaf7d5c15f1c66099dffc8cc644e0d,,True,False
CHEMBL419186,DRUGBANK:DB12083,CHEMBL419186,Mafosfamide,4,4,1,False,False,False,False,True,False,,,,,0404436fa7aaf7d5c15f1c66099dffc8cc644e0d,,True,False
CHEMBL419186,DRUGBANK:DB12182,CHEMBL419186,Binetrakin,4,4,1,False,False,False,False,True,False,,,,,0404436fa7aaf7d5c15f1c66099dffc8cc644e0d,,True,False
CHEMBL419186,DRUGBANK:DB12379,CHEMBL419186,Indirubin,4,4,1,False,False,False,False,True,False,,,,,0404436fa7aaf7d5c15f1c66099dffc8cc644e0d,,True,False
CHEMBL419186,DRUGBANK:DB13128,CHEMBL419186,Sizofiran,4,4,1,False,False,False,False,True,False,,,,,0404436fa7aaf7d5c15f1c66099dffc8cc644e0d,,True,False
CHEMBL419186,DRUGBANK:DB13480,CHEMBL419186,Lentinan,4,4,1,False,False,False,False,True,False,,,,,0404436fa7aaf7d5c15f1c66099dffc8cc644e0d,,True,False
CHEMBL419186,DRUGBANK:DB13647,CHEMBL419186,Semustine,4,4,1,False,False,False,False,True,False,,,,,0404436fa7aaf7d5c15f1c66099dffc8cc644e0d,,True,False
CHEMBL419186,DRUGBANK:DB13811,CHEMBL419186,Oblimersen,4,4,1,False,False,False,False,True,False,,,,,0404436fa7aaf7d5c15f1c66099dffc8cc644e0d,,True,False
CHEMBL419186,DRUGBANK:DB13896,CHEMBL419186,Talimogene laherparepvec,4,4,1,False,False,False,False,True,False,,,,,0404436fa7aaf7d5c15f1c66099dffc8cc644e0d,,True,False
CHEMBL419186,DRUGBANK:DB14865,CHEMBL419186,Human interleukin-2,4,4,1,False,False,False,False,True,False,,,,,0404436fa7aaf7d5c15f1c66099dffc8cc644e0d,,True,False
CHEMBL419186,DRUGBANK:DB14951,CHEMBL419186,Etirinotecan pegol,4,4,1,False,False,False,False,True,False,,,,,0404436fa7aaf7d5c15f1c66099dffc8cc644e0d,,True,False
CHEMBL419186,DRUGBANK:DB15699,CHEMBL419186,Brexucabtagene autoleucel,4,4,1,False,False,False,False,True,False,,,,,0404436fa7aaf7d5c15f1c66099dffc8cc644e0d,,True,False
CHEMBL4206033,CHEMBL4297470,BAY1436032,MAX-40279,2,2,1,False,False,False,False,True,False,,,,,f54f941b92665f1b0723912a48cba35d72af0882,,True,False
CHEMBL4206033,CHEMBL4297881,BAY1436032,EMIRODATAMAB,2,2,1,False,False,False,False,True,False,,,,,f54f941b92665f1b0723912a48cba35d72af0882,,True,False
CHEMBL4206033,CHEMBL4297991,BAY1436032,PIVEKIMAB SUNIRINE,2,2,1,False,False,False,False,True,False,,,,,f54f941b92665f1b0723912a48cba35d72af0882,,True,False
CHEMBL4206033,CHEMBL4297997,BAY1436032,IODINE I 131 APAMISTAMAB,2,2,1,False,False,False,False,True,False,,,,,f54f941b92665f1b0723912a48cba35d72af0882,,True,False
CHEMBL4206033,CHEMBL4594601,BAY1436032,RO-5429083,2,2,1,False,False,False,False,True,False,,,,,f54f941b92665f1b0723912a48cba35d72af0882,,True,False
CHEMBL420671,CHEMBL54277,CHEMBL420671,CHEMBL54277,2,2,1,False,False,False,False,True,False,,,,,10cfcfec9b05465d6fd9e011dd8fef2eee9a6d90,,True,False
CHEMBL425863,CHEMBL455706,MIBOLERONE,CALUSTERONE,147,147,1,False,False,False,False,True,False,,,,,14b2a19469e68c13b0d6f06855169270ff851ba7,,False,False
CHEMBL428880,CHEMBL74,CROMOLYN,CROMOLYN SODIUM,35,11,1,False,True,False,False,False,False,,Cromolyn,,,,,False,True
CHEMBL429317,CHEMBL4594376,AVL-3288,RALMITARONT,2,2,1,False,False,False,False,True,False,,,,,2752a5879b72b3fdedb4d79915349b967439553f,,True,False
CHEMBL4296683,CHEMBL449303,CHEMBL4296683,GINSENOSIDE RB2,4,4,1,False,False,False,False,True,False,,,,,0404436fa7aaf7d5c15f1c66099dffc8cc644e0d,,True,False
CHEMBL4296683,CHEMBL47405,CHEMBL4296683,ETANIDAZOLE,4,4,1,False,False,False,False,True,False,,,,,0404436fa7aaf7d5c15f1c66099dffc8cc644e0d,,True,False
CHEMBL4296683,CHEMBL99668,CHEMBL4296683,TOYOCAMYCIN,4,4,1,False,False,False,False,True,False,,,,,0404436fa7aaf7d5c15f1c66099dffc8cc644e0d,,True,False
CHEMBL4296683,DRUGBANK:DB03509,CHEMBL4296683,2-(4-Chlorophenyl)-5-Quinoxalinecarboxamide,4,4,1,False,False,False,False,True,False,,,,,0404436fa7aaf7d5c15f1c66099dffc8cc644e0d,,True,False
CHEMBL4296683,DRUGBANK:DB03825,CHEMBL4296683,Rhodamine 6G,4,4,1,False,False,False,False,True,False,,,,,0404436fa7aaf7d5c15f1c66099dffc8cc644e0d,,True,False
CHEMBL4296683,DRUGBANK:DB04106,CHEMBL4296683,Fotemustine,4,4,1,False,False,False,False,True,False,,,,,0404436fa7aaf7d5c15f1c66099dffc8cc644e0d,,True,False
CHEMBL4296683,DRUGBANK:DB04900,CHEMBL4296683,Thymalfasin,4,4,1,False,False,False,False,True,False,,,,,0404436fa7aaf7d5c15f1c66099dffc8cc644e0d,,True,False
CHEMBL4296683,DRUGBANK:DB04907,CHEMBL4296683,Sitimagene ceradenovec,4,4,1,False,False,False,False,True,False,,,,,0404436fa7aaf7d5c15f1c66099dffc8cc644e0d,,True,False
CHEMBL4296683,DRUGBANK:DB04950,CHEMBL4296683,Ranpirnase,4,4,1,False,False,False,False,True,False,,,,,0404436fa7aaf7d5c15f1c66099dffc8cc644e0d,,True,False
CHEMBL4296683,DRUGBANK:DB05697,CHEMBL4296683,Trabedersen,4,4,1,False,False,False,False,True,False,,,,,0404436fa7aaf7d5c15f1c66099dffc8cc644e0d,,True,False
CHEMBL4296683,DRUGBANK:DB06021,CHEMBL4296683,AV-412,4,4,1,False,False,False,False,True,False,,,,,0404436fa7aaf7d5c15f1c66099dffc8cc644e0d,,True,False
CHEMBL4296683,DRUGBANK:DB06181,CHEMBL4296683,EMD-1201081,4,4,1,False,False,False,False,True,False,,,,,0404436fa7aaf7d5c15f1c66099dffc8cc644e0d,,True,False
CHEMBL4296683,DRUGBANK:DB06517,CHEMBL4296683,MLN576,4,4,1,False,False,False,False,True,False,,,,,0404436fa7aaf7d5c15f1c66099dffc8cc644e0d,,True,False
CHEMBL4296683,DRUGBANK:DB12083,CHEMBL4296683,Mafosfamide,4,4,1,False,False,False,False,True,False,,,,,0404436fa7aaf7d5c15f1c66099dffc8cc644e0d,,True,False
CHEMBL4296683,DRUGBANK:DB12182,CHEMBL4296683,Binetrakin,4,4,1,False,False,False,False,True,False,,,,,0404436fa7aaf7d5c15f1c66099dffc8cc644e0d,,True,False
CHEMBL4296683,DRUGBANK:DB12379,CHEMBL4296683,Indirubin,4,4,1,False,False,False,False,True,False,,,,,0404436fa7aaf7d5c15f1c66099dffc8cc644e0d,,True,False
CHEMBL4296683,DRUGBANK:DB13128,CHEMBL4296683,Sizofiran,4,4,1,False,False,False,False,True,False,,,,,0404436fa7aaf7d5c15f1c66099dffc8cc644e0d,,True,False
CHEMBL4296683,DRUGBANK:DB13480,CHEMBL4296683,Lentinan,4,4,1,False,False,False,False,True,False,,,,,0404436fa7aaf7d5c15f1c66099dffc8cc644e0d,,True,False
CHEMBL4296683,DRUGBANK:DB13647,CHEMBL4296683,Semustine,4,4,1,False,False,False,False,True,False,,,,,0404436fa7aaf7d5c15f1c66099dffc8cc644e0d,,True,False
CHEMBL4296683,DRUGBANK:DB13811,CHEMBL4296683,Oblimersen,4,4,1,False,False,False,False,True,False,,,,,0404436fa7aaf7d5c15f1c66099dffc8cc644e0d,,True,False
CHEMBL4296683,DRUGBANK:DB13896,CHEMBL4296683,Talimogene laherparepvec,4,4,1,False,False,False,False,True,False,,,,,0404436fa7aaf7d5c15f1c66099dffc8cc644e0d,,True,False
CHEMBL4296683,DRUGBANK:DB14865,CHEMBL4296683,Human interleukin-2,4,4,1,False,False,False,False,True,False,,,,,0404436fa7aaf7d5c15f1c66099dffc8cc644e0d,,True,False
CHEMBL4296683,DRUGBANK:DB14951,CHEMBL4296683,Etirinotecan pegol,4,4,1,False,False,False,False,True,False,,,,,0404436fa7aaf7d5c15f1c66099dffc8cc644e0d,,True,False
CHEMBL4296683,DRUGBANK:DB15699,CHEMBL4296683,Brexucabtagene autoleucel,4,4,1,False,False,False,False,True,False,,,,,0404436fa7aaf7d5c15f1c66099dffc8cc644e0d,,True,False
CHEMBL4297212,CHEMBL4297620,SOLRIAMFETOL HYDROCHLORIDE,SOLRIAMFETOL,5,1639,1,False,True,False,False,False,False,,Solriamfetol,,,,,False,True
CHEMBL4297229,DRUGBANK:DB00083,PRABOTULINUMTOXIN A,Botulinum toxin type A,3,803,1,False,True,False,False,False,False,,Prabotulinumtoxin A,,,,,True,True
CHEMBL4297268,CHEMBL4297707,BMS-275183,RENVISTOBART,2,2,1,False,False,False,False,True,False,,,,,c9dfb90b261c7cda3c7a9981fd938a76a6f55ac7,,True,False
CHEMBL4297268,CHEMBL4298098,BMS-275183,TUSAMITAMAB RAVTANSINE,2,2,1,False,False,False,False,True,False,,,,,c9dfb90b261c7cda3c7a9981fd938a76a6f55ac7,,True,False
CHEMBL4297268,CHEMBL4650367,BMS-275183,SIRPIGLENASTAT,2,2,1,False,False,False,False,True,False,,,,,c9dfb90b261c7cda3c7a9981fd938a76a6f55ac7,,True,False
CHEMBL4297268,CHEMBL4650443,BMS-275183,VEBRELTINIB,2,2,1,False,False,False,False,True,False,,,,,c9dfb90b261c7cda3c7a9981fd938a76a6f55ac7,,True,False
CHEMBL4297268,CHEMBL5095043,BMS-275183,ATAMPARIB,2,2,1,False,False,False,False,True,False,,,,,c9dfb90b261c7cda3c7a9981fd938a76a6f55ac7,,True,False
CHEMBL4297268,CHEMBL5095196,BMS-275183,SLC-391,2,2,1,False,False,False,False,True,False,,,,,c9dfb90b261c7cda3c7a9981fd938a76a6f55ac7,,True,False
CHEMBL4297268,CHEMBL5095260,BMS-275183,CAMONSERTIB,2,2,1,False,False,False,False,True,False,,,,,c9dfb90b261c7cda3c7a9981fd938a76a6f55ac7,,True,False
CHEMBL4297268,CHEMBL5095337,BMS-275183,ACASUNLIMAB,2,2,1,False,False,False,False,True,False,,,,,c9dfb90b261c7cda3c7a9981fd938a76a6f55ac7,,True,False
CHEMBL4297268,CHEMBL5095480,BMS-275183,DAVUTAMIG,2,2,1,False,False,False,False,True,False,,,,,c9dfb90b261c7cda3c7a9981fd938a76a6f55ac7,,True,False
CHEMBL4297268,CHEMBL5314412,BMS-275183,ZOTIZALKIB,2,2,1,False,False,False,False,True,False,,,,,c9dfb90b261c7cda3c7a9981fd938a76a6f55ac7,,True,False
CHEMBL4297268,CHEMBL5314987,BMS-275183,GOTISTOBART,2,2,1,False,False,False,False,True,False,,,,,c9dfb90b261c7cda3c7a9981fd938a76a6f55ac7,,True,False
CHEMBL4297268,CHEMBL5315010,BMS-275183,FALBIKITUG,2,2,1,False,False,False,False,True,False,,,,,c9dfb90b261c7cda3c7a9981fd938a76a6f55ac7,,True,False
CHEMBL4297268,CHEMBL5315023,BMS-275183,NEZUTATUG,2,2,1,False,False,False,False,True,False,,,,,c9dfb90b261c7cda3c7a9981fd938a76a6f55ac7,,True,False
CHEMBL4297291,DRUGBANK:DB12753,INGAVIRIN,Racivir,12,12,1,False,False,False,False,True,False,,,,,964a1a84ed889b3eaaa3345c7fd8629d3146fa7c,,True,False
CHEMBL4297291,DRUGBANK:DB14930,INGAVIRIN,Alovudine F-18,12,12,1,False,False,False,False,True,False,,,,,964a1a84ed889b3eaaa3345c7fd8629d3146fa7c,,True,False
CHEMBL4297291,DRUGBANK:DB15332,INGAVIRIN,Radavirsen,12,12,1,False,False,False,False,True,False,,,,,964a1a84ed889b3eaaa3345c7fd8629d3146fa7c,,True,False
CHEMBL4297291,DRUGBANK:DB15686,INGAVIRIN,GS-441524,12,12,1,False,False,False,False,True,False,,,,,964a1a84ed889b3eaaa3345c7fd8629d3146fa7c,,True,False
CHEMBL4297308,CHEMBL4297891,NEROFE,CUSATUZUMAB,4,4,1,False,False,False,False,True,False,,,,,f36eb964738393313430eff830de4103890b7d52,,True,False
CHEMBL4297313,CHEMBL4594457,OT-551,AL-78898A,2,2,1,False,False,False,False,True,False,,,,,a54d8e775b40cee0b4419c13ff219dacfd09b741,,True,False
CHEMBL4297313,CHEMBL5095336,OT-551,LUSACOMFAR ALFA,2,2,1,False,False,False,False,True,False,,,,,a54d8e775b40cee0b4419c13ff219dacfd09b741,,True,False
CHEMBL4297340,DRUGBANK:DB13925,EDOTREOTIDE GALLIUM GA-68,Dotatate gallium Ga-68,6,5,1,False,True,False,False,False,False,,Dotatate gallium ga-68,,,,,True,True
CHEMBL4297433,DRUGBANK:DB02845,METHANESULFONYL FLUORIDE,Methylphosphinic Acid,283,283,1,False,False,False,False,True,False,,,,,6f4108e7b9b6c2eac07bfc62ea4e1d5a534bcafd,,True,False
CHEMBL4297442,CHEMBL5095225,OLITIGALTIN,DAZCAPISTAT,3,3,1,False,False,False,False,True,False,,,,,93dc65a831a8eb27b44fd4ab759b50ecce63fe19,,True,False
CHEMBL4297444,DRUGBANK:DB05088,TIOMOLIBDATE ION,Tetrathiomolybdate,10,5,1,False,True,False,False,False,False,,Tetrathiomolybdate,,,,,True,True
CHEMBL4297470,CHEMBL4297881,MAX-40279,EMIRODATAMAB,2,2,1,False,False,False,False,True,False,,,,,f54f941b92665f1b0723912a48cba35d72af0882,,True,False
CHEMBL4297470,CHEMBL4297991,MAX-40279,PIVEKIMAB SUNIRINE,2,2,1,False,False,False,False,True,False,,,,,f54f941b92665f1b0723912a48cba35d72af0882,,True,False
CHEMBL4297470,CHEMBL4297997,MAX-40279,IODINE I 131 APAMISTAMAB,2,2,1,False,False,False,False,True,False,,,,,f54f941b92665f1b0723912a48cba35d72af0882,,True,False
CHEMBL4297470,CHEMBL4594601,MAX-40279,RO-5429083,2,2,1,False,False,False,False,True,False,,,,,f54f941b92665f1b0723912a48cba35d72af0882,,True,False
CHEMBL4297537,CHEMBL4594511,INOTERSEN SODIUM,VUTRISIRAN,3,3,1,False,False,False,False,True,False,,,,,02821e53d2d980539e617772538662a2008979b2,,True,False
CHEMBL4297540,CHEMBL4297748,4-ISOTHIOUREIDOBUTYRONITRILE,ONVITRELIN UCALONTIDE,2,2,1,False,False,False,False,True,False,,,,,8c0c5716ea0233c79e19e687213c21a6b1218064,,True,False
CHEMBL4297540,CHEMBL4298205,4-ISOTHIOUREIDOBUTYRONITRILE,ETIGILIMAB,2,2,1,False,False,False,False,True,False,,,,,8c0c5716ea0233c79e19e687213c21a6b1218064,,True,False
CHEMBL4297540,CHEMBL5095285,4-ISOTHIOUREIDOBUTYRONITRILE,OZURIFTAMAB VEDOTIN,2,2,1,False,False,False,False,True,False,,,,,8c0c5716ea0233c79e19e687213c21a6b1218064,,True,False
CHEMBL4297540,CHEMBL5095312,4-ISOTHIOUREIDOBUTYRONITRILE,MECBOTAMAB VEDOTIN,2,2,1,False,False,False,False,True,False,,,,,8c0c5716ea0233c79e19e687213c21a6b1218064,,True,False
CHEMBL4297540,CHEMBL5315039,4-ISOTHIOUREIDOBUTYRONITRILE,SUVEMCITUG,2,2,1,False,False,False,False,True,False,,,,,8c0c5716ea0233c79e19e687213c21a6b1218064,,True,False
CHEMBL4297545,DRUGBANK:DB13985,LUTETIUM OXODOTREOTIDE LU-177,Lutetium Lu 177 dotatate,11,6,1,False,True,False,False,False,False,,Lutetium lu 177 dotatate,,,,,False,True
CHEMBL4297566,CHEMBL4297762,CASIMERSEN,GOLODIRSEN,2,2,1,False,False,False,False,True,False,,,,,08ad68a3258d7bfedf183f66b8073d3c037523a1,,True,False
CHEMBL4297566,CHEMBL4298062,CASIMERSEN,VILTOLARSEN,2,2,1,False,False,False,False,True,False,,,,,08ad68a3258d7bfedf183f66b8073d3c037523a1,,True,False
CHEMBL4297569,CHEMBL4297768,AVIDIN,IDRABIOTAPARINUX SODIUM,3,3,1,False,False,False,False,True,False,,,,,aa2ca7a794ac2084b0156959e587ec2288ae3fcd,,True,False
CHEMBL4297595,CHEMBL4297894,LISAVANBULIN,ASP-8374,2,2,1,False,False,False,False,True,False,,,,,7d3661b19b131f0dd398850ac7e34cca28ebb3b3,,True,False
CHEMBL4297595,CHEMBL4298027,LISAVANBULIN,BIZAXOFUSP,2,2,1,False,False,False,False,True,False,,,,,7d3661b19b131f0dd398850ac7e34cca28ebb3b3,,True,False
CHEMBL4297595,CHEMBL5095328,LISAVANBULIN,TEZEMLIMOGENE DAXADENOREPVEC,2,2,1,False,False,False,False,True,False,,,,,7d3661b19b131f0dd398850ac7e34cca28ebb3b3,,True,False
CHEMBL4297595,CHEMBL5314411,LISAVANBULIN,EPITINIB,2,2,1,False,False,False,False,True,False,,,,,7d3661b19b131f0dd398850ac7e34cca28ebb3b3,,True,False
CHEMBL4297595,CHEMBL5314926,LISAVANBULIN,RMC-5552,2,2,1,False,False,False,False,True,False,,,,,7d3661b19b131f0dd398850ac7e34cca28ebb3b3,,True,False
CHEMBL4297610,CHEMBL4298096,OLUTASIDENIB,MIK-665,2,2,1,False,False,False,False,True,False,,,,,59969f8c29d87d568fed6781fbcceea733a5dd0d,,True,False
CHEMBL4297610,CHEMBL4594521,OLUTASIDENIB,ELUVIXTAMAB,2,2,1,False,False,False,False,True,False,,,,,59969f8c29d87d568fed6781fbcceea733a5dd0d,,True,False
CHEMBL4297647,CHEMBL490672,FURAPREVIR,FILIBUVIR,2,2,1,False,False,False,False,True,False,,,,,b806c3173fc3927bca13affa020f19fa854dc358,,True,False
CHEMBL4297647,CHEMBL562967,FURAPREVIR,MERICITABINE,2,2,1,False,False,False,False,True,False,,,,,b806c3173fc3927bca13affa020f19fa854dc358,,True,False
CHEMBL4297654,CHEMBL4594581,BIGUANIDE,INSULIN ICODEC,2,2,1,False,False,False,False,True,False,,,,,ead83b86f759259c98276f5dfe3ca0fb47eec1d3,,True,False
CHEMBL4297672,DRUGBANK:DB03614,METHYLCOBALAMIN,Mecobalamin,2,3,1,False,True,False,False,False,False,,Mecobalamin,,,,,True,True
CHEMBL4297679,CHEMBL4594510,ZINLIRVIMAB,VRC07-523LS,3,3,1,False,False,False,False,True,False,,,,,9c6f55e11c428ee340d20fcc1f9bd0080c7271b3,,True,False
CHEMBL4297689,CHEMBL5095142,ALT-801,PEMVIDUTIDE,12,2,1,False,True,False,False,False,False,,ALT-801,,,,,True,True
CHEMBL4297705,CHEMBL4298000,BMS-986178,ONVATILIMAB,2,2,1,False,False,False,False,True,False,,,,,1ddf2d7cf5c6ef91e22ab805b1ae8b0dfbaceb17,,True,False
CHEMBL4297705,CHEMBL4594306,BMS-986178,DILPACIMAB,2,2,1,False,False,False,False,True,False,,,,,1ddf2d7cf5c6ef91e22ab805b1ae8b0dfbaceb17,,True,False
CHEMBL4297705,CHEMBL4594392,BMS-986178,SERCLUTAMAB TALIRINE,2,2,1,False,False,False,False,True,False,,,,,1ddf2d7cf5c6ef91e22ab805b1ae8b0dfbaceb17,,True,False
CHEMBL4297705,CHEMBL4594432,BMS-986178,LY-3200882,2,2,1,False,False,False,False,True,False,,,,,1ddf2d7cf5c6ef91e22ab805b1ae8b0dfbaceb17,,True,False
CHEMBL4297705,CHEMBL4802207,BMS-986178,GSK-1795091,2,2,1,False,False,False,False,True,False,,,,,1ddf2d7cf5c6ef91e22ab805b1ae8b0dfbaceb17,,True,False
CHEMBL4297705,CHEMBL5095164,BMS-986178,OSUNPROTAFIB,2,2,1,False,False,False,False,True,False,,,,,1ddf2d7cf5c6ef91e22ab805b1ae8b0dfbaceb17,,True,False
CHEMBL4297705,CHEMBL5095359,BMS-986178,REOZALIMAB,2,2,1,False,False,False,False,True,False,,,,,1ddf2d7cf5c6ef91e22ab805b1ae8b0dfbaceb17,,True,False
CHEMBL4297705,CHEMBL5314911,BMS-986178,BMS-986310,2,2,1,False,False,False,False,True,False,,,,,1ddf2d7cf5c6ef91e22ab805b1ae8b0dfbaceb17,,True,False
CHEMBL4297707,CHEMBL4298098,RENVISTOBART,TUSAMITAMAB RAVTANSINE,2,2,1,False,False,False,False,True,False,,,,,c9dfb90b261c7cda3c7a9981fd938a76a6f55ac7,,True,False
CHEMBL4297707,CHEMBL4650367,RENVISTOBART,SIRPIGLENASTAT,2,2,1,False,False,False,False,True,False,,,,,c9dfb90b261c7cda3c7a9981fd938a76a6f55ac7,,True,False
CHEMBL4297707,CHEMBL4650443,RENVISTOBART,VEBRELTINIB,2,2,1,False,False,False,False,True,False,,,,,c9dfb90b261c7cda3c7a9981fd938a76a6f55ac7,,True,False
CHEMBL4297707,CHEMBL5095043,RENVISTOBART,ATAMPARIB,2,2,1,False,False,False,False,True,False,,,,,c9dfb90b261c7cda3c7a9981fd938a76a6f55ac7,,True,False
CHEMBL4297707,CHEMBL5095196,RENVISTOBART,SLC-391,2,2,1,False,False,False,False,True,False,,,,,c9dfb90b261c7cda3c7a9981fd938a76a6f55ac7,,True,False
CHEMBL4297707,CHEMBL5095260,RENVISTOBART,CAMONSERTIB,2,2,1,False,False,False,False,True,False,,,,,c9dfb90b261c7cda3c7a9981fd938a76a6f55ac7,,True,False
CHEMBL4297707,CHEMBL5095337,RENVISTOBART,ACASUNLIMAB,2,2,1,False,False,False,False,True,False,,,,,c9dfb90b261c7cda3c7a9981fd938a76a6f55ac7,,True,False
CHEMBL4297707,CHEMBL5095480,RENVISTOBART,DAVUTAMIG,2,2,1,False,False,False,False,True,False,,,,,c9dfb90b261c7cda3c7a9981fd938a76a6f55ac7,,True,False
CHEMBL4297707,CHEMBL5314412,RENVISTOBART,ZOTIZALKIB,2,2,1,False,False,False,False,True,False,,,,,c9dfb90b261c7cda3c7a9981fd938a76a6f55ac7,,True,False
CHEMBL4297707,CHEMBL5314987,RENVISTOBART,GOTISTOBART,2,2,1,False,False,False,False,True,False,,,,,c9dfb90b261c7cda3c7a9981fd938a76a6f55ac7,,True,False
CHEMBL4297707,CHEMBL5315010,RENVISTOBART,FALBIKITUG,2,2,1,False,False,False,False,True,False,,,,,c9dfb90b261c7cda3c7a9981fd938a76a6f55ac7,,True,False
CHEMBL4297707,CHEMBL5315023,RENVISTOBART,NEZUTATUG,2,2,1,False,False,False,False,True,False,,,,,c9dfb90b261c7cda3c7a9981fd938a76a6f55ac7,,True,False
CHEMBL4297730,CHEMBL5315078,CONCIZUMAB,EPTACOG BETA (ACTIVATED),2,2,1,False,False,False,False,True,False,,,,,b8d5522b2f897862d9a167caf5483a0c0258d008,,True,False
CHEMBL4297736,CHEMBL4298025,PRALUZATAMAB RAVTANSINE,ZENOCUTUZUMAB,2,2,1,False,False,False,False,True,False,,,,,7c3cb873a5b63373d53ae5aad9f24b345046c389,,True,False
CHEMBL4297736,CHEMBL4466233,PRALUZATAMAB RAVTANSINE,PEMRAMETOSTAT,2,2,1,False,False,False,False,True,False,,,,,7c3cb873a5b63373d53ae5aad9f24b345046c389,,True,False
CHEMBL4297736,CHEMBL4469414,PRALUZATAMAB RAVTANSINE,LUVIXASERTIB,2,2,1,False,False,False,False,True,False,,,,,7c3cb873a5b63373d53ae5aad9f24b345046c389,,True,False
CHEMBL4297736,CHEMBL5087025,PRALUZATAMAB RAVTANSINE,TARAGARESTRANT,2,2,1,False,False,False,False,True,False,,,,,7c3cb873a5b63373d53ae5aad9f24b345046c389,,True,False
CHEMBL4297748,CHEMBL4298205,ONVITRELIN UCALONTIDE,ETIGILIMAB,2,2,1,False,False,False,False,True,False,,,,,8c0c5716ea0233c79e19e687213c21a6b1218064,,True,False
CHEMBL4297748,CHEMBL5095285,ONVITRELIN UCALONTIDE,OZURIFTAMAB VEDOTIN,2,2,1,False,False,False,False,True,False,,,,,8c0c5716ea0233c79e19e687213c21a6b1218064,,True,False
CHEMBL4297748,CHEMBL5095312,ONVITRELIN UCALONTIDE,MECBOTAMAB VEDOTIN,2,2,1,False,False,False,False,True,False,,,,,8c0c5716ea0233c79e19e687213c21a6b1218064,,True,False
CHEMBL4297748,CHEMBL5315039,ONVITRELIN UCALONTIDE,SUVEMCITUG,2,2,1,False,False,False,False,True,False,,,,,8c0c5716ea0233c79e19e687213c21a6b1218064,,True,False
CHEMBL4297754,CHEMBL4297904,FITUSIRAN,BAY-1093884,3,3,1,False,False,False,False,True,False,,,,,bf790b7cd2ef2c164f4ab7221bdbe91055c518f6,,True,False
CHEMBL4297762,CHEMBL4298062,GOLODIRSEN,VILTOLARSEN,2,2,1,False,False,False,False,True,False,,,,,08ad68a3258d7bfedf183f66b8073d3c037523a1,,True,False
CHEMBL4297770,CHEMBL4594334,INOTERSEN,EPLONTERSEN,2,2,1,False,False,False,False,True,False,,,,,dd9ca53b5fbcaff5ed9cab31a0e556c4927c5630,,True,False
CHEMBL4297809,CHEMBL4297908,ELRANATAMAB,CEVOSTAMAB,2,2,1,False,False,False,False,True,False,,,,,04fdae16667aa0f7e371700b7e325967823fe6fc,,True,False
CHEMBL4297809,CHEMBL4297968,ELRANATAMAB,GSK-3174998,2,2,1,False,False,False,False,True,False,,,,,04fdae16667aa0f7e371700b7e325967823fe6fc,,True,False
CHEMBL4297809,CHEMBL4298048,ELRANATAMAB,MP-0250,2,2,1,False,False,False,False,True,False,,,,,04fdae16667aa0f7e371700b7e325967823fe6fc,,True,False
CHEMBL4297809,CHEMBL4650254,ELRANATAMAB,PACANALOTAMAB,2,2,1,False,False,False,False,True,False,,,,,04fdae16667aa0f7e371700b7e325967823fe6fc,,True,False
CHEMBL4297809,CHEMBL4650255,ELRANATAMAB,PAVURUTAMAB,2,2,1,False,False,False,False,True,False,,,,,04fdae16667aa0f7e371700b7e325967823fe6fc,,True,False
CHEMBL4297809,CHEMBL4650266,ELRANATAMAB,ZEVORCABTAGENE AUTOLEUCEL,2,2,1,False,False,False,False,True,False,,,,,04fdae16667aa0f7e371700b7e325967823fe6fc,,True,False
CHEMBL4297809,CHEMBL5095227,ELRANATAMAB,CEMSIDOMIDE,2,2,1,False,False,False,False,True,False,,,,,04fdae16667aa0f7e371700b7e325967823fe6fc,,True,False
CHEMBL4297809,CHEMBL5095449,ELRANATAMAB,MOTIXAFORTIDE ACETATE,2,2,1,False,False,False,False,True,False,,,,,04fdae16667aa0f7e371700b7e325967823fe6fc,,True,False
CHEMBL4297873,CHEMBL4298129,"ANTIHEMOPHILIC FACTOR, HUMAN RECOMBINANT",HUMAN COAGULATION FACTOR VIII/VON WILLEBRAND FACTOR COMPLEX,2,2,1,False,False,False,False,True,False,,,,,18e5029a5312b53457f01f75421d36bcd2d8dce7,,True,False
CHEMBL4297879,DRUGBANK:DB00058,.ALPHA.1-PROTEINASE INHIBITOR HUMAN,Alpha-1-proteinase inhibitor,13,50,1,False,True,False,False,False,False,,.Alpha.1-proteinase inhibitor human,,,,,True,True
CHEMBL4297881,CHEMBL4297991,EMIRODATAMAB,PIVEKIMAB SUNIRINE,2,2,1,False,False,False,False,True,False,,,,,f54f941b92665f1b0723912a48cba35d72af0882,,True,False
CHEMBL4297881,CHEMBL4297997,EMIRODATAMAB,IODINE I 131 APAMISTAMAB,2,2,1,False,False,False,False,True,False,,,,,f54f941b92665f1b0723912a48cba35d72af0882,,True,False
CHEMBL4297881,CHEMBL4594601,EMIRODATAMAB,RO-5429083,2,2,1,False,False,False,False,True,False,,,,,f54f941b92665f1b0723912a48cba35d72af0882,,True,False
CHEMBL4297894,CHEMBL4298027,ASP-8374,BIZAXOFUSP,2,2,1,False,False,False,False,True,False,,,,,7d3661b19b131f0dd398850ac7e34cca28ebb3b3,,True,False
CHEMBL4297894,CHEMBL5095328,ASP-8374,TEZEMLIMOGENE DAXADENOREPVEC,2,2,1,False,False,False,False,True,False,,,,,7d3661b19b131f0dd398850ac7e34cca28ebb3b3,,True,False
CHEMBL4297894,CHEMBL5314411,ASP-8374,EPITINIB,2,2,1,False,False,False,False,True,False,,,,,7d3661b19b131f0dd398850ac7e34cca28ebb3b3,,True,False
CHEMBL4297894,CHEMBL5314926,ASP-8374,RMC-5552,2,2,1,False,False,False,False,True,False,,,,,7d3661b19b131f0dd398850ac7e34cca28ebb3b3,,True,False
CHEMBL4297908,CHEMBL4297968,CEVOSTAMAB,GSK-3174998,2,2,1,False,False,False,False,True,False,,,,,04fdae16667aa0f7e371700b7e325967823fe6fc,,True,False
CHEMBL4297908,CHEMBL4298048,CEVOSTAMAB,MP-0250,2,2,1,False,False,False,False,True,False,,,,,04fdae16667aa0f7e371700b7e325967823fe6fc,,True,False
CHEMBL4297908,CHEMBL4650254,CEVOSTAMAB,PACANALOTAMAB,2,2,1,False,False,False,False,True,False,,,,,04fdae16667aa0f7e371700b7e325967823fe6fc,,True,False
CHEMBL4297908,CHEMBL4650255,CEVOSTAMAB,PAVURUTAMAB,2,2,1,False,False,False,False,True,False,,,,,04fdae16667aa0f7e371700b7e325967823fe6fc,,True,False
CHEMBL4297908,CHEMBL4650266,CEVOSTAMAB,ZEVORCABTAGENE AUTOLEUCEL,2,2,1,False,False,False,False,True,False,,,,,04fdae16667aa0f7e371700b7e325967823fe6fc,,True,False
CHEMBL4297908,CHEMBL5095227,CEVOSTAMAB,CEMSIDOMIDE,2,2,1,False,False,False,False,True,False,,,,,04fdae16667aa0f7e371700b7e325967823fe6fc,,True,False
CHEMBL4297908,CHEMBL5095449,CEVOSTAMAB,MOTIXAFORTIDE ACETATE,2,2,1,False,False,False,False,True,False,,,,,04fdae16667aa0f7e371700b7e325967823fe6fc,,True,False
CHEMBL4297915,CHEMBL52333,CIMLANOD,ROLOFYLLINE,2,2,1,False,False,False,False,True,False,,,,,5b95a3478d5d0e73dad71ebeb285ac9bbf2bef12,,True,False
CHEMBL4297943,DRUGBANK:DB14240,"ECHINACEA, UNSPECIFIED",Echinacea,2,207,1,False,True,False,False,False,False,,Echinacea,,,,,True,True
CHEMBL4297946,DRUGBANK:DB11727,"ENDOSTATIN, N-TERMINAL-MGGSHHHHH",Endostar,23,13,1,False,True,False,False,False,False,,Endostar,,,,,True,True
CHEMBL4297948,CHEMBL4298089,ERY-974,CODRITUZUMAB,2,2,1,False,False,False,False,True,False,,,,,bcd6242da93bff818c62e9d7c39efd08c3b7071f,,True,False
CHEMBL4297948,CHEMBL4514636,ERY-974,FISOGATINIB,2,2,1,False,False,False,False,True,False,,,,,bcd6242da93bff818c62e9d7c39efd08c3b7071f,,True,False
CHEMBL4297968,CHEMBL4298048,GSK-3174998,MP-0250,2,2,1,False,False,False,False,True,False,,,,,04fdae16667aa0f7e371700b7e325967823fe6fc,,True,False
CHEMBL4297968,CHEMBL4650254,GSK-3174998,PACANALOTAMAB,2,2,1,False,False,False,False,True,False,,,,,04fdae16667aa0f7e371700b7e325967823fe6fc,,True,False
CHEMBL4297968,CHEMBL4650255,GSK-3174998,PAVURUTAMAB,2,2,1,False,False,False,False,True,False,,,,,04fdae16667aa0f7e371700b7e325967823fe6fc,,True,False
CHEMBL4297968,CHEMBL4650266,GSK-3174998,ZEVORCABTAGENE AUTOLEUCEL,2,2,1,False,False,False,False,True,False,,,,,04fdae16667aa0f7e371700b7e325967823fe6fc,,True,False
CHEMBL4297968,CHEMBL5095227,GSK-3174998,CEMSIDOMIDE,2,2,1,False,False,False,False,True,False,,,,,04fdae16667aa0f7e371700b7e325967823fe6fc,,True,False
CHEMBL4297968,CHEMBL5095449,GSK-3174998,MOTIXAFORTIDE ACETATE,2,2,1,False,False,False,False,True,False,,,,,04fdae16667aa0f7e371700b7e325967823fe6fc,,True,False
CHEMBL4297973,DRUGBANK:DB11627,HEPATITIS B VIRUS HBSAG SURFACE PROTEIN ANTIGEN,Hepatitis B Vaccine (Recombinant),16,274,1,False,True,False,False,False,False,,Hepatitis B virus hbsag surface protein antigen,,,,,True,True
CHEMBL4297975,DRUGBANK:DB13924,RECOMBINANT VARICELLA ZOSTER VIRUS (VZV) GLYCOPROTEIN E,Varicella zoster vaccine (recombinant),2,274,1,False,True,False,False,False,False,,Recombinant Varicella zoster virus (VZV) glycoprotein E,,,,,True,True
CHEMBL4297991,CHEMBL4297997,PIVEKIMAB SUNIRINE,IODINE I 131 APAMISTAMAB,2,2,1,False,False,False,False,True,False,,,,,f54f941b92665f1b0723912a48cba35d72af0882,,True,False
CHEMBL4297991,CHEMBL4594601,PIVEKIMAB SUNIRINE,RO-5429083,2,2,1,False,False,False,False,True,False,,,,,f54f941b92665f1b0723912a48cba35d72af0882,,True,False
CHEMBL4297997,CHEMBL4594601,IODINE I 131 APAMISTAMAB,RO-5429083,2,2,1,False,False,False,False,True,False,,,,,f54f941b92665f1b0723912a48cba35d72af0882,,True,False
CHEMBL4298000,CHEMBL4594306,ONVATILIMAB,DILPACIMAB,2,2,1,False,False,False,False,True,False,,,,,1ddf2d7cf5c6ef91e22ab805b1ae8b0dfbaceb17,,True,False
CHEMBL4298000,CHEMBL4594392,ONVATILIMAB,SERCLUTAMAB TALIRINE,2,2,1,False,False,False,False,True,False,,,,,1ddf2d7cf5c6ef91e22ab805b1ae8b0dfbaceb17,,True,False
CHEMBL4298000,CHEMBL4594432,ONVATILIMAB,LY-3200882,2,2,1,False,False,False,False,True,False,,,,,1ddf2d7cf5c6ef91e22ab805b1ae8b0dfbaceb17,,True,False
CHEMBL4298000,CHEMBL4802207,ONVATILIMAB,GSK-1795091,2,2,1,False,False,False,False,True,False,,,,,1ddf2d7cf5c6ef91e22ab805b1ae8b0dfbaceb17,,True,False
CHEMBL4298000,CHEMBL5095164,ONVATILIMAB,OSUNPROTAFIB,2,2,1,False,False,False,False,True,False,,,,,1ddf2d7cf5c6ef91e22ab805b1ae8b0dfbaceb17,,True,False
CHEMBL4298000,CHEMBL5095359,ONVATILIMAB,REOZALIMAB,2,2,1,False,False,False,False,True,False,,,,,1ddf2d7cf5c6ef91e22ab805b1ae8b0dfbaceb17,,True,False
CHEMBL4298000,CHEMBL5314911,ONVATILIMAB,BMS-986310,2,2,1,False,False,False,False,True,False,,,,,1ddf2d7cf5c6ef91e22ab805b1ae8b0dfbaceb17,,True,False
CHEMBL4298004,CHEMBL4298138,VOPRATELIMAB,REPOTRECTINIB,3,3,1,False,False,False,False,True,False,,,,,798ca20da0f57e95b59f36c51369537b85f9742f,,True,False
CHEMBL4298004,CHEMBL4650482,VOPRATELIMAB,PIMIVALIMAB,3,3,1,False,False,False,False,True,False,,,,,798ca20da0f57e95b59f36c51369537b85f9742f,,True,False
CHEMBL4298004,CHEMBL5314968,VOPRATELIMAB,UNECRITINIB,3,3,1,False,False,False,False,True,False,,,,,798ca20da0f57e95b59f36c51369537b85f9742f,,True,False
CHEMBL4298018,CHEMBL5095282,LY-3164530,NEMVALEUKIN ALFA,2,2,1,False,False,False,False,True,False,,,,,c974d6e43d20b921d90fd75bf4ad7234d4e0b558,,True,False
CHEMBL4298025,CHEMBL4466233,ZENOCUTUZUMAB,PEMRAMETOSTAT,2,2,1,False,False,False,False,True,False,,,,,7c3cb873a5b63373d53ae5aad9f24b345046c389,,True,False
CHEMBL4298025,CHEMBL4469414,ZENOCUTUZUMAB,LUVIXASERTIB,2,2,1,False,False,False,False,True,False,,,,,7c3cb873a5b63373d53ae5aad9f24b345046c389,,True,False
CHEMBL4298025,CHEMBL5087025,ZENOCUTUZUMAB,TARAGARESTRANT,2,2,1,False,False,False,False,True,False,,,,,7c3cb873a5b63373d53ae5aad9f24b345046c389,,True,False
CHEMBL4298027,CHEMBL5095328,BIZAXOFUSP,TEZEMLIMOGENE DAXADENOREPVEC,2,2,1,False,False,False,False,True,False,,,,,7d3661b19b131f0dd398850ac7e34cca28ebb3b3,,True,False
CHEMBL4298027,CHEMBL5314411,BIZAXOFUSP,EPITINIB,2,2,1,False,False,False,False,True,False,,,,,7d3661b19b131f0dd398850ac7e34cca28ebb3b3,,True,False
CHEMBL4298027,CHEMBL5314926,BIZAXOFUSP,RMC-5552,2,2,1,False,False,False,False,True,False,,,,,7d3661b19b131f0dd398850ac7e34cca28ebb3b3,,True,False
CHEMBL4298048,CHEMBL4650254,MP-0250,PACANALOTAMAB,2,2,1,False,False,False,False,True,False,,,,,04fdae16667aa0f7e371700b7e325967823fe6fc,,True,False
CHEMBL4298048,CHEMBL4650255,MP-0250,PAVURUTAMAB,2,2,1,False,False,False,False,True,False,,,,,04fdae16667aa0f7e371700b7e325967823fe6fc,,True,False
CHEMBL4298048,CHEMBL4650266,MP-0250,ZEVORCABTAGENE AUTOLEUCEL,2,2,1,False,False,False,False,True,False,,,,,04fdae16667aa0f7e371700b7e325967823fe6fc,,True,False
CHEMBL4298048,CHEMBL5095227,MP-0250,CEMSIDOMIDE,2,2,1,False,False,False,False,True,False,,,,,04fdae16667aa0f7e371700b7e325967823fe6fc,,True,False
CHEMBL4298048,CHEMBL5095449,MP-0250,MOTIXAFORTIDE ACETATE,2,2,1,False,False,False,False,True,False,,,,,04fdae16667aa0f7e371700b7e325967823fe6fc,,True,False
CHEMBL4298089,CHEMBL4514636,CODRITUZUMAB,FISOGATINIB,2,2,1,False,False,False,False,True,False,,,,,bcd6242da93bff818c62e9d7c39efd08c3b7071f,,True,False
CHEMBL4298096,CHEMBL4594521,MIK-665,ELUVIXTAMAB,2,2,1,False,False,False,False,True,False,,,,,59969f8c29d87d568fed6781fbcceea733a5dd0d,,True,False
CHEMBL4298098,CHEMBL4650367,TUSAMITAMAB RAVTANSINE,SIRPIGLENASTAT,2,2,1,False,False,False,False,True,False,,,,,c9dfb90b261c7cda3c7a9981fd938a76a6f55ac7,,True,False
CHEMBL4298098,CHEMBL4650443,TUSAMITAMAB RAVTANSINE,VEBRELTINIB,2,2,1,False,False,False,False,True,False,,,,,c9dfb90b261c7cda3c7a9981fd938a76a6f55ac7,,True,False
CHEMBL4298098,CHEMBL5095043,TUSAMITAMAB RAVTANSINE,ATAMPARIB,2,2,1,False,False,False,False,True,False,,,,,c9dfb90b261c7cda3c7a9981fd938a76a6f55ac7,,True,False
CHEMBL4298098,CHEMBL5095196,TUSAMITAMAB RAVTANSINE,SLC-391,2,2,1,False,False,False,False,True,False,,,,,c9dfb90b261c7cda3c7a9981fd938a76a6f55ac7,,True,False
CHEMBL4298098,CHEMBL5095260,TUSAMITAMAB RAVTANSINE,CAMONSERTIB,2,2,1,False,False,False,False,True,False,,,,,c9dfb90b261c7cda3c7a9981fd938a76a6f55ac7,,True,False
CHEMBL4298098,CHEMBL5095337,TUSAMITAMAB RAVTANSINE,ACASUNLIMAB,2,2,1,False,False,False,False,True,False,,,,,c9dfb90b261c7cda3c7a9981fd938a76a6f55ac7,,True,False
CHEMBL4298098,CHEMBL5095480,TUSAMITAMAB RAVTANSINE,DAVUTAMIG,2,2,1,False,False,False,False,True,False,,,,,c9dfb90b261c7cda3c7a9981fd938a76a6f55ac7,,True,False
CHEMBL4298098,CHEMBL5314412,TUSAMITAMAB RAVTANSINE,ZOTIZALKIB,2,2,1,False,False,False,False,True,False,,,,,c9dfb90b261c7cda3c7a9981fd938a76a6f55ac7,,True,False
CHEMBL4298098,CHEMBL5314987,TUSAMITAMAB RAVTANSINE,GOTISTOBART,2,2,1,False,False,False,False,True,False,,,,,c9dfb90b261c7cda3c7a9981fd938a76a6f55ac7,,True,False
CHEMBL4298098,CHEMBL5315010,TUSAMITAMAB RAVTANSINE,FALBIKITUG,2,2,1,False,False,False,False,True,False,,,,,c9dfb90b261c7cda3c7a9981fd938a76a6f55ac7,,True,False
CHEMBL4298098,CHEMBL5315023,TUSAMITAMAB RAVTANSINE,NEZUTATUG,2,2,1,False,False,False,False,True,False,,,,,c9dfb90b261c7cda3c7a9981fd938a76a6f55ac7,,True,False
CHEMBL4298101,CHEMBL4475463,LADIRATUZUMAB VEDOTIN,AMCENESTRANT,4,4,1,False,False,False,False,True,False,,,,,7da083081a4cb6f661145c7d048c9ce3731b9352,,True,False
CHEMBL4298127,CHEMBL5095294,VRC-01LS,TEROPAVIMAB,2,2,1,False,False,False,False,True,False,,,,,9abc49c290dd2de14eec95f4c2cf56dab767303c,,True,False
CHEMBL4298138,CHEMBL4650482,REPOTRECTINIB,PIMIVALIMAB,3,3,1,False,False,False,False,True,False,,,,,798ca20da0f57e95b59f36c51369537b85f9742f,,True,False
CHEMBL4298138,CHEMBL5314968,REPOTRECTINIB,UNECRITINIB,3,3,1,False,False,False,False,True,False,,,,,798ca20da0f57e95b59f36c51369537b85f9742f,,True,False
CHEMBL4298205,CHEMBL5095285,ETIGILIMAB,OZURIFTAMAB VEDOTIN,2,2,1,False,False,False,False,True,False,,,,,8c0c5716ea0233c79e19e687213c21a6b1218064,,True,False
CHEMBL4298205,CHEMBL5095312,ETIGILIMAB,MECBOTAMAB VEDOTIN,2,2,1,False,False,False,False,True,False,,,,,8c0c5716ea0233c79e19e687213c21a6b1218064,,True,False
CHEMBL4298205,CHEMBL5315039,ETIGILIMAB,SUVEMCITUG,2,2,1,False,False,False,False,True,False,,,,,8c0c5716ea0233c79e19e687213c21a6b1218064,,True,False
CHEMBL4300766,CHEMBL54922,P,PROLINE,4,35,1,False,True,False,False,False,False,,P,,,,,False,True
CHEMBL4303309,CHEMBL4594597,CX-5461,NEZASTOMIG,2,2,1,False,False,False,False,True,False,,,,,3819f3c75dfe3ad0eaa053a2a7c4e434fff1c47b,,True,False
CHEMBL4303309,CHEMBL4785363,CX-5461,INOBRODIB,2,2,1,False,False,False,False,True,False,,,,,3819f3c75dfe3ad0eaa053a2a7c4e434fff1c47b,,True,False
CHEMBL4303309,CHEMBL4862963,CX-5461,BAVDEGALUTAMIDE,2,2,1,False,False,False,False,True,False,,,,,3819f3c75dfe3ad0eaa053a2a7c4e434fff1c47b,,True,False
CHEMBL4303669,CHEMBL924,ZOLEDRONIC ACID,ZOLEDRONIC ACID ANHYDROUS,56,389,1,False,True,False,False,False,False,,Zoledronic acid,,,,,False,True
CHEMBL438139,CHEMBL583207,ROCAGLAMIDE,DIDESMETHYLROCAGLAMIDE,2,2,1,False,False,False,False,True,False,,,,,af2a53f3a49564a4048142659f3cdf9d9ac0aee8,,True,False
CHEMBL440283,DRUGBANK:DB01434,ANDROSTENEDIOL,19-norandrostenedione,56,56,1,False,False,False,False,True,False,,,,,f98f0610a8d445bb29b2e200fb49027ea01e72e2,,True,False
CHEMBL440283,DRUGBANK:DB06250,ANDROSTENEDIOL,Fluasterone,56,56,1,False,False,False,False,True,False,,,,,f98f0610a8d445bb29b2e200fb49027ea01e72e2,,True,False
CHEMBL440283,DRUGBANK:DB13710,ANDROSTENEDIOL,Metenolone,56,56,1,False,False,False,False,True,False,,,,,f98f0610a8d445bb29b2e200fb49027ea01e72e2,,True,False
CHEMBL443014,CHEMBL447629,CARBOQUONE,MITOBRONITOL,5,5,1,False,False,False,False,True,False,,,,,c2e9c1f4baff5d8ee195269a30fb7fee533be46c,,False,False
CHEMBL443014,CHEMBL460282,CARBOQUONE,MANNOSULFAN,5,5,1,False,False,False,False,True,False,,,,,c2e9c1f4baff5d8ee195269a30fb7fee533be46c,,False,False
CHEMBL443014,CHEMBL460287,CARBOQUONE,ETOGLUCID,5,5,1,False,False,False,False,True,False,,,,,c2e9c1f4baff5d8ee195269a30fb7fee533be46c,,False,False
CHEMBL4442620,CHEMBL5077861,RONICICLIB,OPNURASIB,3,3,1,False,False,False,False,True,False,,,,,ad4e69973f738732458f5cde2964557608936c02,,True,False
CHEMBL446036,DRUGBANK:DB03174,MALONALDEHYDE,Phosphonoacetaldehyde,2,2,1,False,False,False,False,True,False,,,,,53d2a66acd4d25c79d717db2b3249d010de6bf36,,True,False
CHEMBL4466233,CHEMBL4469414,PEMRAMETOSTAT,LUVIXASERTIB,2,2,1,False,False,False,False,True,False,,,,,7c3cb873a5b63373d53ae5aad9f24b345046c389,,True,False
CHEMBL4466233,CHEMBL5087025,PEMRAMETOSTAT,TARAGARESTRANT,2,2,1,False,False,False,False,True,False,,,,,7c3cb873a5b63373d53ae5aad9f24b345046c389,,True,False
CHEMBL4469414,CHEMBL5087025,LUVIXASERTIB,TARAGARESTRANT,2,2,1,False,False,False,False,True,False,,,,,7c3cb873a5b63373d53ae5aad9f24b345046c389,,True,False
CHEMBL447629,CHEMBL460282,MITOBRONITOL,MANNOSULFAN,5,5,1,False,False,False,False,True,False,,,,,c2e9c1f4baff5d8ee195269a30fb7fee533be46c,,False,False
CHEMBL447629,CHEMBL460287,MITOBRONITOL,ETOGLUCID,5,5,1,False,False,False,False,True,False,,,,,c2e9c1f4baff5d8ee195269a30fb7fee533be46c,,False,False
CHEMBL449303,CHEMBL47405,GINSENOSIDE RB2,ETANIDAZOLE,4,4,1,False,False,False,False,True,False,,,,,0404436fa7aaf7d5c15f1c66099dffc8cc644e0d,,True,False
CHEMBL449303,CHEMBL99668,GINSENOSIDE RB2,TOYOCAMYCIN,4,4,1,False,False,False,False,True,False,,,,,0404436fa7aaf7d5c15f1c66099dffc8cc644e0d,,True,False
CHEMBL449303,DRUGBANK:DB03509,GINSENOSIDE RB2,2-(4-Chlorophenyl)-5-Quinoxalinecarboxamide,4,4,1,False,False,False,False,True,False,,,,,0404436fa7aaf7d5c15f1c66099dffc8cc644e0d,,True,False
CHEMBL449303,DRUGBANK:DB03825,GINSENOSIDE RB2,Rhodamine 6G,4,4,1,False,False,False,False,True,False,,,,,0404436fa7aaf7d5c15f1c66099dffc8cc644e0d,,True,False
CHEMBL449303,DRUGBANK:DB04106,GINSENOSIDE RB2,Fotemustine,4,4,1,False,False,False,False,True,False,,,,,0404436fa7aaf7d5c15f1c66099dffc8cc644e0d,,True,False
CHEMBL449303,DRUGBANK:DB04900,GINSENOSIDE RB2,Thymalfasin,4,4,1,False,False,False,False,True,False,,,,,0404436fa7aaf7d5c15f1c66099dffc8cc644e0d,,True,False
CHEMBL449303,DRUGBANK:DB04907,GINSENOSIDE RB2,Sitimagene ceradenovec,4,4,1,False,False,False,False,True,False,,,,,0404436fa7aaf7d5c15f1c66099dffc8cc644e0d,,True,False
CHEMBL449303,DRUGBANK:DB04950,GINSENOSIDE RB2,Ranpirnase,4,4,1,False,False,False,False,True,False,,,,,0404436fa7aaf7d5c15f1c66099dffc8cc644e0d,,True,False
CHEMBL449303,DRUGBANK:DB05697,GINSENOSIDE RB2,Trabedersen,4,4,1,False,False,False,False,True,False,,,,,0404436fa7aaf7d5c15f1c66099dffc8cc644e0d,,True,False
CHEMBL449303,DRUGBANK:DB06021,GINSENOSIDE RB2,AV-412,4,4,1,False,False,False,False,True,False,,,,,0404436fa7aaf7d5c15f1c66099dffc8cc644e0d,,True,False
CHEMBL449303,DRUGBANK:DB06181,GINSENOSIDE RB2,EMD-1201081,4,4,1,False,False,False,False,True,False,,,,,0404436fa7aaf7d5c15f1c66099dffc8cc644e0d,,True,False
CHEMBL449303,DRUGBANK:DB06517,GINSENOSIDE RB2,MLN576,4,4,1,False,False,False,False,True,False,,,,,0404436fa7aaf7d5c15f1c66099dffc8cc644e0d,,True,False
CHEMBL449303,DRUGBANK:DB12083,GINSENOSIDE RB2,Mafosfamide,4,4,1,False,False,False,False,True,False,,,,,0404436fa7aaf7d5c15f1c66099dffc8cc644e0d,,True,False
CHEMBL449303,DRUGBANK:DB12182,GINSENOSIDE RB2,Binetrakin,4,4,1,False,False,False,False,True,False,,,,,0404436fa7aaf7d5c15f1c66099dffc8cc644e0d,,True,False
CHEMBL449303,DRUGBANK:DB12379,GINSENOSIDE RB2,Indirubin,4,4,1,False,False,False,False,True,False,,,,,0404436fa7aaf7d5c15f1c66099dffc8cc644e0d,,True,False
CHEMBL449303,DRUGBANK:DB13128,GINSENOSIDE RB2,Sizofiran,4,4,1,False,False,False,False,True,False,,,,,0404436fa7aaf7d5c15f1c66099dffc8cc644e0d,,True,False
CHEMBL449303,DRUGBANK:DB13480,GINSENOSIDE RB2,Lentinan,4,4,1,False,False,False,False,True,False,,,,,0404436fa7aaf7d5c15f1c66099dffc8cc644e0d,,True,False
CHEMBL449303,DRUGBANK:DB13647,GINSENOSIDE RB2,Semustine,4,4,1,False,False,False,False,True,False,,,,,0404436fa7aaf7d5c15f1c66099dffc8cc644e0d,,True,False
CHEMBL449303,DRUGBANK:DB13811,GINSENOSIDE RB2,Oblimersen,4,4,1,False,False,False,False,True,False,,,,,0404436fa7aaf7d5c15f1c66099dffc8cc644e0d,,True,False
CHEMBL449303,DRUGBANK:DB13896,GINSENOSIDE RB2,Talimogene laherparepvec,4,4,1,False,False,False,False,True,False,,,,,0404436fa7aaf7d5c15f1c66099dffc8cc644e0d,,True,False
CHEMBL449303,DRUGBANK:DB14865,GINSENOSIDE RB2,Human interleukin-2,4,4,1,False,False,False,False,True,False,,,,,0404436fa7aaf7d5c15f1c66099dffc8cc644e0d,,True,False
CHEMBL449303,DRUGBANK:DB14951,GINSENOSIDE RB2,Etirinotecan pegol,4,4,1,False,False,False,False,True,False,,,,,0404436fa7aaf7d5c15f1c66099dffc8cc644e0d,,True,False
CHEMBL449303,DRUGBANK:DB15699,GINSENOSIDE RB2,Brexucabtagene autoleucel,4,4,1,False,False,False,False,True,False,,,,,0404436fa7aaf7d5c15f1c66099dffc8cc644e0d,,True,False
CHEMBL4519121,CHEMBL4594351,MEVIDALEN HYDROXYBENZOATE,TAK-071,2,2,1,False,False,False,False,True,False,,,,,5fd6146b1737aba93e7224142ff43661bf49c59a,,True,False
CHEMBL452329,DRUGBANK:DB05830,TRESTOLONE ACETATE,Trestolone,146,408,1,False,True,False,False,False,False,,Trestolone,,,,,True,True
CHEMBL452329,DRUGBANK:DB01481,TRESTOLONE ACETATE,1-Testosterone,146,146,1,False,False,False,False,True,False,,,,,d156bafcc0b00c041b50f064ee5513e50b190c5f,,True,False
CHEMBL452329,DRUGBANK:DB13947,TRESTOLONE ACETATE,Testosterone enantate benzilic acid hydrazone,146,146,1,False,False,False,False,True,False,,,,,d156bafcc0b00c041b50f064ee5513e50b190c5f,,True,False
CHEMBL457299,DRUGBANK:DB09287,MACROGOL,Polyethylene glycol,2,481,1,False,True,False,False,False,False,,Macrogol,,,,,False,True
CHEMBL459,CHEMBL718,METHYLDOPA,METHYLDOPA (RACEMIC),1350,3,1,False,True,False,False,False,False,,Methyldopa,,,,,True,True
CHEMBL4594248,DRUGBANK:DB06773,CALCITONIN HUMAN,Human calcitonin,1,13,1,False,True,False,False,False,False,,Calcitonin (human),,,,,True,True
CHEMBL4594252,DRUGBANK:DB11342,ALUMINIUM OXIDE,Aluminum oxide,1,1,1,False,True,False,False,False,False,,Aluminium oxide,,,,,True,True
CHEMBL4594258,CHEMBL4650324,SELGANTOLIMOD,VEBICORVIR,2,2,1,False,False,False,False,True,False,,,,,88dceb079370736cc10984e9f81d0b5ec67dcfc1,,True,False
CHEMBL4594258,CHEMBL4650468,SELGANTOLIMOD,BEPIROVIRSEN,2,2,1,False,False,False,False,True,False,,,,,88dceb079370736cc10984e9f81d0b5ec67dcfc1,,True,False
CHEMBL4594282,CHEMBL4594283,NERINETIDE ACETATE,NERINETIDE HYDROCHLORIDE,3,3,1,False,False,False,False,True,False,,,,,176b2e2de86282c715c5edac745796ce5c595309,,False,False
CHEMBL4594306,CHEMBL4594392,DILPACIMAB,SERCLUTAMAB TALIRINE,2,2,1,False,False,False,False,True,False,,,,,1ddf2d7cf5c6ef91e22ab805b1ae8b0dfbaceb17,,True,False
CHEMBL4594306,CHEMBL4594432,DILPACIMAB,LY-3200882,2,2,1,False,False,False,False,True,False,,,,,1ddf2d7cf5c6ef91e22ab805b1ae8b0dfbaceb17,,True,False
CHEMBL4594306,CHEMBL4802207,DILPACIMAB,GSK-1795091,2,2,1,False,False,False,False,True,False,,,,,1ddf2d7cf5c6ef91e22ab805b1ae8b0dfbaceb17,,True,False
CHEMBL4594306,CHEMBL5095164,DILPACIMAB,OSUNPROTAFIB,2,2,1,False,False,False,False,True,False,,,,,1ddf2d7cf5c6ef91e22ab805b1ae8b0dfbaceb17,,True,False
CHEMBL4594306,CHEMBL5095359,DILPACIMAB,REOZALIMAB,2,2,1,False,False,False,False,True,False,,,,,1ddf2d7cf5c6ef91e22ab805b1ae8b0dfbaceb17,,True,False
CHEMBL4594306,CHEMBL5314911,DILPACIMAB,BMS-986310,2,2,1,False,False,False,False,True,False,,,,,1ddf2d7cf5c6ef91e22ab805b1ae8b0dfbaceb17,,True,False
CHEMBL4594320,CHEMBL4594329,AVALGLUCOSIDASE ALFA,CIPAGLUCOSIDASE ALFA,3,3,1,False,False,False,False,True,False,,,,,e5995588006171855f11937cf4bc63c2801d403a,,True,False
CHEMBL4594338,CHEMBL4650275,NEDOSIRAN SODIUM,LUMASIRAN SODIUM,2,2,1,False,False,False,False,True,False,,,,,69f2a22db7e6c709a1241df08ba10c4723869c3c,,True,False
CHEMBL4594392,CHEMBL4594432,SERCLUTAMAB TALIRINE,LY-3200882,2,2,1,False,False,False,False,True,False,,,,,1ddf2d7cf5c6ef91e22ab805b1ae8b0dfbaceb17,,True,False
CHEMBL4594392,CHEMBL4802207,SERCLUTAMAB TALIRINE,GSK-1795091,2,2,1,False,False,False,False,True,False,,,,,1ddf2d7cf5c6ef91e22ab805b1ae8b0dfbaceb17,,True,False
CHEMBL4594392,CHEMBL5095164,SERCLUTAMAB TALIRINE,OSUNPROTAFIB,2,2,1,False,False,False,False,True,False,,,,,1ddf2d7cf5c6ef91e22ab805b1ae8b0dfbaceb17,,True,False
CHEMBL4594392,CHEMBL5095359,SERCLUTAMAB TALIRINE,REOZALIMAB,2,2,1,False,False,False,False,True,False,,,,,1ddf2d7cf5c6ef91e22ab805b1ae8b0dfbaceb17,,True,False
CHEMBL4594392,CHEMBL5314911,SERCLUTAMAB TALIRINE,BMS-986310,2,2,1,False,False,False,False,True,False,,,,,1ddf2d7cf5c6ef91e22ab805b1ae8b0dfbaceb17,,True,False
CHEMBL4594407,CHEMBL504535,CARBACYCLIC PHOSPHATIDIC ACID,IMRECOXIB,2,2,1,False,False,False,False,True,False,,,,,1f0b0464b77c6c431faa74109bcdd776e3ee250b,,True,False
CHEMBL4594414,CHEMBL4594493,MITOQUINOL CATION,SARS-COV,2,2,1,False,False,False,False,True,False,,,,,b5bb4b27f0485dea88fb92aedcfcc151498d055e,,True,False
CHEMBL4594414,CHEMBL4650524,MITOQUINOL CATION,SOTROVIMAB,2,2,1,False,False,False,False,True,False,,,,,b5bb4b27f0485dea88fb92aedcfcc151498d055e,,True,False
CHEMBL4594414,CHEMBL4802204,MITOQUINOL CATION,ZORECIMERAN,2,2,1,False,False,False,False,True,False,,,,,b5bb4b27f0485dea88fb92aedcfcc151498d055e,,True,False
CHEMBL4594414,CHEMBL5095387,MITOQUINOL CATION,NVX-COV2373,2,2,1,False,False,False,False,True,False,,,,,b5bb4b27f0485dea88fb92aedcfcc151498d055e,,True,False
CHEMBL4594432,CHEMBL4802207,LY-3200882,GSK-1795091,2,2,1,False,False,False,False,True,False,,,,,1ddf2d7cf5c6ef91e22ab805b1ae8b0dfbaceb17,,True,False
CHEMBL4594432,CHEMBL5095164,LY-3200882,OSUNPROTAFIB,2,2,1,False,False,False,False,True,False,,,,,1ddf2d7cf5c6ef91e22ab805b1ae8b0dfbaceb17,,True,False
CHEMBL4594432,CHEMBL5095359,LY-3200882,REOZALIMAB,2,2,1,False,False,False,False,True,False,,,,,1ddf2d7cf5c6ef91e22ab805b1ae8b0dfbaceb17,,True,False
CHEMBL4594432,CHEMBL5314911,LY-3200882,BMS-986310,2,2,1,False,False,False,False,True,False,,,,,1ddf2d7cf5c6ef91e22ab805b1ae8b0dfbaceb17,,True,False
CHEMBL4594457,CHEMBL5095336,AL-78898A,LUSACOMFAR ALFA,2,2,1,False,False,False,False,True,False,,,,,a54d8e775b40cee0b4419c13ff219dacfd09b741,,True,False
CHEMBL4594485,CHEMBL4650328,OLAPTESED PEGOL,AVOTACICLIB,2,2,1,False,False,False,False,True,False,,,,,9fcd44109f246aae634c2406fb3f344975d422b7,,True,False
CHEMBL4594490,CHEMBL4650326,ILOFOTASE ALFA,TEREVALEFIM,2,2,1,False,False,False,False,True,False,,,,,57b44e08c8765fe65fb171688dbef1be1a2faef6,,False,False
CHEMBL4594493,CHEMBL4650524,SARS-COV,SOTROVIMAB,2,2,1,False,False,False,False,True,False,,,,,b5bb4b27f0485dea88fb92aedcfcc151498d055e,,True,False
CHEMBL4594493,CHEMBL4802204,SARS-COV,ZORECIMERAN,2,2,1,False,False,False,False,True,False,,,,,b5bb4b27f0485dea88fb92aedcfcc151498d055e,,True,False
CHEMBL4594493,CHEMBL5095387,SARS-COV,NVX-COV2373,2,2,1,False,False,False,False,True,False,,,,,b5bb4b27f0485dea88fb92aedcfcc151498d055e,,True,False
CHEMBL4594561,CHEMBL5095244,"INVAC-1, A DOUBLE STRANDED DNA PLASMID VACCINE CONSTRUCT ENCODING UBIQUITIN-HUMAN TELOMERASE REVERSE TRANSCRIPTASE (HTERT) FUSION PROTEIN",SAFIMALTIB,2,2,1,False,False,False,False,True,False,,,,,1c3189c22656b8b980ee0275ddb0245324a51eb7,,True,False
CHEMBL4594597,CHEMBL4785363,NEZASTOMIG,INOBRODIB,2,2,1,False,False,False,False,True,False,,,,,3819f3c75dfe3ad0eaa053a2a7c4e434fff1c47b,,True,False
CHEMBL4594597,CHEMBL4862963,NEZASTOMIG,BAVDEGALUTAMIDE,2,2,1,False,False,False,False,True,False,,,,,3819f3c75dfe3ad0eaa053a2a7c4e434fff1c47b,,True,False
CHEMBL460282,CHEMBL460287,MANNOSULFAN,ETOGLUCID,5,5,1,False,False,False,False,True,False,,,,,c2e9c1f4baff5d8ee195269a30fb7fee533be46c,,False,False
CHEMBL4650254,CHEMBL4650255,PACANALOTAMAB,PAVURUTAMAB,2,2,1,False,False,False,False,True,False,,,,,04fdae16667aa0f7e371700b7e325967823fe6fc,,True,False
CHEMBL4650254,CHEMBL4650266,PACANALOTAMAB,ZEVORCABTAGENE AUTOLEUCEL,2,2,1,False,False,False,False,True,False,,,,,04fdae16667aa0f7e371700b7e325967823fe6fc,,True,False
CHEMBL4650254,CHEMBL5095227,PACANALOTAMAB,CEMSIDOMIDE,2,2,1,False,False,False,False,True,False,,,,,04fdae16667aa0f7e371700b7e325967823fe6fc,,True,False
CHEMBL4650254,CHEMBL5095449,PACANALOTAMAB,MOTIXAFORTIDE ACETATE,2,2,1,False,False,False,False,True,False,,,,,04fdae16667aa0f7e371700b7e325967823fe6fc,,True,False
CHEMBL4650255,CHEMBL4650266,PAVURUTAMAB,ZEVORCABTAGENE AUTOLEUCEL,2,2,1,False,False,False,False,True,False,,,,,04fdae16667aa0f7e371700b7e325967823fe6fc,,True,False
CHEMBL4650255,CHEMBL5095227,PAVURUTAMAB,CEMSIDOMIDE,2,2,1,False,False,False,False,True,False,,,,,04fdae16667aa0f7e371700b7e325967823fe6fc,,True,False
CHEMBL4650255,CHEMBL5095449,PAVURUTAMAB,MOTIXAFORTIDE ACETATE,2,2,1,False,False,False,False,True,False,,,,,04fdae16667aa0f7e371700b7e325967823fe6fc,,True,False
CHEMBL4650263,CHEMBL4650438,OLEZARSEN SODIUM,OLEZARSEN,2,2,1,False,False,False,False,True,False,,,,,f606b63a7980070f0e2e4256eeb3cb3f6d4b08e6,,True,False
CHEMBL4650266,CHEMBL5095227,ZEVORCABTAGENE AUTOLEUCEL,CEMSIDOMIDE,2,2,1,False,False,False,False,True,False,,,,,04fdae16667aa0f7e371700b7e325967823fe6fc,,True,False
CHEMBL4650266,CHEMBL5095449,ZEVORCABTAGENE AUTOLEUCEL,MOTIXAFORTIDE ACETATE,2,2,1,False,False,False,False,True,False,,,,,04fdae16667aa0f7e371700b7e325967823fe6fc,,True,False
CHEMBL4650286,CHEMBL4800252,M4344,RISOVALISIB,3,3,1,False,False,False,False,True,False,,,,,b629f8f674004c00dd2b6c1dee708f488601a856,,True,False
CHEMBL4650324,CHEMBL4650468,VEBICORVIR,BEPIROVIRSEN,2,2,1,False,False,False,False,True,False,,,,,88dceb079370736cc10984e9f81d0b5ec67dcfc1,,True,False
CHEMBL4650367,CHEMBL4650443,SIRPIGLENASTAT,VEBRELTINIB,2,2,1,False,False,False,False,True,False,,,,,c9dfb90b261c7cda3c7a9981fd938a76a6f55ac7,,True,False
CHEMBL4650367,CHEMBL5095043,SIRPIGLENASTAT,ATAMPARIB,2,2,1,False,False,False,False,True,False,,,,,c9dfb90b261c7cda3c7a9981fd938a76a6f55ac7,,True,False
CHEMBL4650367,CHEMBL5095196,SIRPIGLENASTAT,SLC-391,2,2,1,False,False,False,False,True,False,,,,,c9dfb90b261c7cda3c7a9981fd938a76a6f55ac7,,True,False
CHEMBL4650367,CHEMBL5095260,SIRPIGLENASTAT,CAMONSERTIB,2,2,1,False,False,False,False,True,False,,,,,c9dfb90b261c7cda3c7a9981fd938a76a6f55ac7,,True,False
CHEMBL4650367,CHEMBL5095337,SIRPIGLENASTAT,ACASUNLIMAB,2,2,1,False,False,False,False,True,False,,,,,c9dfb90b261c7cda3c7a9981fd938a76a6f55ac7,,True,False
CHEMBL4650367,CHEMBL5095480,SIRPIGLENASTAT,DAVUTAMIG,2,2,1,False,False,False,False,True,False,,,,,c9dfb90b261c7cda3c7a9981fd938a76a6f55ac7,,True,False
CHEMBL4650367,CHEMBL5314412,SIRPIGLENASTAT,ZOTIZALKIB,2,2,1,False,False,False,False,True,False,,,,,c9dfb90b261c7cda3c7a9981fd938a76a6f55ac7,,True,False
CHEMBL4650367,CHEMBL5314987,SIRPIGLENASTAT,GOTISTOBART,2,2,1,False,False,False,False,True,False,,,,,c9dfb90b261c7cda3c7a9981fd938a76a6f55ac7,,True,False
CHEMBL4650367,CHEMBL5315010,SIRPIGLENASTAT,FALBIKITUG,2,2,1,False,False,False,False,True,False,,,,,c9dfb90b261c7cda3c7a9981fd938a76a6f55ac7,,True,False
CHEMBL4650367,CHEMBL5315023,SIRPIGLENASTAT,NEZUTATUG,2,2,1,False,False,False,False,True,False,,,,,c9dfb90b261c7cda3c7a9981fd938a76a6f55ac7,,True,False
CHEMBL4650406,CHEMBL4650518,LEVILIMAB,PLONMARLIMAB,2,2,1,False,False,False,False,True,False,,,,,9556f792f9d6e12b24f5f90629efc92a81cc5cd8,,True,False
CHEMBL4650443,CHEMBL5095043,VEBRELTINIB,ATAMPARIB,2,2,1,False,False,False,False,True,False,,,,,c9dfb90b261c7cda3c7a9981fd938a76a6f55ac7,,True,False
CHEMBL4650443,CHEMBL5095196,VEBRELTINIB,SLC-391,2,2,1,False,False,False,False,True,False,,,,,c9dfb90b261c7cda3c7a9981fd938a76a6f55ac7,,True,False
CHEMBL4650443,CHEMBL5095260,VEBRELTINIB,CAMONSERTIB,2,2,1,False,False,False,False,True,False,,,,,c9dfb90b261c7cda3c7a9981fd938a76a6f55ac7,,True,False
CHEMBL4650443,CHEMBL5095337,VEBRELTINIB,ACASUNLIMAB,2,2,1,False,False,False,False,True,False,,,,,c9dfb90b261c7cda3c7a9981fd938a76a6f55ac7,,True,False
CHEMBL4650443,CHEMBL5095480,VEBRELTINIB,DAVUTAMIG,2,2,1,False,False,False,False,True,False,,,,,c9dfb90b261c7cda3c7a9981fd938a76a6f55ac7,,True,False
CHEMBL4650443,CHEMBL5314412,VEBRELTINIB,ZOTIZALKIB,2,2,1,False,False,False,False,True,False,,,,,c9dfb90b261c7cda3c7a9981fd938a76a6f55ac7,,True,False
CHEMBL4650443,CHEMBL5314987,VEBRELTINIB,GOTISTOBART,2,2,1,False,False,False,False,True,False,,,,,c9dfb90b261c7cda3c7a9981fd938a76a6f55ac7,,True,False
CHEMBL4650443,CHEMBL5315010,VEBRELTINIB,FALBIKITUG,2,2,1,False,False,False,False,True,False,,,,,c9dfb90b261c7cda3c7a9981fd938a76a6f55ac7,,True,False
CHEMBL4650443,CHEMBL5315023,VEBRELTINIB,NEZUTATUG,2,2,1,False,False,False,False,True,False,,,,,c9dfb90b261c7cda3c7a9981fd938a76a6f55ac7,,True,False
CHEMBL4650470,CHEMBL5315028,EFPEGLENATIDE,NISOTIROSTIDE,3,3,1,False,False,False,False,True,False,,,,,64ecd181b3f8b7feb714a8c0ac56788cef3de6a2,,True,False
CHEMBL4650482,CHEMBL5314968,PIMIVALIMAB,UNECRITINIB,3,3,1,False,False,False,False,True,False,,,,,798ca20da0f57e95b59f36c51369537b85f9742f,,True,False
CHEMBL4650491,DRUGBANK:DB15654,ELASOMERAN,Moderna COVID-19 Vaccine,4,274,1,False,True,False,False,False,False,,Elasomeran,,,,,True,True
CHEMBL4650517,DRUGBANK:DB06584,MESMULOGENE ANCOVACIVEC,TG4010,1,274,1,False,True,False,False,False,False,,TG4010,,,,,True,True
CHEMBL4650524,CHEMBL4802204,SOTROVIMAB,ZORECIMERAN,2,2,1,False,False,False,False,True,False,,,,,b5bb4b27f0485dea88fb92aedcfcc151498d055e,,True,False
CHEMBL4650524,CHEMBL5095387,SOTROVIMAB,NVX-COV2373,2,2,1,False,False,False,False,True,False,,,,,b5bb4b27f0485dea88fb92aedcfcc151498d055e,,True,False
CHEMBL46817,CHEMBL47302,CHEMBL46817,CHEMBL47302,2,2,1,False,False,False,False,True,False,,,,,d2892b45df35238ede25490ba39fb212bc7c626b,,True,False
CHEMBL46817,CHEMBL48109,CHEMBL46817,CHEMBL48109,2,2,1,False,False,False,False,True,False,,,,,d2892b45df35238ede25490ba39fb212bc7c626b,,True,False
CHEMBL46817,CHEMBL482193,CHEMBL46817,CHEMBL482193,2,2,1,False,False,False,False,True,False,,,,,d2892b45df35238ede25490ba39fb212bc7c626b,,True,False
CHEMBL46817,CHEMBL518800,CHEMBL46817,CHEMBL518800,2,2,1,False,False,False,False,True,False,,,,,d2892b45df35238ede25490ba39fb212bc7c626b,,True,False
CHEMBL46817,CHEMBL525194,CHEMBL46817,CHEMBL525194,2,2,1,False,False,False,False,True,False,,,,,d2892b45df35238ede25490ba39fb212bc7c626b,,True,False
CHEMBL47,DRUGBANK:DB11251,ALPHA-TOCOPHEROL,Tocopherol,367,738,1,False,True,False,False,False,False,,(+)-α-tocopherol,,,,,True,True
CHEMBL47302,CHEMBL48109,CHEMBL47302,CHEMBL48109,2,2,1,False,False,False,False,True,False,,,,,d2892b45df35238ede25490ba39fb212bc7c626b,,True,False
CHEMBL47302,CHEMBL482193,CHEMBL47302,CHEMBL482193,2,2,1,False,False,False,False,True,False,,,,,d2892b45df35238ede25490ba39fb212bc7c626b,,True,False
CHEMBL47302,CHEMBL518800,CHEMBL47302,CHEMBL518800,2,2,1,False,False,False,False,True,False,,,,,d2892b45df35238ede25490ba39fb212bc7c626b,,True,False
CHEMBL47302,CHEMBL525194,CHEMBL47302,CHEMBL525194,2,2,1,False,False,False,False,True,False,,,,,d2892b45df35238ede25490ba39fb212bc7c626b,,True,False
CHEMBL47405,CHEMBL99668,ETANIDAZOLE,TOYOCAMYCIN,4,4,1,False,False,False,False,True,False,,,,,0404436fa7aaf7d5c15f1c66099dffc8cc644e0d,,True,False
CHEMBL47405,DRUGBANK:DB03509,ETANIDAZOLE,2-(4-Chlorophenyl)-5-Quinoxalinecarboxamide,4,4,1,False,False,False,False,True,False,,,,,0404436fa7aaf7d5c15f1c66099dffc8cc644e0d,,True,False
CHEMBL47405,DRUGBANK:DB03825,ETANIDAZOLE,Rhodamine 6G,4,4,1,False,False,False,False,True,False,,,,,0404436fa7aaf7d5c15f1c66099dffc8cc644e0d,,True,False
CHEMBL47405,DRUGBANK:DB04106,ETANIDAZOLE,Fotemustine,4,4,1,False,False,False,False,True,False,,,,,0404436fa7aaf7d5c15f1c66099dffc8cc644e0d,,True,False
CHEMBL47405,DRUGBANK:DB04900,ETANIDAZOLE,Thymalfasin,4,4,1,False,False,False,False,True,False,,,,,0404436fa7aaf7d5c15f1c66099dffc8cc644e0d,,True,False
CHEMBL47405,DRUGBANK:DB04907,ETANIDAZOLE,Sitimagene ceradenovec,4,4,1,False,False,False,False,True,False,,,,,0404436fa7aaf7d5c15f1c66099dffc8cc644e0d,,True,False
CHEMBL47405,DRUGBANK:DB04950,ETANIDAZOLE,Ranpirnase,4,4,1,False,False,False,False,True,False,,,,,0404436fa7aaf7d5c15f1c66099dffc8cc644e0d,,True,False
CHEMBL47405,DRUGBANK:DB05697,ETANIDAZOLE,Trabedersen,4,4,1,False,False,False,False,True,False,,,,,0404436fa7aaf7d5c15f1c66099dffc8cc644e0d,,True,False
CHEMBL47405,DRUGBANK:DB06021,ETANIDAZOLE,AV-412,4,4,1,False,False,False,False,True,False,,,,,0404436fa7aaf7d5c15f1c66099dffc8cc644e0d,,True,False
CHEMBL47405,DRUGBANK:DB06181,ETANIDAZOLE,EMD-1201081,4,4,1,False,False,False,False,True,False,,,,,0404436fa7aaf7d5c15f1c66099dffc8cc644e0d,,True,False
CHEMBL47405,DRUGBANK:DB06517,ETANIDAZOLE,MLN576,4,4,1,False,False,False,False,True,False,,,,,0404436fa7aaf7d5c15f1c66099dffc8cc644e0d,,True,False
CHEMBL47405,DRUGBANK:DB12083,ETANIDAZOLE,Mafosfamide,4,4,1,False,False,False,False,True,False,,,,,0404436fa7aaf7d5c15f1c66099dffc8cc644e0d,,True,False
CHEMBL47405,DRUGBANK:DB12182,ETANIDAZOLE,Binetrakin,4,4,1,False,False,False,False,True,False,,,,,0404436fa7aaf7d5c15f1c66099dffc8cc644e0d,,True,False
CHEMBL47405,DRUGBANK:DB12379,ETANIDAZOLE,Indirubin,4,4,1,False,False,False,False,True,False,,,,,0404436fa7aaf7d5c15f1c66099dffc8cc644e0d,,True,False
CHEMBL47405,DRUGBANK:DB13128,ETANIDAZOLE,Sizofiran,4,4,1,False,False,False,False,True,False,,,,,0404436fa7aaf7d5c15f1c66099dffc8cc644e0d,,True,False
CHEMBL47405,DRUGBANK:DB13480,ETANIDAZOLE,Lentinan,4,4,1,False,False,False,False,True,False,,,,,0404436fa7aaf7d5c15f1c66099dffc8cc644e0d,,True,False
CHEMBL47405,DRUGBANK:DB13647,ETANIDAZOLE,Semustine,4,4,1,False,False,False,False,True,False,,,,,0404436fa7aaf7d5c15f1c66099dffc8cc644e0d,,True,False
CHEMBL47405,DRUGBANK:DB13811,ETANIDAZOLE,Oblimersen,4,4,1,False,False,False,False,True,False,,,,,0404436fa7aaf7d5c15f1c66099dffc8cc644e0d,,True,False
CHEMBL47405,DRUGBANK:DB13896,ETANIDAZOLE,Talimogene laherparepvec,4,4,1,False,False,False,False,True,False,,,,,0404436fa7aaf7d5c15f1c66099dffc8cc644e0d,,True,False
CHEMBL47405,DRUGBANK:DB14865,ETANIDAZOLE,Human interleukin-2,4,4,1,False,False,False,False,True,False,,,,,0404436fa7aaf7d5c15f1c66099dffc8cc644e0d,,True,False
CHEMBL47405,DRUGBANK:DB14951,ETANIDAZOLE,Etirinotecan pegol,4,4,1,False,False,False,False,True,False,,,,,0404436fa7aaf7d5c15f1c66099dffc8cc644e0d,,True,False
CHEMBL47405,DRUGBANK:DB15699,ETANIDAZOLE,Brexucabtagene autoleucel,4,4,1,False,False,False,False,True,False,,,,,0404436fa7aaf7d5c15f1c66099dffc8cc644e0d,,True,False
CHEMBL4779850,DRUGBANK:DB15688,ANISODINE HYDROBROMIDE,Zavegepant,2,2,1,False,False,False,False,True,False,,,,,3b677549761769fba9f7745d8be360cc6dcad408,,True,False
CHEMBL478120,DRUGBANK:DB02237,MARBOFLOXACIN,Maltotetraose,19,19,1,False,False,False,False,True,False,,,,,a5f75572e455ef1428c04011b389f1c4c27c127d,,True,False
CHEMBL478120,DRUGBANK:DB04952,MARBOFLOXACIN,Ramoplanin,19,19,1,False,False,False,False,True,False,,,,,a5f75572e455ef1428c04011b389f1c4c27c127d,,True,False
CHEMBL478120,DRUGBANK:DB11375,MARBOFLOXACIN,Avilamycin,19,19,1,False,False,False,False,True,False,,,,,a5f75572e455ef1428c04011b389f1c4c27c127d,,True,False
CHEMBL478120,DRUGBANK:DB11377,MARBOFLOXACIN,Bambermycins,19,19,1,False,False,False,False,True,False,,,,,a5f75572e455ef1428c04011b389f1c4c27c127d,,True,False
CHEMBL478120,DRUGBANK:DB11401,MARBOFLOXACIN,Efrotomycin,19,19,1,False,False,False,False,True,False,,,,,a5f75572e455ef1428c04011b389f1c4c27c127d,,True,False
CHEMBL478120,DRUGBANK:DB11474,MARBOFLOXACIN,Tulathromycin A,19,19,1,False,False,False,False,True,False,,,,,a5f75572e455ef1428c04011b389f1c4c27c127d,,True,False
CHEMBL478120,DRUGBANK:DB13172,MARBOFLOXACIN,Tunicamycin,19,19,1,False,False,False,False,True,False,,,,,a5f75572e455ef1428c04011b389f1c4c27c127d,,True,False
CHEMBL478120,DRUGBANK:DB13704,MARBOFLOXACIN,Pristinamycin,19,19,1,False,False,False,False,True,False,,,,,a5f75572e455ef1428c04011b389f1c4c27c127d,,True,False
CHEMBL478120,DRUGBANK:DB13705,MARBOFLOXACIN,Decamethoxine,19,19,1,False,False,False,False,True,False,,,,,a5f75572e455ef1428c04011b389f1c4c27c127d,,True,False
CHEMBL478120,DRUGBANK:DB14051,MARBOFLOXACIN,Malacidin A,19,19,1,False,False,False,False,True,False,,,,,a5f75572e455ef1428c04011b389f1c4c27c127d,,True,False
CHEMBL478120,DRUGBANK:DB14052,MARBOFLOXACIN,Malacidin B,19,19,1,False,False,False,False,True,False,,,,,a5f75572e455ef1428c04011b389f1c4c27c127d,,True,False
CHEMBL478120,DRUGBANK:DB15657,MARBOFLOXACIN,Ala-geninthiocin,19,19,1,False,False,False,False,True,False,,,,,a5f75572e455ef1428c04011b389f1c4c27c127d,,True,False
CHEMBL4785363,CHEMBL4862963,INOBRODIB,BAVDEGALUTAMIDE,2,2,1,False,False,False,False,True,False,,,,,3819f3c75dfe3ad0eaa053a2a7c4e434fff1c47b,,True,False
CHEMBL4802204,CHEMBL5095387,ZORECIMERAN,NVX-COV2373,2,2,1,False,False,False,False,True,False,,,,,b5bb4b27f0485dea88fb92aedcfcc151498d055e,,True,False
CHEMBL4802207,CHEMBL5095164,GSK-1795091,OSUNPROTAFIB,2,2,1,False,False,False,False,True,False,,,,,1ddf2d7cf5c6ef91e22ab805b1ae8b0dfbaceb17,,True,False
CHEMBL4802207,CHEMBL5095359,GSK-1795091,REOZALIMAB,2,2,1,False,False,False,False,True,False,,,,,1ddf2d7cf5c6ef91e22ab805b1ae8b0dfbaceb17,,True,False
CHEMBL4802207,CHEMBL5314911,GSK-1795091,BMS-986310,2,2,1,False,False,False,False,True,False,,,,,1ddf2d7cf5c6ef91e22ab805b1ae8b0dfbaceb17,,True,False
CHEMBL4802214,CHEMBL5315011,LUFOTRELVIR,SIPAVIBART,2,2,1,False,False,False,False,True,False,,,,,fcd02fb80d757de20b0235b05b417437fc88aa68,,True,False
CHEMBL4802224,DRUGBANK:DB00893,FERRIC OXYHYDROXIDE,Iron Dextran,1,137,1,False,True,False,False,False,False,,Iron dextran,,,,,True,True
CHEMBL4802260,CHEMBL5095341,LILOTOMAB,EPACMARSTOBART,2,2,1,False,False,False,False,True,False,,,,,ad82058efa32558e5486dcc523740f9a2fccc25b,,True,False
CHEMBL4802260,CHEMBL5095378,LILOTOMAB,ENGLUMAFUSP ALFA,2,2,1,False,False,False,False,True,False,,,,,ad82058efa32558e5486dcc523740f9a2fccc25b,,True,False
CHEMBL48109,CHEMBL482193,CHEMBL48109,CHEMBL482193,2,2,1,False,False,False,False,True,False,,,,,d2892b45df35238ede25490ba39fb212bc7c626b,,True,False
CHEMBL48109,CHEMBL518800,CHEMBL48109,CHEMBL518800,2,2,1,False,False,False,False,True,False,,,,,d2892b45df35238ede25490ba39fb212bc7c626b,,True,False
CHEMBL48109,CHEMBL525194,CHEMBL48109,CHEMBL525194,2,2,1,False,False,False,False,True,False,,,,,d2892b45df35238ede25490ba39fb212bc7c626b,,True,False
CHEMBL482193,CHEMBL518800,CHEMBL482193,CHEMBL518800,2,2,1,False,False,False,False,True,False,,,,,d2892b45df35238ede25490ba39fb212bc7c626b,,True,False
CHEMBL482193,CHEMBL525194,CHEMBL482193,CHEMBL525194,2,2,1,False,False,False,False,True,False,,,,,d2892b45df35238ede25490ba39fb212bc7c626b,,True,False
CHEMBL482968,CHEMBL52885,ENMD-2076,ENMD-981693,11,6,1,False,True,False,False,False,False,,ENMD-2076,,,,,True,True
CHEMBL485696,CHEMBL485940,SULFISOMIDINE,SULFAMETOMIDINE,110,110,1,False,False,False,False,True,False,,,,,b4500f44f29f208eff9b18ef149299f751f81fda,,False,False
CHEMBL486174,CHEMBL514315,PECILOCIN,NIFURATEL,14,14,1,False,False,False,False,True,False,,,,,1f56b0b7dbcbc946198137d79c7c6e1c25d17605,,True,False
CHEMBL486174,CHEMBL97972,PECILOCIN,PYRROLNITRIN,14,14,1,False,False,False,False,True,False,,,,,1f56b0b7dbcbc946198137d79c7c6e1c25d17605,,True,False
CHEMBL486174,DRUGBANK:DB14058,PECILOCIN,Basifungin,14,14,1,False,False,False,False,True,False,,,,,1f56b0b7dbcbc946198137d79c7c6e1c25d17605,,True,False
CHEMBL490672,CHEMBL562967,FILIBUVIR,MERICITABINE,2,2,1,False,False,False,False,True,False,,,,,b806c3173fc3927bca13affa020f19fa854dc358,,True,False
CHEMBL49642,CHEMBL5199076,INDIBULIN,LUNRESERTIB,3,3,1,False,False,False,False,True,False,,,,,aefdbbf30371ec0d2b8aa5376433c83b30eb7e80,,True,False
CHEMBL499458,CHEMBL90555,CHEMBL499458,VINCRISTINE,1176,84,1,False,True,False,False,False,False,,Vincristine,,,,,False,True
CHEMBL5095024,DRUGBANK:DB06021,MP-412,AV-412,3,4,1,False,True,False,False,False,False,,AV-412,,,,,True,True
CHEMBL5095043,CHEMBL5095196,ATAMPARIB,SLC-391,2,2,1,False,False,False,False,True,False,,,,,c9dfb90b261c7cda3c7a9981fd938a76a6f55ac7,,True,False
CHEMBL5095043,CHEMBL5095260,ATAMPARIB,CAMONSERTIB,2,2,1,False,False,False,False,True,False,,,,,c9dfb90b261c7cda3c7a9981fd938a76a6f55ac7,,True,False
CHEMBL5095043,CHEMBL5095337,ATAMPARIB,ACASUNLIMAB,2,2,1,False,False,False,False,True,False,,,,,c9dfb90b261c7cda3c7a9981fd938a76a6f55ac7,,True,False
CHEMBL5095043,CHEMBL5095480,ATAMPARIB,DAVUTAMIG,2,2,1,False,False,False,False,True,False,,,,,c9dfb90b261c7cda3c7a9981fd938a76a6f55ac7,,True,False
CHEMBL5095043,CHEMBL5314412,ATAMPARIB,ZOTIZALKIB,2,2,1,False,False,False,False,True,False,,,,,c9dfb90b261c7cda3c7a9981fd938a76a6f55ac7,,True,False
CHEMBL5095043,CHEMBL5314987,ATAMPARIB,GOTISTOBART,2,2,1,False,False,False,False,True,False,,,,,c9dfb90b261c7cda3c7a9981fd938a76a6f55ac7,,True,False
CHEMBL5095043,CHEMBL5315010,ATAMPARIB,FALBIKITUG,2,2,1,False,False,False,False,True,False,,,,,c9dfb90b261c7cda3c7a9981fd938a76a6f55ac7,,True,False
CHEMBL5095043,CHEMBL5315023,ATAMPARIB,NEZUTATUG,2,2,1,False,False,False,False,True,False,,,,,c9dfb90b261c7cda3c7a9981fd938a76a6f55ac7,,True,False
CHEMBL5095164,CHEMBL5095359,OSUNPROTAFIB,REOZALIMAB,2,2,1,False,False,False,False,True,False,,,,,1ddf2d7cf5c6ef91e22ab805b1ae8b0dfbaceb17,,True,False
CHEMBL5095164,CHEMBL5314911,OSUNPROTAFIB,BMS-986310,2,2,1,False,False,False,False,True,False,,,,,1ddf2d7cf5c6ef91e22ab805b1ae8b0dfbaceb17,,True,False
CHEMBL5095183,CHEMBL5095210,IMLUNESTRANT,VEPDEGESTRANT,3,3,1,False,False,False,False,True,False,,,,,b14675d5ec5c209a5ec12d9ec572bfbf4f773b82,,True,False
CHEMBL5095194,CHEMBL5314991,RBT-9,LSALT PEPTIDE,2,2,1,False,False,False,False,True,False,,,,,3e5083d1deb17437afb92e0e76fb0cf7f963f72f,,False,False
CHEMBL5095196,CHEMBL5095260,SLC-391,CAMONSERTIB,2,2,1,False,False,False,False,True,False,,,,,c9dfb90b261c7cda3c7a9981fd938a76a6f55ac7,,True,False
CHEMBL5095196,CHEMBL5095337,SLC-391,ACASUNLIMAB,2,2,1,False,False,False,False,True,False,,,,,c9dfb90b261c7cda3c7a9981fd938a76a6f55ac7,,True,False
CHEMBL5095196,CHEMBL5095480,SLC-391,DAVUTAMIG,2,2,1,False,False,False,False,True,False,,,,,c9dfb90b261c7cda3c7a9981fd938a76a6f55ac7,,True,False
CHEMBL5095196,CHEMBL5314412,SLC-391,ZOTIZALKIB,2,2,1,False,False,False,False,True,False,,,,,c9dfb90b261c7cda3c7a9981fd938a76a6f55ac7,,True,False
CHEMBL5095196,CHEMBL5314987,SLC-391,GOTISTOBART,2,2,1,False,False,False,False,True,False,,,,,c9dfb90b261c7cda3c7a9981fd938a76a6f55ac7,,True,False
CHEMBL5095196,CHEMBL5315010,SLC-391,FALBIKITUG,2,2,1,False,False,False,False,True,False,,,,,c9dfb90b261c7cda3c7a9981fd938a76a6f55ac7,,True,False
CHEMBL5095196,CHEMBL5315023,SLC-391,NEZUTATUG,2,2,1,False,False,False,False,True,False,,,,,c9dfb90b261c7cda3c7a9981fd938a76a6f55ac7,,True,False
CHEMBL5095227,CHEMBL5095449,CEMSIDOMIDE,MOTIXAFORTIDE ACETATE,2,2,1,False,False,False,False,True,False,,,,,04fdae16667aa0f7e371700b7e325967823fe6fc,,True,False
CHEMBL5095260,CHEMBL5095337,CAMONSERTIB,ACASUNLIMAB,2,2,1,False,False,False,False,True,False,,,,,c9dfb90b261c7cda3c7a9981fd938a76a6f55ac7,,True,False
CHEMBL5095260,CHEMBL5095480,CAMONSERTIB,DAVUTAMIG,2,2,1,False,False,False,False,True,False,,,,,c9dfb90b261c7cda3c7a9981fd938a76a6f55ac7,,True,False
CHEMBL5095260,CHEMBL5314412,CAMONSERTIB,ZOTIZALKIB,2,2,1,False,False,False,False,True,False,,,,,c9dfb90b261c7cda3c7a9981fd938a76a6f55ac7,,True,False
CHEMBL5095260,CHEMBL5314987,CAMONSERTIB,GOTISTOBART,2,2,1,False,False,False,False,True,False,,,,,c9dfb90b261c7cda3c7a9981fd938a76a6f55ac7,,True,False
CHEMBL5095260,CHEMBL5315010,CAMONSERTIB,FALBIKITUG,2,2,1,False,False,False,False,True,False,,,,,c9dfb90b261c7cda3c7a9981fd938a76a6f55ac7,,True,False
CHEMBL5095260,CHEMBL5315023,CAMONSERTIB,NEZUTATUG,2,2,1,False,False,False,False,True,False,,,,,c9dfb90b261c7cda3c7a9981fd938a76a6f55ac7,,True,False
CHEMBL5095285,CHEMBL5095312,OZURIFTAMAB VEDOTIN,MECBOTAMAB VEDOTIN,2,2,1,False,False,False,False,True,False,,,,,8c0c5716ea0233c79e19e687213c21a6b1218064,,True,False
CHEMBL5095285,CHEMBL5315039,OZURIFTAMAB VEDOTIN,SUVEMCITUG,2,2,1,False,False,False,False,True,False,,,,,8c0c5716ea0233c79e19e687213c21a6b1218064,,True,False
CHEMBL5095305,CHEMBL70971,DAVOCETICEPT,CARBENDAZIM,2,2,1,False,False,False,False,True,False,,,,,71f1b5ddded6671cac6a5fedcd79d2577ef8b77e,,True,False
CHEMBL5095312,CHEMBL5315039,MECBOTAMAB VEDOTIN,SUVEMCITUG,2,2,1,False,False,False,False,True,False,,,,,8c0c5716ea0233c79e19e687213c21a6b1218064,,True,False
CHEMBL5095313,CHEMBL5095478,FESOMERSEN SODIUM,FESOMERSEN,3,3,1,False,False,False,False,True,False,,,,,325e596c713c429b2f4c299d76e82eb38ef10d2f,,False,False
CHEMBL5095328,CHEMBL5314411,TEZEMLIMOGENE DAXADENOREPVEC,EPITINIB,2,2,1,False,False,False,False,True,False,,,,,7d3661b19b131f0dd398850ac7e34cca28ebb3b3,,True,False
CHEMBL5095328,CHEMBL5314926,TEZEMLIMOGENE DAXADENOREPVEC,RMC-5552,2,2,1,False,False,False,False,True,False,,,,,7d3661b19b131f0dd398850ac7e34cca28ebb3b3,,True,False
CHEMBL5095337,CHEMBL5095480,ACASUNLIMAB,DAVUTAMIG,2,2,1,False,False,False,False,True,False,,,,,c9dfb90b261c7cda3c7a9981fd938a76a6f55ac7,,True,False
CHEMBL5095337,CHEMBL5314412,ACASUNLIMAB,ZOTIZALKIB,2,2,1,False,False,False,False,True,False,,,,,c9dfb90b261c7cda3c7a9981fd938a76a6f55ac7,,True,False
CHEMBL5095337,CHEMBL5314987,ACASUNLIMAB,GOTISTOBART,2,2,1,False,False,False,False,True,False,,,,,c9dfb90b261c7cda3c7a9981fd938a76a6f55ac7,,True,False
CHEMBL5095337,CHEMBL5315010,ACASUNLIMAB,FALBIKITUG,2,2,1,False,False,False,False,True,False,,,,,c9dfb90b261c7cda3c7a9981fd938a76a6f55ac7,,True,False
CHEMBL5095337,CHEMBL5315023,ACASUNLIMAB,NEZUTATUG,2,2,1,False,False,False,False,True,False,,,,,c9dfb90b261c7cda3c7a9981fd938a76a6f55ac7,,True,False
CHEMBL5095341,CHEMBL5095378,EPACMARSTOBART,ENGLUMAFUSP ALFA,2,2,1,False,False,False,False,True,False,,,,,ad82058efa32558e5486dcc523740f9a2fccc25b,,True,False
CHEMBL5095359,CHEMBL5314911,REOZALIMAB,BMS-986310,2,2,1,False,False,False,False,True,False,,,,,1ddf2d7cf5c6ef91e22ab805b1ae8b0dfbaceb17,,True,False
CHEMBL5095389,DRUGBANK:DB10803,SALMONELLA TYPHI TY2 VI POLYSACCHARIDE ANTIGEN,Typhoid Vi polysaccharide vaccine,3,274,1,False,True,False,False,False,False,,Salmonella typhi TY2 Vi polysaccharide antigen,,,,,True,True
CHEMBL5095421,CHEMBL5314571,EMAVUSERTIB HYDROCHLORIDE,EMAVUSERTIB MALEATE,3,3,1,False,False,False,False,True,False,,,,,b71122a0f33b9ce99a09cfcc4c8411a2c568ce1a,,False,False
CHEMBL5095421,CHEMBL5314572,EMAVUSERTIB HYDROCHLORIDE,EMAVUSERTIB MESYLATE,3,3,1,False,False,False,False,True,False,,,,,b71122a0f33b9ce99a09cfcc4c8411a2c568ce1a,,False,False
CHEMBL5095421,CHEMBL5314573,EMAVUSERTIB HYDROCHLORIDE,EMAVUSERTIB PHOSPHATE,3,3,1,False,False,False,False,True,False,,,,,b71122a0f33b9ce99a09cfcc4c8411a2c568ce1a,,False,False
CHEMBL5095421,CHEMBL5314574,EMAVUSERTIB HYDROCHLORIDE,EMAVUSERTIB TOSYLATE,3,3,1,False,False,False,False,True,False,,,,,b71122a0f33b9ce99a09cfcc4c8411a2c568ce1a,,False,False
CHEMBL5095437,DRUGBANK:DB14256,CENTELLA ASIATICA EXTRACT,Centella asiatica,1,88,1,False,True,False,False,False,False,,Centella Asiatica Extract,,,,,True,True
CHEMBL5095438,CHEMBL5095461,COBNABEXAGENE ANVUPARVOVEC,GILAVEBEXAGENE ANVUPARVOVEC,2,2,1,False,False,False,False,True,False,,,,,34aa1c1231e24ac9bdc3c21c92397e66ba46eec3,,True,False
CHEMBL5095480,CHEMBL5314412,DAVUTAMIG,ZOTIZALKIB,2,2,1,False,False,False,False,True,False,,,,,c9dfb90b261c7cda3c7a9981fd938a76a6f55ac7,,True,False
CHEMBL5095480,CHEMBL5314987,DAVUTAMIG,GOTISTOBART,2,2,1,False,False,False,False,True,False,,,,,c9dfb90b261c7cda3c7a9981fd938a76a6f55ac7,,True,False
CHEMBL5095480,CHEMBL5315010,DAVUTAMIG,FALBIKITUG,2,2,1,False,False,False,False,True,False,,,,,c9dfb90b261c7cda3c7a9981fd938a76a6f55ac7,,True,False
CHEMBL5095480,CHEMBL5315023,DAVUTAMIG,NEZUTATUG,2,2,1,False,False,False,False,True,False,,,,,c9dfb90b261c7cda3c7a9981fd938a76a6f55ac7,,True,False
CHEMBL51149,CHEMBL523367,GALLOPAMIL,METHOXYVERAPAMIL,915,1,1,False,True,False,False,False,False,,Gallopamil,,,,,True,True
CHEMBL514315,CHEMBL97972,NIFURATEL,PYRROLNITRIN,14,14,1,False,False,False,False,True,False,,,,,1f56b0b7dbcbc946198137d79c7c6e1c25d17605,,True,False
CHEMBL514315,DRUGBANK:DB14058,NIFURATEL,Basifungin,14,14,1,False,False,False,False,True,False,,,,,1f56b0b7dbcbc946198137d79c7c6e1c25d17605,,True,False
CHEMBL518800,CHEMBL525194,CHEMBL518800,CHEMBL525194,2,2,1,False,False,False,False,True,False,,,,,d2892b45df35238ede25490ba39fb212bc7c626b,,True,False
CHEMBL5314344,DRUGBANK:DB13704,MIKAMYCIN,Pristinamycin,2,19,1,False,True,False,False,False,False,,Pristinamycin,,,,,True,True
CHEMBL5314358,DRUGBANK:DB04465,"LACTOSE, ANHYDROUS",Lactose,25,3,1,False,True,False,False,False,False,,Lactose,,,,,False,True
CHEMBL5314362,CHEMBL713,ENTECAVIR,ENTECAVIR ANHYDROUS,13,353,1,False,True,False,False,False,False,,Entecavir,,,,,False,True
CHEMBL5314390,CHEMBL5316170,CEP-2563 DIHYDROCHLORIDE,CEP-2563,1,1,1,False,True,False,False,False,False,,Cep-2563,,,,,False,True
CHEMBL5314411,CHEMBL5314926,EPITINIB,RMC-5552,2,2,1,False,False,False,False,True,False,,,,,7d3661b19b131f0dd398850ac7e34cca28ebb3b3,,True,False
CHEMBL5314412,CHEMBL5314987,ZOTIZALKIB,GOTISTOBART,2,2,1,False,False,False,False,True,False,,,,,c9dfb90b261c7cda3c7a9981fd938a76a6f55ac7,,True,False
CHEMBL5314412,CHEMBL5315010,ZOTIZALKIB,FALBIKITUG,2,2,1,False,False,False,False,True,False,,,,,c9dfb90b261c7cda3c7a9981fd938a76a6f55ac7,,True,False
CHEMBL5314412,CHEMBL5315023,ZOTIZALKIB,NEZUTATUG,2,2,1,False,False,False,False,True,False,,,,,c9dfb90b261c7cda3c7a9981fd938a76a6f55ac7,,True,False
CHEMBL5314571,CHEMBL5314572,EMAVUSERTIB MALEATE,EMAVUSERTIB MESYLATE,3,3,1,False,False,False,False,True,False,,,,,b71122a0f33b9ce99a09cfcc4c8411a2c568ce1a,,False,False
CHEMBL5314571,CHEMBL5314573,EMAVUSERTIB MALEATE,EMAVUSERTIB PHOSPHATE,3,3,1,False,False,False,False,True,False,,,,,b71122a0f33b9ce99a09cfcc4c8411a2c568ce1a,,False,False
CHEMBL5314571,CHEMBL5314574,EMAVUSERTIB MALEATE,EMAVUSERTIB TOSYLATE,3,3,1,False,False,False,False,True,False,,,,,b71122a0f33b9ce99a09cfcc4c8411a2c568ce1a,,False,False
CHEMBL5314572,CHEMBL5314573,EMAVUSERTIB MESYLATE,EMAVUSERTIB PHOSPHATE,3,3,1,False,False,False,False,True,False,,,,,b71122a0f33b9ce99a09cfcc4c8411a2c568ce1a,,False,False
CHEMBL5314572,CHEMBL5314574,EMAVUSERTIB MESYLATE,EMAVUSERTIB TOSYLATE,3,3,1,False,False,False,False,True,False,,,,,b71122a0f33b9ce99a09cfcc4c8411a2c568ce1a,,False,False
CHEMBL5314573,CHEMBL5314574,EMAVUSERTIB PHOSPHATE,EMAVUSERTIB TOSYLATE,3,3,1,False,False,False,False,True,False,,,,,b71122a0f33b9ce99a09cfcc4c8411a2c568ce1a,,False,False
CHEMBL5314617,CHEMBL5314618,TARCOCIMAB,TEDROMER,3,3,1,False,False,False,False,True,False,,,,,ce077e3948d54e3dc4728dd1ce635c76178a9742,,True,False
CHEMBL5314915,CHEMBL596186,DSP-5336,ARA-5'-CMP,2,2,1,False,False,False,False,True,False,,,,,3b8777889933dbc288a233b3440d71b4f356bddf,,True,False
CHEMBL5314987,CHEMBL5315010,GOTISTOBART,FALBIKITUG,2,2,1,False,False,False,False,True,False,,,,,c9dfb90b261c7cda3c7a9981fd938a76a6f55ac7,,True,False
CHEMBL5314987,CHEMBL5315023,GOTISTOBART,NEZUTATUG,2,2,1,False,False,False,False,True,False,,,,,c9dfb90b261c7cda3c7a9981fd938a76a6f55ac7,,True,False
CHEMBL5315010,CHEMBL5315023,FALBIKITUG,NEZUTATUG,2,2,1,False,False,False,False,True,False,,,,,c9dfb90b261c7cda3c7a9981fd938a76a6f55ac7,,True,False
CHEMBL5315064,DRUGBANK:DB00066,FOLLITROPIN DELTA,Follitropin,1,187,1,False,True,False,False,False,False,,Follitropin delta,,,,,True,True
CHEMBL5315068,DRUGBANK:DB09077,DINUTUXIMAB BETA,Dinutuximab,1,1015,1,False,True,False,False,False,False,,Dinutuximab beta,,,,,True,True
CHEMBL5315087,DRUGBANK:DB11312,PROTEIN C CONCENTRATE (HUMAN),Protein C,3,633,1,False,True,False,False,False,False,,Protein C concentrate (human),,,,,True,True
CHEMBL5315126,DRUGBANK:DB00066,FOLLITROPIN BETA,Follitropin,2,187,1,False,True,False,False,False,False,,Follitropin beta,,,,,True,True
CHEMBL53904,CHEMBL87385,ZUCLOPENTHIXOL,CLOPENTHIXOL,1786,1,1,False,True,False,False,False,False,,Clopenthixol,,,,,True,True
CHEMBL53904,DRUGBANK:DB13841,ZUCLOPENTHIXOL,Clopenthixol,1786,781,1,False,True,False,False,False,False,,Clopenthixol,,,,,False,True
CHEMBL567597,CHEMBL77,ARTEMISININ,ARTEMISIN,3,1,1,False,True,False,False,False,False,,Artemisin,,,,,True,True
CHEMBL76029,CHEMBL77562,CHEMBL76029,"1,3,5-Benzenetricarboxylic Acid",3,3,1,False,False,False,False,True,False,,,,,bd73c24e208862283920f8958bfa06119c797809,,True,False
CHEMBL885,DRUGBANK:DB12753,EMTRICITABINE,Racivir,806,12,1,False,True,False,False,False,False,,(+/-)-Emtricitabine,,,,,True,True
CHEMBL97972,DRUGBANK:DB14058,PYRROLNITRIN,Basifungin,14,14,1,False,False,False,False,True,False,,,,,1f56b0b7dbcbc946198137d79c7c6e1c25d17605,,True,False
CHEMBL99668,DRUGBANK:DB03509,TOYOCAMYCIN,2-(4-Chlorophenyl)-5-Quinoxalinecarboxamide,4,4,1,False,False,False,False,True,False,,,,,0404436fa7aaf7d5c15f1c66099dffc8cc644e0d,,True,False
CHEMBL99668,DRUGBANK:DB03825,TOYOCAMYCIN,Rhodamine 6G,4,4,1,False,False,False,False,True,False,,,,,0404436fa7aaf7d5c15f1c66099dffc8cc644e0d,,True,False
CHEMBL99668,DRUGBANK:DB04106,TOYOCAMYCIN,Fotemustine,4,4,1,False,False,False,False,True,False,,,,,0404436fa7aaf7d5c15f1c66099dffc8cc644e0d,,True,False
CHEMBL99668,DRUGBANK:DB04900,TOYOCAMYCIN,Thymalfasin,4,4,1,False,False,False,False,True,False,,,,,0404436fa7aaf7d5c15f1c66099dffc8cc644e0d,,True,False
CHEMBL99668,DRUGBANK:DB04907,TOYOCAMYCIN,Sitimagene ceradenovec,4,4,1,False,False,False,False,True,False,,,,,0404436fa7aaf7d5c15f1c66099dffc8cc644e0d,,True,False
CHEMBL99668,DRUGBANK:DB04950,TOYOCAMYCIN,Ranpirnase,4,4,1,False,False,False,False,True,False,,,,,0404436fa7aaf7d5c15f1c66099dffc8cc644e0d,,True,False
CHEMBL99668,DRUGBANK:DB05697,TOYOCAMYCIN,Trabedersen,4,4,1,False,False,False,False,True,False,,,,,0404436fa7aaf7d5c15f1c66099dffc8cc644e0d,,True,False
CHEMBL99668,DRUGBANK:DB06021,TOYOCAMYCIN,AV-412,4,4,1,False,False,False,False,True,False,,,,,0404436fa7aaf7d5c15f1c66099dffc8cc644e0d,,True,False
CHEMBL99668,DRUGBANK:DB06181,TOYOCAMYCIN,EMD-1201081,4,4,1,False,False,False,False,True,False,,,,,0404436fa7aaf7d5c15f1c66099dffc8cc644e0d,,True,False
CHEMBL99668,DRUGBANK:DB06517,TOYOCAMYCIN,MLN576,4,4,1,False,False,False,False,True,False,,,,,0404436fa7aaf7d5c15f1c66099dffc8cc644e0d,,True,False
CHEMBL99668,DRUGBANK:DB12083,TOYOCAMYCIN,Mafosfamide,4,4,1,False,False,False,False,True,False,,,,,0404436fa7aaf7d5c15f1c66099dffc8cc644e0d,,True,False
CHEMBL99668,DRUGBANK:DB12182,TOYOCAMYCIN,Binetrakin,4,4,1,False,False,False,False,True,False,,,,,0404436fa7aaf7d5c15f1c66099dffc8cc644e0d,,True,False
CHEMBL99668,DRUGBANK:DB12379,TOYOCAMYCIN,Indirubin,4,4,1,False,False,False,False,True,False,,,,,0404436fa7aaf7d5c15f1c66099dffc8cc644e0d,,True,False
CHEMBL99668,DRUGBANK:DB13128,TOYOCAMYCIN,Sizofiran,4,4,1,False,False,False,False,True,False,,,,,0404436fa7aaf7d5c15f1c66099dffc8cc644e0d,,True,False
CHEMBL99668,DRUGBANK:DB13480,TOYOCAMYCIN,Lentinan,4,4,1,False,False,False,False,True,False,,,,,0404436fa7aaf7d5c15f1c66099dffc8cc644e0d,,True,False
CHEMBL99668,DRUGBANK:DB13647,TOYOCAMYCIN,Semustine,4,4,1,False,False,False,False,True,False,,,,,0404436fa7aaf7d5c15f1c66099dffc8cc644e0d,,True,False
CHEMBL99668,DRUGBANK:DB13811,TOYOCAMYCIN,Oblimersen,4,4,1,False,False,False,False,True,False,,,,,0404436fa7aaf7d5c15f1c66099dffc8cc644e0d,,True,False
CHEMBL99668,DRUGBANK:DB13896,TOYOCAMYCIN,Talimogene laherparepvec,4,4,1,False,False,False,False,True,False,,,,,0404436fa7aaf7d5c15f1c66099dffc8cc644e0d,,True,False
CHEMBL99668,DRUGBANK:DB14865,TOYOCAMYCIN,Human interleukin-2,4,4,1,False,False,False,False,True,False,,,,,0404436fa7aaf7d5c15f1c66099dffc8cc644e0d,,True,False
CHEMBL99668,DRUGBANK:DB14951,TOYOCAMYCIN,Etirinotecan pegol,4,4,1,False,False,False,False,True,False,,,,,0404436fa7aaf7d5c15f1c66099dffc8cc644e0d,,True,False
CHEMBL99668,DRUGBANK:DB15699,TOYOCAMYCIN,Brexucabtagene autoleucel,4,4,1,False,False,False,False,True,False,,,,,0404436fa7aaf7d5c15f1c66099dffc8cc644e0d,,True,False
DRUGBANK:DB00023,DRUGBANK:DB08886,Asparaginase Escherichia coli,Asparaginase Erwinia chrysanthemi,26,26,1,False,False,False,False,True,False,,,,,1c04f9f4e33a98fca51f61b063730a077a11ddca,,False,False
DRUGBANK:DB00025,DRUGBANK:DB09109,"Antihemophilic factor, human recombinant",Turoctocog alfa,96,96,1,False,False,False,False,True,False,,,,,69e11cbd53ab7e2593a35778a44f2d5ee11ee8d4,,False,False
DRUGBANK:DB00025,DRUGBANK:DB13999,"Antihemophilic factor, human recombinant",Moroctocog alfa,96,96,1,False,False,False,False,True,False,,,,,69e11cbd53ab7e2593a35778a44f2d5ee11ee8d4,,False,False
DRUGBANK:DB00025,DRUGBANK:DB14738,"Antihemophilic factor, human recombinant",Turoctocog alfa pegol,96,96,1,False,False,False,False,True,False,,,,,69e11cbd53ab7e2593a35778a44f2d5ee11ee8d4,,False,False
DRUGBANK:DB00066,DRUGBANK:DB15263,Follitropin,Thyrotropin,187,187,1,False,False,False,False,True,False,,,,,36704bbae4abbcc65b7b396ea13f0b98931f7f6b,,True,False
DRUGBANK:DB00070,DRUGBANK:DB06205,Hyaluronidase (ovine),Hyaluronidase (human recombinant),204,204,1,False,False,False,False,True,False,,,,,2fbb0eead98309c04116ea2ca8c6eaecb45206c8,,True,False
DRUGBANK:DB00088,DRUGBANK:DB06720,Alglucerase,Velaglucerase alfa,2,2,1,False,False,False,False,True,False,,,,,ddcf9f3252db008d5c35048b95180c0b33705b7a,,True,False
DRUGBANK:DB00088,DRUGBANK:DB08876,Alglucerase,Taliglucerase alfa,2,2,1,False,False,False,False,True,False,,,,,ddcf9f3252db008d5c35048b95180c0b33705b7a,,True,False
DRUGBANK:DB00223,DRUGBANK:DB00838,Diflorasone,Clocortolone,123,123,1,False,False,False,False,True,False,,,,,9eccb03e4ebfab278dbc0d34f4a3b6e6e63171bd,,True,False
DRUGBANK:DB00407,DRUGBANK:DB06005,Ardeparin,Adomiparin,877,22,1,False,False,False,True,False,False,,,,9005-49-6,,,False,True
DRUGBANK:DB00407,DRUGBANK:DB15404,Ardeparin,"Heparin, bovine",877,22,1,False,False,False,True,False,False,,,,9005-49-6,,,False,True
DRUGBANK:DB00516,DRUGBANK:DB11306,Bentoquatam,Bentonite,27,27,1,False,False,False,False,True,False,,,,,9703c28bc7cbb54a606c97a34326a13baf12cf4f,,True,False
DRUGBANK:DB00516,DRUGBANK:DB13654,Bentoquatam,Montmorillonite,27,27,1,False,False,False,False,True,False,,,,,9703c28bc7cbb54a606c97a34326a13baf12cf4f,,True,False
DRUGBANK:DB01109,DRUGBANK:DB06005,Heparin,Adomiparin,917,22,1,False,False,False,True,False,False,,,,9005-49-6,,,False,True
DRUGBANK:DB01109,DRUGBANK:DB15404,Heparin,"Heparin, bovine",917,22,1,False,False,False,True,False,False,,,,9005-49-6,,,False,True
DRUGBANK:DB01225,DRUGBANK:DB06005,Enoxaparin,Adomiparin,877,22,1,False,False,False,True,False,False,,,,9005-49-6,,,False,True
DRUGBANK:DB01225,DRUGBANK:DB15404,Enoxaparin,"Heparin, bovine",877,22,1,False,False,False,True,False,False,,,,9005-49-6,,,False,True
DRUGBANK:DB01434,DRUGBANK:DB06250,19-norandrostenedione,Fluasterone,56,56,1,False,False,False,False,True,False,,,,,f98f0610a8d445bb29b2e200fb49027ea01e72e2,,True,False
DRUGBANK:DB01434,DRUGBANK:DB13710,19-norandrostenedione,Metenolone,56,56,1,False,False,False,False,True,False,,,,,f98f0610a8d445bb29b2e200fb49027ea01e72e2,,True,False
DRUGBANK:DB01481,DRUGBANK:DB13947,1-Testosterone,Testosterone enantate benzilic acid hydrazone,146,146,1,False,False,False,False,True,False,,,,,d156bafcc0b00c041b50f064ee5513e50b190c5f,,True,False
DRUGBANK:DB01510,DRUGBANK:DB01543,Dehydrochloromethyltestosterone,18-methyl-19-nortestosterone,90,90,1,False,False,False,False,True,False,,,,,018f099a4137ce6ecb7b31e56dd69c2fdad51806,,True,False
DRUGBANK:DB01510,DRUGBANK:DB01572,Dehydrochloromethyltestosterone,Methyl-1-testosterone,90,90,1,False,False,False,False,True,False,,,,,018f099a4137ce6ecb7b31e56dd69c2fdad51806,,True,False
DRUGBANK:DB01510,DRUGBANK:DB14093,Dehydrochloromethyltestosterone,"(1,2,6,7-3H)Testosterone",90,90,1,False,False,False,False,True,False,,,,,018f099a4137ce6ecb7b31e56dd69c2fdad51806,,True,False
DRUGBANK:DB01543,DRUGBANK:DB01572,18-methyl-19-nortestosterone,Methyl-1-testosterone,90,90,1,False,False,False,False,True,False,,,,,018f099a4137ce6ecb7b31e56dd69c2fdad51806,,True,False
DRUGBANK:DB01543,DRUGBANK:DB14093,18-methyl-19-nortestosterone,"(1,2,6,7-3H)Testosterone",90,90,1,False,False,False,False,True,False,,,,,018f099a4137ce6ecb7b31e56dd69c2fdad51806,,True,False
DRUGBANK:DB01572,DRUGBANK:DB14093,Methyl-1-testosterone,"(1,2,6,7-3H)Testosterone",90,90,1,False,False,False,False,True,False,,,,,018f099a4137ce6ecb7b31e56dd69c2fdad51806,,True,False
DRUGBANK:DB02136,DRUGBANK:DB03938,Cephalosporin analog,Deacetoxycephalosporin C,88,88,1,False,False,False,False,True,False,,,,,a0a7045822345e651272b2a74f0cf125455198d1,,True,False
DRUGBANK:DB02136,DRUGBANK:DB11199,Cephalosporin analog,Sage oil,88,88,1,False,False,False,False,True,False,,,,,a0a7045822345e651272b2a74f0cf125455198d1,,True,False
DRUGBANK:DB02136,DRUGBANK:DB11238,Cephalosporin analog,Borage oil,88,88,1,False,False,False,False,True,False,,,,,a0a7045822345e651272b2a74f0cf125455198d1,,True,False
DRUGBANK:DB02136,DRUGBANK:DB14256,Cephalosporin analog,Centella asiatica,88,88,1,False,False,False,False,True,False,,,,,a0a7045822345e651272b2a74f0cf125455198d1,,True,False
DRUGBANK:DB02165,DRUGBANK:DB04249,Zinc trihydroxide,Zinc Substituted Heme C,60,60,1,False,False,False,False,True,False,,,,,1ec46d4e82be755635c41d75576b8fd64a191c6c,,True,False
DRUGBANK:DB02165,DRUGBANK:DB11175,Zinc trihydroxide,Zinc picolinate,60,60,1,False,False,False,False,True,False,,,,,1ec46d4e82be755635c41d75576b8fd64a191c6c,,True,False
DRUGBANK:DB02165,DRUGBANK:DB14479,Zinc trihydroxide,Acetylcysteine zinc,60,60,1,False,False,False,False,True,False,,,,,1ec46d4e82be755635c41d75576b8fd64a191c6c,,True,False
DRUGBANK:DB02165,DRUGBANK:DB14493,Zinc trihydroxide,Zinc glycinate,60,60,1,False,False,False,False,True,False,,,,,1ec46d4e82be755635c41d75576b8fd64a191c6c,,True,False
DRUGBANK:DB02165,DRUGBANK:DB14548,Zinc trihydroxide,"Zinc sulfate, unspecified form",60,60,1,False,False,False,False,True,False,,,,,1ec46d4e82be755635c41d75576b8fd64a191c6c,,True,False
DRUGBANK:DB02237,DRUGBANK:DB04952,Maltotetraose,Ramoplanin,19,19,1,False,False,False,False,True,False,,,,,a5f75572e455ef1428c04011b389f1c4c27c127d,,True,False
DRUGBANK:DB02237,DRUGBANK:DB11375,Maltotetraose,Avilamycin,19,19,1,False,False,False,False,True,False,,,,,a5f75572e455ef1428c04011b389f1c4c27c127d,,True,False
DRUGBANK:DB02237,DRUGBANK:DB11377,Maltotetraose,Bambermycins,19,19,1,False,False,False,False,True,False,,,,,a5f75572e455ef1428c04011b389f1c4c27c127d,,True,False
DRUGBANK:DB02237,DRUGBANK:DB11401,Maltotetraose,Efrotomycin,19,19,1,False,False,False,False,True,False,,,,,a5f75572e455ef1428c04011b389f1c4c27c127d,,True,False
DRUGBANK:DB02237,DRUGBANK:DB11474,Maltotetraose,Tulathromycin A,19,19,1,False,False,False,False,True,False,,,,,a5f75572e455ef1428c04011b389f1c4c27c127d,,True,False
DRUGBANK:DB02237,DRUGBANK:DB13172,Maltotetraose,Tunicamycin,19,19,1,False,False,False,False,True,False,,,,,a5f75572e455ef1428c04011b389f1c4c27c127d,,True,False
DRUGBANK:DB02237,DRUGBANK:DB13704,Maltotetraose,Pristinamycin,19,19,1,False,False,False,False,True,False,,,,,a5f75572e455ef1428c04011b389f1c4c27c127d,,True,False
DRUGBANK:DB02237,DRUGBANK:DB13705,Maltotetraose,Decamethoxine,19,19,1,False,False,False,False,True,False,,,,,a5f75572e455ef1428c04011b389f1c4c27c127d,,True,False
DRUGBANK:DB02237,DRUGBANK:DB14051,Maltotetraose,Malacidin A,19,19,1,False,False,False,False,True,False,,,,,a5f75572e455ef1428c04011b389f1c4c27c127d,,True,False
DRUGBANK:DB02237,DRUGBANK:DB14052,Maltotetraose,Malacidin B,19,19,1,False,False,False,False,True,False,,,,,a5f75572e455ef1428c04011b389f1c4c27c127d,,True,False
DRUGBANK:DB02237,DRUGBANK:DB15657,Maltotetraose,Ala-geninthiocin,19,19,1,False,False,False,False,True,False,,,,,a5f75572e455ef1428c04011b389f1c4c27c127d,,True,False
DRUGBANK:DB02369,DRUGBANK:DB02423,"3-Aza-2,3-Dihydrogeranyl Diphosphate",Thiopyrophosphate,62,62,1,False,False,False,False,True,False,,,,,04455e5df5b9572a6a5218c92fe0ff00b0e21f18,,True,False
DRUGBANK:DB02369,DRUGBANK:DB11493,"3-Aza-2,3-Dihydrogeranyl Diphosphate",Sodium tripolyphosphate,62,62,1,False,False,False,False,True,False,,,,,04455e5df5b9572a6a5218c92fe0ff00b0e21f18,,True,False
DRUGBANK:DB02369,DRUGBANK:DB14523,"3-Aza-2,3-Dihydrogeranyl Diphosphate",Phosphate ion,62,62,1,False,False,False,False,True,False,,,,,04455e5df5b9572a6a5218c92fe0ff00b0e21f18,,True,False
DRUGBANK:DB02423,DRUGBANK:DB11493,Thiopyrophosphate,Sodium tripolyphosphate,62,62,1,False,False,False,False,True,False,,,,,04455e5df5b9572a6a5218c92fe0ff00b0e21f18,,True,False
DRUGBANK:DB02423,DRUGBANK:DB14523,Thiopyrophosphate,Phosphate ion,62,62,1,False,False,False,False,True,False,,,,,04455e5df5b9572a6a5218c92fe0ff00b0e21f18,,True,False
DRUGBANK:DB02691,DRUGBANK:DB08857,Glycocholic acid,Bamet-UD2,174,174,1,False,False,False,False,True,False,,,,,674827b780dfec6d99a98cc4767ca11cacbd66c4,,True,False
DRUGBANK:DB02699,DRUGBANK:DB08455,4-Oxoretinol,Ro 12-7310,44,44,1,False,False,False,False,True,False,,,,,b0adf388ab3947d2ea55c843fef3d84a5d81c98a,,True,False
DRUGBANK:DB03509,DRUGBANK:DB03825,2-(4-Chlorophenyl)-5-Quinoxalinecarboxamide,Rhodamine 6G,4,4,1,False,False,False,False,True,False,,,,,0404436fa7aaf7d5c15f1c66099dffc8cc644e0d,,True,False
DRUGBANK:DB03509,DRUGBANK:DB04106,2-(4-Chlorophenyl)-5-Quinoxalinecarboxamide,Fotemustine,4,4,1,False,False,False,False,True,False,,,,,0404436fa7aaf7d5c15f1c66099dffc8cc644e0d,,True,False
DRUGBANK:DB03509,DRUGBANK:DB04900,2-(4-Chlorophenyl)-5-Quinoxalinecarboxamide,Thymalfasin,4,4,1,False,False,False,False,True,False,,,,,0404436fa7aaf7d5c15f1c66099dffc8cc644e0d,,True,False
DRUGBANK:DB03509,DRUGBANK:DB04907,2-(4-Chlorophenyl)-5-Quinoxalinecarboxamide,Sitimagene ceradenovec,4,4,1,False,False,False,False,True,False,,,,,0404436fa7aaf7d5c15f1c66099dffc8cc644e0d,,True,False
DRUGBANK:DB03509,DRUGBANK:DB04950,2-(4-Chlorophenyl)-5-Quinoxalinecarboxamide,Ranpirnase,4,4,1,False,False,False,False,True,False,,,,,0404436fa7aaf7d5c15f1c66099dffc8cc644e0d,,True,False
DRUGBANK:DB03509,DRUGBANK:DB05697,2-(4-Chlorophenyl)-5-Quinoxalinecarboxamide,Trabedersen,4,4,1,False,False,False,False,True,False,,,,,0404436fa7aaf7d5c15f1c66099dffc8cc644e0d,,True,False
DRUGBANK:DB03509,DRUGBANK:DB06021,2-(4-Chlorophenyl)-5-Quinoxalinecarboxamide,AV-412,4,4,1,False,False,False,False,True,False,,,,,0404436fa7aaf7d5c15f1c66099dffc8cc644e0d,,True,False
DRUGBANK:DB03509,DRUGBANK:DB06181,2-(4-Chlorophenyl)-5-Quinoxalinecarboxamide,EMD-1201081,4,4,1,False,False,False,False,True,False,,,,,0404436fa7aaf7d5c15f1c66099dffc8cc644e0d,,True,False
DRUGBANK:DB03509,DRUGBANK:DB06517,2-(4-Chlorophenyl)-5-Quinoxalinecarboxamide,MLN576,4,4,1,False,False,False,False,True,False,,,,,0404436fa7aaf7d5c15f1c66099dffc8cc644e0d,,True,False
DRUGBANK:DB03509,DRUGBANK:DB12083,2-(4-Chlorophenyl)-5-Quinoxalinecarboxamide,Mafosfamide,4,4,1,False,False,False,False,True,False,,,,,0404436fa7aaf7d5c15f1c66099dffc8cc644e0d,,True,False
DRUGBANK:DB03509,DRUGBANK:DB12182,2-(4-Chlorophenyl)-5-Quinoxalinecarboxamide,Binetrakin,4,4,1,False,False,False,False,True,False,,,,,0404436fa7aaf7d5c15f1c66099dffc8cc644e0d,,True,False
DRUGBANK:DB03509,DRUGBANK:DB12379,2-(4-Chlorophenyl)-5-Quinoxalinecarboxamide,Indirubin,4,4,1,False,False,False,False,True,False,,,,,0404436fa7aaf7d5c15f1c66099dffc8cc644e0d,,True,False
DRUGBANK:DB03509,DRUGBANK:DB13128,2-(4-Chlorophenyl)-5-Quinoxalinecarboxamide,Sizofiran,4,4,1,False,False,False,False,True,False,,,,,0404436fa7aaf7d5c15f1c66099dffc8cc644e0d,,True,False
DRUGBANK:DB03509,DRUGBANK:DB13480,2-(4-Chlorophenyl)-5-Quinoxalinecarboxamide,Lentinan,4,4,1,False,False,False,False,True,False,,,,,0404436fa7aaf7d5c15f1c66099dffc8cc644e0d,,True,False
DRUGBANK:DB03509,DRUGBANK:DB13647,2-(4-Chlorophenyl)-5-Quinoxalinecarboxamide,Semustine,4,4,1,False,False,False,False,True,False,,,,,0404436fa7aaf7d5c15f1c66099dffc8cc644e0d,,True,False
DRUGBANK:DB03509,DRUGBANK:DB13811,2-(4-Chlorophenyl)-5-Quinoxalinecarboxamide,Oblimersen,4,4,1,False,False,False,False,True,False,,,,,0404436fa7aaf7d5c15f1c66099dffc8cc644e0d,,True,False
DRUGBANK:DB03509,DRUGBANK:DB13896,2-(4-Chlorophenyl)-5-Quinoxalinecarboxamide,Talimogene laherparepvec,4,4,1,False,False,False,False,True,False,,,,,0404436fa7aaf7d5c15f1c66099dffc8cc644e0d,,True,False
DRUGBANK:DB03509,DRUGBANK:DB14865,2-(4-Chlorophenyl)-5-Quinoxalinecarboxamide,Human interleukin-2,4,4,1,False,False,False,False,True,False,,,,,0404436fa7aaf7d5c15f1c66099dffc8cc644e0d,,True,False
DRUGBANK:DB03509,DRUGBANK:DB14951,2-(4-Chlorophenyl)-5-Quinoxalinecarboxamide,Etirinotecan pegol,4,4,1,False,False,False,False,True,False,,,,,0404436fa7aaf7d5c15f1c66099dffc8cc644e0d,,True,False
DRUGBANK:DB03509,DRUGBANK:DB15699,2-(4-Chlorophenyl)-5-Quinoxalinecarboxamide,Brexucabtagene autoleucel,4,4,1,False,False,False,False,True,False,,,,,0404436fa7aaf7d5c15f1c66099dffc8cc644e0d,,True,False
DRUGBANK:DB03614,DRUGBANK:DB11191,Mecobalamin,Cobamamide,3,3,1,False,False,False,False,True,False,,,,,88648393931a08513481305498bb2b56fc7d0944,,True,False
DRUGBANK:DB03825,DRUGBANK:DB04106,Rhodamine 6G,Fotemustine,4,4,1,False,False,False,False,True,False,,,,,0404436fa7aaf7d5c15f1c66099dffc8cc644e0d,,True,False
DRUGBANK:DB03825,DRUGBANK:DB04900,Rhodamine 6G,Thymalfasin,4,4,1,False,False,False,False,True,False,,,,,0404436fa7aaf7d5c15f1c66099dffc8cc644e0d,,True,False
DRUGBANK:DB03825,DRUGBANK:DB04907,Rhodamine 6G,Sitimagene ceradenovec,4,4,1,False,False,False,False,True,False,,,,,0404436fa7aaf7d5c15f1c66099dffc8cc644e0d,,True,False
DRUGBANK:DB03825,DRUGBANK:DB04950,Rhodamine 6G,Ranpirnase,4,4,1,False,False,False,False,True,False,,,,,0404436fa7aaf7d5c15f1c66099dffc8cc644e0d,,True,False
DRUGBANK:DB03825,DRUGBANK:DB05697,Rhodamine 6G,Trabedersen,4,4,1,False,False,False,False,True,False,,,,,0404436fa7aaf7d5c15f1c66099dffc8cc644e0d,,True,False
DRUGBANK:DB03825,DRUGBANK:DB06021,Rhodamine 6G,AV-412,4,4,1,False,False,False,False,True,False,,,,,0404436fa7aaf7d5c15f1c66099dffc8cc644e0d,,True,False
DRUGBANK:DB03825,DRUGBANK:DB06181,Rhodamine 6G,EMD-1201081,4,4,1,False,False,False,False,True,False,,,,,0404436fa7aaf7d5c15f1c66099dffc8cc644e0d,,True,False
DRUGBANK:DB03825,DRUGBANK:DB06517,Rhodamine 6G,MLN576,4,4,1,False,False,False,False,True,False,,,,,0404436fa7aaf7d5c15f1c66099dffc8cc644e0d,,True,False
DRUGBANK:DB03825,DRUGBANK:DB12083,Rhodamine 6G,Mafosfamide,4,4,1,False,False,False,False,True,False,,,,,0404436fa7aaf7d5c15f1c66099dffc8cc644e0d,,True,False
DRUGBANK:DB03825,DRUGBANK:DB12182,Rhodamine 6G,Binetrakin,4,4,1,False,False,False,False,True,False,,,,,0404436fa7aaf7d5c15f1c66099dffc8cc644e0d,,True,False
DRUGBANK:DB03825,DRUGBANK:DB12379,Rhodamine 6G,Indirubin,4,4,1,False,False,False,False,True,False,,,,,0404436fa7aaf7d5c15f1c66099dffc8cc644e0d,,True,False
DRUGBANK:DB03825,DRUGBANK:DB13128,Rhodamine 6G,Sizofiran,4,4,1,False,False,False,False,True,False,,,,,0404436fa7aaf7d5c15f1c66099dffc8cc644e0d,,True,False
DRUGBANK:DB03825,DRUGBANK:DB13480,Rhodamine 6G,Lentinan,4,4,1,False,False,False,False,True,False,,,,,0404436fa7aaf7d5c15f1c66099dffc8cc644e0d,,True,False
DRUGBANK:DB03825,DRUGBANK:DB13647,Rhodamine 6G,Semustine,4,4,1,False,False,False,False,True,False,,,,,0404436fa7aaf7d5c15f1c66099dffc8cc644e0d,,True,False
DRUGBANK:DB03825,DRUGBANK:DB13811,Rhodamine 6G,Oblimersen,4,4,1,False,False,False,False,True,False,,,,,0404436fa7aaf7d5c15f1c66099dffc8cc644e0d,,True,False
DRUGBANK:DB03825,DRUGBANK:DB13896,Rhodamine 6G,Talimogene laherparepvec,4,4,1,False,False,False,False,True,False,,,,,0404436fa7aaf7d5c15f1c66099dffc8cc644e0d,,True,False
DRUGBANK:DB03825,DRUGBANK:DB14865,Rhodamine 6G,Human interleukin-2,4,4,1,False,False,False,False,True,False,,,,,0404436fa7aaf7d5c15f1c66099dffc8cc644e0d,,True,False
DRUGBANK:DB03825,DRUGBANK:DB14951,Rhodamine 6G,Etirinotecan pegol,4,4,1,False,False,False,False,True,False,,,,,0404436fa7aaf7d5c15f1c66099dffc8cc644e0d,,True,False
DRUGBANK:DB03825,DRUGBANK:DB15699,Rhodamine 6G,Brexucabtagene autoleucel,4,4,1,False,False,False,False,True,False,,,,,0404436fa7aaf7d5c15f1c66099dffc8cc644e0d,,True,False
DRUGBANK:DB03866,DRUGBANK:DB11411,Prostaglandin G2,Fenprostalene,104,104,1,False,False,False,False,True,False,,,,,69dc0c59bc95187f4c05c42b2543add00fdff275,,True,False
DRUGBANK:DB03866,DRUGBANK:DB11425,Prostaglandin G2,Luprostiol,104,104,1,False,False,False,False,True,False,,,,,69dc0c59bc95187f4c05c42b2543add00fdff275,,True,False
DRUGBANK:DB03866,DRUGBANK:DB11454,Prostaglandin G2,Prostalene,104,104,1,False,False,False,False,True,False,,,,,69dc0c59bc95187f4c05c42b2543add00fdff275,,True,False
DRUGBANK:DB03866,DRUGBANK:DB13824,Prostaglandin G2,Enprostil,104,104,1,False,False,False,False,True,False,,,,,69dc0c59bc95187f4c05c42b2543add00fdff275,,True,False
DRUGBANK:DB03938,DRUGBANK:DB11199,Deacetoxycephalosporin C,Sage oil,88,88,1,False,False,False,False,True,False,,,,,a0a7045822345e651272b2a74f0cf125455198d1,,True,False
DRUGBANK:DB03938,DRUGBANK:DB11238,Deacetoxycephalosporin C,Borage oil,88,88,1,False,False,False,False,True,False,,,,,a0a7045822345e651272b2a74f0cf125455198d1,,True,False
DRUGBANK:DB03938,DRUGBANK:DB14256,Deacetoxycephalosporin C,Centella asiatica,88,88,1,False,False,False,False,True,False,,,,,a0a7045822345e651272b2a74f0cf125455198d1,,True,False
DRUGBANK:DB04070,DRUGBANK:DB11405,6-Deoxyerythronolide B,Eprinomectin,283,283,1,False,False,False,False,True,False,,,,,4a4c33238d2219cc355cd7ba4f08939510207b58,,True,False
DRUGBANK:DB04070,DRUGBANK:DB13633,6-Deoxyerythronolide B,Mepartricin,283,283,1,False,False,False,False,True,False,,,,,4a4c33238d2219cc355cd7ba4f08939510207b58,,True,False
DRUGBANK:DB04106,DRUGBANK:DB04900,Fotemustine,Thymalfasin,4,4,1,False,False,False,False,True,False,,,,,0404436fa7aaf7d5c15f1c66099dffc8cc644e0d,,True,False
DRUGBANK:DB04106,DRUGBANK:DB04907,Fotemustine,Sitimagene ceradenovec,4,4,1,False,False,False,False,True,False,,,,,0404436fa7aaf7d5c15f1c66099dffc8cc644e0d,,True,False
DRUGBANK:DB04106,DRUGBANK:DB04950,Fotemustine,Ranpirnase,4,4,1,False,False,False,False,True,False,,,,,0404436fa7aaf7d5c15f1c66099dffc8cc644e0d,,True,False
DRUGBANK:DB04106,DRUGBANK:DB05697,Fotemustine,Trabedersen,4,4,1,False,False,False,False,True,False,,,,,0404436fa7aaf7d5c15f1c66099dffc8cc644e0d,,True,False
DRUGBANK:DB04106,DRUGBANK:DB06021,Fotemustine,AV-412,4,4,1,False,False,False,False,True,False,,,,,0404436fa7aaf7d5c15f1c66099dffc8cc644e0d,,True,False
DRUGBANK:DB04106,DRUGBANK:DB06181,Fotemustine,EMD-1201081,4,4,1,False,False,False,False,True,False,,,,,0404436fa7aaf7d5c15f1c66099dffc8cc644e0d,,True,False
DRUGBANK:DB04106,DRUGBANK:DB06517,Fotemustine,MLN576,4,4,1,False,False,False,False,True,False,,,,,0404436fa7aaf7d5c15f1c66099dffc8cc644e0d,,True,False
DRUGBANK:DB04106,DRUGBANK:DB12083,Fotemustine,Mafosfamide,4,4,1,False,False,False,False,True,False,,,,,0404436fa7aaf7d5c15f1c66099dffc8cc644e0d,,True,False
DRUGBANK:DB04106,DRUGBANK:DB12182,Fotemustine,Binetrakin,4,4,1,False,False,False,False,True,False,,,,,0404436fa7aaf7d5c15f1c66099dffc8cc644e0d,,True,False
DRUGBANK:DB04106,DRUGBANK:DB12379,Fotemustine,Indirubin,4,4,1,False,False,False,False,True,False,,,,,0404436fa7aaf7d5c15f1c66099dffc8cc644e0d,,True,False
DRUGBANK:DB04106,DRUGBANK:DB13128,Fotemustine,Sizofiran,4,4,1,False,False,False,False,True,False,,,,,0404436fa7aaf7d5c15f1c66099dffc8cc644e0d,,True,False
DRUGBANK:DB04106,DRUGBANK:DB13480,Fotemustine,Lentinan,4,4,1,False,False,False,False,True,False,,,,,0404436fa7aaf7d5c15f1c66099dffc8cc644e0d,,True,False
DRUGBANK:DB04106,DRUGBANK:DB13647,Fotemustine,Semustine,4,4,1,False,False,False,False,True,False,,,,,0404436fa7aaf7d5c15f1c66099dffc8cc644e0d,,True,False
DRUGBANK:DB04106,DRUGBANK:DB13811,Fotemustine,Oblimersen,4,4,1,False,False,False,False,True,False,,,,,0404436fa7aaf7d5c15f1c66099dffc8cc644e0d,,True,False
DRUGBANK:DB04106,DRUGBANK:DB13896,Fotemustine,Talimogene laherparepvec,4,4,1,False,False,False,False,True,False,,,,,0404436fa7aaf7d5c15f1c66099dffc8cc644e0d,,True,False
DRUGBANK:DB04106,DRUGBANK:DB14865,Fotemustine,Human interleukin-2,4,4,1,False,False,False,False,True,False,,,,,0404436fa7aaf7d5c15f1c66099dffc8cc644e0d,,True,False
DRUGBANK:DB04106,DRUGBANK:DB14951,Fotemustine,Etirinotecan pegol,4,4,1,False,False,False,False,True,False,,,,,0404436fa7aaf7d5c15f1c66099dffc8cc644e0d,,True,False
DRUGBANK:DB04106,DRUGBANK:DB15699,Fotemustine,Brexucabtagene autoleucel,4,4,1,False,False,False,False,True,False,,,,,0404436fa7aaf7d5c15f1c66099dffc8cc644e0d,,True,False
DRUGBANK:DB04249,DRUGBANK:DB11175,Zinc Substituted Heme C,Zinc picolinate,60,60,1,False,False,False,False,True,False,,,,,1ec46d4e82be755635c41d75576b8fd64a191c6c,,True,False
DRUGBANK:DB04249,DRUGBANK:DB14479,Zinc Substituted Heme C,Acetylcysteine zinc,60,60,1,False,False,False,False,True,False,,,,,1ec46d4e82be755635c41d75576b8fd64a191c6c,,True,False
DRUGBANK:DB04249,DRUGBANK:DB14493,Zinc Substituted Heme C,Zinc glycinate,60,60,1,False,False,False,False,True,False,,,,,1ec46d4e82be755635c41d75576b8fd64a191c6c,,True,False
DRUGBANK:DB04249,DRUGBANK:DB14548,Zinc Substituted Heme C,"Zinc sulfate, unspecified form",60,60,1,False,False,False,False,True,False,,,,,1ec46d4e82be755635c41d75576b8fd64a191c6c,,True,False
DRUGBANK:DB04682,DRUGBANK:DB05830,Octylphenoxy polyethoxyethanol,Trestolone,408,408,1,False,False,False,False,True,False,,,,,b102cc6ef75c1e3085f73b15416a5ae3a9002046,,True,False
DRUGBANK:DB04900,DRUGBANK:DB04907,Thymalfasin,Sitimagene ceradenovec,4,4,1,False,False,False,False,True,False,,,,,0404436fa7aaf7d5c15f1c66099dffc8cc644e0d,,True,False
DRUGBANK:DB04900,DRUGBANK:DB04950,Thymalfasin,Ranpirnase,4,4,1,False,False,False,False,True,False,,,,,0404436fa7aaf7d5c15f1c66099dffc8cc644e0d,,True,False
DRUGBANK:DB04900,DRUGBANK:DB05697,Thymalfasin,Trabedersen,4,4,1,False,False,False,False,True,False,,,,,0404436fa7aaf7d5c15f1c66099dffc8cc644e0d,,True,False
DRUGBANK:DB04900,DRUGBANK:DB06021,Thymalfasin,AV-412,4,4,1,False,False,False,False,True,False,,,,,0404436fa7aaf7d5c15f1c66099dffc8cc644e0d,,True,False
DRUGBANK:DB04900,DRUGBANK:DB06181,Thymalfasin,EMD-1201081,4,4,1,False,False,False,False,True,False,,,,,0404436fa7aaf7d5c15f1c66099dffc8cc644e0d,,True,False
DRUGBANK:DB04900,DRUGBANK:DB06517,Thymalfasin,MLN576,4,4,1,False,False,False,False,True,False,,,,,0404436fa7aaf7d5c15f1c66099dffc8cc644e0d,,True,False
DRUGBANK:DB04900,DRUGBANK:DB12083,Thymalfasin,Mafosfamide,4,4,1,False,False,False,False,True,False,,,,,0404436fa7aaf7d5c15f1c66099dffc8cc644e0d,,True,False
DRUGBANK:DB04900,DRUGBANK:DB12182,Thymalfasin,Binetrakin,4,4,1,False,False,False,False,True,False,,,,,0404436fa7aaf7d5c15f1c66099dffc8cc644e0d,,True,False
DRUGBANK:DB04900,DRUGBANK:DB12379,Thymalfasin,Indirubin,4,4,1,False,False,False,False,True,False,,,,,0404436fa7aaf7d5c15f1c66099dffc8cc644e0d,,True,False
DRUGBANK:DB04900,DRUGBANK:DB13128,Thymalfasin,Sizofiran,4,4,1,False,False,False,False,True,False,,,,,0404436fa7aaf7d5c15f1c66099dffc8cc644e0d,,True,False
DRUGBANK:DB04900,DRUGBANK:DB13480,Thymalfasin,Lentinan,4,4,1,False,False,False,False,True,False,,,,,0404436fa7aaf7d5c15f1c66099dffc8cc644e0d,,True,False
DRUGBANK:DB04900,DRUGBANK:DB13647,Thymalfasin,Semustine,4,4,1,False,False,False,False,True,False,,,,,0404436fa7aaf7d5c15f1c66099dffc8cc644e0d,,True,False
DRUGBANK:DB04900,DRUGBANK:DB13811,Thymalfasin,Oblimersen,4,4,1,False,False,False,False,True,False,,,,,0404436fa7aaf7d5c15f1c66099dffc8cc644e0d,,True,False
DRUGBANK:DB04900,DRUGBANK:DB13896,Thymalfasin,Talimogene laherparepvec,4,4,1,False,False,False,False,True,False,,,,,0404436fa7aaf7d5c15f1c66099dffc8cc644e0d,,True,False
DRUGBANK:DB04900,DRUGBANK:DB14865,Thymalfasin,Human interleukin-2,4,4,1,False,False,False,False,True,False,,,,,0404436fa7aaf7d5c15f1c66099dffc8cc644e0d,,True,False
DRUGBANK:DB04900,DRUGBANK:DB14951,Thymalfasin,Etirinotecan pegol,4,4,1,False,False,False,False,True,False,,,,,0404436fa7aaf7d5c15f1c66099dffc8cc644e0d,,True,False
DRUGBANK:DB04900,DRUGBANK:DB15699,Thymalfasin,Brexucabtagene autoleucel,4,4,1,False,False,False,False,True,False,,,,,0404436fa7aaf7d5c15f1c66099dffc8cc644e0d,,True,False
DRUGBANK:DB04907,DRUGBANK:DB04950,Sitimagene ceradenovec,Ranpirnase,4,4,1,False,False,False,False,True,False,,,,,0404436fa7aaf7d5c15f1c66099dffc8cc644e0d,,True,False
DRUGBANK:DB04907,DRUGBANK:DB05697,Sitimagene ceradenovec,Trabedersen,4,4,1,False,False,False,False,True,False,,,,,0404436fa7aaf7d5c15f1c66099dffc8cc644e0d,,True,False
DRUGBANK:DB04907,DRUGBANK:DB06021,Sitimagene ceradenovec,AV-412,4,4,1,False,False,False,False,True,False,,,,,0404436fa7aaf7d5c15f1c66099dffc8cc644e0d,,True,False
DRUGBANK:DB04907,DRUGBANK:DB06181,Sitimagene ceradenovec,EMD-1201081,4,4,1,False,False,False,False,True,False,,,,,0404436fa7aaf7d5c15f1c66099dffc8cc644e0d,,True,False
DRUGBANK:DB04907,DRUGBANK:DB06517,Sitimagene ceradenovec,MLN576,4,4,1,False,False,False,False,True,False,,,,,0404436fa7aaf7d5c15f1c66099dffc8cc644e0d,,True,False
DRUGBANK:DB04907,DRUGBANK:DB12083,Sitimagene ceradenovec,Mafosfamide,4,4,1,False,False,False,False,True,False,,,,,0404436fa7aaf7d5c15f1c66099dffc8cc644e0d,,True,False
DRUGBANK:DB04907,DRUGBANK:DB12182,Sitimagene ceradenovec,Binetrakin,4,4,1,False,False,False,False,True,False,,,,,0404436fa7aaf7d5c15f1c66099dffc8cc644e0d,,True,False
DRUGBANK:DB04907,DRUGBANK:DB12379,Sitimagene ceradenovec,Indirubin,4,4,1,False,False,False,False,True,False,,,,,0404436fa7aaf7d5c15f1c66099dffc8cc644e0d,,True,False
DRUGBANK:DB04907,DRUGBANK:DB13128,Sitimagene ceradenovec,Sizofiran,4,4,1,False,False,False,False,True,False,,,,,0404436fa7aaf7d5c15f1c66099dffc8cc644e0d,,True,False
DRUGBANK:DB04907,DRUGBANK:DB13480,Sitimagene ceradenovec,Lentinan,4,4,1,False,False,False,False,True,False,,,,,0404436fa7aaf7d5c15f1c66099dffc8cc644e0d,,True,False
DRUGBANK:DB04907,DRUGBANK:DB13647,Sitimagene ceradenovec,Semustine,4,4,1,False,False,False,False,True,False,,,,,0404436fa7aaf7d5c15f1c66099dffc8cc644e0d,,True,False
DRUGBANK:DB04907,DRUGBANK:DB13811,Sitimagene ceradenovec,Oblimersen,4,4,1,False,False,False,False,True,False,,,,,0404436fa7aaf7d5c15f1c66099dffc8cc644e0d,,True,False
DRUGBANK:DB04907,DRUGBANK:DB13896,Sitimagene ceradenovec,Talimogene laherparepvec,4,4,1,False,False,False,False,True,False,,,,,0404436fa7aaf7d5c15f1c66099dffc8cc644e0d,,True,False
DRUGBANK:DB04907,DRUGBANK:DB14865,Sitimagene ceradenovec,Human interleukin-2,4,4,1,False,False,False,False,True,False,,,,,0404436fa7aaf7d5c15f1c66099dffc8cc644e0d,,True,False
DRUGBANK:DB04907,DRUGBANK:DB14951,Sitimagene ceradenovec,Etirinotecan pegol,4,4,1,False,False,False,False,True,False,,,,,0404436fa7aaf7d5c15f1c66099dffc8cc644e0d,,True,False
DRUGBANK:DB04907,DRUGBANK:DB15699,Sitimagene ceradenovec,Brexucabtagene autoleucel,4,4,1,False,False,False,False,True,False,,,,,0404436fa7aaf7d5c15f1c66099dffc8cc644e0d,,True,False
DRUGBANK:DB04914,DRUGBANK:DB05144,G17DT Immunogen,PEV3A,274,274,1,False,False,False,False,True,False,,,,,e9000453854ab04c72db25653e34530528a4b700,,True,False
DRUGBANK:DB04914,DRUGBANK:DB05325,G17DT Immunogen,INGN 225,274,274,1,False,False,False,False,True,False,,,,,e9000453854ab04c72db25653e34530528a4b700,,True,False
DRUGBANK:DB04914,DRUGBANK:DB05440,G17DT Immunogen,SRP 299,274,274,1,False,False,False,False,True,False,,,,,e9000453854ab04c72db25653e34530528a4b700,,True,False
DRUGBANK:DB04914,DRUGBANK:DB05942,G17DT Immunogen,GI-5005,274,274,1,False,False,False,False,True,False,,,,,e9000453854ab04c72db25653e34530528a4b700,,True,False
DRUGBANK:DB04914,DRUGBANK:DB06400,G17DT Immunogen,Vitespen,274,274,1,False,False,False,False,True,False,,,,,e9000453854ab04c72db25653e34530528a4b700,,True,False
DRUGBANK:DB04914,DRUGBANK:DB06584,G17DT Immunogen,TG4010,274,274,1,False,False,False,False,True,False,,,,,e9000453854ab04c72db25653e34530528a4b700,,True,False
DRUGBANK:DB04914,DRUGBANK:DB10276,G17DT Immunogen,Rotavirus vaccine,274,274,1,False,False,False,False,True,False,,,,,e9000453854ab04c72db25653e34530528a4b700,,True,False
DRUGBANK:DB04914,DRUGBANK:DB10583,G17DT Immunogen,Clostridium tetani toxoid antigen (formaldehyde inactivated),274,274,1,False,False,False,False,True,False,,,,,e9000453854ab04c72db25653e34530528a4b700,,True,False
DRUGBANK:DB04914,DRUGBANK:DB10584,G17DT Immunogen,Corynebacterium diphtheriae toxoid antigen (formaldehyde inactivated),274,274,1,False,False,False,False,True,False,,,,,e9000453854ab04c72db25653e34530528a4b700,,True,False
DRUGBANK:DB04914,DRUGBANK:DB10769,G17DT Immunogen,Japanese encephalitis virus strain sa 14-14-2 antigen (formaldehyde inactivated),274,274,1,False,False,False,False,True,False,,,,,e9000453854ab04c72db25653e34530528a4b700,,True,False
DRUGBANK:DB04914,DRUGBANK:DB10803,G17DT Immunogen,Typhoid Vi polysaccharide vaccine,274,274,1,False,False,False,False,True,False,,,,,e9000453854ab04c72db25653e34530528a4b700,,True,False
DRUGBANK:DB04914,DRUGBANK:DB10989,G17DT Immunogen,Hepatitis A Vaccine,274,274,1,False,False,False,False,True,False,,,,,e9000453854ab04c72db25653e34530528a4b700,,True,False
DRUGBANK:DB04914,DRUGBANK:DB11627,G17DT Immunogen,Hepatitis B Vaccine (Recombinant),274,274,1,False,False,False,False,True,False,,,,,e9000453854ab04c72db25653e34530528a4b700,,True,False
DRUGBANK:DB04914,DRUGBANK:DB12568,G17DT Immunogen,Tecemotide,274,274,1,False,False,False,False,True,False,,,,,e9000453854ab04c72db25653e34530528a4b700,,True,False
DRUGBANK:DB04914,DRUGBANK:DB13924,G17DT Immunogen,Varicella zoster vaccine (recombinant),274,274,1,False,False,False,False,True,False,,,,,e9000453854ab04c72db25653e34530528a4b700,,True,False
DRUGBANK:DB04914,DRUGBANK:DB14711,G17DT Immunogen,"Smallpox (Vaccinia) Vaccine, Live",274,274,1,False,False,False,False,True,False,,,,,e9000453854ab04c72db25653e34530528a4b700,,True,False
DRUGBANK:DB04914,DRUGBANK:DB15274,G17DT Immunogen,Pertussis vaccine,274,274,1,False,False,False,False,True,False,,,,,e9000453854ab04c72db25653e34530528a4b700,,True,False
DRUGBANK:DB04914,DRUGBANK:DB15461,G17DT Immunogen,Yersinia pestis 195/p antigen (formaldehyde inactivated),274,274,1,False,False,False,False,True,False,,,,,e9000453854ab04c72db25653e34530528a4b700,,True,False
DRUGBANK:DB04914,DRUGBANK:DB15483,G17DT Immunogen,Modified vaccinia ankara,274,274,1,False,False,False,False,True,False,,,,,e9000453854ab04c72db25653e34530528a4b700,,True,False
DRUGBANK:DB04914,DRUGBANK:DB15654,G17DT Immunogen,Moderna COVID-19 Vaccine,274,274,1,False,False,False,False,True,False,,,,,e9000453854ab04c72db25653e34530528a4b700,,True,False
DRUGBANK:DB04950,DRUGBANK:DB05697,Ranpirnase,Trabedersen,4,4,1,False,False,False,False,True,False,,,,,0404436fa7aaf7d5c15f1c66099dffc8cc644e0d,,True,False
DRUGBANK:DB04950,DRUGBANK:DB06021,Ranpirnase,AV-412,4,4,1,False,False,False,False,True,False,,,,,0404436fa7aaf7d5c15f1c66099dffc8cc644e0d,,True,False
DRUGBANK:DB04950,DRUGBANK:DB06181,Ranpirnase,EMD-1201081,4,4,1,False,False,False,False,True,False,,,,,0404436fa7aaf7d5c15f1c66099dffc8cc644e0d,,True,False
DRUGBANK:DB04950,DRUGBANK:DB06517,Ranpirnase,MLN576,4,4,1,False,False,False,False,True,False,,,,,0404436fa7aaf7d5c15f1c66099dffc8cc644e0d,,True,False
DRUGBANK:DB04950,DRUGBANK:DB12083,Ranpirnase,Mafosfamide,4,4,1,False,False,False,False,True,False,,,,,0404436fa7aaf7d5c15f1c66099dffc8cc644e0d,,True,False
DRUGBANK:DB04950,DRUGBANK:DB12182,Ranpirnase,Binetrakin,4,4,1,False,False,False,False,True,False,,,,,0404436fa7aaf7d5c15f1c66099dffc8cc644e0d,,True,False
DRUGBANK:DB04950,DRUGBANK:DB12379,Ranpirnase,Indirubin,4,4,1,False,False,False,False,True,False,,,,,0404436fa7aaf7d5c15f1c66099dffc8cc644e0d,,True,False
DRUGBANK:DB04950,DRUGBANK:DB13128,Ranpirnase,Sizofiran,4,4,1,False,False,False,False,True,False,,,,,0404436fa7aaf7d5c15f1c66099dffc8cc644e0d,,True,False
DRUGBANK:DB04950,DRUGBANK:DB13480,Ranpirnase,Lentinan,4,4,1,False,False,False,False,True,False,,,,,0404436fa7aaf7d5c15f1c66099dffc8cc644e0d,,True,False
DRUGBANK:DB04950,DRUGBANK:DB13647,Ranpirnase,Semustine,4,4,1,False,False,False,False,True,False,,,,,0404436fa7aaf7d5c15f1c66099dffc8cc644e0d,,True,False
DRUGBANK:DB04950,DRUGBANK:DB13811,Ranpirnase,Oblimersen,4,4,1,False,False,False,False,True,False,,,,,0404436fa7aaf7d5c15f1c66099dffc8cc644e0d,,True,False
DRUGBANK:DB04950,DRUGBANK:DB13896,Ranpirnase,Talimogene laherparepvec,4,4,1,False,False,False,False,True,False,,,,,0404436fa7aaf7d5c15f1c66099dffc8cc644e0d,,True,False
DRUGBANK:DB04950,DRUGBANK:DB14865,Ranpirnase,Human interleukin-2,4,4,1,False,False,False,False,True,False,,,,,0404436fa7aaf7d5c15f1c66099dffc8cc644e0d,,True,False
DRUGBANK:DB04950,DRUGBANK:DB14951,Ranpirnase,Etirinotecan pegol,4,4,1,False,False,False,False,True,False,,,,,0404436fa7aaf7d5c15f1c66099dffc8cc644e0d,,True,False
DRUGBANK:DB04950,DRUGBANK:DB15699,Ranpirnase,Brexucabtagene autoleucel,4,4,1,False,False,False,False,True,False,,,,,0404436fa7aaf7d5c15f1c66099dffc8cc644e0d,,True,False
DRUGBANK:DB04952,DRUGBANK:DB11375,Ramoplanin,Avilamycin,19,19,1,False,False,False,False,True,False,,,,,a5f75572e455ef1428c04011b389f1c4c27c127d,,True,False
DRUGBANK:DB04952,DRUGBANK:DB11377,Ramoplanin,Bambermycins,19,19,1,False,False,False,False,True,False,,,,,a5f75572e455ef1428c04011b389f1c4c27c127d,,True,False
DRUGBANK:DB04952,DRUGBANK:DB11401,Ramoplanin,Efrotomycin,19,19,1,False,False,False,False,True,False,,,,,a5f75572e455ef1428c04011b389f1c4c27c127d,,True,False
DRUGBANK:DB04952,DRUGBANK:DB11474,Ramoplanin,Tulathromycin A,19,19,1,False,False,False,False,True,False,,,,,a5f75572e455ef1428c04011b389f1c4c27c127d,,True,False
DRUGBANK:DB04952,DRUGBANK:DB13172,Ramoplanin,Tunicamycin,19,19,1,False,False,False,False,True,False,,,,,a5f75572e455ef1428c04011b389f1c4c27c127d,,True,False
DRUGBANK:DB04952,DRUGBANK:DB13704,Ramoplanin,Pristinamycin,19,19,1,False,False,False,False,True,False,,,,,a5f75572e455ef1428c04011b389f1c4c27c127d,,True,False
DRUGBANK:DB04952,DRUGBANK:DB13705,Ramoplanin,Decamethoxine,19,19,1,False,False,False,False,True,False,,,,,a5f75572e455ef1428c04011b389f1c4c27c127d,,True,False
DRUGBANK:DB04952,DRUGBANK:DB14051,Ramoplanin,Malacidin A,19,19,1,False,False,False,False,True,False,,,,,a5f75572e455ef1428c04011b389f1c4c27c127d,,True,False
DRUGBANK:DB04952,DRUGBANK:DB14052,Ramoplanin,Malacidin B,19,19,1,False,False,False,False,True,False,,,,,a5f75572e455ef1428c04011b389f1c4c27c127d,,True,False
DRUGBANK:DB04952,DRUGBANK:DB15657,Ramoplanin,Ala-geninthiocin,19,19,1,False,False,False,False,True,False,,,,,a5f75572e455ef1428c04011b389f1c4c27c127d,,True,False
DRUGBANK:DB04978,DRUGBANK:DB06071,SP1049C,DTS-201,2,2,1,False,False,False,False,True,False,,,,,a80bbab3ada8dbc62445e51ac06d2b7fdea71eb9,,True,False
DRUGBANK:DB04978,DRUGBANK:DB12755,SP1049C,Zoptarelin doxorubicin,2,2,1,False,False,False,False,True,False,,,,,a80bbab3ada8dbc62445e51ac06d2b7fdea71eb9,,True,False
DRUGBANK:DB04978,DRUGBANK:DB13103,SP1049C,Camsirubicin,2,2,1,False,False,False,False,True,False,,,,,a80bbab3ada8dbc62445e51ac06d2b7fdea71eb9,,True,False
DRUGBANK:DB04996,DRUGBANK:DB12257,Satraplatin,Platinum,10,10,1,False,False,False,False,True,False,,,,,599f09a797ff7df919e853cafb2bcb63eb28edb4,,True,False
DRUGBANK:DB05144,DRUGBANK:DB05325,PEV3A,INGN 225,274,274,1,False,False,False,False,True,False,,,,,e9000453854ab04c72db25653e34530528a4b700,,True,False
DRUGBANK:DB05144,DRUGBANK:DB05440,PEV3A,SRP 299,274,274,1,False,False,False,False,True,False,,,,,e9000453854ab04c72db25653e34530528a4b700,,True,False
DRUGBANK:DB05144,DRUGBANK:DB05942,PEV3A,GI-5005,274,274,1,False,False,False,False,True,False,,,,,e9000453854ab04c72db25653e34530528a4b700,,True,False
DRUGBANK:DB05144,DRUGBANK:DB06400,PEV3A,Vitespen,274,274,1,False,False,False,False,True,False,,,,,e9000453854ab04c72db25653e34530528a4b700,,True,False
DRUGBANK:DB05144,DRUGBANK:DB06584,PEV3A,TG4010,274,274,1,False,False,False,False,True,False,,,,,e9000453854ab04c72db25653e34530528a4b700,,True,False
DRUGBANK:DB05144,DRUGBANK:DB10276,PEV3A,Rotavirus vaccine,274,274,1,False,False,False,False,True,False,,,,,e9000453854ab04c72db25653e34530528a4b700,,True,False
DRUGBANK:DB05144,DRUGBANK:DB10583,PEV3A,Clostridium tetani toxoid antigen (formaldehyde inactivated),274,274,1,False,False,False,False,True,False,,,,,e9000453854ab04c72db25653e34530528a4b700,,True,False
DRUGBANK:DB05144,DRUGBANK:DB10584,PEV3A,Corynebacterium diphtheriae toxoid antigen (formaldehyde inactivated),274,274,1,False,False,False,False,True,False,,,,,e9000453854ab04c72db25653e34530528a4b700,,True,False
DRUGBANK:DB05144,DRUGBANK:DB10769,PEV3A,Japanese encephalitis virus strain sa 14-14-2 antigen (formaldehyde inactivated),274,274,1,False,False,False,False,True,False,,,,,e9000453854ab04c72db25653e34530528a4b700,,True,False
DRUGBANK:DB05144,DRUGBANK:DB10803,PEV3A,Typhoid Vi polysaccharide vaccine,274,274,1,False,False,False,False,True,False,,,,,e9000453854ab04c72db25653e34530528a4b700,,True,False
DRUGBANK:DB05144,DRUGBANK:DB10989,PEV3A,Hepatitis A Vaccine,274,274,1,False,False,False,False,True,False,,,,,e9000453854ab04c72db25653e34530528a4b700,,True,False
DRUGBANK:DB05144,DRUGBANK:DB11627,PEV3A,Hepatitis B Vaccine (Recombinant),274,274,1,False,False,False,False,True,False,,,,,e9000453854ab04c72db25653e34530528a4b700,,True,False
DRUGBANK:DB05144,DRUGBANK:DB12568,PEV3A,Tecemotide,274,274,1,False,False,False,False,True,False,,,,,e9000453854ab04c72db25653e34530528a4b700,,True,False
DRUGBANK:DB05144,DRUGBANK:DB13924,PEV3A,Varicella zoster vaccine (recombinant),274,274,1,False,False,False,False,True,False,,,,,e9000453854ab04c72db25653e34530528a4b700,,True,False
DRUGBANK:DB05144,DRUGBANK:DB14711,PEV3A,"Smallpox (Vaccinia) Vaccine, Live",274,274,1,False,False,False,False,True,False,,,,,e9000453854ab04c72db25653e34530528a4b700,,True,False
DRUGBANK:DB05144,DRUGBANK:DB15274,PEV3A,Pertussis vaccine,274,274,1,False,False,False,False,True,False,,,,,e9000453854ab04c72db25653e34530528a4b700,,True,False
DRUGBANK:DB05144,DRUGBANK:DB15461,PEV3A,Yersinia pestis 195/p antigen (formaldehyde inactivated),274,274,1,False,False,False,False,True,False,,,,,e9000453854ab04c72db25653e34530528a4b700,,True,False
DRUGBANK:DB05144,DRUGBANK:DB15483,PEV3A,Modified vaccinia ankara,274,274,1,False,False,False,False,True,False,,,,,e9000453854ab04c72db25653e34530528a4b700,,True,False
DRUGBANK:DB05144,DRUGBANK:DB15654,PEV3A,Moderna COVID-19 Vaccine,274,274,1,False,False,False,False,True,False,,,,,e9000453854ab04c72db25653e34530528a4b700,,True,False
DRUGBANK:DB05296,DRUGBANK:DB06659,Motexafin lutetium,Rostaporfin,3,3,1,False,False,False,False,True,False,,,,,c6756476b102070f32096be1fb8365f5a84d42c4,,True,False
DRUGBANK:DB05296,DRUGBANK:DB09536,Motexafin lutetium,Titanium dioxide,3,3,1,False,False,False,False,True,False,,,,,c6756476b102070f32096be1fb8365f5a84d42c4,,True,False
DRUGBANK:DB05306,DRUGBANK:DB06379,Alferminogene tadenovec,Calcitonin gene-related peptide,2,2,1,False,False,False,False,True,False,,,,,e4f932b9af89e60e16c8b4cd40e24ee4a5bdfd59,,True,False
DRUGBANK:DB05325,DRUGBANK:DB05440,INGN 225,SRP 299,274,274,1,False,False,False,False,True,False,,,,,e9000453854ab04c72db25653e34530528a4b700,,True,False
DRUGBANK:DB05325,DRUGBANK:DB05942,INGN 225,GI-5005,274,274,1,False,False,False,False,True,False,,,,,e9000453854ab04c72db25653e34530528a4b700,,True,False
DRUGBANK:DB05325,DRUGBANK:DB06400,INGN 225,Vitespen,274,274,1,False,False,False,False,True,False,,,,,e9000453854ab04c72db25653e34530528a4b700,,True,False
DRUGBANK:DB05325,DRUGBANK:DB06584,INGN 225,TG4010,274,274,1,False,False,False,False,True,False,,,,,e9000453854ab04c72db25653e34530528a4b700,,True,False
DRUGBANK:DB05325,DRUGBANK:DB10276,INGN 225,Rotavirus vaccine,274,274,1,False,False,False,False,True,False,,,,,e9000453854ab04c72db25653e34530528a4b700,,True,False
DRUGBANK:DB05325,DRUGBANK:DB10583,INGN 225,Clostridium tetani toxoid antigen (formaldehyde inactivated),274,274,1,False,False,False,False,True,False,,,,,e9000453854ab04c72db25653e34530528a4b700,,True,False
DRUGBANK:DB05325,DRUGBANK:DB10584,INGN 225,Corynebacterium diphtheriae toxoid antigen (formaldehyde inactivated),274,274,1,False,False,False,False,True,False,,,,,e9000453854ab04c72db25653e34530528a4b700,,True,False
DRUGBANK:DB05325,DRUGBANK:DB10769,INGN 225,Japanese encephalitis virus strain sa 14-14-2 antigen (formaldehyde inactivated),274,274,1,False,False,False,False,True,False,,,,,e9000453854ab04c72db25653e34530528a4b700,,True,False
DRUGBANK:DB05325,DRUGBANK:DB10803,INGN 225,Typhoid Vi polysaccharide vaccine,274,274,1,False,False,False,False,True,False,,,,,e9000453854ab04c72db25653e34530528a4b700,,True,False
DRUGBANK:DB05325,DRUGBANK:DB10989,INGN 225,Hepatitis A Vaccine,274,274,1,False,False,False,False,True,False,,,,,e9000453854ab04c72db25653e34530528a4b700,,True,False
DRUGBANK:DB05325,DRUGBANK:DB11627,INGN 225,Hepatitis B Vaccine (Recombinant),274,274,1,False,False,False,False,True,False,,,,,e9000453854ab04c72db25653e34530528a4b700,,True,False
DRUGBANK:DB05325,DRUGBANK:DB12568,INGN 225,Tecemotide,274,274,1,False,False,False,False,True,False,,,,,e9000453854ab04c72db25653e34530528a4b700,,True,False
DRUGBANK:DB05325,DRUGBANK:DB13924,INGN 225,Varicella zoster vaccine (recombinant),274,274,1,False,False,False,False,True,False,,,,,e9000453854ab04c72db25653e34530528a4b700,,True,False
DRUGBANK:DB05325,DRUGBANK:DB14711,INGN 225,"Smallpox (Vaccinia) Vaccine, Live",274,274,1,False,False,False,False,True,False,,,,,e9000453854ab04c72db25653e34530528a4b700,,True,False
DRUGBANK:DB05325,DRUGBANK:DB15274,INGN 225,Pertussis vaccine,274,274,1,False,False,False,False,True,False,,,,,e9000453854ab04c72db25653e34530528a4b700,,True,False
DRUGBANK:DB05325,DRUGBANK:DB15461,INGN 225,Yersinia pestis 195/p antigen (formaldehyde inactivated),274,274,1,False,False,False,False,True,False,,,,,e9000453854ab04c72db25653e34530528a4b700,,True,False
DRUGBANK:DB05325,DRUGBANK:DB15483,INGN 225,Modified vaccinia ankara,274,274,1,False,False,False,False,True,False,,,,,e9000453854ab04c72db25653e34530528a4b700,,True,False
DRUGBANK:DB05325,DRUGBANK:DB15654,INGN 225,Moderna COVID-19 Vaccine,274,274,1,False,False,False,False,True,False,,,,,e9000453854ab04c72db25653e34530528a4b700,,True,False
DRUGBANK:DB05396,DRUGBANK:DB15131,Albinterferon Alfa-2B,Interferon alfa-2c,189,189,1,False,False,False,False,True,False,,,,,28dec7e7f071b01a8d0e2708fe7230928fa1ae33,,True,False
DRUGBANK:DB05428,DRUGBANK:DB15351,Motexafin gadolinium,Dihematoporphyrin ether,7,7,1,False,False,False,False,True,False,,,,,fb33c8a0984286615099e400f7bad336d267c927,,True,False
DRUGBANK:DB05440,DRUGBANK:DB05942,SRP 299,GI-5005,274,274,1,False,False,False,False,True,False,,,,,e9000453854ab04c72db25653e34530528a4b700,,True,False
DRUGBANK:DB05440,DRUGBANK:DB06400,SRP 299,Vitespen,274,274,1,False,False,False,False,True,False,,,,,e9000453854ab04c72db25653e34530528a4b700,,True,False
DRUGBANK:DB05440,DRUGBANK:DB06584,SRP 299,TG4010,274,274,1,False,False,False,False,True,False,,,,,e9000453854ab04c72db25653e34530528a4b700,,True,False
DRUGBANK:DB05440,DRUGBANK:DB10276,SRP 299,Rotavirus vaccine,274,274,1,False,False,False,False,True,False,,,,,e9000453854ab04c72db25653e34530528a4b700,,True,False
DRUGBANK:DB05440,DRUGBANK:DB10583,SRP 299,Clostridium tetani toxoid antigen (formaldehyde inactivated),274,274,1,False,False,False,False,True,False,,,,,e9000453854ab04c72db25653e34530528a4b700,,True,False
DRUGBANK:DB05440,DRUGBANK:DB10584,SRP 299,Corynebacterium diphtheriae toxoid antigen (formaldehyde inactivated),274,274,1,False,False,False,False,True,False,,,,,e9000453854ab04c72db25653e34530528a4b700,,True,False
DRUGBANK:DB05440,DRUGBANK:DB10769,SRP 299,Japanese encephalitis virus strain sa 14-14-2 antigen (formaldehyde inactivated),274,274,1,False,False,False,False,True,False,,,,,e9000453854ab04c72db25653e34530528a4b700,,True,False
DRUGBANK:DB05440,DRUGBANK:DB10803,SRP 299,Typhoid Vi polysaccharide vaccine,274,274,1,False,False,False,False,True,False,,,,,e9000453854ab04c72db25653e34530528a4b700,,True,False
DRUGBANK:DB05440,DRUGBANK:DB10989,SRP 299,Hepatitis A Vaccine,274,274,1,False,False,False,False,True,False,,,,,e9000453854ab04c72db25653e34530528a4b700,,True,False
DRUGBANK:DB05440,DRUGBANK:DB11627,SRP 299,Hepatitis B Vaccine (Recombinant),274,274,1,False,False,False,False,True,False,,,,,e9000453854ab04c72db25653e34530528a4b700,,True,False
DRUGBANK:DB05440,DRUGBANK:DB12568,SRP 299,Tecemotide,274,274,1,False,False,False,False,True,False,,,,,e9000453854ab04c72db25653e34530528a4b700,,True,False
DRUGBANK:DB05440,DRUGBANK:DB13924,SRP 299,Varicella zoster vaccine (recombinant),274,274,1,False,False,False,False,True,False,,,,,e9000453854ab04c72db25653e34530528a4b700,,True,False
DRUGBANK:DB05440,DRUGBANK:DB14711,SRP 299,"Smallpox (Vaccinia) Vaccine, Live",274,274,1,False,False,False,False,True,False,,,,,e9000453854ab04c72db25653e34530528a4b700,,True,False
DRUGBANK:DB05440,DRUGBANK:DB15274,SRP 299,Pertussis vaccine,274,274,1,False,False,False,False,True,False,,,,,e9000453854ab04c72db25653e34530528a4b700,,True,False
DRUGBANK:DB05440,DRUGBANK:DB15461,SRP 299,Yersinia pestis 195/p antigen (formaldehyde inactivated),274,274,1,False,False,False,False,True,False,,,,,e9000453854ab04c72db25653e34530528a4b700,,True,False
DRUGBANK:DB05440,DRUGBANK:DB15483,SRP 299,Modified vaccinia ankara,274,274,1,False,False,False,False,True,False,,,,,e9000453854ab04c72db25653e34530528a4b700,,True,False
DRUGBANK:DB05440,DRUGBANK:DB15654,SRP 299,Moderna COVID-19 Vaccine,274,274,1,False,False,False,False,True,False,,,,,e9000453854ab04c72db25653e34530528a4b700,,True,False
DRUGBANK:DB05697,DRUGBANK:DB06021,Trabedersen,AV-412,4,4,1,False,False,False,False,True,False,,,,,0404436fa7aaf7d5c15f1c66099dffc8cc644e0d,,True,False
DRUGBANK:DB05697,DRUGBANK:DB06181,Trabedersen,EMD-1201081,4,4,1,False,False,False,False,True,False,,,,,0404436fa7aaf7d5c15f1c66099dffc8cc644e0d,,True,False
DRUGBANK:DB05697,DRUGBANK:DB06517,Trabedersen,MLN576,4,4,1,False,False,False,False,True,False,,,,,0404436fa7aaf7d5c15f1c66099dffc8cc644e0d,,True,False
DRUGBANK:DB05697,DRUGBANK:DB12083,Trabedersen,Mafosfamide,4,4,1,False,False,False,False,True,False,,,,,0404436fa7aaf7d5c15f1c66099dffc8cc644e0d,,True,False
DRUGBANK:DB05697,DRUGBANK:DB12182,Trabedersen,Binetrakin,4,4,1,False,False,False,False,True,False,,,,,0404436fa7aaf7d5c15f1c66099dffc8cc644e0d,,True,False
DRUGBANK:DB05697,DRUGBANK:DB12379,Trabedersen,Indirubin,4,4,1,False,False,False,False,True,False,,,,,0404436fa7aaf7d5c15f1c66099dffc8cc644e0d,,True,False
DRUGBANK:DB05697,DRUGBANK:DB13128,Trabedersen,Sizofiran,4,4,1,False,False,False,False,True,False,,,,,0404436fa7aaf7d5c15f1c66099dffc8cc644e0d,,True,False
DRUGBANK:DB05697,DRUGBANK:DB13480,Trabedersen,Lentinan,4,4,1,False,False,False,False,True,False,,,,,0404436fa7aaf7d5c15f1c66099dffc8cc644e0d,,True,False
DRUGBANK:DB05697,DRUGBANK:DB13647,Trabedersen,Semustine,4,4,1,False,False,False,False,True,False,,,,,0404436fa7aaf7d5c15f1c66099dffc8cc644e0d,,True,False
DRUGBANK:DB05697,DRUGBANK:DB13811,Trabedersen,Oblimersen,4,4,1,False,False,False,False,True,False,,,,,0404436fa7aaf7d5c15f1c66099dffc8cc644e0d,,True,False
DRUGBANK:DB05697,DRUGBANK:DB13896,Trabedersen,Talimogene laherparepvec,4,4,1,False,False,False,False,True,False,,,,,0404436fa7aaf7d5c15f1c66099dffc8cc644e0d,,True,False
DRUGBANK:DB05697,DRUGBANK:DB14865,Trabedersen,Human interleukin-2,4,4,1,False,False,False,False,True,False,,,,,0404436fa7aaf7d5c15f1c66099dffc8cc644e0d,,True,False
DRUGBANK:DB05697,DRUGBANK:DB14951,Trabedersen,Etirinotecan pegol,4,4,1,False,False,False,False,True,False,,,,,0404436fa7aaf7d5c15f1c66099dffc8cc644e0d,,True,False
DRUGBANK:DB05697,DRUGBANK:DB15699,Trabedersen,Brexucabtagene autoleucel,4,4,1,False,False,False,False,True,False,,,,,0404436fa7aaf7d5c15f1c66099dffc8cc644e0d,,True,False
DRUGBANK:DB05718,DRUGBANK:DB06534,Maxy-G34,Thrombopoietin,8,8,1,False,False,False,False,True,False,,,,,f5d9dc561cd519ec6913e1b2e4671971da27f3a0,,True,False
DRUGBANK:DB05718,DRUGBANK:DB11624,Maxy-G34,Epoetin delta,8,8,1,False,False,False,False,True,False,,,,,f5d9dc561cd519ec6913e1b2e4671971da27f3a0,,True,False
DRUGBANK:DB05718,DRUGBANK:DB12431,Maxy-G34,Muplestim,8,8,1,False,False,False,False,True,False,,,,,f5d9dc561cd519ec6913e1b2e4671971da27f3a0,,True,False
DRUGBANK:DB05718,DRUGBANK:DB12699,Maxy-G34,Balugrastim,8,8,1,False,False,False,False,True,False,,,,,f5d9dc561cd519ec6913e1b2e4671971da27f3a0,,True,False
DRUGBANK:DB05718,DRUGBANK:DB15095,Maxy-G34,Leridistim,8,8,1,False,False,False,False,True,False,,,,,f5d9dc561cd519ec6913e1b2e4671971da27f3a0,,True,False
DRUGBANK:DB05718,DRUGBANK:DB15290,Maxy-G34,Pegteograstim,8,8,1,False,False,False,False,True,False,,,,,f5d9dc561cd519ec6913e1b2e4671971da27f3a0,,True,False
DRUGBANK:DB05942,DRUGBANK:DB06400,GI-5005,Vitespen,274,274,1,False,False,False,False,True,False,,,,,e9000453854ab04c72db25653e34530528a4b700,,True,False
DRUGBANK:DB05942,DRUGBANK:DB06584,GI-5005,TG4010,274,274,1,False,False,False,False,True,False,,,,,e9000453854ab04c72db25653e34530528a4b700,,True,False
DRUGBANK:DB05942,DRUGBANK:DB10276,GI-5005,Rotavirus vaccine,274,274,1,False,False,False,False,True,False,,,,,e9000453854ab04c72db25653e34530528a4b700,,True,False
DRUGBANK:DB05942,DRUGBANK:DB10583,GI-5005,Clostridium tetani toxoid antigen (formaldehyde inactivated),274,274,1,False,False,False,False,True,False,,,,,e9000453854ab04c72db25653e34530528a4b700,,True,False
DRUGBANK:DB05942,DRUGBANK:DB10584,GI-5005,Corynebacterium diphtheriae toxoid antigen (formaldehyde inactivated),274,274,1,False,False,False,False,True,False,,,,,e9000453854ab04c72db25653e34530528a4b700,,True,False
DRUGBANK:DB05942,DRUGBANK:DB10769,GI-5005,Japanese encephalitis virus strain sa 14-14-2 antigen (formaldehyde inactivated),274,274,1,False,False,False,False,True,False,,,,,e9000453854ab04c72db25653e34530528a4b700,,True,False
DRUGBANK:DB05942,DRUGBANK:DB10803,GI-5005,Typhoid Vi polysaccharide vaccine,274,274,1,False,False,False,False,True,False,,,,,e9000453854ab04c72db25653e34530528a4b700,,True,False
DRUGBANK:DB05942,DRUGBANK:DB10989,GI-5005,Hepatitis A Vaccine,274,274,1,False,False,False,False,True,False,,,,,e9000453854ab04c72db25653e34530528a4b700,,True,False
DRUGBANK:DB05942,DRUGBANK:DB11627,GI-5005,Hepatitis B Vaccine (Recombinant),274,274,1,False,False,False,False,True,False,,,,,e9000453854ab04c72db25653e34530528a4b700,,True,False
DRUGBANK:DB05942,DRUGBANK:DB12568,GI-5005,Tecemotide,274,274,1,False,False,False,False,True,False,,,,,e9000453854ab04c72db25653e34530528a4b700,,True,False
DRUGBANK:DB05942,DRUGBANK:DB13924,GI-5005,Varicella zoster vaccine (recombinant),274,274,1,False,False,False,False,True,False,,,,,e9000453854ab04c72db25653e34530528a4b700,,True,False
DRUGBANK:DB05942,DRUGBANK:DB14711,GI-5005,"Smallpox (Vaccinia) Vaccine, Live",274,274,1,False,False,False,False,True,False,,,,,e9000453854ab04c72db25653e34530528a4b700,,True,False
DRUGBANK:DB05942,DRUGBANK:DB15274,GI-5005,Pertussis vaccine,274,274,1,False,False,False,False,True,False,,,,,e9000453854ab04c72db25653e34530528a4b700,,True,False
DRUGBANK:DB05942,DRUGBANK:DB15461,GI-5005,Yersinia pestis 195/p antigen (formaldehyde inactivated),274,274,1,False,False,False,False,True,False,,,,,e9000453854ab04c72db25653e34530528a4b700,,True,False
DRUGBANK:DB05942,DRUGBANK:DB15483,GI-5005,Modified vaccinia ankara,274,274,1,False,False,False,False,True,False,,,,,e9000453854ab04c72db25653e34530528a4b700,,True,False
DRUGBANK:DB05942,DRUGBANK:DB15654,GI-5005,Moderna COVID-19 Vaccine,274,274,1,False,False,False,False,True,False,,,,,e9000453854ab04c72db25653e34530528a4b700,,True,False
DRUGBANK:DB06005,DRUGBANK:DB06779,Adomiparin,Dalteparin,22,878,1,False,False,False,True,False,False,,,,9005-49-6,,,False,True
DRUGBANK:DB06005,DRUGBANK:DB09260,Adomiparin,Parnaparin,22,877,1,False,False,False,True,False,False,,,,9005-49-6,,,False,True
DRUGBANK:DB06021,DRUGBANK:DB06181,AV-412,EMD-1201081,4,4,1,False,False,False,False,True,False,,,,,0404436fa7aaf7d5c15f1c66099dffc8cc644e0d,,True,False
DRUGBANK:DB06021,DRUGBANK:DB06517,AV-412,MLN576,4,4,1,False,False,False,False,True,False,,,,,0404436fa7aaf7d5c15f1c66099dffc8cc644e0d,,True,False
DRUGBANK:DB06021,DRUGBANK:DB12083,AV-412,Mafosfamide,4,4,1,False,False,False,False,True,False,,,,,0404436fa7aaf7d5c15f1c66099dffc8cc644e0d,,True,False
DRUGBANK:DB06021,DRUGBANK:DB12182,AV-412,Binetrakin,4,4,1,False,False,False,False,True,False,,,,,0404436fa7aaf7d5c15f1c66099dffc8cc644e0d,,True,False
DRUGBANK:DB06021,DRUGBANK:DB12379,AV-412,Indirubin,4,4,1,False,False,False,False,True,False,,,,,0404436fa7aaf7d5c15f1c66099dffc8cc644e0d,,True,False
DRUGBANK:DB06021,DRUGBANK:DB13128,AV-412,Sizofiran,4,4,1,False,False,False,False,True,False,,,,,0404436fa7aaf7d5c15f1c66099dffc8cc644e0d,,True,False
DRUGBANK:DB06021,DRUGBANK:DB13480,AV-412,Lentinan,4,4,1,False,False,False,False,True,False,,,,,0404436fa7aaf7d5c15f1c66099dffc8cc644e0d,,True,False
DRUGBANK:DB06021,DRUGBANK:DB13647,AV-412,Semustine,4,4,1,False,False,False,False,True,False,,,,,0404436fa7aaf7d5c15f1c66099dffc8cc644e0d,,True,False
DRUGBANK:DB06021,DRUGBANK:DB13811,AV-412,Oblimersen,4,4,1,False,False,False,False,True,False,,,,,0404436fa7aaf7d5c15f1c66099dffc8cc644e0d,,True,False
DRUGBANK:DB06021,DRUGBANK:DB13896,AV-412,Talimogene laherparepvec,4,4,1,False,False,False,False,True,False,,,,,0404436fa7aaf7d5c15f1c66099dffc8cc644e0d,,True,False
DRUGBANK:DB06021,DRUGBANK:DB14865,AV-412,Human interleukin-2,4,4,1,False,False,False,False,True,False,,,,,0404436fa7aaf7d5c15f1c66099dffc8cc644e0d,,True,False
DRUGBANK:DB06021,DRUGBANK:DB14951,AV-412,Etirinotecan pegol,4,4,1,False,False,False,False,True,False,,,,,0404436fa7aaf7d5c15f1c66099dffc8cc644e0d,,True,False
DRUGBANK:DB06021,DRUGBANK:DB15699,AV-412,Brexucabtagene autoleucel,4,4,1,False,False,False,False,True,False,,,,,0404436fa7aaf7d5c15f1c66099dffc8cc644e0d,,True,False
DRUGBANK:DB06071,DRUGBANK:DB12755,DTS-201,Zoptarelin doxorubicin,2,2,1,False,False,False,False,True,False,,,,,a80bbab3ada8dbc62445e51ac06d2b7fdea71eb9,,True,False
DRUGBANK:DB06071,DRUGBANK:DB13103,DTS-201,Camsirubicin,2,2,1,False,False,False,False,True,False,,,,,a80bbab3ada8dbc62445e51ac06d2b7fdea71eb9,,True,False
DRUGBANK:DB06181,DRUGBANK:DB06517,EMD-1201081,MLN576,4,4,1,False,False,False,False,True,False,,,,,0404436fa7aaf7d5c15f1c66099dffc8cc644e0d,,True,False
DRUGBANK:DB06181,DRUGBANK:DB12083,EMD-1201081,Mafosfamide,4,4,1,False,False,False,False,True,False,,,,,0404436fa7aaf7d5c15f1c66099dffc8cc644e0d,,True,False
DRUGBANK:DB06181,DRUGBANK:DB12182,EMD-1201081,Binetrakin,4,4,1,False,False,False,False,True,False,,,,,0404436fa7aaf7d5c15f1c66099dffc8cc644e0d,,True,False
DRUGBANK:DB06181,DRUGBANK:DB12379,EMD-1201081,Indirubin,4,4,1,False,False,False,False,True,False,,,,,0404436fa7aaf7d5c15f1c66099dffc8cc644e0d,,True,False
DRUGBANK:DB06181,DRUGBANK:DB13128,EMD-1201081,Sizofiran,4,4,1,False,False,False,False,True,False,,,,,0404436fa7aaf7d5c15f1c66099dffc8cc644e0d,,True,False
DRUGBANK:DB06181,DRUGBANK:DB13480,EMD-1201081,Lentinan,4,4,1,False,False,False,False,True,False,,,,,0404436fa7aaf7d5c15f1c66099dffc8cc644e0d,,True,False
DRUGBANK:DB06181,DRUGBANK:DB13647,EMD-1201081,Semustine,4,4,1,False,False,False,False,True,False,,,,,0404436fa7aaf7d5c15f1c66099dffc8cc644e0d,,True,False
DRUGBANK:DB06181,DRUGBANK:DB13811,EMD-1201081,Oblimersen,4,4,1,False,False,False,False,True,False,,,,,0404436fa7aaf7d5c15f1c66099dffc8cc644e0d,,True,False
DRUGBANK:DB06181,DRUGBANK:DB13896,EMD-1201081,Talimogene laherparepvec,4,4,1,False,False,False,False,True,False,,,,,0404436fa7aaf7d5c15f1c66099dffc8cc644e0d,,True,False
DRUGBANK:DB06181,DRUGBANK:DB14865,EMD-1201081,Human interleukin-2,4,4,1,False,False,False,False,True,False,,,,,0404436fa7aaf7d5c15f1c66099dffc8cc644e0d,,True,False
DRUGBANK:DB06181,DRUGBANK:DB14951,EMD-1201081,Etirinotecan pegol,4,4,1,False,False,False,False,True,False,,,,,0404436fa7aaf7d5c15f1c66099dffc8cc644e0d,,True,False
DRUGBANK:DB06181,DRUGBANK:DB15699,EMD-1201081,Brexucabtagene autoleucel,4,4,1,False,False,False,False,True,False,,,,,0404436fa7aaf7d5c15f1c66099dffc8cc644e0d,,True,False
DRUGBANK:DB06250,DRUGBANK:DB13710,Fluasterone,Metenolone,56,56,1,False,False,False,False,True,False,,,,,f98f0610a8d445bb29b2e200fb49027ea01e72e2,,True,False
DRUGBANK:DB06400,DRUGBANK:DB06584,Vitespen,TG4010,274,274,1,False,False,False,False,True,False,,,,,e9000453854ab04c72db25653e34530528a4b700,,True,False
DRUGBANK:DB06400,DRUGBANK:DB10276,Vitespen,Rotavirus vaccine,274,274,1,False,False,False,False,True,False,,,,,e9000453854ab04c72db25653e34530528a4b700,,True,False
DRUGBANK:DB06400,DRUGBANK:DB10583,Vitespen,Clostridium tetani toxoid antigen (formaldehyde inactivated),274,274,1,False,False,False,False,True,False,,,,,e9000453854ab04c72db25653e34530528a4b700,,True,False
DRUGBANK:DB06400,DRUGBANK:DB10584,Vitespen,Corynebacterium diphtheriae toxoid antigen (formaldehyde inactivated),274,274,1,False,False,False,False,True,False,,,,,e9000453854ab04c72db25653e34530528a4b700,,True,False
DRUGBANK:DB06400,DRUGBANK:DB10769,Vitespen,Japanese encephalitis virus strain sa 14-14-2 antigen (formaldehyde inactivated),274,274,1,False,False,False,False,True,False,,,,,e9000453854ab04c72db25653e34530528a4b700,,True,False
DRUGBANK:DB06400,DRUGBANK:DB10803,Vitespen,Typhoid Vi polysaccharide vaccine,274,274,1,False,False,False,False,True,False,,,,,e9000453854ab04c72db25653e34530528a4b700,,True,False
DRUGBANK:DB06400,DRUGBANK:DB10989,Vitespen,Hepatitis A Vaccine,274,274,1,False,False,False,False,True,False,,,,,e9000453854ab04c72db25653e34530528a4b700,,True,False
DRUGBANK:DB06400,DRUGBANK:DB11627,Vitespen,Hepatitis B Vaccine (Recombinant),274,274,1,False,False,False,False,True,False,,,,,e9000453854ab04c72db25653e34530528a4b700,,True,False
DRUGBANK:DB06400,DRUGBANK:DB12568,Vitespen,Tecemotide,274,274,1,False,False,False,False,True,False,,,,,e9000453854ab04c72db25653e34530528a4b700,,True,False
DRUGBANK:DB06400,DRUGBANK:DB13924,Vitespen,Varicella zoster vaccine (recombinant),274,274,1,False,False,False,False,True,False,,,,,e9000453854ab04c72db25653e34530528a4b700,,True,False
DRUGBANK:DB06400,DRUGBANK:DB14711,Vitespen,"Smallpox (Vaccinia) Vaccine, Live",274,274,1,False,False,False,False,True,False,,,,,e9000453854ab04c72db25653e34530528a4b700,,True,False
DRUGBANK:DB06400,DRUGBANK:DB15274,Vitespen,Pertussis vaccine,274,274,1,False,False,False,False,True,False,,,,,e9000453854ab04c72db25653e34530528a4b700,,True,False
DRUGBANK:DB06400,DRUGBANK:DB15461,Vitespen,Yersinia pestis 195/p antigen (formaldehyde inactivated),274,274,1,False,False,False,False,True,False,,,,,e9000453854ab04c72db25653e34530528a4b700,,True,False
DRUGBANK:DB06400,DRUGBANK:DB15483,Vitespen,Modified vaccinia ankara,274,274,1,False,False,False,False,True,False,,,,,e9000453854ab04c72db25653e34530528a4b700,,True,False
DRUGBANK:DB06400,DRUGBANK:DB15654,Vitespen,Moderna COVID-19 Vaccine,274,274,1,False,False,False,False,True,False,,,,,e9000453854ab04c72db25653e34530528a4b700,,True,False
DRUGBANK:DB06404,DRUGBANK:DB09228,Human C1-esterase inhibitor,Conestat alfa,36,36,1,False,False,False,False,True,False,,,,,52085c95c6902fe964adfdf02943b17d33b8728c,,True,False
DRUGBANK:DB06420,DRUGBANK:DB11618,Annamycin,Zorubicin,6,6,1,False,False,False,False,True,False,,,,,d871aac792b4238553ae8517f4ee4727ae0fa9f9,,True,False
DRUGBANK:DB06423,DRUGBANK:DB11727,Endostatin,Endostar,13,13,1,False,False,False,False,True,False,,,,,5ee5750a6ac9a97fb0e4e02a19d5870ff74c6802,,True,False
DRUGBANK:DB06423,DRUGBANK:DB12056,Endostatin,Trebananib,13,13,1,False,False,False,False,True,False,,,,,5ee5750a6ac9a97fb0e4e02a19d5870ff74c6802,,True,False
DRUGBANK:DB06517,DRUGBANK:DB12083,MLN576,Mafosfamide,4,4,1,False,False,False,False,True,False,,,,,0404436fa7aaf7d5c15f1c66099dffc8cc644e0d,,True,False
DRUGBANK:DB06517,DRUGBANK:DB12182,MLN576,Binetrakin,4,4,1,False,False,False,False,True,False,,,,,0404436fa7aaf7d5c15f1c66099dffc8cc644e0d,,True,False
DRUGBANK:DB06517,DRUGBANK:DB12379,MLN576,Indirubin,4,4,1,False,False,False,False,True,False,,,,,0404436fa7aaf7d5c15f1c66099dffc8cc644e0d,,True,False
DRUGBANK:DB06517,DRUGBANK:DB13128,MLN576,Sizofiran,4,4,1,False,False,False,False,True,False,,,,,0404436fa7aaf7d5c15f1c66099dffc8cc644e0d,,True,False
DRUGBANK:DB06517,DRUGBANK:DB13480,MLN576,Lentinan,4,4,1,False,False,False,False,True,False,,,,,0404436fa7aaf7d5c15f1c66099dffc8cc644e0d,,True,False
DRUGBANK:DB06517,DRUGBANK:DB13647,MLN576,Semustine,4,4,1,False,False,False,False,True,False,,,,,0404436fa7aaf7d5c15f1c66099dffc8cc644e0d,,True,False
DRUGBANK:DB06517,DRUGBANK:DB13811,MLN576,Oblimersen,4,4,1,False,False,False,False,True,False,,,,,0404436fa7aaf7d5c15f1c66099dffc8cc644e0d,,True,False
DRUGBANK:DB06517,DRUGBANK:DB13896,MLN576,Talimogene laherparepvec,4,4,1,False,False,False,False,True,False,,,,,0404436fa7aaf7d5c15f1c66099dffc8cc644e0d,,True,False
DRUGBANK:DB06517,DRUGBANK:DB14865,MLN576,Human interleukin-2,4,4,1,False,False,False,False,True,False,,,,,0404436fa7aaf7d5c15f1c66099dffc8cc644e0d,,True,False
DRUGBANK:DB06517,DRUGBANK:DB14951,MLN576,Etirinotecan pegol,4,4,1,False,False,False,False,True,False,,,,,0404436fa7aaf7d5c15f1c66099dffc8cc644e0d,,True,False
DRUGBANK:DB06517,DRUGBANK:DB15699,MLN576,Brexucabtagene autoleucel,4,4,1,False,False,False,False,True,False,,,,,0404436fa7aaf7d5c15f1c66099dffc8cc644e0d,,True,False
DRUGBANK:DB06534,DRUGBANK:DB11624,Thrombopoietin,Epoetin delta,8,8,1,False,False,False,False,True,False,,,,,f5d9dc561cd519ec6913e1b2e4671971da27f3a0,,True,False
DRUGBANK:DB06534,DRUGBANK:DB12431,Thrombopoietin,Muplestim,8,8,1,False,False,False,False,True,False,,,,,f5d9dc561cd519ec6913e1b2e4671971da27f3a0,,True,False
DRUGBANK:DB06534,DRUGBANK:DB12699,Thrombopoietin,Balugrastim,8,8,1,False,False,False,False,True,False,,,,,f5d9dc561cd519ec6913e1b2e4671971da27f3a0,,True,False
DRUGBANK:DB06534,DRUGBANK:DB15095,Thrombopoietin,Leridistim,8,8,1,False,False,False,False,True,False,,,,,f5d9dc561cd519ec6913e1b2e4671971da27f3a0,,True,False
DRUGBANK:DB06534,DRUGBANK:DB15290,Thrombopoietin,Pegteograstim,8,8,1,False,False,False,False,True,False,,,,,f5d9dc561cd519ec6913e1b2e4671971da27f3a0,,True,False
DRUGBANK:DB06584,DRUGBANK:DB10276,TG4010,Rotavirus vaccine,274,274,1,False,False,False,False,True,False,,,,,e9000453854ab04c72db25653e34530528a4b700,,True,False
DRUGBANK:DB06584,DRUGBANK:DB10583,TG4010,Clostridium tetani toxoid antigen (formaldehyde inactivated),274,274,1,False,False,False,False,True,False,,,,,e9000453854ab04c72db25653e34530528a4b700,,True,False
DRUGBANK:DB06584,DRUGBANK:DB10584,TG4010,Corynebacterium diphtheriae toxoid antigen (formaldehyde inactivated),274,274,1,False,False,False,False,True,False,,,,,e9000453854ab04c72db25653e34530528a4b700,,True,False
DRUGBANK:DB06584,DRUGBANK:DB10769,TG4010,Japanese encephalitis virus strain sa 14-14-2 antigen (formaldehyde inactivated),274,274,1,False,False,False,False,True,False,,,,,e9000453854ab04c72db25653e34530528a4b700,,True,False
DRUGBANK:DB06584,DRUGBANK:DB10803,TG4010,Typhoid Vi polysaccharide vaccine,274,274,1,False,False,False,False,True,False,,,,,e9000453854ab04c72db25653e34530528a4b700,,True,False
DRUGBANK:DB06584,DRUGBANK:DB10989,TG4010,Hepatitis A Vaccine,274,274,1,False,False,False,False,True,False,,,,,e9000453854ab04c72db25653e34530528a4b700,,True,False
DRUGBANK:DB06584,DRUGBANK:DB11627,TG4010,Hepatitis B Vaccine (Recombinant),274,274,1,False,False,False,False,True,False,,,,,e9000453854ab04c72db25653e34530528a4b700,,True,False
DRUGBANK:DB06584,DRUGBANK:DB12568,TG4010,Tecemotide,274,274,1,False,False,False,False,True,False,,,,,e9000453854ab04c72db25653e34530528a4b700,,True,False
DRUGBANK:DB06584,DRUGBANK:DB13924,TG4010,Varicella zoster vaccine (recombinant),274,274,1,False,False,False,False,True,False,,,,,e9000453854ab04c72db25653e34530528a4b700,,True,False
DRUGBANK:DB06584,DRUGBANK:DB14711,TG4010,"Smallpox (Vaccinia) Vaccine, Live",274,274,1,False,False,False,False,True,False,,,,,e9000453854ab04c72db25653e34530528a4b700,,True,False
DRUGBANK:DB06584,DRUGBANK:DB15274,TG4010,Pertussis vaccine,274,274,1,False,False,False,False,True,False,,,,,e9000453854ab04c72db25653e34530528a4b700,,True,False
DRUGBANK:DB06584,DRUGBANK:DB15461,TG4010,Yersinia pestis 195/p antigen (formaldehyde inactivated),274,274,1,False,False,False,False,True,False,,,,,e9000453854ab04c72db25653e34530528a4b700,,True,False
DRUGBANK:DB06584,DRUGBANK:DB15483,TG4010,Modified vaccinia ankara,274,274,1,False,False,False,False,True,False,,,,,e9000453854ab04c72db25653e34530528a4b700,,True,False
DRUGBANK:DB06584,DRUGBANK:DB15654,TG4010,Moderna COVID-19 Vaccine,274,274,1,False,False,False,False,True,False,,,,,e9000453854ab04c72db25653e34530528a4b700,,True,False
DRUGBANK:DB06659,DRUGBANK:DB09536,Rostaporfin,Titanium dioxide,3,3,1,False,False,False,False,True,False,,,,,c6756476b102070f32096be1fb8365f5a84d42c4,,True,False
DRUGBANK:DB06720,DRUGBANK:DB08876,Velaglucerase alfa,Taliglucerase alfa,2,2,1,False,False,False,False,True,False,,,,,ddcf9f3252db008d5c35048b95180c0b33705b7a,,True,False
DRUGBANK:DB06779,DRUGBANK:DB15404,Dalteparin,"Heparin, bovine",878,22,1,False,False,False,True,False,False,,,,9005-49-6,,,False,True
DRUGBANK:DB06783,DRUGBANK:DB09501,Prussian blue,Ferric ammonium citrate,124,124,1,False,False,False,False,True,False,,,,,f279ec0ae0174db07d27df44ea006b72156dc2fe,,True,False
DRUGBANK:DB06783,DRUGBANK:DB09507,Prussian blue,Ferumoxsil,124,124,1,False,False,False,False,True,False,,,,,f279ec0ae0174db07d27df44ea006b72156dc2fe,,True,False
DRUGBANK:DB06783,DRUGBANK:DB09508,Prussian blue,Ferumoxides,124,124,1,False,False,False,False,True,False,,,,,f279ec0ae0174db07d27df44ea006b72156dc2fe,,True,False
DRUGBANK:DB06783,DRUGBANK:DB11171,Prussian blue,Ferric sulfate,124,124,1,False,False,False,False,True,False,,,,,f279ec0ae0174db07d27df44ea006b72156dc2fe,,True,False
DRUGBANK:DB06783,DRUGBANK:DB11417,Prussian blue,Gleptoferron,124,124,1,False,False,False,False,True,False,,,,,f279ec0ae0174db07d27df44ea006b72156dc2fe,,True,False
DRUGBANK:DB06783,DRUGBANK:DB13381,Prussian blue,Sodium feredetate,124,124,1,False,False,False,False,True,False,,,,,f279ec0ae0174db07d27df44ea006b72156dc2fe,,True,False
DRUGBANK:DB06783,DRUGBANK:DB13423,Prussian blue,Ferric hydroxide,124,124,1,False,False,False,False,True,False,,,,,f279ec0ae0174db07d27df44ea006b72156dc2fe,,True,False
DRUGBANK:DB06783,DRUGBANK:DB14489,Prussian blue,Ferrous succinate,124,124,1,False,False,False,False,True,False,,,,,f279ec0ae0174db07d27df44ea006b72156dc2fe,,True,False
DRUGBANK:DB06783,DRUGBANK:DB14520,Prussian blue,Tetraferric tricitrate decahydrate,124,124,1,False,False,False,False,True,False,,,,,f279ec0ae0174db07d27df44ea006b72156dc2fe,,True,False
DRUGBANK:DB06783,DRUGBANK:DB14695,Prussian blue,Ferric oxyhydroxide,124,124,1,False,False,False,False,True,False,,,,,f279ec0ae0174db07d27df44ea006b72156dc2fe,,True,False
DRUGBANK:DB08735,DRUGBANK:DB08736,"R,S-Warfarin alcohol","S,R-Warfarin alcohol",394,394,1,False,False,False,False,True,False,,,,,9b08c0e57045140f0e297c166200969ea4b7aa06,,True,False
DRUGBANK:DB08858,DRUGBANK:DB14016,cis-Diamminechlorocholylglycinateplatinum(II),Ox bile extract,39,39,1,False,False,False,False,True,False,,,,,d14340fd3a6628ad287d6cad792625a0aa07efad,,True,False
DRUGBANK:DB09109,DRUGBANK:DB13999,Turoctocog alfa,Moroctocog alfa,96,96,1,False,False,False,False,True,False,,,,,69e11cbd53ab7e2593a35778a44f2d5ee11ee8d4,,False,False
DRUGBANK:DB09109,DRUGBANK:DB14738,Turoctocog alfa,Turoctocog alfa pegol,96,96,1,False,False,False,False,True,False,,,,,69e11cbd53ab7e2593a35778a44f2d5ee11ee8d4,,False,False
DRUGBANK:DB09222,DRUGBANK:DB11606,Fibrinogen human,Susoctocog alfa,95,95,1,False,False,False,False,True,False,,,,,736779314c3ee9ab091c737a8bfe65868d59a4e7,,True,False
DRUGBANK:DB09222,DRUGBANK:DB11668,Fibrinogen human,Rusalatide acetate,95,95,1,False,False,False,False,True,False,,,,,736779314c3ee9ab091c737a8bfe65868d59a4e7,,True,False
DRUGBANK:DB09222,DRUGBANK:DB12409,Fibrinogen human,Vatreptacog alfa,95,95,1,False,False,False,False,True,False,,,,,736779314c3ee9ab091c737a8bfe65868d59a4e7,,True,False
DRUGBANK:DB09222,DRUGBANK:DB12909,Fibrinogen human,Factor XIII (human),95,95,1,False,False,False,False,True,False,,,,,736779314c3ee9ab091c737a8bfe65868d59a4e7,,True,False
DRUGBANK:DB09222,DRUGBANK:DB13151,Fibrinogen human,Anti-inhibitor coagulant complex,95,95,1,False,False,False,False,True,False,,,,,736779314c3ee9ab091c737a8bfe65868d59a4e7,,True,False
DRUGBANK:DB09222,DRUGBANK:DB13192,Fibrinogen human,Antihemophilic factor human,95,95,1,False,False,False,False,True,False,,,,,736779314c3ee9ab091c737a8bfe65868d59a4e7,,True,False
DRUGBANK:DB09222,DRUGBANK:DB13197,Fibrinogen human,Kallidinogenase,95,95,1,False,False,False,False,True,False,,,,,736779314c3ee9ab091c737a8bfe65868d59a4e7,,True,False
DRUGBANK:DB09222,DRUGBANK:DB13201,Fibrinogen human,Trenonacog alfa,95,95,1,False,False,False,False,True,False,,,,,736779314c3ee9ab091c737a8bfe65868d59a4e7,,True,False
DRUGBANK:DB09222,DRUGBANK:DB14473,Fibrinogen human,Beroctocog alfa,95,95,1,False,False,False,False,True,False,,,,,736779314c3ee9ab091c737a8bfe65868d59a4e7,,True,False
DRUGBANK:DB09222,DRUGBANK:DB14562,Fibrinogen human,Andexanet alfa,95,95,1,False,False,False,False,True,False,,,,,736779314c3ee9ab091c737a8bfe65868d59a4e7,,True,False
DRUGBANK:DB09260,DRUGBANK:DB15404,Parnaparin,"Heparin, bovine",877,22,1,False,False,False,True,False,False,,,,9005-49-6,,,False,True
DRUGBANK:DB09287,DRUGBANK:DB11077,Polyethylene glycol,Polyethylene glycol 400,481,800,1,False,False,False,True,False,False,,,,25322-68-3,,,False,True
DRUGBANK:DB09287,DRUGBANK:DB11161,Polyethylene glycol,Polyethylene glycol 300,481,33,1,False,False,False,True,False,False,,,,25322-68-3,,,False,True
DRUGBANK:DB09287,DRUGBANK:DB11236,Polyethylene glycol,Polyethylene glycol 3500,481,33,1,False,False,False,True,False,False,,,,25322-68-3,,,False,True
DRUGBANK:DB09369,DRUGBANK:DB13143,Polyestradiol phosphate,Methallenestril,496,496,1,False,False,False,False,True,False,,,,,ce1bfb776adf39f7bdd93ad1947209a906aa5b1d,,True,False
DRUGBANK:DB09389,DRUGBANK:DB13685,Norgestrel,Quingestanol,459,459,1,False,False,False,False,True,False,,,,,fb9637cb8a11bceff261599c94cfcc96d0d4f569,,True,False
DRUGBANK:DB09501,DRUGBANK:DB09507,Ferric ammonium citrate,Ferumoxsil,124,124,1,False,False,False,False,True,False,,,,,f279ec0ae0174db07d27df44ea006b72156dc2fe,,True,False
DRUGBANK:DB09501,DRUGBANK:DB09508,Ferric ammonium citrate,Ferumoxides,124,124,1,False,False,False,False,True,False,,,,,f279ec0ae0174db07d27df44ea006b72156dc2fe,,True,False
DRUGBANK:DB09501,DRUGBANK:DB11171,Ferric ammonium citrate,Ferric sulfate,124,124,1,False,False,False,False,True,False,,,,,f279ec0ae0174db07d27df44ea006b72156dc2fe,,True,False
DRUGBANK:DB09501,DRUGBANK:DB11417,Ferric ammonium citrate,Gleptoferron,124,124,1,False,False,False,False,True,False,,,,,f279ec0ae0174db07d27df44ea006b72156dc2fe,,True,False
DRUGBANK:DB09501,DRUGBANK:DB13381,Ferric ammonium citrate,Sodium feredetate,124,124,1,False,False,False,False,True,False,,,,,f279ec0ae0174db07d27df44ea006b72156dc2fe,,True,False
DRUGBANK:DB09501,DRUGBANK:DB13423,Ferric ammonium citrate,Ferric hydroxide,124,124,1,False,False,False,False,True,False,,,,,f279ec0ae0174db07d27df44ea006b72156dc2fe,,True,False
DRUGBANK:DB09501,DRUGBANK:DB14489,Ferric ammonium citrate,Ferrous succinate,124,124,1,False,False,False,False,True,False,,,,,f279ec0ae0174db07d27df44ea006b72156dc2fe,,True,False
DRUGBANK:DB09501,DRUGBANK:DB14520,Ferric ammonium citrate,Tetraferric tricitrate decahydrate,124,124,1,False,False,False,False,True,False,,,,,f279ec0ae0174db07d27df44ea006b72156dc2fe,,True,False
DRUGBANK:DB09501,DRUGBANK:DB14695,Ferric ammonium citrate,Ferric oxyhydroxide,124,124,1,False,False,False,False,True,False,,,,,f279ec0ae0174db07d27df44ea006b72156dc2fe,,True,False
DRUGBANK:DB09507,DRUGBANK:DB09508,Ferumoxsil,Ferumoxides,124,124,1,False,False,False,False,True,False,,,,,f279ec0ae0174db07d27df44ea006b72156dc2fe,,True,False
DRUGBANK:DB09507,DRUGBANK:DB11171,Ferumoxsil,Ferric sulfate,124,124,1,False,False,False,False,True,False,,,,,f279ec0ae0174db07d27df44ea006b72156dc2fe,,True,False
DRUGBANK:DB09507,DRUGBANK:DB11417,Ferumoxsil,Gleptoferron,124,124,1,False,False,False,False,True,False,,,,,f279ec0ae0174db07d27df44ea006b72156dc2fe,,True,False
DRUGBANK:DB09507,DRUGBANK:DB13381,Ferumoxsil,Sodium feredetate,124,124,1,False,False,False,False,True,False,,,,,f279ec0ae0174db07d27df44ea006b72156dc2fe,,True,False
DRUGBANK:DB09507,DRUGBANK:DB13423,Ferumoxsil,Ferric hydroxide,124,124,1,False,False,False,False,True,False,,,,,f279ec0ae0174db07d27df44ea006b72156dc2fe,,True,False
DRUGBANK:DB09507,DRUGBANK:DB14489,Ferumoxsil,Ferrous succinate,124,124,1,False,False,False,False,True,False,,,,,f279ec0ae0174db07d27df44ea006b72156dc2fe,,True,False
DRUGBANK:DB09507,DRUGBANK:DB14520,Ferumoxsil,Tetraferric tricitrate decahydrate,124,124,1,False,False,False,False,True,False,,,,,f279ec0ae0174db07d27df44ea006b72156dc2fe,,True,False
DRUGBANK:DB09507,DRUGBANK:DB14695,Ferumoxsil,Ferric oxyhydroxide,124,124,1,False,False,False,False,True,False,,,,,f279ec0ae0174db07d27df44ea006b72156dc2fe,,True,False
DRUGBANK:DB09508,DRUGBANK:DB11171,Ferumoxides,Ferric sulfate,124,124,1,False,False,False,False,True,False,,,,,f279ec0ae0174db07d27df44ea006b72156dc2fe,,True,False
DRUGBANK:DB09508,DRUGBANK:DB11417,Ferumoxides,Gleptoferron,124,124,1,False,False,False,False,True,False,,,,,f279ec0ae0174db07d27df44ea006b72156dc2fe,,True,False
DRUGBANK:DB09508,DRUGBANK:DB13381,Ferumoxides,Sodium feredetate,124,124,1,False,False,False,False,True,False,,,,,f279ec0ae0174db07d27df44ea006b72156dc2fe,,True,False
DRUGBANK:DB09508,DRUGBANK:DB13423,Ferumoxides,Ferric hydroxide,124,124,1,False,False,False,False,True,False,,,,,f279ec0ae0174db07d27df44ea006b72156dc2fe,,True,False
DRUGBANK:DB09508,DRUGBANK:DB14489,Ferumoxides,Ferrous succinate,124,124,1,False,False,False,False,True,False,,,,,f279ec0ae0174db07d27df44ea006b72156dc2fe,,True,False
DRUGBANK:DB09508,DRUGBANK:DB14520,Ferumoxides,Tetraferric tricitrate decahydrate,124,124,1,False,False,False,False,True,False,,,,,f279ec0ae0174db07d27df44ea006b72156dc2fe,,True,False
DRUGBANK:DB09508,DRUGBANK:DB14695,Ferumoxides,Ferric oxyhydroxide,124,124,1,False,False,False,False,True,False,,,,,f279ec0ae0174db07d27df44ea006b72156dc2fe,,True,False
DRUGBANK:DB09539,DRUGBANK:DB11133,Omega-3-acid ethyl esters,Omega-3 fatty acids,121,121,1,False,False,False,False,True,False,,,,,a81004ab11529c3dbab3cb4dd82971664fd42fc9,,True,False
DRUGBANK:DB10062,DRUGBANK:DB10283,"Rabies virus inactivated antigen, B","Rabies virus inactivated antigen, A",275,275,1,False,False,False,False,True,False,,,,,011807f72c2c0a13afd421f50167a36b03c76d13,,True,False
DRUGBANK:DB10062,DRUGBANK:DB11603,"Rabies virus inactivated antigen, B","Rabies immune globulin, human",275,275,1,False,False,False,False,True,False,,,,,011807f72c2c0a13afd421f50167a36b03c76d13,,True,False
DRUGBANK:DB10076,DRUGBANK:DB10342,Haemophilus influenzae type B strain 1482 capsular polysaccharide tetanus toxoid conjugate antigen,Haemophilus influenzae type B capsular polysaccharide meningococcal outer membrane protein conjugate antigen,292,292,1,False,False,False,False,True,False,,,,,eb8206733f7d6b1450ae4228249e99e735f67c3f,,True,False
DRUGBANK:DB10076,DRUGBANK:DB10600,Haemophilus influenzae type B strain 1482 capsular polysaccharide tetanus toxoid conjugate antigen,Influenza A virus A/California/7/2009 X-181 (H1N1) antigen (propiolactone inactivated),292,292,1,False,False,False,False,True,False,,,,,eb8206733f7d6b1450ae4228249e99e735f67c3f,,True,False
DRUGBANK:DB10076,DRUGBANK:DB10794,Haemophilus influenzae type B strain 1482 capsular polysaccharide tetanus toxoid conjugate antigen,Influenza B virus B/Brisbane/60/2008 antigen (formaldehyde inactivated),292,292,1,False,False,False,False,True,False,,,,,eb8206733f7d6b1450ae4228249e99e735f67c3f,,True,False
DRUGBANK:DB10076,DRUGBANK:DB10990,Haemophilus influenzae type B strain 1482 capsular polysaccharide tetanus toxoid conjugate antigen,Haemophilus influenzae type B strain 20752 capsular polysaccharide tetanus toxoid conjugate antigen,292,292,1,False,False,False,False,True,False,,,,,eb8206733f7d6b1450ae4228249e99e735f67c3f,,True,False
DRUGBANK:DB10076,DRUGBANK:DB11038,Haemophilus influenzae type B strain 1482 capsular polysaccharide tetanus toxoid conjugate antigen,Influenza A virus A/Brisbane/59/2007(H1N1) hemagglutinin antigen (propiolactone inactivated),292,292,1,False,False,False,False,True,False,,,,,eb8206733f7d6b1450ae4228249e99e735f67c3f,,True,False
DRUGBANK:DB10076,DRUGBANK:DB11040,Haemophilus influenzae type B strain 1482 capsular polysaccharide tetanus toxoid conjugate antigen,Influenza B virus B/Brisbane/60/2008 hemagglutinin antigen (propiolactone inactivated),292,292,1,False,False,False,False,True,False,,,,,eb8206733f7d6b1450ae4228249e99e735f67c3f,,True,False
DRUGBANK:DB10076,DRUGBANK:DB11041,Haemophilus influenzae type B strain 1482 capsular polysaccharide tetanus toxoid conjugate antigen,Influenza A virus A/California/7/2009 X-181 (H1N1) hemagglutinin antigen (propiolactone inactivated),292,292,1,False,False,False,False,True,False,,,,,eb8206733f7d6b1450ae4228249e99e735f67c3f,,True,False
DRUGBANK:DB10076,DRUGBANK:DB11044,Haemophilus influenzae type B strain 1482 capsular polysaccharide tetanus toxoid conjugate antigen,Influenza B virus B/Brisbane/60/2008 antigen (propiolactone inactivated),292,292,1,False,False,False,False,True,False,,,,,eb8206733f7d6b1450ae4228249e99e735f67c3f,,True,False
DRUGBANK:DB10076,DRUGBANK:DB14384,Haemophilus influenzae type B strain 1482 capsular polysaccharide tetanus toxoid conjugate antigen,Influenza A virus A/Victoria/210/2009 X-187 (H3N2) hemagglutinin antigen (formaldehyde inactivated),292,292,1,False,False,False,False,True,False,,,,,eb8206733f7d6b1450ae4228249e99e735f67c3f,,True,False
DRUGBANK:DB10076,DRUGBANK:DB14385,Haemophilus influenzae type B strain 1482 capsular polysaccharide tetanus toxoid conjugate antigen,Influenza B virus B/Brisbane/60/2008 hemagglutinin antigen (formaldehyde inactivated),292,292,1,False,False,False,False,True,False,,,,,eb8206733f7d6b1450ae4228249e99e735f67c3f,,True,False
DRUGBANK:DB10076,DRUGBANK:DB14394,Haemophilus influenzae type B strain 1482 capsular polysaccharide tetanus toxoid conjugate antigen,Influenza A virus A/California/7/2009 (H1N1) live (attenuated) antigen,292,292,1,False,False,False,False,True,False,,,,,eb8206733f7d6b1450ae4228249e99e735f67c3f,,True,False
DRUGBANK:DB10076,DRUGBANK:DB14445,Haemophilus influenzae type B strain 1482 capsular polysaccharide tetanus toxoid conjugate antigen,Influenza A virus A/Victoria/210/2009 X-187 (H3N2) antigen (formaldehyde inactivated),292,292,1,False,False,False,False,True,False,,,,,eb8206733f7d6b1450ae4228249e99e735f67c3f,,True,False
DRUGBANK:DB10076,DRUGBANK:DB14449,Haemophilus influenzae type B strain 1482 capsular polysaccharide tetanus toxoid conjugate antigen,Influenza A virus A/Perth/16/2009 (H3N2) live (attenuated) antigen,292,292,1,False,False,False,False,True,False,,,,,eb8206733f7d6b1450ae4228249e99e735f67c3f,,True,False
DRUGBANK:DB10076,DRUGBANK:DB14619,Haemophilus influenzae type B strain 1482 capsular polysaccharide tetanus toxoid conjugate antigen,Influenza A virus A/Uruguay/716/2007(H3N2) antigen (propiolactone inactivated),292,292,1,False,False,False,False,True,False,,,,,eb8206733f7d6b1450ae4228249e99e735f67c3f,,True,False
DRUGBANK:DB10076,DRUGBANK:DB14620,Haemophilus influenzae type B strain 1482 capsular polysaccharide tetanus toxoid conjugate antigen,Influenza A virus A/Brisbane/59/2007(H1N1) antigen (propiolactone inactivated),292,292,1,False,False,False,False,True,False,,,,,eb8206733f7d6b1450ae4228249e99e735f67c3f,,True,False
DRUGBANK:DB10276,DRUGBANK:DB10583,Rotavirus vaccine,Clostridium tetani toxoid antigen (formaldehyde inactivated),274,274,1,False,False,False,False,True,False,,,,,e9000453854ab04c72db25653e34530528a4b700,,True,False
DRUGBANK:DB10276,DRUGBANK:DB10584,Rotavirus vaccine,Corynebacterium diphtheriae toxoid antigen (formaldehyde inactivated),274,274,1,False,False,False,False,True,False,,,,,e9000453854ab04c72db25653e34530528a4b700,,True,False
DRUGBANK:DB10276,DRUGBANK:DB10769,Rotavirus vaccine,Japanese encephalitis virus strain sa 14-14-2 antigen (formaldehyde inactivated),274,274,1,False,False,False,False,True,False,,,,,e9000453854ab04c72db25653e34530528a4b700,,True,False
DRUGBANK:DB10276,DRUGBANK:DB10803,Rotavirus vaccine,Typhoid Vi polysaccharide vaccine,274,274,1,False,False,False,False,True,False,,,,,e9000453854ab04c72db25653e34530528a4b700,,True,False
DRUGBANK:DB10276,DRUGBANK:DB10989,Rotavirus vaccine,Hepatitis A Vaccine,274,274,1,False,False,False,False,True,False,,,,,e9000453854ab04c72db25653e34530528a4b700,,True,False
DRUGBANK:DB10276,DRUGBANK:DB11627,Rotavirus vaccine,Hepatitis B Vaccine (Recombinant),274,274,1,False,False,False,False,True,False,,,,,e9000453854ab04c72db25653e34530528a4b700,,True,False
DRUGBANK:DB10276,DRUGBANK:DB12568,Rotavirus vaccine,Tecemotide,274,274,1,False,False,False,False,True,False,,,,,e9000453854ab04c72db25653e34530528a4b700,,True,False
DRUGBANK:DB10276,DRUGBANK:DB13924,Rotavirus vaccine,Varicella zoster vaccine (recombinant),274,274,1,False,False,False,False,True,False,,,,,e9000453854ab04c72db25653e34530528a4b700,,True,False
DRUGBANK:DB10276,DRUGBANK:DB14711,Rotavirus vaccine,"Smallpox (Vaccinia) Vaccine, Live",274,274,1,False,False,False,False,True,False,,,,,e9000453854ab04c72db25653e34530528a4b700,,True,False
DRUGBANK:DB10276,DRUGBANK:DB15274,Rotavirus vaccine,Pertussis vaccine,274,274,1,False,False,False,False,True,False,,,,,e9000453854ab04c72db25653e34530528a4b700,,True,False
DRUGBANK:DB10276,DRUGBANK:DB15461,Rotavirus vaccine,Yersinia pestis 195/p antigen (formaldehyde inactivated),274,274,1,False,False,False,False,True,False,,,,,e9000453854ab04c72db25653e34530528a4b700,,True,False
DRUGBANK:DB10276,DRUGBANK:DB15483,Rotavirus vaccine,Modified vaccinia ankara,274,274,1,False,False,False,False,True,False,,,,,e9000453854ab04c72db25653e34530528a4b700,,True,False
DRUGBANK:DB10276,DRUGBANK:DB15654,Rotavirus vaccine,Moderna COVID-19 Vaccine,274,274,1,False,False,False,False,True,False,,,,,e9000453854ab04c72db25653e34530528a4b700,,True,False
DRUGBANK:DB10283,DRUGBANK:DB11603,"Rabies virus inactivated antigen, A","Rabies immune globulin, human",275,275,1,False,False,False,False,True,False,,,,,011807f72c2c0a13afd421f50167a36b03c76d13,,True,False
DRUGBANK:DB10317,DRUGBANK:DB10343,Rubella virus vaccine,Bacillus calmette-guerin substrain tice live antigen,401,401,1,False,False,False,False,True,False,,,,,60ae7756991f0c78eb1ca08859c3a19feb91cc88,,True,False
DRUGBANK:DB10317,DRUGBANK:DB10804,Rubella virus vaccine,Bacillus calmette-guerin substrain connaught live antigen,401,401,1,False,False,False,False,True,False,,,,,60ae7756991f0c78eb1ca08859c3a19feb91cc88,,True,False
DRUGBANK:DB10317,DRUGBANK:DB10805,Rubella virus vaccine,Yellow fever vaccine,401,401,1,False,False,False,False,True,False,,,,,60ae7756991f0c78eb1ca08859c3a19feb91cc88,,True,False
DRUGBANK:DB10317,DRUGBANK:DB11003,Rubella virus vaccine,Anthrax vaccine,401,401,1,False,False,False,False,True,False,,,,,60ae7756991f0c78eb1ca08859c3a19feb91cc88,,True,False
DRUGBANK:DB10317,DRUGBANK:DB12386,Rubella virus vaccine,Bacillus calmette-guerin substrain danish 1331 live antigen,401,401,1,False,False,False,False,True,False,,,,,60ae7756991f0c78eb1ca08859c3a19feb91cc88,,True,False
DRUGBANK:DB10342,DRUGBANK:DB10600,Haemophilus influenzae type B capsular polysaccharide meningococcal outer membrane protein conjugate antigen,Influenza A virus A/California/7/2009 X-181 (H1N1) antigen (propiolactone inactivated),292,292,1,False,False,False,False,True,False,,,,,eb8206733f7d6b1450ae4228249e99e735f67c3f,,True,False
DRUGBANK:DB10342,DRUGBANK:DB10794,Haemophilus influenzae type B capsular polysaccharide meningococcal outer membrane protein conjugate antigen,Influenza B virus B/Brisbane/60/2008 antigen (formaldehyde inactivated),292,292,1,False,False,False,False,True,False,,,,,eb8206733f7d6b1450ae4228249e99e735f67c3f,,True,False
DRUGBANK:DB10342,DRUGBANK:DB10990,Haemophilus influenzae type B capsular polysaccharide meningococcal outer membrane protein conjugate antigen,Haemophilus influenzae type B strain 20752 capsular polysaccharide tetanus toxoid conjugate antigen,292,292,1,False,False,False,False,True,False,,,,,eb8206733f7d6b1450ae4228249e99e735f67c3f,,True,False
DRUGBANK:DB10342,DRUGBANK:DB11038,Haemophilus influenzae type B capsular polysaccharide meningococcal outer membrane protein conjugate antigen,Influenza A virus A/Brisbane/59/2007(H1N1) hemagglutinin antigen (propiolactone inactivated),292,292,1,False,False,False,False,True,False,,,,,eb8206733f7d6b1450ae4228249e99e735f67c3f,,True,False
DRUGBANK:DB10342,DRUGBANK:DB11040,Haemophilus influenzae type B capsular polysaccharide meningococcal outer membrane protein conjugate antigen,Influenza B virus B/Brisbane/60/2008 hemagglutinin antigen (propiolactone inactivated),292,292,1,False,False,False,False,True,False,,,,,eb8206733f7d6b1450ae4228249e99e735f67c3f,,True,False
DRUGBANK:DB10342,DRUGBANK:DB11041,Haemophilus influenzae type B capsular polysaccharide meningococcal outer membrane protein conjugate antigen,Influenza A virus A/California/7/2009 X-181 (H1N1) hemagglutinin antigen (propiolactone inactivated),292,292,1,False,False,False,False,True,False,,,,,eb8206733f7d6b1450ae4228249e99e735f67c3f,,True,False
DRUGBANK:DB10342,DRUGBANK:DB11044,Haemophilus influenzae type B capsular polysaccharide meningococcal outer membrane protein conjugate antigen,Influenza B virus B/Brisbane/60/2008 antigen (propiolactone inactivated),292,292,1,False,False,False,False,True,False,,,,,eb8206733f7d6b1450ae4228249e99e735f67c3f,,True,False
DRUGBANK:DB10342,DRUGBANK:DB14384,Haemophilus influenzae type B capsular polysaccharide meningococcal outer membrane protein conjugate antigen,Influenza A virus A/Victoria/210/2009 X-187 (H3N2) hemagglutinin antigen (formaldehyde inactivated),292,292,1,False,False,False,False,True,False,,,,,eb8206733f7d6b1450ae4228249e99e735f67c3f,,True,False
DRUGBANK:DB10342,DRUGBANK:DB14385,Haemophilus influenzae type B capsular polysaccharide meningococcal outer membrane protein conjugate antigen,Influenza B virus B/Brisbane/60/2008 hemagglutinin antigen (formaldehyde inactivated),292,292,1,False,False,False,False,True,False,,,,,eb8206733f7d6b1450ae4228249e99e735f67c3f,,True,False
DRUGBANK:DB10342,DRUGBANK:DB14394,Haemophilus influenzae type B capsular polysaccharide meningococcal outer membrane protein conjugate antigen,Influenza A virus A/California/7/2009 (H1N1) live (attenuated) antigen,292,292,1,False,False,False,False,True,False,,,,,eb8206733f7d6b1450ae4228249e99e735f67c3f,,True,False
DRUGBANK:DB10342,DRUGBANK:DB14445,Haemophilus influenzae type B capsular polysaccharide meningococcal outer membrane protein conjugate antigen,Influenza A virus A/Victoria/210/2009 X-187 (H3N2) antigen (formaldehyde inactivated),292,292,1,False,False,False,False,True,False,,,,,eb8206733f7d6b1450ae4228249e99e735f67c3f,,True,False
DRUGBANK:DB10342,DRUGBANK:DB14449,Haemophilus influenzae type B capsular polysaccharide meningococcal outer membrane protein conjugate antigen,Influenza A virus A/Perth/16/2009 (H3N2) live (attenuated) antigen,292,292,1,False,False,False,False,True,False,,,,,eb8206733f7d6b1450ae4228249e99e735f67c3f,,True,False
DRUGBANK:DB10342,DRUGBANK:DB14619,Haemophilus influenzae type B capsular polysaccharide meningococcal outer membrane protein conjugate antigen,Influenza A virus A/Uruguay/716/2007(H3N2) antigen (propiolactone inactivated),292,292,1,False,False,False,False,True,False,,,,,eb8206733f7d6b1450ae4228249e99e735f67c3f,,True,False
DRUGBANK:DB10342,DRUGBANK:DB14620,Haemophilus influenzae type B capsular polysaccharide meningococcal outer membrane protein conjugate antigen,Influenza A virus A/Brisbane/59/2007(H1N1) antigen (propiolactone inactivated),292,292,1,False,False,False,False,True,False,,,,,eb8206733f7d6b1450ae4228249e99e735f67c3f,,True,False
DRUGBANK:DB10343,DRUGBANK:DB10804,Bacillus calmette-guerin substrain tice live antigen,Bacillus calmette-guerin substrain connaught live antigen,401,401,1,False,False,False,False,True,False,,,,,60ae7756991f0c78eb1ca08859c3a19feb91cc88,,True,False
DRUGBANK:DB10343,DRUGBANK:DB10805,Bacillus calmette-guerin substrain tice live antigen,Yellow fever vaccine,401,401,1,False,False,False,False,True,False,,,,,60ae7756991f0c78eb1ca08859c3a19feb91cc88,,True,False
DRUGBANK:DB10343,DRUGBANK:DB11003,Bacillus calmette-guerin substrain tice live antigen,Anthrax vaccine,401,401,1,False,False,False,False,True,False,,,,,60ae7756991f0c78eb1ca08859c3a19feb91cc88,,True,False
DRUGBANK:DB10343,DRUGBANK:DB12386,Bacillus calmette-guerin substrain tice live antigen,Bacillus calmette-guerin substrain danish 1331 live antigen,401,401,1,False,False,False,False,True,False,,,,,60ae7756991f0c78eb1ca08859c3a19feb91cc88,,True,False
DRUGBANK:DB10349,DRUGBANK:DB10351,Paspalum notatum pollen,Cynodon dactylon pollen,37,37,1,False,False,False,False,True,False,,,,,f5ac932fa4eee5435b479c75020f15fa0674be97,,True,False
DRUGBANK:DB10353,DRUGBANK:DB10365,Poa annua pollen,Sorghum halepense pollen,65,65,1,False,False,False,False,True,False,,,,,44d11c77f04672ffc51104ffdaf0ac780aadf5b7,,True,False
DRUGBANK:DB10353,DRUGBANK:DB10366,Poa annua pollen,Poa pratensis pollen,65,65,1,False,False,False,False,True,False,,,,,44d11c77f04672ffc51104ffdaf0ac780aadf5b7,,True,False
DRUGBANK:DB10353,DRUGBANK:DB10370,Poa annua pollen,Festuca pratensis pollen,65,65,1,False,False,False,False,True,False,,,,,44d11c77f04672ffc51104ffdaf0ac780aadf5b7,,True,False
DRUGBANK:DB10353,DRUGBANK:DB10379,Poa annua pollen,Dactylis glomerata pollen,65,65,1,False,False,False,False,True,False,,,,,44d11c77f04672ffc51104ffdaf0ac780aadf5b7,,True,False
DRUGBANK:DB10353,DRUGBANK:DB10389,Poa annua pollen,Lolium perenne pollen,65,65,1,False,False,False,False,True,False,,,,,44d11c77f04672ffc51104ffdaf0ac780aadf5b7,,True,False
DRUGBANK:DB10353,DRUGBANK:DB10394,Poa annua pollen,Phleum pratense pollen,65,65,1,False,False,False,False,True,False,,,,,44d11c77f04672ffc51104ffdaf0ac780aadf5b7,,True,False
DRUGBANK:DB10353,DRUGBANK:DB10395,Poa annua pollen,Holcus lanatus pollen,65,65,1,False,False,False,False,True,False,,,,,44d11c77f04672ffc51104ffdaf0ac780aadf5b7,,True,False
DRUGBANK:DB10353,DRUGBANK:DB10403,Poa annua pollen,Agrostis gigantea pollen,65,65,1,False,False,False,False,True,False,,,,,44d11c77f04672ffc51104ffdaf0ac780aadf5b7,,True,False
DRUGBANK:DB10353,DRUGBANK:DB10404,Poa annua pollen,Anthoxanthum odoratum pollen,65,65,1,False,False,False,False,True,False,,,,,44d11c77f04672ffc51104ffdaf0ac780aadf5b7,,True,False
DRUGBANK:DB10353,DRUGBANK:DB10489,Poa annua pollen,Elymus repens pollen,65,65,1,False,False,False,False,True,False,,,,,44d11c77f04672ffc51104ffdaf0ac780aadf5b7,,True,False
DRUGBANK:DB10353,DRUGBANK:DB10494,Poa annua pollen,Distichlis spicata pollen,65,65,1,False,False,False,False,True,False,,,,,44d11c77f04672ffc51104ffdaf0ac780aadf5b7,,True,False
DRUGBANK:DB10353,DRUGBANK:DB10713,Poa annua pollen,Poa compressa pollen,65,65,1,False,False,False,False,True,False,,,,,44d11c77f04672ffc51104ffdaf0ac780aadf5b7,,True,False
DRUGBANK:DB10353,DRUGBANK:DB10714,Poa annua pollen,Phalaris arundinacea pollen,65,65,1,False,False,False,False,True,False,,,,,44d11c77f04672ffc51104ffdaf0ac780aadf5b7,,True,False
DRUGBANK:DB10353,DRUGBANK:DB10715,Poa annua pollen,Bouteloua gracilis pollen,65,65,1,False,False,False,False,True,False,,,,,44d11c77f04672ffc51104ffdaf0ac780aadf5b7,,True,False
DRUGBANK:DB10353,DRUGBANK:DB10716,Poa annua pollen,Urochloa mutica pollen,65,65,1,False,False,False,False,True,False,,,,,44d11c77f04672ffc51104ffdaf0ac780aadf5b7,,True,False
DRUGBANK:DB10353,DRUGBANK:DB10717,Poa annua pollen,Secale cereale pollen,65,65,1,False,False,False,False,True,False,,,,,44d11c77f04672ffc51104ffdaf0ac780aadf5b7,,True,False
DRUGBANK:DB10353,DRUGBANK:DB10719,Poa annua pollen,Pascopyrum smithii pollen,65,65,1,False,False,False,False,True,False,,,,,44d11c77f04672ffc51104ffdaf0ac780aadf5b7,,True,False
DRUGBANK:DB10353,DRUGBANK:DB10836,Poa annua pollen,Bromus secalinus pollen,65,65,1,False,False,False,False,True,False,,,,,44d11c77f04672ffc51104ffdaf0ac780aadf5b7,,True,False
DRUGBANK:DB10353,DRUGBANK:DB10879,Poa annua pollen,Arrhenatherum elatius pollen,65,65,1,False,False,False,False,True,False,,,,,44d11c77f04672ffc51104ffdaf0ac780aadf5b7,,True,False
DRUGBANK:DB10353,DRUGBANK:DB10949,Poa annua pollen,Koeleria macrantha pollen,65,65,1,False,False,False,False,True,False,,,,,44d11c77f04672ffc51104ffdaf0ac780aadf5b7,,True,False
DRUGBANK:DB10353,DRUGBANK:DB10962,Poa annua pollen,Agrostis stolonifera pollen,65,65,1,False,False,False,False,True,False,,,,,44d11c77f04672ffc51104ffdaf0ac780aadf5b7,,True,False
DRUGBANK:DB10353,DRUGBANK:DB10963,Poa annua pollen,Phalaris minor pollen,65,65,1,False,False,False,False,True,False,,,,,44d11c77f04672ffc51104ffdaf0ac780aadf5b7,,True,False
DRUGBANK:DB10353,DRUGBANK:DB10964,Poa annua pollen,Lolium perenne subsp. multiflorum pollen,65,65,1,False,False,False,False,True,False,,,,,44d11c77f04672ffc51104ffdaf0ac780aadf5b7,,True,False
DRUGBANK:DB10353,DRUGBANK:DB10966,Poa annua pollen,Sorghum bicolor subsp. drummondii pollen,65,65,1,False,False,False,False,True,False,,,,,44d11c77f04672ffc51104ffdaf0ac780aadf5b7,,True,False
DRUGBANK:DB10365,DRUGBANK:DB10366,Sorghum halepense pollen,Poa pratensis pollen,65,65,1,False,False,False,False,True,False,,,,,44d11c77f04672ffc51104ffdaf0ac780aadf5b7,,True,False
DRUGBANK:DB10365,DRUGBANK:DB10370,Sorghum halepense pollen,Festuca pratensis pollen,65,65,1,False,False,False,False,True,False,,,,,44d11c77f04672ffc51104ffdaf0ac780aadf5b7,,True,False
DRUGBANK:DB10365,DRUGBANK:DB10379,Sorghum halepense pollen,Dactylis glomerata pollen,65,65,1,False,False,False,False,True,False,,,,,44d11c77f04672ffc51104ffdaf0ac780aadf5b7,,True,False
DRUGBANK:DB10365,DRUGBANK:DB10389,Sorghum halepense pollen,Lolium perenne pollen,65,65,1,False,False,False,False,True,False,,,,,44d11c77f04672ffc51104ffdaf0ac780aadf5b7,,True,False
DRUGBANK:DB10365,DRUGBANK:DB10394,Sorghum halepense pollen,Phleum pratense pollen,65,65,1,False,False,False,False,True,False,,,,,44d11c77f04672ffc51104ffdaf0ac780aadf5b7,,True,False
DRUGBANK:DB10365,DRUGBANK:DB10395,Sorghum halepense pollen,Holcus lanatus pollen,65,65,1,False,False,False,False,True,False,,,,,44d11c77f04672ffc51104ffdaf0ac780aadf5b7,,True,False
DRUGBANK:DB10365,DRUGBANK:DB10403,Sorghum halepense pollen,Agrostis gigantea pollen,65,65,1,False,False,False,False,True,False,,,,,44d11c77f04672ffc51104ffdaf0ac780aadf5b7,,True,False
DRUGBANK:DB10365,DRUGBANK:DB10404,Sorghum halepense pollen,Anthoxanthum odoratum pollen,65,65,1,False,False,False,False,True,False,,,,,44d11c77f04672ffc51104ffdaf0ac780aadf5b7,,True,False
DRUGBANK:DB10365,DRUGBANK:DB10489,Sorghum halepense pollen,Elymus repens pollen,65,65,1,False,False,False,False,True,False,,,,,44d11c77f04672ffc51104ffdaf0ac780aadf5b7,,True,False
DRUGBANK:DB10365,DRUGBANK:DB10494,Sorghum halepense pollen,Distichlis spicata pollen,65,65,1,False,False,False,False,True,False,,,,,44d11c77f04672ffc51104ffdaf0ac780aadf5b7,,True,False
DRUGBANK:DB10365,DRUGBANK:DB10713,Sorghum halepense pollen,Poa compressa pollen,65,65,1,False,False,False,False,True,False,,,,,44d11c77f04672ffc51104ffdaf0ac780aadf5b7,,True,False
DRUGBANK:DB10365,DRUGBANK:DB10714,Sorghum halepense pollen,Phalaris arundinacea pollen,65,65,1,False,False,False,False,True,False,,,,,44d11c77f04672ffc51104ffdaf0ac780aadf5b7,,True,False
DRUGBANK:DB10365,DRUGBANK:DB10715,Sorghum halepense pollen,Bouteloua gracilis pollen,65,65,1,False,False,False,False,True,False,,,,,44d11c77f04672ffc51104ffdaf0ac780aadf5b7,,True,False
DRUGBANK:DB10365,DRUGBANK:DB10716,Sorghum halepense pollen,Urochloa mutica pollen,65,65,1,False,False,False,False,True,False,,,,,44d11c77f04672ffc51104ffdaf0ac780aadf5b7,,True,False
DRUGBANK:DB10365,DRUGBANK:DB10717,Sorghum halepense pollen,Secale cereale pollen,65,65,1,False,False,False,False,True,False,,,,,44d11c77f04672ffc51104ffdaf0ac780aadf5b7,,True,False
DRUGBANK:DB10365,DRUGBANK:DB10719,Sorghum halepense pollen,Pascopyrum smithii pollen,65,65,1,False,False,False,False,True,False,,,,,44d11c77f04672ffc51104ffdaf0ac780aadf5b7,,True,False
DRUGBANK:DB10365,DRUGBANK:DB10836,Sorghum halepense pollen,Bromus secalinus pollen,65,65,1,False,False,False,False,True,False,,,,,44d11c77f04672ffc51104ffdaf0ac780aadf5b7,,True,False
DRUGBANK:DB10365,DRUGBANK:DB10879,Sorghum halepense pollen,Arrhenatherum elatius pollen,65,65,1,False,False,False,False,True,False,,,,,44d11c77f04672ffc51104ffdaf0ac780aadf5b7,,True,False
DRUGBANK:DB10365,DRUGBANK:DB10949,Sorghum halepense pollen,Koeleria macrantha pollen,65,65,1,False,False,False,False,True,False,,,,,44d11c77f04672ffc51104ffdaf0ac780aadf5b7,,True,False
DRUGBANK:DB10365,DRUGBANK:DB10962,Sorghum halepense pollen,Agrostis stolonifera pollen,65,65,1,False,False,False,False,True,False,,,,,44d11c77f04672ffc51104ffdaf0ac780aadf5b7,,True,False
DRUGBANK:DB10365,DRUGBANK:DB10963,Sorghum halepense pollen,Phalaris minor pollen,65,65,1,False,False,False,False,True,False,,,,,44d11c77f04672ffc51104ffdaf0ac780aadf5b7,,True,False
DRUGBANK:DB10365,DRUGBANK:DB10964,Sorghum halepense pollen,Lolium perenne subsp. multiflorum pollen,65,65,1,False,False,False,False,True,False,,,,,44d11c77f04672ffc51104ffdaf0ac780aadf5b7,,True,False
DRUGBANK:DB10365,DRUGBANK:DB10966,Sorghum halepense pollen,Sorghum bicolor subsp. drummondii pollen,65,65,1,False,False,False,False,True,False,,,,,44d11c77f04672ffc51104ffdaf0ac780aadf5b7,,True,False
DRUGBANK:DB10366,DRUGBANK:DB10370,Poa pratensis pollen,Festuca pratensis pollen,65,65,1,False,False,False,False,True,False,,,,,44d11c77f04672ffc51104ffdaf0ac780aadf5b7,,True,False
DRUGBANK:DB10366,DRUGBANK:DB10379,Poa pratensis pollen,Dactylis glomerata pollen,65,65,1,False,False,False,False,True,False,,,,,44d11c77f04672ffc51104ffdaf0ac780aadf5b7,,True,False
DRUGBANK:DB10366,DRUGBANK:DB10389,Poa pratensis pollen,Lolium perenne pollen,65,65,1,False,False,False,False,True,False,,,,,44d11c77f04672ffc51104ffdaf0ac780aadf5b7,,True,False
DRUGBANK:DB10366,DRUGBANK:DB10394,Poa pratensis pollen,Phleum pratense pollen,65,65,1,False,False,False,False,True,False,,,,,44d11c77f04672ffc51104ffdaf0ac780aadf5b7,,True,False
DRUGBANK:DB10366,DRUGBANK:DB10395,Poa pratensis pollen,Holcus lanatus pollen,65,65,1,False,False,False,False,True,False,,,,,44d11c77f04672ffc51104ffdaf0ac780aadf5b7,,True,False
DRUGBANK:DB10366,DRUGBANK:DB10403,Poa pratensis pollen,Agrostis gigantea pollen,65,65,1,False,False,False,False,True,False,,,,,44d11c77f04672ffc51104ffdaf0ac780aadf5b7,,True,False
DRUGBANK:DB10366,DRUGBANK:DB10404,Poa pratensis pollen,Anthoxanthum odoratum pollen,65,65,1,False,False,False,False,True,False,,,,,44d11c77f04672ffc51104ffdaf0ac780aadf5b7,,True,False
DRUGBANK:DB10366,DRUGBANK:DB10489,Poa pratensis pollen,Elymus repens pollen,65,65,1,False,False,False,False,True,False,,,,,44d11c77f04672ffc51104ffdaf0ac780aadf5b7,,True,False
DRUGBANK:DB10366,DRUGBANK:DB10494,Poa pratensis pollen,Distichlis spicata pollen,65,65,1,False,False,False,False,True,False,,,,,44d11c77f04672ffc51104ffdaf0ac780aadf5b7,,True,False
DRUGBANK:DB10366,DRUGBANK:DB10713,Poa pratensis pollen,Poa compressa pollen,65,65,1,False,False,False,False,True,False,,,,,44d11c77f04672ffc51104ffdaf0ac780aadf5b7,,True,False
DRUGBANK:DB10366,DRUGBANK:DB10714,Poa pratensis pollen,Phalaris arundinacea pollen,65,65,1,False,False,False,False,True,False,,,,,44d11c77f04672ffc51104ffdaf0ac780aadf5b7,,True,False
DRUGBANK:DB10366,DRUGBANK:DB10715,Poa pratensis pollen,Bouteloua gracilis pollen,65,65,1,False,False,False,False,True,False,,,,,44d11c77f04672ffc51104ffdaf0ac780aadf5b7,,True,False
DRUGBANK:DB10366,DRUGBANK:DB10716,Poa pratensis pollen,Urochloa mutica pollen,65,65,1,False,False,False,False,True,False,,,,,44d11c77f04672ffc51104ffdaf0ac780aadf5b7,,True,False
DRUGBANK:DB10366,DRUGBANK:DB10717,Poa pratensis pollen,Secale cereale pollen,65,65,1,False,False,False,False,True,False,,,,,44d11c77f04672ffc51104ffdaf0ac780aadf5b7,,True,False
DRUGBANK:DB10366,DRUGBANK:DB10719,Poa pratensis pollen,Pascopyrum smithii pollen,65,65,1,False,False,False,False,True,False,,,,,44d11c77f04672ffc51104ffdaf0ac780aadf5b7,,True,False
DRUGBANK:DB10366,DRUGBANK:DB10836,Poa pratensis pollen,Bromus secalinus pollen,65,65,1,False,False,False,False,True,False,,,,,44d11c77f04672ffc51104ffdaf0ac780aadf5b7,,True,False
DRUGBANK:DB10366,DRUGBANK:DB10879,Poa pratensis pollen,Arrhenatherum elatius pollen,65,65,1,False,False,False,False,True,False,,,,,44d11c77f04672ffc51104ffdaf0ac780aadf5b7,,True,False
DRUGBANK:DB10366,DRUGBANK:DB10949,Poa pratensis pollen,Koeleria macrantha pollen,65,65,1,False,False,False,False,True,False,,,,,44d11c77f04672ffc51104ffdaf0ac780aadf5b7,,True,False
DRUGBANK:DB10366,DRUGBANK:DB10962,Poa pratensis pollen,Agrostis stolonifera pollen,65,65,1,False,False,False,False,True,False,,,,,44d11c77f04672ffc51104ffdaf0ac780aadf5b7,,True,False
DRUGBANK:DB10366,DRUGBANK:DB10963,Poa pratensis pollen,Phalaris minor pollen,65,65,1,False,False,False,False,True,False,,,,,44d11c77f04672ffc51104ffdaf0ac780aadf5b7,,True,False
DRUGBANK:DB10366,DRUGBANK:DB10964,Poa pratensis pollen,Lolium perenne subsp. multiflorum pollen,65,65,1,False,False,False,False,True,False,,,,,44d11c77f04672ffc51104ffdaf0ac780aadf5b7,,True,False
DRUGBANK:DB10366,DRUGBANK:DB10966,Poa pratensis pollen,Sorghum bicolor subsp. drummondii pollen,65,65,1,False,False,False,False,True,False,,,,,44d11c77f04672ffc51104ffdaf0ac780aadf5b7,,True,False
DRUGBANK:DB10370,DRUGBANK:DB10379,Festuca pratensis pollen,Dactylis glomerata pollen,65,65,1,False,False,False,False,True,False,,,,,44d11c77f04672ffc51104ffdaf0ac780aadf5b7,,True,False
DRUGBANK:DB10370,DRUGBANK:DB10389,Festuca pratensis pollen,Lolium perenne pollen,65,65,1,False,False,False,False,True,False,,,,,44d11c77f04672ffc51104ffdaf0ac780aadf5b7,,True,False
DRUGBANK:DB10370,DRUGBANK:DB10394,Festuca pratensis pollen,Phleum pratense pollen,65,65,1,False,False,False,False,True,False,,,,,44d11c77f04672ffc51104ffdaf0ac780aadf5b7,,True,False
DRUGBANK:DB10370,DRUGBANK:DB10395,Festuca pratensis pollen,Holcus lanatus pollen,65,65,1,False,False,False,False,True,False,,,,,44d11c77f04672ffc51104ffdaf0ac780aadf5b7,,True,False
DRUGBANK:DB10370,DRUGBANK:DB10403,Festuca pratensis pollen,Agrostis gigantea pollen,65,65,1,False,False,False,False,True,False,,,,,44d11c77f04672ffc51104ffdaf0ac780aadf5b7,,True,False
DRUGBANK:DB10370,DRUGBANK:DB10404,Festuca pratensis pollen,Anthoxanthum odoratum pollen,65,65,1,False,False,False,False,True,False,,,,,44d11c77f04672ffc51104ffdaf0ac780aadf5b7,,True,False
DRUGBANK:DB10370,DRUGBANK:DB10489,Festuca pratensis pollen,Elymus repens pollen,65,65,1,False,False,False,False,True,False,,,,,44d11c77f04672ffc51104ffdaf0ac780aadf5b7,,True,False
DRUGBANK:DB10370,DRUGBANK:DB10494,Festuca pratensis pollen,Distichlis spicata pollen,65,65,1,False,False,False,False,True,False,,,,,44d11c77f04672ffc51104ffdaf0ac780aadf5b7,,True,False
DRUGBANK:DB10370,DRUGBANK:DB10713,Festuca pratensis pollen,Poa compressa pollen,65,65,1,False,False,False,False,True,False,,,,,44d11c77f04672ffc51104ffdaf0ac780aadf5b7,,True,False
DRUGBANK:DB10370,DRUGBANK:DB10714,Festuca pratensis pollen,Phalaris arundinacea pollen,65,65,1,False,False,False,False,True,False,,,,,44d11c77f04672ffc51104ffdaf0ac780aadf5b7,,True,False
DRUGBANK:DB10370,DRUGBANK:DB10715,Festuca pratensis pollen,Bouteloua gracilis pollen,65,65,1,False,False,False,False,True,False,,,,,44d11c77f04672ffc51104ffdaf0ac780aadf5b7,,True,False
DRUGBANK:DB10370,DRUGBANK:DB10716,Festuca pratensis pollen,Urochloa mutica pollen,65,65,1,False,False,False,False,True,False,,,,,44d11c77f04672ffc51104ffdaf0ac780aadf5b7,,True,False
DRUGBANK:DB10370,DRUGBANK:DB10717,Festuca pratensis pollen,Secale cereale pollen,65,65,1,False,False,False,False,True,False,,,,,44d11c77f04672ffc51104ffdaf0ac780aadf5b7,,True,False
DRUGBANK:DB10370,DRUGBANK:DB10719,Festuca pratensis pollen,Pascopyrum smithii pollen,65,65,1,False,False,False,False,True,False,,,,,44d11c77f04672ffc51104ffdaf0ac780aadf5b7,,True,False
DRUGBANK:DB10370,DRUGBANK:DB10836,Festuca pratensis pollen,Bromus secalinus pollen,65,65,1,False,False,False,False,True,False,,,,,44d11c77f04672ffc51104ffdaf0ac780aadf5b7,,True,False
DRUGBANK:DB10370,DRUGBANK:DB10879,Festuca pratensis pollen,Arrhenatherum elatius pollen,65,65,1,False,False,False,False,True,False,,,,,44d11c77f04672ffc51104ffdaf0ac780aadf5b7,,True,False
DRUGBANK:DB10370,DRUGBANK:DB10949,Festuca pratensis pollen,Koeleria macrantha pollen,65,65,1,False,False,False,False,True,False,,,,,44d11c77f04672ffc51104ffdaf0ac780aadf5b7,,True,False
DRUGBANK:DB10370,DRUGBANK:DB10962,Festuca pratensis pollen,Agrostis stolonifera pollen,65,65,1,False,False,False,False,True,False,,,,,44d11c77f04672ffc51104ffdaf0ac780aadf5b7,,True,False
DRUGBANK:DB10370,DRUGBANK:DB10963,Festuca pratensis pollen,Phalaris minor pollen,65,65,1,False,False,False,False,True,False,,,,,44d11c77f04672ffc51104ffdaf0ac780aadf5b7,,True,False
DRUGBANK:DB10370,DRUGBANK:DB10964,Festuca pratensis pollen,Lolium perenne subsp. multiflorum pollen,65,65,1,False,False,False,False,True,False,,,,,44d11c77f04672ffc51104ffdaf0ac780aadf5b7,,True,False
DRUGBANK:DB10370,DRUGBANK:DB10966,Festuca pratensis pollen,Sorghum bicolor subsp. drummondii pollen,65,65,1,False,False,False,False,True,False,,,,,44d11c77f04672ffc51104ffdaf0ac780aadf5b7,,True,False
DRUGBANK:DB10379,DRUGBANK:DB10389,Dactylis glomerata pollen,Lolium perenne pollen,65,65,1,False,False,False,False,True,False,,,,,44d11c77f04672ffc51104ffdaf0ac780aadf5b7,,True,False
DRUGBANK:DB10379,DRUGBANK:DB10394,Dactylis glomerata pollen,Phleum pratense pollen,65,65,1,False,False,False,False,True,False,,,,,44d11c77f04672ffc51104ffdaf0ac780aadf5b7,,True,False
DRUGBANK:DB10379,DRUGBANK:DB10395,Dactylis glomerata pollen,Holcus lanatus pollen,65,65,1,False,False,False,False,True,False,,,,,44d11c77f04672ffc51104ffdaf0ac780aadf5b7,,True,False
DRUGBANK:DB10379,DRUGBANK:DB10403,Dactylis glomerata pollen,Agrostis gigantea pollen,65,65,1,False,False,False,False,True,False,,,,,44d11c77f04672ffc51104ffdaf0ac780aadf5b7,,True,False
DRUGBANK:DB10379,DRUGBANK:DB10404,Dactylis glomerata pollen,Anthoxanthum odoratum pollen,65,65,1,False,False,False,False,True,False,,,,,44d11c77f04672ffc51104ffdaf0ac780aadf5b7,,True,False
DRUGBANK:DB10379,DRUGBANK:DB10489,Dactylis glomerata pollen,Elymus repens pollen,65,65,1,False,False,False,False,True,False,,,,,44d11c77f04672ffc51104ffdaf0ac780aadf5b7,,True,False
DRUGBANK:DB10379,DRUGBANK:DB10494,Dactylis glomerata pollen,Distichlis spicata pollen,65,65,1,False,False,False,False,True,False,,,,,44d11c77f04672ffc51104ffdaf0ac780aadf5b7,,True,False
DRUGBANK:DB10379,DRUGBANK:DB10713,Dactylis glomerata pollen,Poa compressa pollen,65,65,1,False,False,False,False,True,False,,,,,44d11c77f04672ffc51104ffdaf0ac780aadf5b7,,True,False
DRUGBANK:DB10379,DRUGBANK:DB10714,Dactylis glomerata pollen,Phalaris arundinacea pollen,65,65,1,False,False,False,False,True,False,,,,,44d11c77f04672ffc51104ffdaf0ac780aadf5b7,,True,False
DRUGBANK:DB10379,DRUGBANK:DB10715,Dactylis glomerata pollen,Bouteloua gracilis pollen,65,65,1,False,False,False,False,True,False,,,,,44d11c77f04672ffc51104ffdaf0ac780aadf5b7,,True,False
DRUGBANK:DB10379,DRUGBANK:DB10716,Dactylis glomerata pollen,Urochloa mutica pollen,65,65,1,False,False,False,False,True,False,,,,,44d11c77f04672ffc51104ffdaf0ac780aadf5b7,,True,False
DRUGBANK:DB10379,DRUGBANK:DB10717,Dactylis glomerata pollen,Secale cereale pollen,65,65,1,False,False,False,False,True,False,,,,,44d11c77f04672ffc51104ffdaf0ac780aadf5b7,,True,False
DRUGBANK:DB10379,DRUGBANK:DB10719,Dactylis glomerata pollen,Pascopyrum smithii pollen,65,65,1,False,False,False,False,True,False,,,,,44d11c77f04672ffc51104ffdaf0ac780aadf5b7,,True,False
DRUGBANK:DB10379,DRUGBANK:DB10836,Dactylis glomerata pollen,Bromus secalinus pollen,65,65,1,False,False,False,False,True,False,,,,,44d11c77f04672ffc51104ffdaf0ac780aadf5b7,,True,False
DRUGBANK:DB10379,DRUGBANK:DB10879,Dactylis glomerata pollen,Arrhenatherum elatius pollen,65,65,1,False,False,False,False,True,False,,,,,44d11c77f04672ffc51104ffdaf0ac780aadf5b7,,True,False
DRUGBANK:DB10379,DRUGBANK:DB10949,Dactylis glomerata pollen,Koeleria macrantha pollen,65,65,1,False,False,False,False,True,False,,,,,44d11c77f04672ffc51104ffdaf0ac780aadf5b7,,True,False
DRUGBANK:DB10379,DRUGBANK:DB10962,Dactylis glomerata pollen,Agrostis stolonifera pollen,65,65,1,False,False,False,False,True,False,,,,,44d11c77f04672ffc51104ffdaf0ac780aadf5b7,,True,False
DRUGBANK:DB10379,DRUGBANK:DB10963,Dactylis glomerata pollen,Phalaris minor pollen,65,65,1,False,False,False,False,True,False,,,,,44d11c77f04672ffc51104ffdaf0ac780aadf5b7,,True,False
DRUGBANK:DB10379,DRUGBANK:DB10964,Dactylis glomerata pollen,Lolium perenne subsp. multiflorum pollen,65,65,1,False,False,False,False,True,False,,,,,44d11c77f04672ffc51104ffdaf0ac780aadf5b7,,True,False
DRUGBANK:DB10379,DRUGBANK:DB10966,Dactylis glomerata pollen,Sorghum bicolor subsp. drummondii pollen,65,65,1,False,False,False,False,True,False,,,,,44d11c77f04672ffc51104ffdaf0ac780aadf5b7,,True,False
DRUGBANK:DB10389,DRUGBANK:DB10394,Lolium perenne pollen,Phleum pratense pollen,65,65,1,False,False,False,False,True,False,,,,,44d11c77f04672ffc51104ffdaf0ac780aadf5b7,,True,False
DRUGBANK:DB10389,DRUGBANK:DB10395,Lolium perenne pollen,Holcus lanatus pollen,65,65,1,False,False,False,False,True,False,,,,,44d11c77f04672ffc51104ffdaf0ac780aadf5b7,,True,False
DRUGBANK:DB10389,DRUGBANK:DB10403,Lolium perenne pollen,Agrostis gigantea pollen,65,65,1,False,False,False,False,True,False,,,,,44d11c77f04672ffc51104ffdaf0ac780aadf5b7,,True,False
DRUGBANK:DB10389,DRUGBANK:DB10404,Lolium perenne pollen,Anthoxanthum odoratum pollen,65,65,1,False,False,False,False,True,False,,,,,44d11c77f04672ffc51104ffdaf0ac780aadf5b7,,True,False
DRUGBANK:DB10389,DRUGBANK:DB10489,Lolium perenne pollen,Elymus repens pollen,65,65,1,False,False,False,False,True,False,,,,,44d11c77f04672ffc51104ffdaf0ac780aadf5b7,,True,False
DRUGBANK:DB10389,DRUGBANK:DB10494,Lolium perenne pollen,Distichlis spicata pollen,65,65,1,False,False,False,False,True,False,,,,,44d11c77f04672ffc51104ffdaf0ac780aadf5b7,,True,False
DRUGBANK:DB10389,DRUGBANK:DB10713,Lolium perenne pollen,Poa compressa pollen,65,65,1,False,False,False,False,True,False,,,,,44d11c77f04672ffc51104ffdaf0ac780aadf5b7,,True,False
DRUGBANK:DB10389,DRUGBANK:DB10714,Lolium perenne pollen,Phalaris arundinacea pollen,65,65,1,False,False,False,False,True,False,,,,,44d11c77f04672ffc51104ffdaf0ac780aadf5b7,,True,False
DRUGBANK:DB10389,DRUGBANK:DB10715,Lolium perenne pollen,Bouteloua gracilis pollen,65,65,1,False,False,False,False,True,False,,,,,44d11c77f04672ffc51104ffdaf0ac780aadf5b7,,True,False
DRUGBANK:DB10389,DRUGBANK:DB10716,Lolium perenne pollen,Urochloa mutica pollen,65,65,1,False,False,False,False,True,False,,,,,44d11c77f04672ffc51104ffdaf0ac780aadf5b7,,True,False
DRUGBANK:DB10389,DRUGBANK:DB10717,Lolium perenne pollen,Secale cereale pollen,65,65,1,False,False,False,False,True,False,,,,,44d11c77f04672ffc51104ffdaf0ac780aadf5b7,,True,False
DRUGBANK:DB10389,DRUGBANK:DB10719,Lolium perenne pollen,Pascopyrum smithii pollen,65,65,1,False,False,False,False,True,False,,,,,44d11c77f04672ffc51104ffdaf0ac780aadf5b7,,True,False
DRUGBANK:DB10389,DRUGBANK:DB10836,Lolium perenne pollen,Bromus secalinus pollen,65,65,1,False,False,False,False,True,False,,,,,44d11c77f04672ffc51104ffdaf0ac780aadf5b7,,True,False
DRUGBANK:DB10389,DRUGBANK:DB10879,Lolium perenne pollen,Arrhenatherum elatius pollen,65,65,1,False,False,False,False,True,False,,,,,44d11c77f04672ffc51104ffdaf0ac780aadf5b7,,True,False
DRUGBANK:DB10389,DRUGBANK:DB10949,Lolium perenne pollen,Koeleria macrantha pollen,65,65,1,False,False,False,False,True,False,,,,,44d11c77f04672ffc51104ffdaf0ac780aadf5b7,,True,False
DRUGBANK:DB10389,DRUGBANK:DB10962,Lolium perenne pollen,Agrostis stolonifera pollen,65,65,1,False,False,False,False,True,False,,,,,44d11c77f04672ffc51104ffdaf0ac780aadf5b7,,True,False
DRUGBANK:DB10389,DRUGBANK:DB10963,Lolium perenne pollen,Phalaris minor pollen,65,65,1,False,False,False,False,True,False,,,,,44d11c77f04672ffc51104ffdaf0ac780aadf5b7,,True,False
DRUGBANK:DB10389,DRUGBANK:DB10964,Lolium perenne pollen,Lolium perenne subsp. multiflorum pollen,65,65,1,False,False,False,False,True,False,,,,,44d11c77f04672ffc51104ffdaf0ac780aadf5b7,,True,False
DRUGBANK:DB10389,DRUGBANK:DB10966,Lolium perenne pollen,Sorghum bicolor subsp. drummondii pollen,65,65,1,False,False,False,False,True,False,,,,,44d11c77f04672ffc51104ffdaf0ac780aadf5b7,,True,False
DRUGBANK:DB10394,DRUGBANK:DB10395,Phleum pratense pollen,Holcus lanatus pollen,65,65,1,False,False,False,False,True,False,,,,,44d11c77f04672ffc51104ffdaf0ac780aadf5b7,,True,False
DRUGBANK:DB10394,DRUGBANK:DB10403,Phleum pratense pollen,Agrostis gigantea pollen,65,65,1,False,False,False,False,True,False,,,,,44d11c77f04672ffc51104ffdaf0ac780aadf5b7,,True,False
DRUGBANK:DB10394,DRUGBANK:DB10404,Phleum pratense pollen,Anthoxanthum odoratum pollen,65,65,1,False,False,False,False,True,False,,,,,44d11c77f04672ffc51104ffdaf0ac780aadf5b7,,True,False
DRUGBANK:DB10394,DRUGBANK:DB10489,Phleum pratense pollen,Elymus repens pollen,65,65,1,False,False,False,False,True,False,,,,,44d11c77f04672ffc51104ffdaf0ac780aadf5b7,,True,False
DRUGBANK:DB10394,DRUGBANK:DB10494,Phleum pratense pollen,Distichlis spicata pollen,65,65,1,False,False,False,False,True,False,,,,,44d11c77f04672ffc51104ffdaf0ac780aadf5b7,,True,False
DRUGBANK:DB10394,DRUGBANK:DB10713,Phleum pratense pollen,Poa compressa pollen,65,65,1,False,False,False,False,True,False,,,,,44d11c77f04672ffc51104ffdaf0ac780aadf5b7,,True,False
DRUGBANK:DB10394,DRUGBANK:DB10714,Phleum pratense pollen,Phalaris arundinacea pollen,65,65,1,False,False,False,False,True,False,,,,,44d11c77f04672ffc51104ffdaf0ac780aadf5b7,,True,False
DRUGBANK:DB10394,DRUGBANK:DB10715,Phleum pratense pollen,Bouteloua gracilis pollen,65,65,1,False,False,False,False,True,False,,,,,44d11c77f04672ffc51104ffdaf0ac780aadf5b7,,True,False
DRUGBANK:DB10394,DRUGBANK:DB10716,Phleum pratense pollen,Urochloa mutica pollen,65,65,1,False,False,False,False,True,False,,,,,44d11c77f04672ffc51104ffdaf0ac780aadf5b7,,True,False
DRUGBANK:DB10394,DRUGBANK:DB10717,Phleum pratense pollen,Secale cereale pollen,65,65,1,False,False,False,False,True,False,,,,,44d11c77f04672ffc51104ffdaf0ac780aadf5b7,,True,False
DRUGBANK:DB10394,DRUGBANK:DB10719,Phleum pratense pollen,Pascopyrum smithii pollen,65,65,1,False,False,False,False,True,False,,,,,44d11c77f04672ffc51104ffdaf0ac780aadf5b7,,True,False
DRUGBANK:DB10394,DRUGBANK:DB10836,Phleum pratense pollen,Bromus secalinus pollen,65,65,1,False,False,False,False,True,False,,,,,44d11c77f04672ffc51104ffdaf0ac780aadf5b7,,True,False
DRUGBANK:DB10394,DRUGBANK:DB10879,Phleum pratense pollen,Arrhenatherum elatius pollen,65,65,1,False,False,False,False,True,False,,,,,44d11c77f04672ffc51104ffdaf0ac780aadf5b7,,True,False
DRUGBANK:DB10394,DRUGBANK:DB10949,Phleum pratense pollen,Koeleria macrantha pollen,65,65,1,False,False,False,False,True,False,,,,,44d11c77f04672ffc51104ffdaf0ac780aadf5b7,,True,False
DRUGBANK:DB10394,DRUGBANK:DB10962,Phleum pratense pollen,Agrostis stolonifera pollen,65,65,1,False,False,False,False,True,False,,,,,44d11c77f04672ffc51104ffdaf0ac780aadf5b7,,True,False
DRUGBANK:DB10394,DRUGBANK:DB10963,Phleum pratense pollen,Phalaris minor pollen,65,65,1,False,False,False,False,True,False,,,,,44d11c77f04672ffc51104ffdaf0ac780aadf5b7,,True,False
DRUGBANK:DB10394,DRUGBANK:DB10964,Phleum pratense pollen,Lolium perenne subsp. multiflorum pollen,65,65,1,False,False,False,False,True,False,,,,,44d11c77f04672ffc51104ffdaf0ac780aadf5b7,,True,False
DRUGBANK:DB10394,DRUGBANK:DB10966,Phleum pratense pollen,Sorghum bicolor subsp. drummondii pollen,65,65,1,False,False,False,False,True,False,,,,,44d11c77f04672ffc51104ffdaf0ac780aadf5b7,,True,False
DRUGBANK:DB10395,DRUGBANK:DB10403,Holcus lanatus pollen,Agrostis gigantea pollen,65,65,1,False,False,False,False,True,False,,,,,44d11c77f04672ffc51104ffdaf0ac780aadf5b7,,True,False
DRUGBANK:DB10395,DRUGBANK:DB10404,Holcus lanatus pollen,Anthoxanthum odoratum pollen,65,65,1,False,False,False,False,True,False,,,,,44d11c77f04672ffc51104ffdaf0ac780aadf5b7,,True,False
DRUGBANK:DB10395,DRUGBANK:DB10489,Holcus lanatus pollen,Elymus repens pollen,65,65,1,False,False,False,False,True,False,,,,,44d11c77f04672ffc51104ffdaf0ac780aadf5b7,,True,False
DRUGBANK:DB10395,DRUGBANK:DB10494,Holcus lanatus pollen,Distichlis spicata pollen,65,65,1,False,False,False,False,True,False,,,,,44d11c77f04672ffc51104ffdaf0ac780aadf5b7,,True,False
DRUGBANK:DB10395,DRUGBANK:DB10713,Holcus lanatus pollen,Poa compressa pollen,65,65,1,False,False,False,False,True,False,,,,,44d11c77f04672ffc51104ffdaf0ac780aadf5b7,,True,False
DRUGBANK:DB10395,DRUGBANK:DB10714,Holcus lanatus pollen,Phalaris arundinacea pollen,65,65,1,False,False,False,False,True,False,,,,,44d11c77f04672ffc51104ffdaf0ac780aadf5b7,,True,False
DRUGBANK:DB10395,DRUGBANK:DB10715,Holcus lanatus pollen,Bouteloua gracilis pollen,65,65,1,False,False,False,False,True,False,,,,,44d11c77f04672ffc51104ffdaf0ac780aadf5b7,,True,False
DRUGBANK:DB10395,DRUGBANK:DB10716,Holcus lanatus pollen,Urochloa mutica pollen,65,65,1,False,False,False,False,True,False,,,,,44d11c77f04672ffc51104ffdaf0ac780aadf5b7,,True,False
DRUGBANK:DB10395,DRUGBANK:DB10717,Holcus lanatus pollen,Secale cereale pollen,65,65,1,False,False,False,False,True,False,,,,,44d11c77f04672ffc51104ffdaf0ac780aadf5b7,,True,False
DRUGBANK:DB10395,DRUGBANK:DB10719,Holcus lanatus pollen,Pascopyrum smithii pollen,65,65,1,False,False,False,False,True,False,,,,,44d11c77f04672ffc51104ffdaf0ac780aadf5b7,,True,False
DRUGBANK:DB10395,DRUGBANK:DB10836,Holcus lanatus pollen,Bromus secalinus pollen,65,65,1,False,False,False,False,True,False,,,,,44d11c77f04672ffc51104ffdaf0ac780aadf5b7,,True,False
DRUGBANK:DB10395,DRUGBANK:DB10879,Holcus lanatus pollen,Arrhenatherum elatius pollen,65,65,1,False,False,False,False,True,False,,,,,44d11c77f04672ffc51104ffdaf0ac780aadf5b7,,True,False
DRUGBANK:DB10395,DRUGBANK:DB10949,Holcus lanatus pollen,Koeleria macrantha pollen,65,65,1,False,False,False,False,True,False,,,,,44d11c77f04672ffc51104ffdaf0ac780aadf5b7,,True,False
DRUGBANK:DB10395,DRUGBANK:DB10962,Holcus lanatus pollen,Agrostis stolonifera pollen,65,65,1,False,False,False,False,True,False,,,,,44d11c77f04672ffc51104ffdaf0ac780aadf5b7,,True,False
DRUGBANK:DB10395,DRUGBANK:DB10963,Holcus lanatus pollen,Phalaris minor pollen,65,65,1,False,False,False,False,True,False,,,,,44d11c77f04672ffc51104ffdaf0ac780aadf5b7,,True,False
DRUGBANK:DB10395,DRUGBANK:DB10964,Holcus lanatus pollen,Lolium perenne subsp. multiflorum pollen,65,65,1,False,False,False,False,True,False,,,,,44d11c77f04672ffc51104ffdaf0ac780aadf5b7,,True,False
DRUGBANK:DB10395,DRUGBANK:DB10966,Holcus lanatus pollen,Sorghum bicolor subsp. drummondii pollen,65,65,1,False,False,False,False,True,False,,,,,44d11c77f04672ffc51104ffdaf0ac780aadf5b7,,True,False
DRUGBANK:DB10403,DRUGBANK:DB10404,Agrostis gigantea pollen,Anthoxanthum odoratum pollen,65,65,1,False,False,False,False,True,False,,,,,44d11c77f04672ffc51104ffdaf0ac780aadf5b7,,True,False
DRUGBANK:DB10403,DRUGBANK:DB10489,Agrostis gigantea pollen,Elymus repens pollen,65,65,1,False,False,False,False,True,False,,,,,44d11c77f04672ffc51104ffdaf0ac780aadf5b7,,True,False
DRUGBANK:DB10403,DRUGBANK:DB10494,Agrostis gigantea pollen,Distichlis spicata pollen,65,65,1,False,False,False,False,True,False,,,,,44d11c77f04672ffc51104ffdaf0ac780aadf5b7,,True,False
DRUGBANK:DB10403,DRUGBANK:DB10713,Agrostis gigantea pollen,Poa compressa pollen,65,65,1,False,False,False,False,True,False,,,,,44d11c77f04672ffc51104ffdaf0ac780aadf5b7,,True,False
DRUGBANK:DB10403,DRUGBANK:DB10714,Agrostis gigantea pollen,Phalaris arundinacea pollen,65,65,1,False,False,False,False,True,False,,,,,44d11c77f04672ffc51104ffdaf0ac780aadf5b7,,True,False
DRUGBANK:DB10403,DRUGBANK:DB10715,Agrostis gigantea pollen,Bouteloua gracilis pollen,65,65,1,False,False,False,False,True,False,,,,,44d11c77f04672ffc51104ffdaf0ac780aadf5b7,,True,False
DRUGBANK:DB10403,DRUGBANK:DB10716,Agrostis gigantea pollen,Urochloa mutica pollen,65,65,1,False,False,False,False,True,False,,,,,44d11c77f04672ffc51104ffdaf0ac780aadf5b7,,True,False
DRUGBANK:DB10403,DRUGBANK:DB10717,Agrostis gigantea pollen,Secale cereale pollen,65,65,1,False,False,False,False,True,False,,,,,44d11c77f04672ffc51104ffdaf0ac780aadf5b7,,True,False
DRUGBANK:DB10403,DRUGBANK:DB10719,Agrostis gigantea pollen,Pascopyrum smithii pollen,65,65,1,False,False,False,False,True,False,,,,,44d11c77f04672ffc51104ffdaf0ac780aadf5b7,,True,False
DRUGBANK:DB10403,DRUGBANK:DB10836,Agrostis gigantea pollen,Bromus secalinus pollen,65,65,1,False,False,False,False,True,False,,,,,44d11c77f04672ffc51104ffdaf0ac780aadf5b7,,True,False
DRUGBANK:DB10403,DRUGBANK:DB10879,Agrostis gigantea pollen,Arrhenatherum elatius pollen,65,65,1,False,False,False,False,True,False,,,,,44d11c77f04672ffc51104ffdaf0ac780aadf5b7,,True,False
DRUGBANK:DB10403,DRUGBANK:DB10949,Agrostis gigantea pollen,Koeleria macrantha pollen,65,65,1,False,False,False,False,True,False,,,,,44d11c77f04672ffc51104ffdaf0ac780aadf5b7,,True,False
DRUGBANK:DB10403,DRUGBANK:DB10962,Agrostis gigantea pollen,Agrostis stolonifera pollen,65,65,1,False,False,False,False,True,False,,,,,44d11c77f04672ffc51104ffdaf0ac780aadf5b7,,True,False
DRUGBANK:DB10403,DRUGBANK:DB10963,Agrostis gigantea pollen,Phalaris minor pollen,65,65,1,False,False,False,False,True,False,,,,,44d11c77f04672ffc51104ffdaf0ac780aadf5b7,,True,False
DRUGBANK:DB10403,DRUGBANK:DB10964,Agrostis gigantea pollen,Lolium perenne subsp. multiflorum pollen,65,65,1,False,False,False,False,True,False,,,,,44d11c77f04672ffc51104ffdaf0ac780aadf5b7,,True,False
DRUGBANK:DB10403,DRUGBANK:DB10966,Agrostis gigantea pollen,Sorghum bicolor subsp. drummondii pollen,65,65,1,False,False,False,False,True,False,,,,,44d11c77f04672ffc51104ffdaf0ac780aadf5b7,,True,False
DRUGBANK:DB10404,DRUGBANK:DB10489,Anthoxanthum odoratum pollen,Elymus repens pollen,65,65,1,False,False,False,False,True,False,,,,,44d11c77f04672ffc51104ffdaf0ac780aadf5b7,,True,False
DRUGBANK:DB10404,DRUGBANK:DB10494,Anthoxanthum odoratum pollen,Distichlis spicata pollen,65,65,1,False,False,False,False,True,False,,,,,44d11c77f04672ffc51104ffdaf0ac780aadf5b7,,True,False
DRUGBANK:DB10404,DRUGBANK:DB10713,Anthoxanthum odoratum pollen,Poa compressa pollen,65,65,1,False,False,False,False,True,False,,,,,44d11c77f04672ffc51104ffdaf0ac780aadf5b7,,True,False
DRUGBANK:DB10404,DRUGBANK:DB10714,Anthoxanthum odoratum pollen,Phalaris arundinacea pollen,65,65,1,False,False,False,False,True,False,,,,,44d11c77f04672ffc51104ffdaf0ac780aadf5b7,,True,False
DRUGBANK:DB10404,DRUGBANK:DB10715,Anthoxanthum odoratum pollen,Bouteloua gracilis pollen,65,65,1,False,False,False,False,True,False,,,,,44d11c77f04672ffc51104ffdaf0ac780aadf5b7,,True,False
DRUGBANK:DB10404,DRUGBANK:DB10716,Anthoxanthum odoratum pollen,Urochloa mutica pollen,65,65,1,False,False,False,False,True,False,,,,,44d11c77f04672ffc51104ffdaf0ac780aadf5b7,,True,False
DRUGBANK:DB10404,DRUGBANK:DB10717,Anthoxanthum odoratum pollen,Secale cereale pollen,65,65,1,False,False,False,False,True,False,,,,,44d11c77f04672ffc51104ffdaf0ac780aadf5b7,,True,False
DRUGBANK:DB10404,DRUGBANK:DB10719,Anthoxanthum odoratum pollen,Pascopyrum smithii pollen,65,65,1,False,False,False,False,True,False,,,,,44d11c77f04672ffc51104ffdaf0ac780aadf5b7,,True,False
DRUGBANK:DB10404,DRUGBANK:DB10836,Anthoxanthum odoratum pollen,Bromus secalinus pollen,65,65,1,False,False,False,False,True,False,,,,,44d11c77f04672ffc51104ffdaf0ac780aadf5b7,,True,False
DRUGBANK:DB10404,DRUGBANK:DB10879,Anthoxanthum odoratum pollen,Arrhenatherum elatius pollen,65,65,1,False,False,False,False,True,False,,,,,44d11c77f04672ffc51104ffdaf0ac780aadf5b7,,True,False
DRUGBANK:DB10404,DRUGBANK:DB10949,Anthoxanthum odoratum pollen,Koeleria macrantha pollen,65,65,1,False,False,False,False,True,False,,,,,44d11c77f04672ffc51104ffdaf0ac780aadf5b7,,True,False
DRUGBANK:DB10404,DRUGBANK:DB10962,Anthoxanthum odoratum pollen,Agrostis stolonifera pollen,65,65,1,False,False,False,False,True,False,,,,,44d11c77f04672ffc51104ffdaf0ac780aadf5b7,,True,False
DRUGBANK:DB10404,DRUGBANK:DB10963,Anthoxanthum odoratum pollen,Phalaris minor pollen,65,65,1,False,False,False,False,True,False,,,,,44d11c77f04672ffc51104ffdaf0ac780aadf5b7,,True,False
DRUGBANK:DB10404,DRUGBANK:DB10964,Anthoxanthum odoratum pollen,Lolium perenne subsp. multiflorum pollen,65,65,1,False,False,False,False,True,False,,,,,44d11c77f04672ffc51104ffdaf0ac780aadf5b7,,True,False
DRUGBANK:DB10404,DRUGBANK:DB10966,Anthoxanthum odoratum pollen,Sorghum bicolor subsp. drummondii pollen,65,65,1,False,False,False,False,True,False,,,,,44d11c77f04672ffc51104ffdaf0ac780aadf5b7,,True,False
DRUGBANK:DB10489,DRUGBANK:DB10494,Elymus repens pollen,Distichlis spicata pollen,65,65,1,False,False,False,False,True,False,,,,,44d11c77f04672ffc51104ffdaf0ac780aadf5b7,,True,False
DRUGBANK:DB10489,DRUGBANK:DB10713,Elymus repens pollen,Poa compressa pollen,65,65,1,False,False,False,False,True,False,,,,,44d11c77f04672ffc51104ffdaf0ac780aadf5b7,,True,False
DRUGBANK:DB10489,DRUGBANK:DB10714,Elymus repens pollen,Phalaris arundinacea pollen,65,65,1,False,False,False,False,True,False,,,,,44d11c77f04672ffc51104ffdaf0ac780aadf5b7,,True,False
DRUGBANK:DB10489,DRUGBANK:DB10715,Elymus repens pollen,Bouteloua gracilis pollen,65,65,1,False,False,False,False,True,False,,,,,44d11c77f04672ffc51104ffdaf0ac780aadf5b7,,True,False
DRUGBANK:DB10489,DRUGBANK:DB10716,Elymus repens pollen,Urochloa mutica pollen,65,65,1,False,False,False,False,True,False,,,,,44d11c77f04672ffc51104ffdaf0ac780aadf5b7,,True,False
DRUGBANK:DB10489,DRUGBANK:DB10717,Elymus repens pollen,Secale cereale pollen,65,65,1,False,False,False,False,True,False,,,,,44d11c77f04672ffc51104ffdaf0ac780aadf5b7,,True,False
DRUGBANK:DB10489,DRUGBANK:DB10719,Elymus repens pollen,Pascopyrum smithii pollen,65,65,1,False,False,False,False,True,False,,,,,44d11c77f04672ffc51104ffdaf0ac780aadf5b7,,True,False
DRUGBANK:DB10489,DRUGBANK:DB10836,Elymus repens pollen,Bromus secalinus pollen,65,65,1,False,False,False,False,True,False,,,,,44d11c77f04672ffc51104ffdaf0ac780aadf5b7,,True,False
DRUGBANK:DB10489,DRUGBANK:DB10879,Elymus repens pollen,Arrhenatherum elatius pollen,65,65,1,False,False,False,False,True,False,,,,,44d11c77f04672ffc51104ffdaf0ac780aadf5b7,,True,False
DRUGBANK:DB10489,DRUGBANK:DB10949,Elymus repens pollen,Koeleria macrantha pollen,65,65,1,False,False,False,False,True,False,,,,,44d11c77f04672ffc51104ffdaf0ac780aadf5b7,,True,False
DRUGBANK:DB10489,DRUGBANK:DB10962,Elymus repens pollen,Agrostis stolonifera pollen,65,65,1,False,False,False,False,True,False,,,,,44d11c77f04672ffc51104ffdaf0ac780aadf5b7,,True,False
DRUGBANK:DB10489,DRUGBANK:DB10963,Elymus repens pollen,Phalaris minor pollen,65,65,1,False,False,False,False,True,False,,,,,44d11c77f04672ffc51104ffdaf0ac780aadf5b7,,True,False
DRUGBANK:DB10489,DRUGBANK:DB10964,Elymus repens pollen,Lolium perenne subsp. multiflorum pollen,65,65,1,False,False,False,False,True,False,,,,,44d11c77f04672ffc51104ffdaf0ac780aadf5b7,,True,False
DRUGBANK:DB10489,DRUGBANK:DB10966,Elymus repens pollen,Sorghum bicolor subsp. drummondii pollen,65,65,1,False,False,False,False,True,False,,,,,44d11c77f04672ffc51104ffdaf0ac780aadf5b7,,True,False
DRUGBANK:DB10494,DRUGBANK:DB10713,Distichlis spicata pollen,Poa compressa pollen,65,65,1,False,False,False,False,True,False,,,,,44d11c77f04672ffc51104ffdaf0ac780aadf5b7,,True,False
DRUGBANK:DB10494,DRUGBANK:DB10714,Distichlis spicata pollen,Phalaris arundinacea pollen,65,65,1,False,False,False,False,True,False,,,,,44d11c77f04672ffc51104ffdaf0ac780aadf5b7,,True,False
DRUGBANK:DB10494,DRUGBANK:DB10715,Distichlis spicata pollen,Bouteloua gracilis pollen,65,65,1,False,False,False,False,True,False,,,,,44d11c77f04672ffc51104ffdaf0ac780aadf5b7,,True,False
DRUGBANK:DB10494,DRUGBANK:DB10716,Distichlis spicata pollen,Urochloa mutica pollen,65,65,1,False,False,False,False,True,False,,,,,44d11c77f04672ffc51104ffdaf0ac780aadf5b7,,True,False
DRUGBANK:DB10494,DRUGBANK:DB10717,Distichlis spicata pollen,Secale cereale pollen,65,65,1,False,False,False,False,True,False,,,,,44d11c77f04672ffc51104ffdaf0ac780aadf5b7,,True,False
DRUGBANK:DB10494,DRUGBANK:DB10719,Distichlis spicata pollen,Pascopyrum smithii pollen,65,65,1,False,False,False,False,True,False,,,,,44d11c77f04672ffc51104ffdaf0ac780aadf5b7,,True,False
DRUGBANK:DB10494,DRUGBANK:DB10836,Distichlis spicata pollen,Bromus secalinus pollen,65,65,1,False,False,False,False,True,False,,,,,44d11c77f04672ffc51104ffdaf0ac780aadf5b7,,True,False
DRUGBANK:DB10494,DRUGBANK:DB10879,Distichlis spicata pollen,Arrhenatherum elatius pollen,65,65,1,False,False,False,False,True,False,,,,,44d11c77f04672ffc51104ffdaf0ac780aadf5b7,,True,False
DRUGBANK:DB10494,DRUGBANK:DB10949,Distichlis spicata pollen,Koeleria macrantha pollen,65,65,1,False,False,False,False,True,False,,,,,44d11c77f04672ffc51104ffdaf0ac780aadf5b7,,True,False
DRUGBANK:DB10494,DRUGBANK:DB10962,Distichlis spicata pollen,Agrostis stolonifera pollen,65,65,1,False,False,False,False,True,False,,,,,44d11c77f04672ffc51104ffdaf0ac780aadf5b7,,True,False
DRUGBANK:DB10494,DRUGBANK:DB10963,Distichlis spicata pollen,Phalaris minor pollen,65,65,1,False,False,False,False,True,False,,,,,44d11c77f04672ffc51104ffdaf0ac780aadf5b7,,True,False
DRUGBANK:DB10494,DRUGBANK:DB10964,Distichlis spicata pollen,Lolium perenne subsp. multiflorum pollen,65,65,1,False,False,False,False,True,False,,,,,44d11c77f04672ffc51104ffdaf0ac780aadf5b7,,True,False
DRUGBANK:DB10494,DRUGBANK:DB10966,Distichlis spicata pollen,Sorghum bicolor subsp. drummondii pollen,65,65,1,False,False,False,False,True,False,,,,,44d11c77f04672ffc51104ffdaf0ac780aadf5b7,,True,False
DRUGBANK:DB10583,DRUGBANK:DB10584,Clostridium tetani toxoid antigen (formaldehyde inactivated),Corynebacterium diphtheriae toxoid antigen (formaldehyde inactivated),274,274,1,False,False,False,False,True,False,,,,,e9000453854ab04c72db25653e34530528a4b700,,True,False
DRUGBANK:DB10583,DRUGBANK:DB10769,Clostridium tetani toxoid antigen (formaldehyde inactivated),Japanese encephalitis virus strain sa 14-14-2 antigen (formaldehyde inactivated),274,274,1,False,False,False,False,True,False,,,,,e9000453854ab04c72db25653e34530528a4b700,,True,False
DRUGBANK:DB10583,DRUGBANK:DB10803,Clostridium tetani toxoid antigen (formaldehyde inactivated),Typhoid Vi polysaccharide vaccine,274,274,1,False,False,False,False,True,False,,,,,e9000453854ab04c72db25653e34530528a4b700,,True,False
DRUGBANK:DB10583,DRUGBANK:DB10989,Clostridium tetani toxoid antigen (formaldehyde inactivated),Hepatitis A Vaccine,274,274,1,False,False,False,False,True,False,,,,,e9000453854ab04c72db25653e34530528a4b700,,True,False
DRUGBANK:DB10583,DRUGBANK:DB11627,Clostridium tetani toxoid antigen (formaldehyde inactivated),Hepatitis B Vaccine (Recombinant),274,274,1,False,False,False,False,True,False,,,,,e9000453854ab04c72db25653e34530528a4b700,,True,False
DRUGBANK:DB10583,DRUGBANK:DB12568,Clostridium tetani toxoid antigen (formaldehyde inactivated),Tecemotide,274,274,1,False,False,False,False,True,False,,,,,e9000453854ab04c72db25653e34530528a4b700,,True,False
DRUGBANK:DB10583,DRUGBANK:DB13924,Clostridium tetani toxoid antigen (formaldehyde inactivated),Varicella zoster vaccine (recombinant),274,274,1,False,False,False,False,True,False,,,,,e9000453854ab04c72db25653e34530528a4b700,,True,False
DRUGBANK:DB10583,DRUGBANK:DB14711,Clostridium tetani toxoid antigen (formaldehyde inactivated),"Smallpox (Vaccinia) Vaccine, Live",274,274,1,False,False,False,False,True,False,,,,,e9000453854ab04c72db25653e34530528a4b700,,True,False
DRUGBANK:DB10583,DRUGBANK:DB15274,Clostridium tetani toxoid antigen (formaldehyde inactivated),Pertussis vaccine,274,274,1,False,False,False,False,True,False,,,,,e9000453854ab04c72db25653e34530528a4b700,,True,False
DRUGBANK:DB10583,DRUGBANK:DB15461,Clostridium tetani toxoid antigen (formaldehyde inactivated),Yersinia pestis 195/p antigen (formaldehyde inactivated),274,274,1,False,False,False,False,True,False,,,,,e9000453854ab04c72db25653e34530528a4b700,,True,False
DRUGBANK:DB10583,DRUGBANK:DB15483,Clostridium tetani toxoid antigen (formaldehyde inactivated),Modified vaccinia ankara,274,274,1,False,False,False,False,True,False,,,,,e9000453854ab04c72db25653e34530528a4b700,,True,False
DRUGBANK:DB10583,DRUGBANK:DB15654,Clostridium tetani toxoid antigen (formaldehyde inactivated),Moderna COVID-19 Vaccine,274,274,1,False,False,False,False,True,False,,,,,e9000453854ab04c72db25653e34530528a4b700,,True,False
DRUGBANK:DB10584,DRUGBANK:DB10769,Corynebacterium diphtheriae toxoid antigen (formaldehyde inactivated),Japanese encephalitis virus strain sa 14-14-2 antigen (formaldehyde inactivated),274,274,1,False,False,False,False,True,False,,,,,e9000453854ab04c72db25653e34530528a4b700,,True,False
DRUGBANK:DB10584,DRUGBANK:DB10803,Corynebacterium diphtheriae toxoid antigen (formaldehyde inactivated),Typhoid Vi polysaccharide vaccine,274,274,1,False,False,False,False,True,False,,,,,e9000453854ab04c72db25653e34530528a4b700,,True,False
DRUGBANK:DB10584,DRUGBANK:DB10989,Corynebacterium diphtheriae toxoid antigen (formaldehyde inactivated),Hepatitis A Vaccine,274,274,1,False,False,False,False,True,False,,,,,e9000453854ab04c72db25653e34530528a4b700,,True,False
DRUGBANK:DB10584,DRUGBANK:DB11627,Corynebacterium diphtheriae toxoid antigen (formaldehyde inactivated),Hepatitis B Vaccine (Recombinant),274,274,1,False,False,False,False,True,False,,,,,e9000453854ab04c72db25653e34530528a4b700,,True,False
DRUGBANK:DB10584,DRUGBANK:DB12568,Corynebacterium diphtheriae toxoid antigen (formaldehyde inactivated),Tecemotide,274,274,1,False,False,False,False,True,False,,,,,e9000453854ab04c72db25653e34530528a4b700,,True,False
DRUGBANK:DB10584,DRUGBANK:DB13924,Corynebacterium diphtheriae toxoid antigen (formaldehyde inactivated),Varicella zoster vaccine (recombinant),274,274,1,False,False,False,False,True,False,,,,,e9000453854ab04c72db25653e34530528a4b700,,True,False
DRUGBANK:DB10584,DRUGBANK:DB14711,Corynebacterium diphtheriae toxoid antigen (formaldehyde inactivated),"Smallpox (Vaccinia) Vaccine, Live",274,274,1,False,False,False,False,True,False,,,,,e9000453854ab04c72db25653e34530528a4b700,,True,False
DRUGBANK:DB10584,DRUGBANK:DB15274,Corynebacterium diphtheriae toxoid antigen (formaldehyde inactivated),Pertussis vaccine,274,274,1,False,False,False,False,True,False,,,,,e9000453854ab04c72db25653e34530528a4b700,,True,False
DRUGBANK:DB10584,DRUGBANK:DB15461,Corynebacterium diphtheriae toxoid antigen (formaldehyde inactivated),Yersinia pestis 195/p antigen (formaldehyde inactivated),274,274,1,False,False,False,False,True,False,,,,,e9000453854ab04c72db25653e34530528a4b700,,True,False
DRUGBANK:DB10584,DRUGBANK:DB15483,Corynebacterium diphtheriae toxoid antigen (formaldehyde inactivated),Modified vaccinia ankara,274,274,1,False,False,False,False,True,False,,,,,e9000453854ab04c72db25653e34530528a4b700,,True,False
DRUGBANK:DB10584,DRUGBANK:DB15654,Corynebacterium diphtheriae toxoid antigen (formaldehyde inactivated),Moderna COVID-19 Vaccine,274,274,1,False,False,False,False,True,False,,,,,e9000453854ab04c72db25653e34530528a4b700,,True,False
DRUGBANK:DB10600,DRUGBANK:DB10794,Influenza A virus A/California/7/2009 X-181 (H1N1) antigen (propiolactone inactivated),Influenza B virus B/Brisbane/60/2008 antigen (formaldehyde inactivated),292,292,1,False,False,False,False,True,False,,,,,eb8206733f7d6b1450ae4228249e99e735f67c3f,,True,False
DRUGBANK:DB10600,DRUGBANK:DB10990,Influenza A virus A/California/7/2009 X-181 (H1N1) antigen (propiolactone inactivated),Haemophilus influenzae type B strain 20752 capsular polysaccharide tetanus toxoid conjugate antigen,292,292,1,False,False,False,False,True,False,,,,,eb8206733f7d6b1450ae4228249e99e735f67c3f,,True,False
DRUGBANK:DB10600,DRUGBANK:DB11038,Influenza A virus A/California/7/2009 X-181 (H1N1) antigen (propiolactone inactivated),Influenza A virus A/Brisbane/59/2007(H1N1) hemagglutinin antigen (propiolactone inactivated),292,292,1,False,False,False,False,True,False,,,,,eb8206733f7d6b1450ae4228249e99e735f67c3f,,True,False
DRUGBANK:DB10600,DRUGBANK:DB11040,Influenza A virus A/California/7/2009 X-181 (H1N1) antigen (propiolactone inactivated),Influenza B virus B/Brisbane/60/2008 hemagglutinin antigen (propiolactone inactivated),292,292,1,False,False,False,False,True,False,,,,,eb8206733f7d6b1450ae4228249e99e735f67c3f,,True,False
DRUGBANK:DB10600,DRUGBANK:DB11041,Influenza A virus A/California/7/2009 X-181 (H1N1) antigen (propiolactone inactivated),Influenza A virus A/California/7/2009 X-181 (H1N1) hemagglutinin antigen (propiolactone inactivated),292,292,1,False,False,False,False,True,False,,,,,eb8206733f7d6b1450ae4228249e99e735f67c3f,,True,False
DRUGBANK:DB10600,DRUGBANK:DB11044,Influenza A virus A/California/7/2009 X-181 (H1N1) antigen (propiolactone inactivated),Influenza B virus B/Brisbane/60/2008 antigen (propiolactone inactivated),292,292,1,False,False,False,False,True,False,,,,,eb8206733f7d6b1450ae4228249e99e735f67c3f,,True,False
DRUGBANK:DB10600,DRUGBANK:DB14384,Influenza A virus A/California/7/2009 X-181 (H1N1) antigen (propiolactone inactivated),Influenza A virus A/Victoria/210/2009 X-187 (H3N2) hemagglutinin antigen (formaldehyde inactivated),292,292,1,False,False,False,False,True,False,,,,,eb8206733f7d6b1450ae4228249e99e735f67c3f,,True,False
DRUGBANK:DB10600,DRUGBANK:DB14385,Influenza A virus A/California/7/2009 X-181 (H1N1) antigen (propiolactone inactivated),Influenza B virus B/Brisbane/60/2008 hemagglutinin antigen (formaldehyde inactivated),292,292,1,False,False,False,False,True,False,,,,,eb8206733f7d6b1450ae4228249e99e735f67c3f,,True,False
DRUGBANK:DB10600,DRUGBANK:DB14394,Influenza A virus A/California/7/2009 X-181 (H1N1) antigen (propiolactone inactivated),Influenza A virus A/California/7/2009 (H1N1) live (attenuated) antigen,292,292,1,False,False,False,False,True,False,,,,,eb8206733f7d6b1450ae4228249e99e735f67c3f,,True,False
DRUGBANK:DB10600,DRUGBANK:DB14445,Influenza A virus A/California/7/2009 X-181 (H1N1) antigen (propiolactone inactivated),Influenza A virus A/Victoria/210/2009 X-187 (H3N2) antigen (formaldehyde inactivated),292,292,1,False,False,False,False,True,False,,,,,eb8206733f7d6b1450ae4228249e99e735f67c3f,,True,False
DRUGBANK:DB10600,DRUGBANK:DB14449,Influenza A virus A/California/7/2009 X-181 (H1N1) antigen (propiolactone inactivated),Influenza A virus A/Perth/16/2009 (H3N2) live (attenuated) antigen,292,292,1,False,False,False,False,True,False,,,,,eb8206733f7d6b1450ae4228249e99e735f67c3f,,True,False
DRUGBANK:DB10600,DRUGBANK:DB14619,Influenza A virus A/California/7/2009 X-181 (H1N1) antigen (propiolactone inactivated),Influenza A virus A/Uruguay/716/2007(H3N2) antigen (propiolactone inactivated),292,292,1,False,False,False,False,True,False,,,,,eb8206733f7d6b1450ae4228249e99e735f67c3f,,True,False
DRUGBANK:DB10600,DRUGBANK:DB14620,Influenza A virus A/California/7/2009 X-181 (H1N1) antigen (propiolactone inactivated),Influenza A virus A/Brisbane/59/2007(H1N1) antigen (propiolactone inactivated),292,292,1,False,False,False,False,True,False,,,,,eb8206733f7d6b1450ae4228249e99e735f67c3f,,True,False
DRUGBANK:DB10713,DRUGBANK:DB10714,Poa compressa pollen,Phalaris arundinacea pollen,65,65,1,False,False,False,False,True,False,,,,,44d11c77f04672ffc51104ffdaf0ac780aadf5b7,,True,False
DRUGBANK:DB10713,DRUGBANK:DB10715,Poa compressa pollen,Bouteloua gracilis pollen,65,65,1,False,False,False,False,True,False,,,,,44d11c77f04672ffc51104ffdaf0ac780aadf5b7,,True,False
DRUGBANK:DB10713,DRUGBANK:DB10716,Poa compressa pollen,Urochloa mutica pollen,65,65,1,False,False,False,False,True,False,,,,,44d11c77f04672ffc51104ffdaf0ac780aadf5b7,,True,False
DRUGBANK:DB10713,DRUGBANK:DB10717,Poa compressa pollen,Secale cereale pollen,65,65,1,False,False,False,False,True,False,,,,,44d11c77f04672ffc51104ffdaf0ac780aadf5b7,,True,False
DRUGBANK:DB10713,DRUGBANK:DB10719,Poa compressa pollen,Pascopyrum smithii pollen,65,65,1,False,False,False,False,True,False,,,,,44d11c77f04672ffc51104ffdaf0ac780aadf5b7,,True,False
DRUGBANK:DB10713,DRUGBANK:DB10836,Poa compressa pollen,Bromus secalinus pollen,65,65,1,False,False,False,False,True,False,,,,,44d11c77f04672ffc51104ffdaf0ac780aadf5b7,,True,False
DRUGBANK:DB10713,DRUGBANK:DB10879,Poa compressa pollen,Arrhenatherum elatius pollen,65,65,1,False,False,False,False,True,False,,,,,44d11c77f04672ffc51104ffdaf0ac780aadf5b7,,True,False
DRUGBANK:DB10713,DRUGBANK:DB10949,Poa compressa pollen,Koeleria macrantha pollen,65,65,1,False,False,False,False,True,False,,,,,44d11c77f04672ffc51104ffdaf0ac780aadf5b7,,True,False
DRUGBANK:DB10713,DRUGBANK:DB10962,Poa compressa pollen,Agrostis stolonifera pollen,65,65,1,False,False,False,False,True,False,,,,,44d11c77f04672ffc51104ffdaf0ac780aadf5b7,,True,False
DRUGBANK:DB10713,DRUGBANK:DB10963,Poa compressa pollen,Phalaris minor pollen,65,65,1,False,False,False,False,True,False,,,,,44d11c77f04672ffc51104ffdaf0ac780aadf5b7,,True,False
DRUGBANK:DB10713,DRUGBANK:DB10964,Poa compressa pollen,Lolium perenne subsp. multiflorum pollen,65,65,1,False,False,False,False,True,False,,,,,44d11c77f04672ffc51104ffdaf0ac780aadf5b7,,True,False
DRUGBANK:DB10713,DRUGBANK:DB10966,Poa compressa pollen,Sorghum bicolor subsp. drummondii pollen,65,65,1,False,False,False,False,True,False,,,,,44d11c77f04672ffc51104ffdaf0ac780aadf5b7,,True,False
DRUGBANK:DB10714,DRUGBANK:DB10715,Phalaris arundinacea pollen,Bouteloua gracilis pollen,65,65,1,False,False,False,False,True,False,,,,,44d11c77f04672ffc51104ffdaf0ac780aadf5b7,,True,False
DRUGBANK:DB10714,DRUGBANK:DB10716,Phalaris arundinacea pollen,Urochloa mutica pollen,65,65,1,False,False,False,False,True,False,,,,,44d11c77f04672ffc51104ffdaf0ac780aadf5b7,,True,False
DRUGBANK:DB10714,DRUGBANK:DB10717,Phalaris arundinacea pollen,Secale cereale pollen,65,65,1,False,False,False,False,True,False,,,,,44d11c77f04672ffc51104ffdaf0ac780aadf5b7,,True,False
DRUGBANK:DB10714,DRUGBANK:DB10719,Phalaris arundinacea pollen,Pascopyrum smithii pollen,65,65,1,False,False,False,False,True,False,,,,,44d11c77f04672ffc51104ffdaf0ac780aadf5b7,,True,False
DRUGBANK:DB10714,DRUGBANK:DB10836,Phalaris arundinacea pollen,Bromus secalinus pollen,65,65,1,False,False,False,False,True,False,,,,,44d11c77f04672ffc51104ffdaf0ac780aadf5b7,,True,False
DRUGBANK:DB10714,DRUGBANK:DB10879,Phalaris arundinacea pollen,Arrhenatherum elatius pollen,65,65,1,False,False,False,False,True,False,,,,,44d11c77f04672ffc51104ffdaf0ac780aadf5b7,,True,False
DRUGBANK:DB10714,DRUGBANK:DB10949,Phalaris arundinacea pollen,Koeleria macrantha pollen,65,65,1,False,False,False,False,True,False,,,,,44d11c77f04672ffc51104ffdaf0ac780aadf5b7,,True,False
DRUGBANK:DB10714,DRUGBANK:DB10962,Phalaris arundinacea pollen,Agrostis stolonifera pollen,65,65,1,False,False,False,False,True,False,,,,,44d11c77f04672ffc51104ffdaf0ac780aadf5b7,,True,False
DRUGBANK:DB10714,DRUGBANK:DB10963,Phalaris arundinacea pollen,Phalaris minor pollen,65,65,1,False,False,False,False,True,False,,,,,44d11c77f04672ffc51104ffdaf0ac780aadf5b7,,True,False
DRUGBANK:DB10714,DRUGBANK:DB10964,Phalaris arundinacea pollen,Lolium perenne subsp. multiflorum pollen,65,65,1,False,False,False,False,True,False,,,,,44d11c77f04672ffc51104ffdaf0ac780aadf5b7,,True,False
DRUGBANK:DB10714,DRUGBANK:DB10966,Phalaris arundinacea pollen,Sorghum bicolor subsp. drummondii pollen,65,65,1,False,False,False,False,True,False,,,,,44d11c77f04672ffc51104ffdaf0ac780aadf5b7,,True,False
DRUGBANK:DB10715,DRUGBANK:DB10716,Bouteloua gracilis pollen,Urochloa mutica pollen,65,65,1,False,False,False,False,True,False,,,,,44d11c77f04672ffc51104ffdaf0ac780aadf5b7,,True,False
DRUGBANK:DB10715,DRUGBANK:DB10717,Bouteloua gracilis pollen,Secale cereale pollen,65,65,1,False,False,False,False,True,False,,,,,44d11c77f04672ffc51104ffdaf0ac780aadf5b7,,True,False
DRUGBANK:DB10715,DRUGBANK:DB10719,Bouteloua gracilis pollen,Pascopyrum smithii pollen,65,65,1,False,False,False,False,True,False,,,,,44d11c77f04672ffc51104ffdaf0ac780aadf5b7,,True,False
DRUGBANK:DB10715,DRUGBANK:DB10836,Bouteloua gracilis pollen,Bromus secalinus pollen,65,65,1,False,False,False,False,True,False,,,,,44d11c77f04672ffc51104ffdaf0ac780aadf5b7,,True,False
DRUGBANK:DB10715,DRUGBANK:DB10879,Bouteloua gracilis pollen,Arrhenatherum elatius pollen,65,65,1,False,False,False,False,True,False,,,,,44d11c77f04672ffc51104ffdaf0ac780aadf5b7,,True,False
DRUGBANK:DB10715,DRUGBANK:DB10949,Bouteloua gracilis pollen,Koeleria macrantha pollen,65,65,1,False,False,False,False,True,False,,,,,44d11c77f04672ffc51104ffdaf0ac780aadf5b7,,True,False
DRUGBANK:DB10715,DRUGBANK:DB10962,Bouteloua gracilis pollen,Agrostis stolonifera pollen,65,65,1,False,False,False,False,True,False,,,,,44d11c77f04672ffc51104ffdaf0ac780aadf5b7,,True,False
DRUGBANK:DB10715,DRUGBANK:DB10963,Bouteloua gracilis pollen,Phalaris minor pollen,65,65,1,False,False,False,False,True,False,,,,,44d11c77f04672ffc51104ffdaf0ac780aadf5b7,,True,False
DRUGBANK:DB10715,DRUGBANK:DB10964,Bouteloua gracilis pollen,Lolium perenne subsp. multiflorum pollen,65,65,1,False,False,False,False,True,False,,,,,44d11c77f04672ffc51104ffdaf0ac780aadf5b7,,True,False
DRUGBANK:DB10715,DRUGBANK:DB10966,Bouteloua gracilis pollen,Sorghum bicolor subsp. drummondii pollen,65,65,1,False,False,False,False,True,False,,,,,44d11c77f04672ffc51104ffdaf0ac780aadf5b7,,True,False
DRUGBANK:DB10716,DRUGBANK:DB10717,Urochloa mutica pollen,Secale cereale pollen,65,65,1,False,False,False,False,True,False,,,,,44d11c77f04672ffc51104ffdaf0ac780aadf5b7,,True,False
DRUGBANK:DB10716,DRUGBANK:DB10719,Urochloa mutica pollen,Pascopyrum smithii pollen,65,65,1,False,False,False,False,True,False,,,,,44d11c77f04672ffc51104ffdaf0ac780aadf5b7,,True,False
DRUGBANK:DB10716,DRUGBANK:DB10836,Urochloa mutica pollen,Bromus secalinus pollen,65,65,1,False,False,False,False,True,False,,,,,44d11c77f04672ffc51104ffdaf0ac780aadf5b7,,True,False
DRUGBANK:DB10716,DRUGBANK:DB10879,Urochloa mutica pollen,Arrhenatherum elatius pollen,65,65,1,False,False,False,False,True,False,,,,,44d11c77f04672ffc51104ffdaf0ac780aadf5b7,,True,False
DRUGBANK:DB10716,DRUGBANK:DB10949,Urochloa mutica pollen,Koeleria macrantha pollen,65,65,1,False,False,False,False,True,False,,,,,44d11c77f04672ffc51104ffdaf0ac780aadf5b7,,True,False
DRUGBANK:DB10716,DRUGBANK:DB10962,Urochloa mutica pollen,Agrostis stolonifera pollen,65,65,1,False,False,False,False,True,False,,,,,44d11c77f04672ffc51104ffdaf0ac780aadf5b7,,True,False
DRUGBANK:DB10716,DRUGBANK:DB10963,Urochloa mutica pollen,Phalaris minor pollen,65,65,1,False,False,False,False,True,False,,,,,44d11c77f04672ffc51104ffdaf0ac780aadf5b7,,True,False
DRUGBANK:DB10716,DRUGBANK:DB10964,Urochloa mutica pollen,Lolium perenne subsp. multiflorum pollen,65,65,1,False,False,False,False,True,False,,,,,44d11c77f04672ffc51104ffdaf0ac780aadf5b7,,True,False
DRUGBANK:DB10716,DRUGBANK:DB10966,Urochloa mutica pollen,Sorghum bicolor subsp. drummondii pollen,65,65,1,False,False,False,False,True,False,,,,,44d11c77f04672ffc51104ffdaf0ac780aadf5b7,,True,False
DRUGBANK:DB10717,DRUGBANK:DB10719,Secale cereale pollen,Pascopyrum smithii pollen,65,65,1,False,False,False,False,True,False,,,,,44d11c77f04672ffc51104ffdaf0ac780aadf5b7,,True,False
DRUGBANK:DB10717,DRUGBANK:DB10836,Secale cereale pollen,Bromus secalinus pollen,65,65,1,False,False,False,False,True,False,,,,,44d11c77f04672ffc51104ffdaf0ac780aadf5b7,,True,False
DRUGBANK:DB10717,DRUGBANK:DB10879,Secale cereale pollen,Arrhenatherum elatius pollen,65,65,1,False,False,False,False,True,False,,,,,44d11c77f04672ffc51104ffdaf0ac780aadf5b7,,True,False
DRUGBANK:DB10717,DRUGBANK:DB10949,Secale cereale pollen,Koeleria macrantha pollen,65,65,1,False,False,False,False,True,False,,,,,44d11c77f04672ffc51104ffdaf0ac780aadf5b7,,True,False
DRUGBANK:DB10717,DRUGBANK:DB10962,Secale cereale pollen,Agrostis stolonifera pollen,65,65,1,False,False,False,False,True,False,,,,,44d11c77f04672ffc51104ffdaf0ac780aadf5b7,,True,False
DRUGBANK:DB10717,DRUGBANK:DB10963,Secale cereale pollen,Phalaris minor pollen,65,65,1,False,False,False,False,True,False,,,,,44d11c77f04672ffc51104ffdaf0ac780aadf5b7,,True,False
DRUGBANK:DB10717,DRUGBANK:DB10964,Secale cereale pollen,Lolium perenne subsp. multiflorum pollen,65,65,1,False,False,False,False,True,False,,,,,44d11c77f04672ffc51104ffdaf0ac780aadf5b7,,True,False
DRUGBANK:DB10717,DRUGBANK:DB10966,Secale cereale pollen,Sorghum bicolor subsp. drummondii pollen,65,65,1,False,False,False,False,True,False,,,,,44d11c77f04672ffc51104ffdaf0ac780aadf5b7,,True,False
DRUGBANK:DB10719,DRUGBANK:DB10836,Pascopyrum smithii pollen,Bromus secalinus pollen,65,65,1,False,False,False,False,True,False,,,,,44d11c77f04672ffc51104ffdaf0ac780aadf5b7,,True,False
DRUGBANK:DB10719,DRUGBANK:DB10879,Pascopyrum smithii pollen,Arrhenatherum elatius pollen,65,65,1,False,False,False,False,True,False,,,,,44d11c77f04672ffc51104ffdaf0ac780aadf5b7,,True,False
DRUGBANK:DB10719,DRUGBANK:DB10949,Pascopyrum smithii pollen,Koeleria macrantha pollen,65,65,1,False,False,False,False,True,False,,,,,44d11c77f04672ffc51104ffdaf0ac780aadf5b7,,True,False
DRUGBANK:DB10719,DRUGBANK:DB10962,Pascopyrum smithii pollen,Agrostis stolonifera pollen,65,65,1,False,False,False,False,True,False,,,,,44d11c77f04672ffc51104ffdaf0ac780aadf5b7,,True,False
DRUGBANK:DB10719,DRUGBANK:DB10963,Pascopyrum smithii pollen,Phalaris minor pollen,65,65,1,False,False,False,False,True,False,,,,,44d11c77f04672ffc51104ffdaf0ac780aadf5b7,,True,False
DRUGBANK:DB10719,DRUGBANK:DB10964,Pascopyrum smithii pollen,Lolium perenne subsp. multiflorum pollen,65,65,1,False,False,False,False,True,False,,,,,44d11c77f04672ffc51104ffdaf0ac780aadf5b7,,True,False
DRUGBANK:DB10719,DRUGBANK:DB10966,Pascopyrum smithii pollen,Sorghum bicolor subsp. drummondii pollen,65,65,1,False,False,False,False,True,False,,,,,44d11c77f04672ffc51104ffdaf0ac780aadf5b7,,True,False
DRUGBANK:DB10769,DRUGBANK:DB10803,Japanese encephalitis virus strain sa 14-14-2 antigen (formaldehyde inactivated),Typhoid Vi polysaccharide vaccine,274,274,1,False,False,False,False,True,False,,,,,e9000453854ab04c72db25653e34530528a4b700,,True,False
DRUGBANK:DB10769,DRUGBANK:DB10989,Japanese encephalitis virus strain sa 14-14-2 antigen (formaldehyde inactivated),Hepatitis A Vaccine,274,274,1,False,False,False,False,True,False,,,,,e9000453854ab04c72db25653e34530528a4b700,,True,False
DRUGBANK:DB10769,DRUGBANK:DB11627,Japanese encephalitis virus strain sa 14-14-2 antigen (formaldehyde inactivated),Hepatitis B Vaccine (Recombinant),274,274,1,False,False,False,False,True,False,,,,,e9000453854ab04c72db25653e34530528a4b700,,True,False
DRUGBANK:DB10769,DRUGBANK:DB12568,Japanese encephalitis virus strain sa 14-14-2 antigen (formaldehyde inactivated),Tecemotide,274,274,1,False,False,False,False,True,False,,,,,e9000453854ab04c72db25653e34530528a4b700,,True,False
DRUGBANK:DB10769,DRUGBANK:DB13924,Japanese encephalitis virus strain sa 14-14-2 antigen (formaldehyde inactivated),Varicella zoster vaccine (recombinant),274,274,1,False,False,False,False,True,False,,,,,e9000453854ab04c72db25653e34530528a4b700,,True,False
DRUGBANK:DB10769,DRUGBANK:DB14711,Japanese encephalitis virus strain sa 14-14-2 antigen (formaldehyde inactivated),"Smallpox (Vaccinia) Vaccine, Live",274,274,1,False,False,False,False,True,False,,,,,e9000453854ab04c72db25653e34530528a4b700,,True,False
DRUGBANK:DB10769,DRUGBANK:DB15274,Japanese encephalitis virus strain sa 14-14-2 antigen (formaldehyde inactivated),Pertussis vaccine,274,274,1,False,False,False,False,True,False,,,,,e9000453854ab04c72db25653e34530528a4b700,,True,False
DRUGBANK:DB10769,DRUGBANK:DB15461,Japanese encephalitis virus strain sa 14-14-2 antigen (formaldehyde inactivated),Yersinia pestis 195/p antigen (formaldehyde inactivated),274,274,1,False,False,False,False,True,False,,,,,e9000453854ab04c72db25653e34530528a4b700,,True,False
DRUGBANK:DB10769,DRUGBANK:DB15483,Japanese encephalitis virus strain sa 14-14-2 antigen (formaldehyde inactivated),Modified vaccinia ankara,274,274,1,False,False,False,False,True,False,,,,,e9000453854ab04c72db25653e34530528a4b700,,True,False
DRUGBANK:DB10769,DRUGBANK:DB15654,Japanese encephalitis virus strain sa 14-14-2 antigen (formaldehyde inactivated),Moderna COVID-19 Vaccine,274,274,1,False,False,False,False,True,False,,,,,e9000453854ab04c72db25653e34530528a4b700,,True,False
DRUGBANK:DB10794,DRUGBANK:DB10990,Influenza B virus B/Brisbane/60/2008 antigen (formaldehyde inactivated),Haemophilus influenzae type B strain 20752 capsular polysaccharide tetanus toxoid conjugate antigen,292,292,1,False,False,False,False,True,False,,,,,eb8206733f7d6b1450ae4228249e99e735f67c3f,,True,False
DRUGBANK:DB10794,DRUGBANK:DB11038,Influenza B virus B/Brisbane/60/2008 antigen (formaldehyde inactivated),Influenza A virus A/Brisbane/59/2007(H1N1) hemagglutinin antigen (propiolactone inactivated),292,292,1,False,False,False,False,True,False,,,,,eb8206733f7d6b1450ae4228249e99e735f67c3f,,True,False
DRUGBANK:DB10794,DRUGBANK:DB11040,Influenza B virus B/Brisbane/60/2008 antigen (formaldehyde inactivated),Influenza B virus B/Brisbane/60/2008 hemagglutinin antigen (propiolactone inactivated),292,292,1,False,False,False,False,True,False,,,,,eb8206733f7d6b1450ae4228249e99e735f67c3f,,True,False
DRUGBANK:DB10794,DRUGBANK:DB11041,Influenza B virus B/Brisbane/60/2008 antigen (formaldehyde inactivated),Influenza A virus A/California/7/2009 X-181 (H1N1) hemagglutinin antigen (propiolactone inactivated),292,292,1,False,False,False,False,True,False,,,,,eb8206733f7d6b1450ae4228249e99e735f67c3f,,True,False
DRUGBANK:DB10794,DRUGBANK:DB11044,Influenza B virus B/Brisbane/60/2008 antigen (formaldehyde inactivated),Influenza B virus B/Brisbane/60/2008 antigen (propiolactone inactivated),292,292,1,False,False,False,False,True,False,,,,,eb8206733f7d6b1450ae4228249e99e735f67c3f,,True,False
DRUGBANK:DB10794,DRUGBANK:DB14384,Influenza B virus B/Brisbane/60/2008 antigen (formaldehyde inactivated),Influenza A virus A/Victoria/210/2009 X-187 (H3N2) hemagglutinin antigen (formaldehyde inactivated),292,292,1,False,False,False,False,True,False,,,,,eb8206733f7d6b1450ae4228249e99e735f67c3f,,True,False
DRUGBANK:DB10794,DRUGBANK:DB14385,Influenza B virus B/Brisbane/60/2008 antigen (formaldehyde inactivated),Influenza B virus B/Brisbane/60/2008 hemagglutinin antigen (formaldehyde inactivated),292,292,1,False,False,False,False,True,False,,,,,eb8206733f7d6b1450ae4228249e99e735f67c3f,,True,False
DRUGBANK:DB10794,DRUGBANK:DB14394,Influenza B virus B/Brisbane/60/2008 antigen (formaldehyde inactivated),Influenza A virus A/California/7/2009 (H1N1) live (attenuated) antigen,292,292,1,False,False,False,False,True,False,,,,,eb8206733f7d6b1450ae4228249e99e735f67c3f,,True,False
DRUGBANK:DB10794,DRUGBANK:DB14445,Influenza B virus B/Brisbane/60/2008 antigen (formaldehyde inactivated),Influenza A virus A/Victoria/210/2009 X-187 (H3N2) antigen (formaldehyde inactivated),292,292,1,False,False,False,False,True,False,,,,,eb8206733f7d6b1450ae4228249e99e735f67c3f,,True,False
DRUGBANK:DB10794,DRUGBANK:DB14449,Influenza B virus B/Brisbane/60/2008 antigen (formaldehyde inactivated),Influenza A virus A/Perth/16/2009 (H3N2) live (attenuated) antigen,292,292,1,False,False,False,False,True,False,,,,,eb8206733f7d6b1450ae4228249e99e735f67c3f,,True,False
DRUGBANK:DB10794,DRUGBANK:DB14619,Influenza B virus B/Brisbane/60/2008 antigen (formaldehyde inactivated),Influenza A virus A/Uruguay/716/2007(H3N2) antigen (propiolactone inactivated),292,292,1,False,False,False,False,True,False,,,,,eb8206733f7d6b1450ae4228249e99e735f67c3f,,True,False
DRUGBANK:DB10794,DRUGBANK:DB14620,Influenza B virus B/Brisbane/60/2008 antigen (formaldehyde inactivated),Influenza A virus A/Brisbane/59/2007(H1N1) antigen (propiolactone inactivated),292,292,1,False,False,False,False,True,False,,,,,eb8206733f7d6b1450ae4228249e99e735f67c3f,,True,False
DRUGBANK:DB10803,DRUGBANK:DB10989,Typhoid Vi polysaccharide vaccine,Hepatitis A Vaccine,274,274,1,False,False,False,False,True,False,,,,,e9000453854ab04c72db25653e34530528a4b700,,True,False
DRUGBANK:DB10803,DRUGBANK:DB11627,Typhoid Vi polysaccharide vaccine,Hepatitis B Vaccine (Recombinant),274,274,1,False,False,False,False,True,False,,,,,e9000453854ab04c72db25653e34530528a4b700,,True,False
DRUGBANK:DB10803,DRUGBANK:DB12568,Typhoid Vi polysaccharide vaccine,Tecemotide,274,274,1,False,False,False,False,True,False,,,,,e9000453854ab04c72db25653e34530528a4b700,,True,False
DRUGBANK:DB10803,DRUGBANK:DB13924,Typhoid Vi polysaccharide vaccine,Varicella zoster vaccine (recombinant),274,274,1,False,False,False,False,True,False,,,,,e9000453854ab04c72db25653e34530528a4b700,,True,False
DRUGBANK:DB10803,DRUGBANK:DB14711,Typhoid Vi polysaccharide vaccine,"Smallpox (Vaccinia) Vaccine, Live",274,274,1,False,False,False,False,True,False,,,,,e9000453854ab04c72db25653e34530528a4b700,,True,False
DRUGBANK:DB10803,DRUGBANK:DB15274,Typhoid Vi polysaccharide vaccine,Pertussis vaccine,274,274,1,False,False,False,False,True,False,,,,,e9000453854ab04c72db25653e34530528a4b700,,True,False
DRUGBANK:DB10803,DRUGBANK:DB15461,Typhoid Vi polysaccharide vaccine,Yersinia pestis 195/p antigen (formaldehyde inactivated),274,274,1,False,False,False,False,True,False,,,,,e9000453854ab04c72db25653e34530528a4b700,,True,False
DRUGBANK:DB10803,DRUGBANK:DB15483,Typhoid Vi polysaccharide vaccine,Modified vaccinia ankara,274,274,1,False,False,False,False,True,False,,,,,e9000453854ab04c72db25653e34530528a4b700,,True,False
DRUGBANK:DB10803,DRUGBANK:DB15654,Typhoid Vi polysaccharide vaccine,Moderna COVID-19 Vaccine,274,274,1,False,False,False,False,True,False,,,,,e9000453854ab04c72db25653e34530528a4b700,,True,False
DRUGBANK:DB10804,DRUGBANK:DB10805,Bacillus calmette-guerin substrain connaught live antigen,Yellow fever vaccine,401,401,1,False,False,False,False,True,False,,,,,60ae7756991f0c78eb1ca08859c3a19feb91cc88,,True,False
DRUGBANK:DB10804,DRUGBANK:DB11003,Bacillus calmette-guerin substrain connaught live antigen,Anthrax vaccine,401,401,1,False,False,False,False,True,False,,,,,60ae7756991f0c78eb1ca08859c3a19feb91cc88,,True,False
DRUGBANK:DB10804,DRUGBANK:DB12386,Bacillus calmette-guerin substrain connaught live antigen,Bacillus calmette-guerin substrain danish 1331 live antigen,401,401,1,False,False,False,False,True,False,,,,,60ae7756991f0c78eb1ca08859c3a19feb91cc88,,True,False
DRUGBANK:DB10805,DRUGBANK:DB11003,Yellow fever vaccine,Anthrax vaccine,401,401,1,False,False,False,False,True,False,,,,,60ae7756991f0c78eb1ca08859c3a19feb91cc88,,True,False
DRUGBANK:DB10805,DRUGBANK:DB12386,Yellow fever vaccine,Bacillus calmette-guerin substrain danish 1331 live antigen,401,401,1,False,False,False,False,True,False,,,,,60ae7756991f0c78eb1ca08859c3a19feb91cc88,,True,False
DRUGBANK:DB10836,DRUGBANK:DB10879,Bromus secalinus pollen,Arrhenatherum elatius pollen,65,65,1,False,False,False,False,True,False,,,,,44d11c77f04672ffc51104ffdaf0ac780aadf5b7,,True,False
DRUGBANK:DB10836,DRUGBANK:DB10949,Bromus secalinus pollen,Koeleria macrantha pollen,65,65,1,False,False,False,False,True,False,,,,,44d11c77f04672ffc51104ffdaf0ac780aadf5b7,,True,False
DRUGBANK:DB10836,DRUGBANK:DB10962,Bromus secalinus pollen,Agrostis stolonifera pollen,65,65,1,False,False,False,False,True,False,,,,,44d11c77f04672ffc51104ffdaf0ac780aadf5b7,,True,False
DRUGBANK:DB10836,DRUGBANK:DB10963,Bromus secalinus pollen,Phalaris minor pollen,65,65,1,False,False,False,False,True,False,,,,,44d11c77f04672ffc51104ffdaf0ac780aadf5b7,,True,False
DRUGBANK:DB10836,DRUGBANK:DB10964,Bromus secalinus pollen,Lolium perenne subsp. multiflorum pollen,65,65,1,False,False,False,False,True,False,,,,,44d11c77f04672ffc51104ffdaf0ac780aadf5b7,,True,False
DRUGBANK:DB10836,DRUGBANK:DB10966,Bromus secalinus pollen,Sorghum bicolor subsp. drummondii pollen,65,65,1,False,False,False,False,True,False,,,,,44d11c77f04672ffc51104ffdaf0ac780aadf5b7,,True,False
DRUGBANK:DB10879,DRUGBANK:DB10949,Arrhenatherum elatius pollen,Koeleria macrantha pollen,65,65,1,False,False,False,False,True,False,,,,,44d11c77f04672ffc51104ffdaf0ac780aadf5b7,,True,False
DRUGBANK:DB10879,DRUGBANK:DB10962,Arrhenatherum elatius pollen,Agrostis stolonifera pollen,65,65,1,False,False,False,False,True,False,,,,,44d11c77f04672ffc51104ffdaf0ac780aadf5b7,,True,False
DRUGBANK:DB10879,DRUGBANK:DB10963,Arrhenatherum elatius pollen,Phalaris minor pollen,65,65,1,False,False,False,False,True,False,,,,,44d11c77f04672ffc51104ffdaf0ac780aadf5b7,,True,False
DRUGBANK:DB10879,DRUGBANK:DB10964,Arrhenatherum elatius pollen,Lolium perenne subsp. multiflorum pollen,65,65,1,False,False,False,False,True,False,,,,,44d11c77f04672ffc51104ffdaf0ac780aadf5b7,,True,False
DRUGBANK:DB10879,DRUGBANK:DB10966,Arrhenatherum elatius pollen,Sorghum bicolor subsp. drummondii pollen,65,65,1,False,False,False,False,True,False,,,,,44d11c77f04672ffc51104ffdaf0ac780aadf5b7,,True,False
DRUGBANK:DB10949,DRUGBANK:DB10962,Koeleria macrantha pollen,Agrostis stolonifera pollen,65,65,1,False,False,False,False,True,False,,,,,44d11c77f04672ffc51104ffdaf0ac780aadf5b7,,True,False
DRUGBANK:DB10949,DRUGBANK:DB10963,Koeleria macrantha pollen,Phalaris minor pollen,65,65,1,False,False,False,False,True,False,,,,,44d11c77f04672ffc51104ffdaf0ac780aadf5b7,,True,False
DRUGBANK:DB10949,DRUGBANK:DB10964,Koeleria macrantha pollen,Lolium perenne subsp. multiflorum pollen,65,65,1,False,False,False,False,True,False,,,,,44d11c77f04672ffc51104ffdaf0ac780aadf5b7,,True,False
DRUGBANK:DB10949,DRUGBANK:DB10966,Koeleria macrantha pollen,Sorghum bicolor subsp. drummondii pollen,65,65,1,False,False,False,False,True,False,,,,,44d11c77f04672ffc51104ffdaf0ac780aadf5b7,,True,False
DRUGBANK:DB10962,DRUGBANK:DB10963,Agrostis stolonifera pollen,Phalaris minor pollen,65,65,1,False,False,False,False,True,False,,,,,44d11c77f04672ffc51104ffdaf0ac780aadf5b7,,True,False
DRUGBANK:DB10962,DRUGBANK:DB10964,Agrostis stolonifera pollen,Lolium perenne subsp. multiflorum pollen,65,65,1,False,False,False,False,True,False,,,,,44d11c77f04672ffc51104ffdaf0ac780aadf5b7,,True,False
DRUGBANK:DB10962,DRUGBANK:DB10966,Agrostis stolonifera pollen,Sorghum bicolor subsp. drummondii pollen,65,65,1,False,False,False,False,True,False,,,,,44d11c77f04672ffc51104ffdaf0ac780aadf5b7,,True,False
DRUGBANK:DB10963,DRUGBANK:DB10964,Phalaris minor pollen,Lolium perenne subsp. multiflorum pollen,65,65,1,False,False,False,False,True,False,,,,,44d11c77f04672ffc51104ffdaf0ac780aadf5b7,,True,False
DRUGBANK:DB10963,DRUGBANK:DB10966,Phalaris minor pollen,Sorghum bicolor subsp. drummondii pollen,65,65,1,False,False,False,False,True,False,,,,,44d11c77f04672ffc51104ffdaf0ac780aadf5b7,,True,False
DRUGBANK:DB10964,DRUGBANK:DB10966,Lolium perenne subsp. multiflorum pollen,Sorghum bicolor subsp. drummondii pollen,65,65,1,False,False,False,False,True,False,,,,,44d11c77f04672ffc51104ffdaf0ac780aadf5b7,,True,False
DRUGBANK:DB10989,DRUGBANK:DB11627,Hepatitis A Vaccine,Hepatitis B Vaccine (Recombinant),274,274,1,False,False,False,False,True,False,,,,,e9000453854ab04c72db25653e34530528a4b700,,True,False
DRUGBANK:DB10989,DRUGBANK:DB12568,Hepatitis A Vaccine,Tecemotide,274,274,1,False,False,False,False,True,False,,,,,e9000453854ab04c72db25653e34530528a4b700,,True,False
DRUGBANK:DB10989,DRUGBANK:DB13924,Hepatitis A Vaccine,Varicella zoster vaccine (recombinant),274,274,1,False,False,False,False,True,False,,,,,e9000453854ab04c72db25653e34530528a4b700,,True,False
DRUGBANK:DB10989,DRUGBANK:DB14711,Hepatitis A Vaccine,"Smallpox (Vaccinia) Vaccine, Live",274,274,1,False,False,False,False,True,False,,,,,e9000453854ab04c72db25653e34530528a4b700,,True,False
DRUGBANK:DB10989,DRUGBANK:DB15274,Hepatitis A Vaccine,Pertussis vaccine,274,274,1,False,False,False,False,True,False,,,,,e9000453854ab04c72db25653e34530528a4b700,,True,False
DRUGBANK:DB10989,DRUGBANK:DB15461,Hepatitis A Vaccine,Yersinia pestis 195/p antigen (formaldehyde inactivated),274,274,1,False,False,False,False,True,False,,,,,e9000453854ab04c72db25653e34530528a4b700,,True,False
DRUGBANK:DB10989,DRUGBANK:DB15483,Hepatitis A Vaccine,Modified vaccinia ankara,274,274,1,False,False,False,False,True,False,,,,,e9000453854ab04c72db25653e34530528a4b700,,True,False
DRUGBANK:DB10989,DRUGBANK:DB15654,Hepatitis A Vaccine,Moderna COVID-19 Vaccine,274,274,1,False,False,False,False,True,False,,,,,e9000453854ab04c72db25653e34530528a4b700,,True,False
DRUGBANK:DB10990,DRUGBANK:DB11038,Haemophilus influenzae type B strain 20752 capsular polysaccharide tetanus toxoid conjugate antigen,Influenza A virus A/Brisbane/59/2007(H1N1) hemagglutinin antigen (propiolactone inactivated),292,292,1,False,False,False,False,True,False,,,,,eb8206733f7d6b1450ae4228249e99e735f67c3f,,True,False
DRUGBANK:DB10990,DRUGBANK:DB11040,Haemophilus influenzae type B strain 20752 capsular polysaccharide tetanus toxoid conjugate antigen,Influenza B virus B/Brisbane/60/2008 hemagglutinin antigen (propiolactone inactivated),292,292,1,False,False,False,False,True,False,,,,,eb8206733f7d6b1450ae4228249e99e735f67c3f,,True,False
DRUGBANK:DB10990,DRUGBANK:DB11041,Haemophilus influenzae type B strain 20752 capsular polysaccharide tetanus toxoid conjugate antigen,Influenza A virus A/California/7/2009 X-181 (H1N1) hemagglutinin antigen (propiolactone inactivated),292,292,1,False,False,False,False,True,False,,,,,eb8206733f7d6b1450ae4228249e99e735f67c3f,,True,False
DRUGBANK:DB10990,DRUGBANK:DB11044,Haemophilus influenzae type B strain 20752 capsular polysaccharide tetanus toxoid conjugate antigen,Influenza B virus B/Brisbane/60/2008 antigen (propiolactone inactivated),292,292,1,False,False,False,False,True,False,,,,,eb8206733f7d6b1450ae4228249e99e735f67c3f,,True,False
DRUGBANK:DB10990,DRUGBANK:DB14384,Haemophilus influenzae type B strain 20752 capsular polysaccharide tetanus toxoid conjugate antigen,Influenza A virus A/Victoria/210/2009 X-187 (H3N2) hemagglutinin antigen (formaldehyde inactivated),292,292,1,False,False,False,False,True,False,,,,,eb8206733f7d6b1450ae4228249e99e735f67c3f,,True,False
DRUGBANK:DB10990,DRUGBANK:DB14385,Haemophilus influenzae type B strain 20752 capsular polysaccharide tetanus toxoid conjugate antigen,Influenza B virus B/Brisbane/60/2008 hemagglutinin antigen (formaldehyde inactivated),292,292,1,False,False,False,False,True,False,,,,,eb8206733f7d6b1450ae4228249e99e735f67c3f,,True,False
DRUGBANK:DB10990,DRUGBANK:DB14394,Haemophilus influenzae type B strain 20752 capsular polysaccharide tetanus toxoid conjugate antigen,Influenza A virus A/California/7/2009 (H1N1) live (attenuated) antigen,292,292,1,False,False,False,False,True,False,,,,,eb8206733f7d6b1450ae4228249e99e735f67c3f,,True,False
DRUGBANK:DB10990,DRUGBANK:DB14445,Haemophilus influenzae type B strain 20752 capsular polysaccharide tetanus toxoid conjugate antigen,Influenza A virus A/Victoria/210/2009 X-187 (H3N2) antigen (formaldehyde inactivated),292,292,1,False,False,False,False,True,False,,,,,eb8206733f7d6b1450ae4228249e99e735f67c3f,,True,False
DRUGBANK:DB10990,DRUGBANK:DB14449,Haemophilus influenzae type B strain 20752 capsular polysaccharide tetanus toxoid conjugate antigen,Influenza A virus A/Perth/16/2009 (H3N2) live (attenuated) antigen,292,292,1,False,False,False,False,True,False,,,,,eb8206733f7d6b1450ae4228249e99e735f67c3f,,True,False
DRUGBANK:DB10990,DRUGBANK:DB14619,Haemophilus influenzae type B strain 20752 capsular polysaccharide tetanus toxoid conjugate antigen,Influenza A virus A/Uruguay/716/2007(H3N2) antigen (propiolactone inactivated),292,292,1,False,False,False,False,True,False,,,,,eb8206733f7d6b1450ae4228249e99e735f67c3f,,True,False
DRUGBANK:DB10990,DRUGBANK:DB14620,Haemophilus influenzae type B strain 20752 capsular polysaccharide tetanus toxoid conjugate antigen,Influenza A virus A/Brisbane/59/2007(H1N1) antigen (propiolactone inactivated),292,292,1,False,False,False,False,True,False,,,,,eb8206733f7d6b1450ae4228249e99e735f67c3f,,True,False
DRUGBANK:DB11003,DRUGBANK:DB12386,Anthrax vaccine,Bacillus calmette-guerin substrain danish 1331 live antigen,401,401,1,False,False,False,False,True,False,,,,,60ae7756991f0c78eb1ca08859c3a19feb91cc88,,True,False
DRUGBANK:DB11038,DRUGBANK:DB11040,Influenza A virus A/Brisbane/59/2007(H1N1) hemagglutinin antigen (propiolactone inactivated),Influenza B virus B/Brisbane/60/2008 hemagglutinin antigen (propiolactone inactivated),292,292,1,False,False,False,False,True,False,,,,,eb8206733f7d6b1450ae4228249e99e735f67c3f,,True,False
DRUGBANK:DB11038,DRUGBANK:DB11041,Influenza A virus A/Brisbane/59/2007(H1N1) hemagglutinin antigen (propiolactone inactivated),Influenza A virus A/California/7/2009 X-181 (H1N1) hemagglutinin antigen (propiolactone inactivated),292,292,1,False,False,False,False,True,False,,,,,eb8206733f7d6b1450ae4228249e99e735f67c3f,,True,False
DRUGBANK:DB11038,DRUGBANK:DB11044,Influenza A virus A/Brisbane/59/2007(H1N1) hemagglutinin antigen (propiolactone inactivated),Influenza B virus B/Brisbane/60/2008 antigen (propiolactone inactivated),292,292,1,False,False,False,False,True,False,,,,,eb8206733f7d6b1450ae4228249e99e735f67c3f,,True,False
DRUGBANK:DB11038,DRUGBANK:DB14384,Influenza A virus A/Brisbane/59/2007(H1N1) hemagglutinin antigen (propiolactone inactivated),Influenza A virus A/Victoria/210/2009 X-187 (H3N2) hemagglutinin antigen (formaldehyde inactivated),292,292,1,False,False,False,False,True,False,,,,,eb8206733f7d6b1450ae4228249e99e735f67c3f,,True,False
DRUGBANK:DB11038,DRUGBANK:DB14385,Influenza A virus A/Brisbane/59/2007(H1N1) hemagglutinin antigen (propiolactone inactivated),Influenza B virus B/Brisbane/60/2008 hemagglutinin antigen (formaldehyde inactivated),292,292,1,False,False,False,False,True,False,,,,,eb8206733f7d6b1450ae4228249e99e735f67c3f,,True,False
DRUGBANK:DB11038,DRUGBANK:DB14394,Influenza A virus A/Brisbane/59/2007(H1N1) hemagglutinin antigen (propiolactone inactivated),Influenza A virus A/California/7/2009 (H1N1) live (attenuated) antigen,292,292,1,False,False,False,False,True,False,,,,,eb8206733f7d6b1450ae4228249e99e735f67c3f,,True,False
DRUGBANK:DB11038,DRUGBANK:DB14445,Influenza A virus A/Brisbane/59/2007(H1N1) hemagglutinin antigen (propiolactone inactivated),Influenza A virus A/Victoria/210/2009 X-187 (H3N2) antigen (formaldehyde inactivated),292,292,1,False,False,False,False,True,False,,,,,eb8206733f7d6b1450ae4228249e99e735f67c3f,,True,False
DRUGBANK:DB11038,DRUGBANK:DB14449,Influenza A virus A/Brisbane/59/2007(H1N1) hemagglutinin antigen (propiolactone inactivated),Influenza A virus A/Perth/16/2009 (H3N2) live (attenuated) antigen,292,292,1,False,False,False,False,True,False,,,,,eb8206733f7d6b1450ae4228249e99e735f67c3f,,True,False
DRUGBANK:DB11038,DRUGBANK:DB14619,Influenza A virus A/Brisbane/59/2007(H1N1) hemagglutinin antigen (propiolactone inactivated),Influenza A virus A/Uruguay/716/2007(H3N2) antigen (propiolactone inactivated),292,292,1,False,False,False,False,True,False,,,,,eb8206733f7d6b1450ae4228249e99e735f67c3f,,True,False
DRUGBANK:DB11038,DRUGBANK:DB14620,Influenza A virus A/Brisbane/59/2007(H1N1) hemagglutinin antigen (propiolactone inactivated),Influenza A virus A/Brisbane/59/2007(H1N1) antigen (propiolactone inactivated),292,292,1,False,False,False,False,True,False,,,,,eb8206733f7d6b1450ae4228249e99e735f67c3f,,True,False
DRUGBANK:DB11040,DRUGBANK:DB11041,Influenza B virus B/Brisbane/60/2008 hemagglutinin antigen (propiolactone inactivated),Influenza A virus A/California/7/2009 X-181 (H1N1) hemagglutinin antigen (propiolactone inactivated),292,292,1,False,False,False,False,True,False,,,,,eb8206733f7d6b1450ae4228249e99e735f67c3f,,True,False
DRUGBANK:DB11040,DRUGBANK:DB11044,Influenza B virus B/Brisbane/60/2008 hemagglutinin antigen (propiolactone inactivated),Influenza B virus B/Brisbane/60/2008 antigen (propiolactone inactivated),292,292,1,False,False,False,False,True,False,,,,,eb8206733f7d6b1450ae4228249e99e735f67c3f,,True,False
DRUGBANK:DB11040,DRUGBANK:DB14384,Influenza B virus B/Brisbane/60/2008 hemagglutinin antigen (propiolactone inactivated),Influenza A virus A/Victoria/210/2009 X-187 (H3N2) hemagglutinin antigen (formaldehyde inactivated),292,292,1,False,False,False,False,True,False,,,,,eb8206733f7d6b1450ae4228249e99e735f67c3f,,True,False
DRUGBANK:DB11040,DRUGBANK:DB14385,Influenza B virus B/Brisbane/60/2008 hemagglutinin antigen (propiolactone inactivated),Influenza B virus B/Brisbane/60/2008 hemagglutinin antigen (formaldehyde inactivated),292,292,1,False,False,False,False,True,False,,,,,eb8206733f7d6b1450ae4228249e99e735f67c3f,,True,False
DRUGBANK:DB11040,DRUGBANK:DB14394,Influenza B virus B/Brisbane/60/2008 hemagglutinin antigen (propiolactone inactivated),Influenza A virus A/California/7/2009 (H1N1) live (attenuated) antigen,292,292,1,False,False,False,False,True,False,,,,,eb8206733f7d6b1450ae4228249e99e735f67c3f,,True,False
DRUGBANK:DB11040,DRUGBANK:DB14445,Influenza B virus B/Brisbane/60/2008 hemagglutinin antigen (propiolactone inactivated),Influenza A virus A/Victoria/210/2009 X-187 (H3N2) antigen (formaldehyde inactivated),292,292,1,False,False,False,False,True,False,,,,,eb8206733f7d6b1450ae4228249e99e735f67c3f,,True,False
DRUGBANK:DB11040,DRUGBANK:DB14449,Influenza B virus B/Brisbane/60/2008 hemagglutinin antigen (propiolactone inactivated),Influenza A virus A/Perth/16/2009 (H3N2) live (attenuated) antigen,292,292,1,False,False,False,False,True,False,,,,,eb8206733f7d6b1450ae4228249e99e735f67c3f,,True,False
DRUGBANK:DB11040,DRUGBANK:DB14619,Influenza B virus B/Brisbane/60/2008 hemagglutinin antigen (propiolactone inactivated),Influenza A virus A/Uruguay/716/2007(H3N2) antigen (propiolactone inactivated),292,292,1,False,False,False,False,True,False,,,,,eb8206733f7d6b1450ae4228249e99e735f67c3f,,True,False
DRUGBANK:DB11040,DRUGBANK:DB14620,Influenza B virus B/Brisbane/60/2008 hemagglutinin antigen (propiolactone inactivated),Influenza A virus A/Brisbane/59/2007(H1N1) antigen (propiolactone inactivated),292,292,1,False,False,False,False,True,False,,,,,eb8206733f7d6b1450ae4228249e99e735f67c3f,,True,False
DRUGBANK:DB11041,DRUGBANK:DB11044,Influenza A virus A/California/7/2009 X-181 (H1N1) hemagglutinin antigen (propiolactone inactivated),Influenza B virus B/Brisbane/60/2008 antigen (propiolactone inactivated),292,292,1,False,False,False,False,True,False,,,,,eb8206733f7d6b1450ae4228249e99e735f67c3f,,True,False
DRUGBANK:DB11041,DRUGBANK:DB14384,Influenza A virus A/California/7/2009 X-181 (H1N1) hemagglutinin antigen (propiolactone inactivated),Influenza A virus A/Victoria/210/2009 X-187 (H3N2) hemagglutinin antigen (formaldehyde inactivated),292,292,1,False,False,False,False,True,False,,,,,eb8206733f7d6b1450ae4228249e99e735f67c3f,,True,False
DRUGBANK:DB11041,DRUGBANK:DB14385,Influenza A virus A/California/7/2009 X-181 (H1N1) hemagglutinin antigen (propiolactone inactivated),Influenza B virus B/Brisbane/60/2008 hemagglutinin antigen (formaldehyde inactivated),292,292,1,False,False,False,False,True,False,,,,,eb8206733f7d6b1450ae4228249e99e735f67c3f,,True,False
DRUGBANK:DB11041,DRUGBANK:DB14394,Influenza A virus A/California/7/2009 X-181 (H1N1) hemagglutinin antigen (propiolactone inactivated),Influenza A virus A/California/7/2009 (H1N1) live (attenuated) antigen,292,292,1,False,False,False,False,True,False,,,,,eb8206733f7d6b1450ae4228249e99e735f67c3f,,True,False
DRUGBANK:DB11041,DRUGBANK:DB14445,Influenza A virus A/California/7/2009 X-181 (H1N1) hemagglutinin antigen (propiolactone inactivated),Influenza A virus A/Victoria/210/2009 X-187 (H3N2) antigen (formaldehyde inactivated),292,292,1,False,False,False,False,True,False,,,,,eb8206733f7d6b1450ae4228249e99e735f67c3f,,True,False
DRUGBANK:DB11041,DRUGBANK:DB14449,Influenza A virus A/California/7/2009 X-181 (H1N1) hemagglutinin antigen (propiolactone inactivated),Influenza A virus A/Perth/16/2009 (H3N2) live (attenuated) antigen,292,292,1,False,False,False,False,True,False,,,,,eb8206733f7d6b1450ae4228249e99e735f67c3f,,True,False
DRUGBANK:DB11041,DRUGBANK:DB14619,Influenza A virus A/California/7/2009 X-181 (H1N1) hemagglutinin antigen (propiolactone inactivated),Influenza A virus A/Uruguay/716/2007(H3N2) antigen (propiolactone inactivated),292,292,1,False,False,False,False,True,False,,,,,eb8206733f7d6b1450ae4228249e99e735f67c3f,,True,False
DRUGBANK:DB11041,DRUGBANK:DB14620,Influenza A virus A/California/7/2009 X-181 (H1N1) hemagglutinin antigen (propiolactone inactivated),Influenza A virus A/Brisbane/59/2007(H1N1) antigen (propiolactone inactivated),292,292,1,False,False,False,False,True,False,,,,,eb8206733f7d6b1450ae4228249e99e735f67c3f,,True,False
DRUGBANK:DB11044,DRUGBANK:DB14384,Influenza B virus B/Brisbane/60/2008 antigen (propiolactone inactivated),Influenza A virus A/Victoria/210/2009 X-187 (H3N2) hemagglutinin antigen (formaldehyde inactivated),292,292,1,False,False,False,False,True,False,,,,,eb8206733f7d6b1450ae4228249e99e735f67c3f,,True,False
DRUGBANK:DB11044,DRUGBANK:DB14385,Influenza B virus B/Brisbane/60/2008 antigen (propiolactone inactivated),Influenza B virus B/Brisbane/60/2008 hemagglutinin antigen (formaldehyde inactivated),292,292,1,False,False,False,False,True,False,,,,,eb8206733f7d6b1450ae4228249e99e735f67c3f,,True,False
DRUGBANK:DB11044,DRUGBANK:DB14394,Influenza B virus B/Brisbane/60/2008 antigen (propiolactone inactivated),Influenza A virus A/California/7/2009 (H1N1) live (attenuated) antigen,292,292,1,False,False,False,False,True,False,,,,,eb8206733f7d6b1450ae4228249e99e735f67c3f,,True,False
DRUGBANK:DB11044,DRUGBANK:DB14445,Influenza B virus B/Brisbane/60/2008 antigen (propiolactone inactivated),Influenza A virus A/Victoria/210/2009 X-187 (H3N2) antigen (formaldehyde inactivated),292,292,1,False,False,False,False,True,False,,,,,eb8206733f7d6b1450ae4228249e99e735f67c3f,,True,False
DRUGBANK:DB11044,DRUGBANK:DB14449,Influenza B virus B/Brisbane/60/2008 antigen (propiolactone inactivated),Influenza A virus A/Perth/16/2009 (H3N2) live (attenuated) antigen,292,292,1,False,False,False,False,True,False,,,,,eb8206733f7d6b1450ae4228249e99e735f67c3f,,True,False
DRUGBANK:DB11044,DRUGBANK:DB14619,Influenza B virus B/Brisbane/60/2008 antigen (propiolactone inactivated),Influenza A virus A/Uruguay/716/2007(H3N2) antigen (propiolactone inactivated),292,292,1,False,False,False,False,True,False,,,,,eb8206733f7d6b1450ae4228249e99e735f67c3f,,True,False
DRUGBANK:DB11044,DRUGBANK:DB14620,Influenza B virus B/Brisbane/60/2008 antigen (propiolactone inactivated),Influenza A virus A/Brisbane/59/2007(H1N1) antigen (propiolactone inactivated),292,292,1,False,False,False,False,True,False,,,,,eb8206733f7d6b1450ae4228249e99e735f67c3f,,True,False
DRUGBANK:DB11077,DRUGBANK:DB11161,Polyethylene glycol 400,Polyethylene glycol 300,800,33,1,False,False,False,True,False,False,,,,25322-68-3,,,False,True
DRUGBANK:DB11077,DRUGBANK:DB11236,Polyethylene glycol 400,Polyethylene glycol 3500,800,33,1,False,False,False,True,False,False,,,,25322-68-3,,,False,True
DRUGBANK:DB11171,DRUGBANK:DB11417,Ferric sulfate,Gleptoferron,124,124,1,False,False,False,False,True,False,,,,,f279ec0ae0174db07d27df44ea006b72156dc2fe,,True,False
DRUGBANK:DB11171,DRUGBANK:DB13381,Ferric sulfate,Sodium feredetate,124,124,1,False,False,False,False,True,False,,,,,f279ec0ae0174db07d27df44ea006b72156dc2fe,,True,False
DRUGBANK:DB11171,DRUGBANK:DB13423,Ferric sulfate,Ferric hydroxide,124,124,1,False,False,False,False,True,False,,,,,f279ec0ae0174db07d27df44ea006b72156dc2fe,,True,False
DRUGBANK:DB11171,DRUGBANK:DB14489,Ferric sulfate,Ferrous succinate,124,124,1,False,False,False,False,True,False,,,,,f279ec0ae0174db07d27df44ea006b72156dc2fe,,True,False
DRUGBANK:DB11171,DRUGBANK:DB14520,Ferric sulfate,Tetraferric tricitrate decahydrate,124,124,1,False,False,False,False,True,False,,,,,f279ec0ae0174db07d27df44ea006b72156dc2fe,,True,False
DRUGBANK:DB11171,DRUGBANK:DB14695,Ferric sulfate,Ferric oxyhydroxide,124,124,1,False,False,False,False,True,False,,,,,f279ec0ae0174db07d27df44ea006b72156dc2fe,,True,False
DRUGBANK:DB11175,DRUGBANK:DB14479,Zinc picolinate,Acetylcysteine zinc,60,60,1,False,False,False,False,True,False,,,,,1ec46d4e82be755635c41d75576b8fd64a191c6c,,True,False
DRUGBANK:DB11175,DRUGBANK:DB14493,Zinc picolinate,Zinc glycinate,60,60,1,False,False,False,False,True,False,,,,,1ec46d4e82be755635c41d75576b8fd64a191c6c,,True,False
DRUGBANK:DB11175,DRUGBANK:DB14548,Zinc picolinate,"Zinc sulfate, unspecified form",60,60,1,False,False,False,False,True,False,,,,,1ec46d4e82be755635c41d75576b8fd64a191c6c,,True,False
DRUGBANK:DB11199,DRUGBANK:DB11238,Sage oil,Borage oil,88,88,1,False,False,False,False,True,False,,,,,a0a7045822345e651272b2a74f0cf125455198d1,,True,False
DRUGBANK:DB11199,DRUGBANK:DB14256,Sage oil,Centella asiatica,88,88,1,False,False,False,False,True,False,,,,,a0a7045822345e651272b2a74f0cf125455198d1,,True,False
DRUGBANK:DB11238,DRUGBANK:DB14256,Borage oil,Centella asiatica,88,88,1,False,False,False,False,True,False,,,,,a0a7045822345e651272b2a74f0cf125455198d1,,True,False
DRUGBANK:DB11306,DRUGBANK:DB13654,Bentonite,Montmorillonite,27,27,1,False,False,False,False,True,False,,,,,9703c28bc7cbb54a606c97a34326a13baf12cf4f,,True,False
DRUGBANK:DB11311,DRUGBANK:DB13148,Prothrombin,Coagulation factor X human,93,93,1,False,False,False,False,True,False,,,,,ce38cc26a434e1d98788fab7d1121c5906cc2243,,True,False
DRUGBANK:DB11311,DRUGBANK:DB13150,Prothrombin,Coagulation factor VII human,93,93,1,False,False,False,False,True,False,,,,,ce38cc26a434e1d98788fab7d1121c5906cc2243,,True,False
DRUGBANK:DB11375,DRUGBANK:DB11377,Avilamycin,Bambermycins,19,19,1,False,False,False,False,True,False,,,,,a5f75572e455ef1428c04011b389f1c4c27c127d,,True,False
DRUGBANK:DB11375,DRUGBANK:DB11401,Avilamycin,Efrotomycin,19,19,1,False,False,False,False,True,False,,,,,a5f75572e455ef1428c04011b389f1c4c27c127d,,True,False
DRUGBANK:DB11375,DRUGBANK:DB11474,Avilamycin,Tulathromycin A,19,19,1,False,False,False,False,True,False,,,,,a5f75572e455ef1428c04011b389f1c4c27c127d,,True,False
DRUGBANK:DB11375,DRUGBANK:DB13172,Avilamycin,Tunicamycin,19,19,1,False,False,False,False,True,False,,,,,a5f75572e455ef1428c04011b389f1c4c27c127d,,True,False
DRUGBANK:DB11375,DRUGBANK:DB13704,Avilamycin,Pristinamycin,19,19,1,False,False,False,False,True,False,,,,,a5f75572e455ef1428c04011b389f1c4c27c127d,,True,False
DRUGBANK:DB11375,DRUGBANK:DB13705,Avilamycin,Decamethoxine,19,19,1,False,False,False,False,True,False,,,,,a5f75572e455ef1428c04011b389f1c4c27c127d,,True,False
DRUGBANK:DB11375,DRUGBANK:DB14051,Avilamycin,Malacidin A,19,19,1,False,False,False,False,True,False,,,,,a5f75572e455ef1428c04011b389f1c4c27c127d,,True,False
DRUGBANK:DB11375,DRUGBANK:DB14052,Avilamycin,Malacidin B,19,19,1,False,False,False,False,True,False,,,,,a5f75572e455ef1428c04011b389f1c4c27c127d,,True,False
DRUGBANK:DB11375,DRUGBANK:DB15657,Avilamycin,Ala-geninthiocin,19,19,1,False,False,False,False,True,False,,,,,a5f75572e455ef1428c04011b389f1c4c27c127d,,True,False
DRUGBANK:DB11377,DRUGBANK:DB11401,Bambermycins,Efrotomycin,19,19,1,False,False,False,False,True,False,,,,,a5f75572e455ef1428c04011b389f1c4c27c127d,,True,False
DRUGBANK:DB11377,DRUGBANK:DB11474,Bambermycins,Tulathromycin A,19,19,1,False,False,False,False,True,False,,,,,a5f75572e455ef1428c04011b389f1c4c27c127d,,True,False
DRUGBANK:DB11377,DRUGBANK:DB13172,Bambermycins,Tunicamycin,19,19,1,False,False,False,False,True,False,,,,,a5f75572e455ef1428c04011b389f1c4c27c127d,,True,False
DRUGBANK:DB11377,DRUGBANK:DB13704,Bambermycins,Pristinamycin,19,19,1,False,False,False,False,True,False,,,,,a5f75572e455ef1428c04011b389f1c4c27c127d,,True,False
DRUGBANK:DB11377,DRUGBANK:DB13705,Bambermycins,Decamethoxine,19,19,1,False,False,False,False,True,False,,,,,a5f75572e455ef1428c04011b389f1c4c27c127d,,True,False
DRUGBANK:DB11377,DRUGBANK:DB14051,Bambermycins,Malacidin A,19,19,1,False,False,False,False,True,False,,,,,a5f75572e455ef1428c04011b389f1c4c27c127d,,True,False
DRUGBANK:DB11377,DRUGBANK:DB14052,Bambermycins,Malacidin B,19,19,1,False,False,False,False,True,False,,,,,a5f75572e455ef1428c04011b389f1c4c27c127d,,True,False
DRUGBANK:DB11377,DRUGBANK:DB15657,Bambermycins,Ala-geninthiocin,19,19,1,False,False,False,False,True,False,,,,,a5f75572e455ef1428c04011b389f1c4c27c127d,,True,False
DRUGBANK:DB11401,DRUGBANK:DB11474,Efrotomycin,Tulathromycin A,19,19,1,False,False,False,False,True,False,,,,,a5f75572e455ef1428c04011b389f1c4c27c127d,,True,False
DRUGBANK:DB11401,DRUGBANK:DB13172,Efrotomycin,Tunicamycin,19,19,1,False,False,False,False,True,False,,,,,a5f75572e455ef1428c04011b389f1c4c27c127d,,True,False
DRUGBANK:DB11401,DRUGBANK:DB13704,Efrotomycin,Pristinamycin,19,19,1,False,False,False,False,True,False,,,,,a5f75572e455ef1428c04011b389f1c4c27c127d,,True,False
DRUGBANK:DB11401,DRUGBANK:DB13705,Efrotomycin,Decamethoxine,19,19,1,False,False,False,False,True,False,,,,,a5f75572e455ef1428c04011b389f1c4c27c127d,,True,False
DRUGBANK:DB11401,DRUGBANK:DB14051,Efrotomycin,Malacidin A,19,19,1,False,False,False,False,True,False,,,,,a5f75572e455ef1428c04011b389f1c4c27c127d,,True,False
DRUGBANK:DB11401,DRUGBANK:DB14052,Efrotomycin,Malacidin B,19,19,1,False,False,False,False,True,False,,,,,a5f75572e455ef1428c04011b389f1c4c27c127d,,True,False
DRUGBANK:DB11401,DRUGBANK:DB15657,Efrotomycin,Ala-geninthiocin,19,19,1,False,False,False,False,True,False,,,,,a5f75572e455ef1428c04011b389f1c4c27c127d,,True,False
DRUGBANK:DB11405,DRUGBANK:DB13633,Eprinomectin,Mepartricin,283,283,1,False,False,False,False,True,False,,,,,4a4c33238d2219cc355cd7ba4f08939510207b58,,True,False
DRUGBANK:DB11411,DRUGBANK:DB11425,Fenprostalene,Luprostiol,104,104,1,False,False,False,False,True,False,,,,,69dc0c59bc95187f4c05c42b2543add00fdff275,,True,False
DRUGBANK:DB11411,DRUGBANK:DB11454,Fenprostalene,Prostalene,104,104,1,False,False,False,False,True,False,,,,,69dc0c59bc95187f4c05c42b2543add00fdff275,,True,False
DRUGBANK:DB11411,DRUGBANK:DB13824,Fenprostalene,Enprostil,104,104,1,False,False,False,False,True,False,,,,,69dc0c59bc95187f4c05c42b2543add00fdff275,,True,False
DRUGBANK:DB11417,DRUGBANK:DB13381,Gleptoferron,Sodium feredetate,124,124,1,False,False,False,False,True,False,,,,,f279ec0ae0174db07d27df44ea006b72156dc2fe,,True,False
DRUGBANK:DB11417,DRUGBANK:DB13423,Gleptoferron,Ferric hydroxide,124,124,1,False,False,False,False,True,False,,,,,f279ec0ae0174db07d27df44ea006b72156dc2fe,,True,False
DRUGBANK:DB11417,DRUGBANK:DB14489,Gleptoferron,Ferrous succinate,124,124,1,False,False,False,False,True,False,,,,,f279ec0ae0174db07d27df44ea006b72156dc2fe,,True,False
DRUGBANK:DB11417,DRUGBANK:DB14520,Gleptoferron,Tetraferric tricitrate decahydrate,124,124,1,False,False,False,False,True,False,,,,,f279ec0ae0174db07d27df44ea006b72156dc2fe,,True,False
DRUGBANK:DB11417,DRUGBANK:DB14695,Gleptoferron,Ferric oxyhydroxide,124,124,1,False,False,False,False,True,False,,,,,f279ec0ae0174db07d27df44ea006b72156dc2fe,,True,False
DRUGBANK:DB11425,DRUGBANK:DB11454,Luprostiol,Prostalene,104,104,1,False,False,False,False,True,False,,,,,69dc0c59bc95187f4c05c42b2543add00fdff275,,True,False
DRUGBANK:DB11425,DRUGBANK:DB13824,Luprostiol,Enprostil,104,104,1,False,False,False,False,True,False,,,,,69dc0c59bc95187f4c05c42b2543add00fdff275,,True,False
DRUGBANK:DB11454,DRUGBANK:DB13824,Prostalene,Enprostil,104,104,1,False,False,False,False,True,False,,,,,69dc0c59bc95187f4c05c42b2543add00fdff275,,True,False
DRUGBANK:DB11474,DRUGBANK:DB13172,Tulathromycin A,Tunicamycin,19,19,1,False,False,False,False,True,False,,,,,a5f75572e455ef1428c04011b389f1c4c27c127d,,True,False
DRUGBANK:DB11474,DRUGBANK:DB13704,Tulathromycin A,Pristinamycin,19,19,1,False,False,False,False,True,False,,,,,a5f75572e455ef1428c04011b389f1c4c27c127d,,True,False
DRUGBANK:DB11474,DRUGBANK:DB13705,Tulathromycin A,Decamethoxine,19,19,1,False,False,False,False,True,False,,,,,a5f75572e455ef1428c04011b389f1c4c27c127d,,True,False
DRUGBANK:DB11474,DRUGBANK:DB14051,Tulathromycin A,Malacidin A,19,19,1,False,False,False,False,True,False,,,,,a5f75572e455ef1428c04011b389f1c4c27c127d,,True,False
DRUGBANK:DB11474,DRUGBANK:DB14052,Tulathromycin A,Malacidin B,19,19,1,False,False,False,False,True,False,,,,,a5f75572e455ef1428c04011b389f1c4c27c127d,,True,False
DRUGBANK:DB11474,DRUGBANK:DB15657,Tulathromycin A,Ala-geninthiocin,19,19,1,False,False,False,False,True,False,,,,,a5f75572e455ef1428c04011b389f1c4c27c127d,,True,False
DRUGBANK:DB11493,DRUGBANK:DB14523,Sodium tripolyphosphate,Phosphate ion,62,62,1,False,False,False,False,True,False,,,,,04455e5df5b9572a6a5218c92fe0ff00b0e21f18,,True,False
DRUGBANK:DB11606,DRUGBANK:DB11668,Susoctocog alfa,Rusalatide acetate,95,95,1,False,False,False,False,True,False,,,,,736779314c3ee9ab091c737a8bfe65868d59a4e7,,True,False
DRUGBANK:DB11606,DRUGBANK:DB12409,Susoctocog alfa,Vatreptacog alfa,95,95,1,False,False,False,False,True,False,,,,,736779314c3ee9ab091c737a8bfe65868d59a4e7,,True,False
DRUGBANK:DB11606,DRUGBANK:DB12909,Susoctocog alfa,Factor XIII (human),95,95,1,False,False,False,False,True,False,,,,,736779314c3ee9ab091c737a8bfe65868d59a4e7,,True,False
DRUGBANK:DB11606,DRUGBANK:DB13151,Susoctocog alfa,Anti-inhibitor coagulant complex,95,95,1,False,False,False,False,True,False,,,,,736779314c3ee9ab091c737a8bfe65868d59a4e7,,True,False
DRUGBANK:DB11606,DRUGBANK:DB13192,Susoctocog alfa,Antihemophilic factor human,95,95,1,False,False,False,False,True,False,,,,,736779314c3ee9ab091c737a8bfe65868d59a4e7,,True,False
DRUGBANK:DB11606,DRUGBANK:DB13197,Susoctocog alfa,Kallidinogenase,95,95,1,False,False,False,False,True,False,,,,,736779314c3ee9ab091c737a8bfe65868d59a4e7,,True,False
DRUGBANK:DB11606,DRUGBANK:DB13201,Susoctocog alfa,Trenonacog alfa,95,95,1,False,False,False,False,True,False,,,,,736779314c3ee9ab091c737a8bfe65868d59a4e7,,True,False
DRUGBANK:DB11606,DRUGBANK:DB14473,Susoctocog alfa,Beroctocog alfa,95,95,1,False,False,False,False,True,False,,,,,736779314c3ee9ab091c737a8bfe65868d59a4e7,,True,False
DRUGBANK:DB11606,DRUGBANK:DB14562,Susoctocog alfa,Andexanet alfa,95,95,1,False,False,False,False,True,False,,,,,736779314c3ee9ab091c737a8bfe65868d59a4e7,,True,False
DRUGBANK:DB11624,DRUGBANK:DB12431,Epoetin delta,Muplestim,8,8,1,False,False,False,False,True,False,,,,,f5d9dc561cd519ec6913e1b2e4671971da27f3a0,,True,False
DRUGBANK:DB11624,DRUGBANK:DB12699,Epoetin delta,Balugrastim,8,8,1,False,False,False,False,True,False,,,,,f5d9dc561cd519ec6913e1b2e4671971da27f3a0,,True,False
DRUGBANK:DB11624,DRUGBANK:DB15095,Epoetin delta,Leridistim,8,8,1,False,False,False,False,True,False,,,,,f5d9dc561cd519ec6913e1b2e4671971da27f3a0,,True,False
DRUGBANK:DB11624,DRUGBANK:DB15290,Epoetin delta,Pegteograstim,8,8,1,False,False,False,False,True,False,,,,,f5d9dc561cd519ec6913e1b2e4671971da27f3a0,,True,False
DRUGBANK:DB11627,DRUGBANK:DB12568,Hepatitis B Vaccine (Recombinant),Tecemotide,274,274,1,False,False,False,False,True,False,,,,,e9000453854ab04c72db25653e34530528a4b700,,True,False
DRUGBANK:DB11627,DRUGBANK:DB13924,Hepatitis B Vaccine (Recombinant),Varicella zoster vaccine (recombinant),274,274,1,False,False,False,False,True,False,,,,,e9000453854ab04c72db25653e34530528a4b700,,True,False
DRUGBANK:DB11627,DRUGBANK:DB14711,Hepatitis B Vaccine (Recombinant),"Smallpox (Vaccinia) Vaccine, Live",274,274,1,False,False,False,False,True,False,,,,,e9000453854ab04c72db25653e34530528a4b700,,True,False
DRUGBANK:DB11627,DRUGBANK:DB15274,Hepatitis B Vaccine (Recombinant),Pertussis vaccine,274,274,1,False,False,False,False,True,False,,,,,e9000453854ab04c72db25653e34530528a4b700,,True,False
DRUGBANK:DB11627,DRUGBANK:DB15461,Hepatitis B Vaccine (Recombinant),Yersinia pestis 195/p antigen (formaldehyde inactivated),274,274,1,False,False,False,False,True,False,,,,,e9000453854ab04c72db25653e34530528a4b700,,True,False
DRUGBANK:DB11627,DRUGBANK:DB15483,Hepatitis B Vaccine (Recombinant),Modified vaccinia ankara,274,274,1,False,False,False,False,True,False,,,,,e9000453854ab04c72db25653e34530528a4b700,,True,False
DRUGBANK:DB11627,DRUGBANK:DB15654,Hepatitis B Vaccine (Recombinant),Moderna COVID-19 Vaccine,274,274,1,False,False,False,False,True,False,,,,,e9000453854ab04c72db25653e34530528a4b700,,True,False
DRUGBANK:DB11668,DRUGBANK:DB12409,Rusalatide acetate,Vatreptacog alfa,95,95,1,False,False,False,False,True,False,,,,,736779314c3ee9ab091c737a8bfe65868d59a4e7,,True,False
DRUGBANK:DB11668,DRUGBANK:DB12909,Rusalatide acetate,Factor XIII (human),95,95,1,False,False,False,False,True,False,,,,,736779314c3ee9ab091c737a8bfe65868d59a4e7,,True,False
DRUGBANK:DB11668,DRUGBANK:DB13151,Rusalatide acetate,Anti-inhibitor coagulant complex,95,95,1,False,False,False,False,True,False,,,,,736779314c3ee9ab091c737a8bfe65868d59a4e7,,True,False
DRUGBANK:DB11668,DRUGBANK:DB13192,Rusalatide acetate,Antihemophilic factor human,95,95,1,False,False,False,False,True,False,,,,,736779314c3ee9ab091c737a8bfe65868d59a4e7,,True,False
DRUGBANK:DB11668,DRUGBANK:DB13197,Rusalatide acetate,Kallidinogenase,95,95,1,False,False,False,False,True,False,,,,,736779314c3ee9ab091c737a8bfe65868d59a4e7,,True,False
DRUGBANK:DB11668,DRUGBANK:DB13201,Rusalatide acetate,Trenonacog alfa,95,95,1,False,False,False,False,True,False,,,,,736779314c3ee9ab091c737a8bfe65868d59a4e7,,True,False
DRUGBANK:DB11668,DRUGBANK:DB14473,Rusalatide acetate,Beroctocog alfa,95,95,1,False,False,False,False,True,False,,,,,736779314c3ee9ab091c737a8bfe65868d59a4e7,,True,False
DRUGBANK:DB11668,DRUGBANK:DB14562,Rusalatide acetate,Andexanet alfa,95,95,1,False,False,False,False,True,False,,,,,736779314c3ee9ab091c737a8bfe65868d59a4e7,,True,False
DRUGBANK:DB11727,DRUGBANK:DB12056,Endostar,Trebananib,13,13,1,False,False,False,False,True,False,,,,,5ee5750a6ac9a97fb0e4e02a19d5870ff74c6802,,True,False
DRUGBANK:DB11752,DRUGBANK:DB12266,Bryostatin 1,Epofolate,287,287,1,False,False,False,False,True,False,,,,,2439bdfb62f5efba5087f2f00cae21f5ee56afa5,,True,False
DRUGBANK:DB12083,DRUGBANK:DB12182,Mafosfamide,Binetrakin,4,4,1,False,False,False,False,True,False,,,,,0404436fa7aaf7d5c15f1c66099dffc8cc644e0d,,True,False
DRUGBANK:DB12083,DRUGBANK:DB12379,Mafosfamide,Indirubin,4,4,1,False,False,False,False,True,False,,,,,0404436fa7aaf7d5c15f1c66099dffc8cc644e0d,,True,False
DRUGBANK:DB12083,DRUGBANK:DB13128,Mafosfamide,Sizofiran,4,4,1,False,False,False,False,True,False,,,,,0404436fa7aaf7d5c15f1c66099dffc8cc644e0d,,True,False
DRUGBANK:DB12083,DRUGBANK:DB13480,Mafosfamide,Lentinan,4,4,1,False,False,False,False,True,False,,,,,0404436fa7aaf7d5c15f1c66099dffc8cc644e0d,,True,False
DRUGBANK:DB12083,DRUGBANK:DB13647,Mafosfamide,Semustine,4,4,1,False,False,False,False,True,False,,,,,0404436fa7aaf7d5c15f1c66099dffc8cc644e0d,,True,False
DRUGBANK:DB12083,DRUGBANK:DB13811,Mafosfamide,Oblimersen,4,4,1,False,False,False,False,True,False,,,,,0404436fa7aaf7d5c15f1c66099dffc8cc644e0d,,True,False
DRUGBANK:DB12083,DRUGBANK:DB13896,Mafosfamide,Talimogene laherparepvec,4,4,1,False,False,False,False,True,False,,,,,0404436fa7aaf7d5c15f1c66099dffc8cc644e0d,,True,False
DRUGBANK:DB12083,DRUGBANK:DB14865,Mafosfamide,Human interleukin-2,4,4,1,False,False,False,False,True,False,,,,,0404436fa7aaf7d5c15f1c66099dffc8cc644e0d,,True,False
DRUGBANK:DB12083,DRUGBANK:DB14951,Mafosfamide,Etirinotecan pegol,4,4,1,False,False,False,False,True,False,,,,,0404436fa7aaf7d5c15f1c66099dffc8cc644e0d,,True,False
DRUGBANK:DB12083,DRUGBANK:DB15699,Mafosfamide,Brexucabtagene autoleucel,4,4,1,False,False,False,False,True,False,,,,,0404436fa7aaf7d5c15f1c66099dffc8cc644e0d,,True,False
DRUGBANK:DB12182,DRUGBANK:DB12379,Binetrakin,Indirubin,4,4,1,False,False,False,False,True,False,,,,,0404436fa7aaf7d5c15f1c66099dffc8cc644e0d,,True,False
DRUGBANK:DB12182,DRUGBANK:DB13128,Binetrakin,Sizofiran,4,4,1,False,False,False,False,True,False,,,,,0404436fa7aaf7d5c15f1c66099dffc8cc644e0d,,True,False
DRUGBANK:DB12182,DRUGBANK:DB13480,Binetrakin,Lentinan,4,4,1,False,False,False,False,True,False,,,,,0404436fa7aaf7d5c15f1c66099dffc8cc644e0d,,True,False
DRUGBANK:DB12182,DRUGBANK:DB13647,Binetrakin,Semustine,4,4,1,False,False,False,False,True,False,,,,,0404436fa7aaf7d5c15f1c66099dffc8cc644e0d,,True,False
DRUGBANK:DB12182,DRUGBANK:DB13811,Binetrakin,Oblimersen,4,4,1,False,False,False,False,True,False,,,,,0404436fa7aaf7d5c15f1c66099dffc8cc644e0d,,True,False
DRUGBANK:DB12182,DRUGBANK:DB13896,Binetrakin,Talimogene laherparepvec,4,4,1,False,False,False,False,True,False,,,,,0404436fa7aaf7d5c15f1c66099dffc8cc644e0d,,True,False
DRUGBANK:DB12182,DRUGBANK:DB14865,Binetrakin,Human interleukin-2,4,4,1,False,False,False,False,True,False,,,,,0404436fa7aaf7d5c15f1c66099dffc8cc644e0d,,True,False
DRUGBANK:DB12182,DRUGBANK:DB14951,Binetrakin,Etirinotecan pegol,4,4,1,False,False,False,False,True,False,,,,,0404436fa7aaf7d5c15f1c66099dffc8cc644e0d,,True,False
DRUGBANK:DB12182,DRUGBANK:DB15699,Binetrakin,Brexucabtagene autoleucel,4,4,1,False,False,False,False,True,False,,,,,0404436fa7aaf7d5c15f1c66099dffc8cc644e0d,,True,False
DRUGBANK:DB12208,DRUGBANK:DB13569,Iron isomaltoside 1000,Ferrous chloride,65,65,1,False,False,False,False,True,False,,,,,8811e36dd0aeec14a92e6744146005e743003339,,True,False
DRUGBANK:DB12379,DRUGBANK:DB13128,Indirubin,Sizofiran,4,4,1,False,False,False,False,True,False,,,,,0404436fa7aaf7d5c15f1c66099dffc8cc644e0d,,True,False
DRUGBANK:DB12379,DRUGBANK:DB13480,Indirubin,Lentinan,4,4,1,False,False,False,False,True,False,,,,,0404436fa7aaf7d5c15f1c66099dffc8cc644e0d,,True,False
DRUGBANK:DB12379,DRUGBANK:DB13647,Indirubin,Semustine,4,4,1,False,False,False,False,True,False,,,,,0404436fa7aaf7d5c15f1c66099dffc8cc644e0d,,True,False
DRUGBANK:DB12379,DRUGBANK:DB13811,Indirubin,Oblimersen,4,4,1,False,False,False,False,True,False,,,,,0404436fa7aaf7d5c15f1c66099dffc8cc644e0d,,True,False
DRUGBANK:DB12379,DRUGBANK:DB13896,Indirubin,Talimogene laherparepvec,4,4,1,False,False,False,False,True,False,,,,,0404436fa7aaf7d5c15f1c66099dffc8cc644e0d,,True,False
DRUGBANK:DB12379,DRUGBANK:DB14865,Indirubin,Human interleukin-2,4,4,1,False,False,False,False,True,False,,,,,0404436fa7aaf7d5c15f1c66099dffc8cc644e0d,,True,False
DRUGBANK:DB12379,DRUGBANK:DB14951,Indirubin,Etirinotecan pegol,4,4,1,False,False,False,False,True,False,,,,,0404436fa7aaf7d5c15f1c66099dffc8cc644e0d,,True,False
DRUGBANK:DB12379,DRUGBANK:DB15699,Indirubin,Brexucabtagene autoleucel,4,4,1,False,False,False,False,True,False,,,,,0404436fa7aaf7d5c15f1c66099dffc8cc644e0d,,True,False
DRUGBANK:DB12409,DRUGBANK:DB12909,Vatreptacog alfa,Factor XIII (human),95,95,1,False,False,False,False,True,False,,,,,736779314c3ee9ab091c737a8bfe65868d59a4e7,,True,False
DRUGBANK:DB12409,DRUGBANK:DB13151,Vatreptacog alfa,Anti-inhibitor coagulant complex,95,95,1,False,False,False,False,True,False,,,,,736779314c3ee9ab091c737a8bfe65868d59a4e7,,True,False
DRUGBANK:DB12409,DRUGBANK:DB13192,Vatreptacog alfa,Antihemophilic factor human,95,95,1,False,False,False,False,True,False,,,,,736779314c3ee9ab091c737a8bfe65868d59a4e7,,True,False
DRUGBANK:DB12409,DRUGBANK:DB13197,Vatreptacog alfa,Kallidinogenase,95,95,1,False,False,False,False,True,False,,,,,736779314c3ee9ab091c737a8bfe65868d59a4e7,,True,False
DRUGBANK:DB12409,DRUGBANK:DB13201,Vatreptacog alfa,Trenonacog alfa,95,95,1,False,False,False,False,True,False,,,,,736779314c3ee9ab091c737a8bfe65868d59a4e7,,True,False
DRUGBANK:DB12409,DRUGBANK:DB14473,Vatreptacog alfa,Beroctocog alfa,95,95,1,False,False,False,False,True,False,,,,,736779314c3ee9ab091c737a8bfe65868d59a4e7,,True,False
DRUGBANK:DB12409,DRUGBANK:DB14562,Vatreptacog alfa,Andexanet alfa,95,95,1,False,False,False,False,True,False,,,,,736779314c3ee9ab091c737a8bfe65868d59a4e7,,True,False
DRUGBANK:DB12431,DRUGBANK:DB12699,Muplestim,Balugrastim,8,8,1,False,False,False,False,True,False,,,,,f5d9dc561cd519ec6913e1b2e4671971da27f3a0,,True,False
DRUGBANK:DB12431,DRUGBANK:DB15095,Muplestim,Leridistim,8,8,1,False,False,False,False,True,False,,,,,f5d9dc561cd519ec6913e1b2e4671971da27f3a0,,True,False
DRUGBANK:DB12431,DRUGBANK:DB15290,Muplestim,Pegteograstim,8,8,1,False,False,False,False,True,False,,,,,f5d9dc561cd519ec6913e1b2e4671971da27f3a0,,True,False
DRUGBANK:DB12568,DRUGBANK:DB13924,Tecemotide,Varicella zoster vaccine (recombinant),274,274,1,False,False,False,False,True,False,,,,,e9000453854ab04c72db25653e34530528a4b700,,True,False
DRUGBANK:DB12568,DRUGBANK:DB14711,Tecemotide,"Smallpox (Vaccinia) Vaccine, Live",274,274,1,False,False,False,False,True,False,,,,,e9000453854ab04c72db25653e34530528a4b700,,True,False
DRUGBANK:DB12568,DRUGBANK:DB15274,Tecemotide,Pertussis vaccine,274,274,1,False,False,False,False,True,False,,,,,e9000453854ab04c72db25653e34530528a4b700,,True,False
DRUGBANK:DB12568,DRUGBANK:DB15461,Tecemotide,Yersinia pestis 195/p antigen (formaldehyde inactivated),274,274,1,False,False,False,False,True,False,,,,,e9000453854ab04c72db25653e34530528a4b700,,True,False
DRUGBANK:DB12568,DRUGBANK:DB15483,Tecemotide,Modified vaccinia ankara,274,274,1,False,False,False,False,True,False,,,,,e9000453854ab04c72db25653e34530528a4b700,,True,False
DRUGBANK:DB12568,DRUGBANK:DB15654,Tecemotide,Moderna COVID-19 Vaccine,274,274,1,False,False,False,False,True,False,,,,,e9000453854ab04c72db25653e34530528a4b700,,True,False
DRUGBANK:DB12699,DRUGBANK:DB15095,Balugrastim,Leridistim,8,8,1,False,False,False,False,True,False,,,,,f5d9dc561cd519ec6913e1b2e4671971da27f3a0,,True,False
DRUGBANK:DB12699,DRUGBANK:DB15290,Balugrastim,Pegteograstim,8,8,1,False,False,False,False,True,False,,,,,f5d9dc561cd519ec6913e1b2e4671971da27f3a0,,True,False
DRUGBANK:DB12753,RXNORM:276237,Racivir,emtricitabine,12,4,1,False,True,False,False,False,False,,(+/-)-Emtricitabine,,,,,True,True
DRUGBANK:DB12753,DRUGBANK:DB14930,Racivir,Alovudine F-18,12,12,1,False,False,False,False,True,False,,,,,964a1a84ed889b3eaaa3345c7fd8629d3146fa7c,,True,False
DRUGBANK:DB12753,DRUGBANK:DB15332,Racivir,Radavirsen,12,12,1,False,False,False,False,True,False,,,,,964a1a84ed889b3eaaa3345c7fd8629d3146fa7c,,True,False
DRUGBANK:DB12753,DRUGBANK:DB15686,Racivir,GS-441524,12,12,1,False,False,False,False,True,False,,,,,964a1a84ed889b3eaaa3345c7fd8629d3146fa7c,,True,False
DRUGBANK:DB12755,DRUGBANK:DB13103,Zoptarelin doxorubicin,Camsirubicin,2,2,1,False,False,False,False,True,False,,,,,a80bbab3ada8dbc62445e51ac06d2b7fdea71eb9,,True,False
DRUGBANK:DB12909,DRUGBANK:DB13151,Factor XIII (human),Anti-inhibitor coagulant complex,95,95,1,False,False,False,False,True,False,,,,,736779314c3ee9ab091c737a8bfe65868d59a4e7,,True,False
DRUGBANK:DB12909,DRUGBANK:DB13192,Factor XIII (human),Antihemophilic factor human,95,95,1,False,False,False,False,True,False,,,,,736779314c3ee9ab091c737a8bfe65868d59a4e7,,True,False
DRUGBANK:DB12909,DRUGBANK:DB13197,Factor XIII (human),Kallidinogenase,95,95,1,False,False,False,False,True,False,,,,,736779314c3ee9ab091c737a8bfe65868d59a4e7,,True,False
DRUGBANK:DB12909,DRUGBANK:DB13201,Factor XIII (human),Trenonacog alfa,95,95,1,False,False,False,False,True,False,,,,,736779314c3ee9ab091c737a8bfe65868d59a4e7,,True,False
DRUGBANK:DB12909,DRUGBANK:DB14473,Factor XIII (human),Beroctocog alfa,95,95,1,False,False,False,False,True,False,,,,,736779314c3ee9ab091c737a8bfe65868d59a4e7,,True,False
DRUGBANK:DB12909,DRUGBANK:DB14562,Factor XIII (human),Andexanet alfa,95,95,1,False,False,False,False,True,False,,,,,736779314c3ee9ab091c737a8bfe65868d59a4e7,,True,False
DRUGBANK:DB12950,DRUGBANK:DB15112,Albusomatropin,Somatropin pegol,2,2,1,False,False,False,False,True,False,,,,,011edd6fc197e666244fd4c26c650c5321ab1102,,True,False
DRUGBANK:DB13128,DRUGBANK:DB13480,Sizofiran,Lentinan,4,4,1,False,False,False,False,True,False,,,,,0404436fa7aaf7d5c15f1c66099dffc8cc644e0d,,True,False
DRUGBANK:DB13128,DRUGBANK:DB13647,Sizofiran,Semustine,4,4,1,False,False,False,False,True,False,,,,,0404436fa7aaf7d5c15f1c66099dffc8cc644e0d,,True,False
DRUGBANK:DB13128,DRUGBANK:DB13811,Sizofiran,Oblimersen,4,4,1,False,False,False,False,True,False,,,,,0404436fa7aaf7d5c15f1c66099dffc8cc644e0d,,True,False
DRUGBANK:DB13128,DRUGBANK:DB13896,Sizofiran,Talimogene laherparepvec,4,4,1,False,False,False,False,True,False,,,,,0404436fa7aaf7d5c15f1c66099dffc8cc644e0d,,True,False
DRUGBANK:DB13128,DRUGBANK:DB14865,Sizofiran,Human interleukin-2,4,4,1,False,False,False,False,True,False,,,,,0404436fa7aaf7d5c15f1c66099dffc8cc644e0d,,True,False
DRUGBANK:DB13128,DRUGBANK:DB14951,Sizofiran,Etirinotecan pegol,4,4,1,False,False,False,False,True,False,,,,,0404436fa7aaf7d5c15f1c66099dffc8cc644e0d,,True,False
DRUGBANK:DB13128,DRUGBANK:DB15699,Sizofiran,Brexucabtagene autoleucel,4,4,1,False,False,False,False,True,False,,,,,0404436fa7aaf7d5c15f1c66099dffc8cc644e0d,,True,False
DRUGBANK:DB13148,DRUGBANK:DB13150,Coagulation factor X human,Coagulation factor VII human,93,93,1,False,False,False,False,True,False,,,,,ce38cc26a434e1d98788fab7d1121c5906cc2243,,True,False
DRUGBANK:DB13151,DRUGBANK:DB13192,Anti-inhibitor coagulant complex,Antihemophilic factor human,95,95,1,False,False,False,False,True,False,,,,,736779314c3ee9ab091c737a8bfe65868d59a4e7,,True,False
DRUGBANK:DB13151,DRUGBANK:DB13197,Anti-inhibitor coagulant complex,Kallidinogenase,95,95,1,False,False,False,False,True,False,,,,,736779314c3ee9ab091c737a8bfe65868d59a4e7,,True,False
DRUGBANK:DB13151,DRUGBANK:DB13201,Anti-inhibitor coagulant complex,Trenonacog alfa,95,95,1,False,False,False,False,True,False,,,,,736779314c3ee9ab091c737a8bfe65868d59a4e7,,True,False
DRUGBANK:DB13151,DRUGBANK:DB14473,Anti-inhibitor coagulant complex,Beroctocog alfa,95,95,1,False,False,False,False,True,False,,,,,736779314c3ee9ab091c737a8bfe65868d59a4e7,,True,False
DRUGBANK:DB13151,DRUGBANK:DB14562,Anti-inhibitor coagulant complex,Andexanet alfa,95,95,1,False,False,False,False,True,False,,,,,736779314c3ee9ab091c737a8bfe65868d59a4e7,,True,False
DRUGBANK:DB13172,DRUGBANK:DB13704,Tunicamycin,Pristinamycin,19,19,1,False,False,False,False,True,False,,,,,a5f75572e455ef1428c04011b389f1c4c27c127d,,True,False
DRUGBANK:DB13172,DRUGBANK:DB13705,Tunicamycin,Decamethoxine,19,19,1,False,False,False,False,True,False,,,,,a5f75572e455ef1428c04011b389f1c4c27c127d,,True,False
DRUGBANK:DB13172,DRUGBANK:DB14051,Tunicamycin,Malacidin A,19,19,1,False,False,False,False,True,False,,,,,a5f75572e455ef1428c04011b389f1c4c27c127d,,True,False
DRUGBANK:DB13172,DRUGBANK:DB14052,Tunicamycin,Malacidin B,19,19,1,False,False,False,False,True,False,,,,,a5f75572e455ef1428c04011b389f1c4c27c127d,,True,False
DRUGBANK:DB13172,DRUGBANK:DB15657,Tunicamycin,Ala-geninthiocin,19,19,1,False,False,False,False,True,False,,,,,a5f75572e455ef1428c04011b389f1c4c27c127d,,True,False
DRUGBANK:DB13192,DRUGBANK:DB13197,Antihemophilic factor human,Kallidinogenase,95,95,1,False,False,False,False,True,False,,,,,736779314c3ee9ab091c737a8bfe65868d59a4e7,,True,False
DRUGBANK:DB13192,DRUGBANK:DB13201,Antihemophilic factor human,Trenonacog alfa,95,95,1,False,False,False,False,True,False,,,,,736779314c3ee9ab091c737a8bfe65868d59a4e7,,True,False
DRUGBANK:DB13192,DRUGBANK:DB14473,Antihemophilic factor human,Beroctocog alfa,95,95,1,False,False,False,False,True,False,,,,,736779314c3ee9ab091c737a8bfe65868d59a4e7,,True,False
DRUGBANK:DB13192,DRUGBANK:DB14562,Antihemophilic factor human,Andexanet alfa,95,95,1,False,False,False,False,True,False,,,,,736779314c3ee9ab091c737a8bfe65868d59a4e7,,True,False
DRUGBANK:DB13197,DRUGBANK:DB13201,Kallidinogenase,Trenonacog alfa,95,95,1,False,False,False,False,True,False,,,,,736779314c3ee9ab091c737a8bfe65868d59a4e7,,True,False
DRUGBANK:DB13197,DRUGBANK:DB14473,Kallidinogenase,Beroctocog alfa,95,95,1,False,False,False,False,True,False,,,,,736779314c3ee9ab091c737a8bfe65868d59a4e7,,True,False
DRUGBANK:DB13197,DRUGBANK:DB14562,Kallidinogenase,Andexanet alfa,95,95,1,False,False,False,False,True,False,,,,,736779314c3ee9ab091c737a8bfe65868d59a4e7,,True,False
DRUGBANK:DB13201,DRUGBANK:DB14473,Trenonacog alfa,Beroctocog alfa,95,95,1,False,False,False,False,True,False,,,,,736779314c3ee9ab091c737a8bfe65868d59a4e7,,True,False
DRUGBANK:DB13201,DRUGBANK:DB14562,Trenonacog alfa,Andexanet alfa,95,95,1,False,False,False,False,True,False,,,,,736779314c3ee9ab091c737a8bfe65868d59a4e7,,True,False
DRUGBANK:DB13381,DRUGBANK:DB13423,Sodium feredetate,Ferric hydroxide,124,124,1,False,False,False,False,True,False,,,,,f279ec0ae0174db07d27df44ea006b72156dc2fe,,True,False
DRUGBANK:DB13381,DRUGBANK:DB14489,Sodium feredetate,Ferrous succinate,124,124,1,False,False,False,False,True,False,,,,,f279ec0ae0174db07d27df44ea006b72156dc2fe,,True,False
DRUGBANK:DB13381,DRUGBANK:DB14520,Sodium feredetate,Tetraferric tricitrate decahydrate,124,124,1,False,False,False,False,True,False,,,,,f279ec0ae0174db07d27df44ea006b72156dc2fe,,True,False
DRUGBANK:DB13381,DRUGBANK:DB14695,Sodium feredetate,Ferric oxyhydroxide,124,124,1,False,False,False,False,True,False,,,,,f279ec0ae0174db07d27df44ea006b72156dc2fe,,True,False
DRUGBANK:DB13423,DRUGBANK:DB14489,Ferric hydroxide,Ferrous succinate,124,124,1,False,False,False,False,True,False,,,,,f279ec0ae0174db07d27df44ea006b72156dc2fe,,True,False
DRUGBANK:DB13423,DRUGBANK:DB14520,Ferric hydroxide,Tetraferric tricitrate decahydrate,124,124,1,False,False,False,False,True,False,,,,,f279ec0ae0174db07d27df44ea006b72156dc2fe,,True,False
DRUGBANK:DB13423,DRUGBANK:DB14695,Ferric hydroxide,Ferric oxyhydroxide,124,124,1,False,False,False,False,True,False,,,,,f279ec0ae0174db07d27df44ea006b72156dc2fe,,True,False
DRUGBANK:DB13480,DRUGBANK:DB13647,Lentinan,Semustine,4,4,1,False,False,False,False,True,False,,,,,0404436fa7aaf7d5c15f1c66099dffc8cc644e0d,,True,False
DRUGBANK:DB13480,DRUGBANK:DB13811,Lentinan,Oblimersen,4,4,1,False,False,False,False,True,False,,,,,0404436fa7aaf7d5c15f1c66099dffc8cc644e0d,,True,False
DRUGBANK:DB13480,DRUGBANK:DB13896,Lentinan,Talimogene laherparepvec,4,4,1,False,False,False,False,True,False,,,,,0404436fa7aaf7d5c15f1c66099dffc8cc644e0d,,True,False
DRUGBANK:DB13480,DRUGBANK:DB14865,Lentinan,Human interleukin-2,4,4,1,False,False,False,False,True,False,,,,,0404436fa7aaf7d5c15f1c66099dffc8cc644e0d,,True,False
DRUGBANK:DB13480,DRUGBANK:DB14951,Lentinan,Etirinotecan pegol,4,4,1,False,False,False,False,True,False,,,,,0404436fa7aaf7d5c15f1c66099dffc8cc644e0d,,True,False
DRUGBANK:DB13480,DRUGBANK:DB15699,Lentinan,Brexucabtagene autoleucel,4,4,1,False,False,False,False,True,False,,,,,0404436fa7aaf7d5c15f1c66099dffc8cc644e0d,,True,False
DRUGBANK:DB13647,DRUGBANK:DB13811,Semustine,Oblimersen,4,4,1,False,False,False,False,True,False,,,,,0404436fa7aaf7d5c15f1c66099dffc8cc644e0d,,True,False
DRUGBANK:DB13647,DRUGBANK:DB13896,Semustine,Talimogene laherparepvec,4,4,1,False,False,False,False,True,False,,,,,0404436fa7aaf7d5c15f1c66099dffc8cc644e0d,,True,False
DRUGBANK:DB13647,DRUGBANK:DB14865,Semustine,Human interleukin-2,4,4,1,False,False,False,False,True,False,,,,,0404436fa7aaf7d5c15f1c66099dffc8cc644e0d,,True,False
DRUGBANK:DB13647,DRUGBANK:DB14951,Semustine,Etirinotecan pegol,4,4,1,False,False,False,False,True,False,,,,,0404436fa7aaf7d5c15f1c66099dffc8cc644e0d,,True,False
DRUGBANK:DB13647,DRUGBANK:DB15699,Semustine,Brexucabtagene autoleucel,4,4,1,False,False,False,False,True,False,,,,,0404436fa7aaf7d5c15f1c66099dffc8cc644e0d,,True,False
DRUGBANK:DB13704,DRUGBANK:DB13705,Pristinamycin,Decamethoxine,19,19,1,False,False,False,False,True,False,,,,,a5f75572e455ef1428c04011b389f1c4c27c127d,,True,False
DRUGBANK:DB13704,DRUGBANK:DB14051,Pristinamycin,Malacidin A,19,19,1,False,False,False,False,True,False,,,,,a5f75572e455ef1428c04011b389f1c4c27c127d,,True,False
DRUGBANK:DB13704,DRUGBANK:DB14052,Pristinamycin,Malacidin B,19,19,1,False,False,False,False,True,False,,,,,a5f75572e455ef1428c04011b389f1c4c27c127d,,True,False
DRUGBANK:DB13704,DRUGBANK:DB15657,Pristinamycin,Ala-geninthiocin,19,19,1,False,False,False,False,True,False,,,,,a5f75572e455ef1428c04011b389f1c4c27c127d,,True,False
DRUGBANK:DB13705,DRUGBANK:DB14051,Decamethoxine,Malacidin A,19,19,1,False,False,False,False,True,False,,,,,a5f75572e455ef1428c04011b389f1c4c27c127d,,True,False
DRUGBANK:DB13705,DRUGBANK:DB14052,Decamethoxine,Malacidin B,19,19,1,False,False,False,False,True,False,,,,,a5f75572e455ef1428c04011b389f1c4c27c127d,,True,False
DRUGBANK:DB13705,DRUGBANK:DB15657,Decamethoxine,Ala-geninthiocin,19,19,1,False,False,False,False,True,False,,,,,a5f75572e455ef1428c04011b389f1c4c27c127d,,True,False
DRUGBANK:DB13735,DRUGBANK:DB13831,Potassium guaiacolsulfonate,Potassium permanganate,288,288,1,False,False,False,False,True,False,,,,,510fc5d5fdfe5d9b294ffd04febffffc4a823401,,True,False
DRUGBANK:DB13735,DRUGBANK:DB14492,Potassium guaiacolsulfonate,Potassium triiodide,288,288,1,False,False,False,False,True,False,,,,,510fc5d5fdfe5d9b294ffd04febffffc4a823401,,True,False
DRUGBANK:DB13811,DRUGBANK:DB13896,Oblimersen,Talimogene laherparepvec,4,4,1,False,False,False,False,True,False,,,,,0404436fa7aaf7d5c15f1c66099dffc8cc644e0d,,True,False
DRUGBANK:DB13811,DRUGBANK:DB14865,Oblimersen,Human interleukin-2,4,4,1,False,False,False,False,True,False,,,,,0404436fa7aaf7d5c15f1c66099dffc8cc644e0d,,True,False
DRUGBANK:DB13811,DRUGBANK:DB14951,Oblimersen,Etirinotecan pegol,4,4,1,False,False,False,False,True,False,,,,,0404436fa7aaf7d5c15f1c66099dffc8cc644e0d,,True,False
DRUGBANK:DB13811,DRUGBANK:DB15699,Oblimersen,Brexucabtagene autoleucel,4,4,1,False,False,False,False,True,False,,,,,0404436fa7aaf7d5c15f1c66099dffc8cc644e0d,,True,False
DRUGBANK:DB13831,DRUGBANK:DB14492,Potassium permanganate,Potassium triiodide,288,288,1,False,False,False,False,True,False,,,,,510fc5d5fdfe5d9b294ffd04febffffc4a823401,,True,False
DRUGBANK:DB13896,DRUGBANK:DB14865,Talimogene laherparepvec,Human interleukin-2,4,4,1,False,False,False,False,True,False,,,,,0404436fa7aaf7d5c15f1c66099dffc8cc644e0d,,True,False
DRUGBANK:DB13896,DRUGBANK:DB14951,Talimogene laherparepvec,Etirinotecan pegol,4,4,1,False,False,False,False,True,False,,,,,0404436fa7aaf7d5c15f1c66099dffc8cc644e0d,,True,False
DRUGBANK:DB13896,DRUGBANK:DB15699,Talimogene laherparepvec,Brexucabtagene autoleucel,4,4,1,False,False,False,False,True,False,,,,,0404436fa7aaf7d5c15f1c66099dffc8cc644e0d,,True,False
DRUGBANK:DB13924,DRUGBANK:DB14711,Varicella zoster vaccine (recombinant),"Smallpox (Vaccinia) Vaccine, Live",274,274,1,False,False,False,False,True,False,,,,,e9000453854ab04c72db25653e34530528a4b700,,True,False
DRUGBANK:DB13924,DRUGBANK:DB15274,Varicella zoster vaccine (recombinant),Pertussis vaccine,274,274,1,False,False,False,False,True,False,,,,,e9000453854ab04c72db25653e34530528a4b700,,True,False
DRUGBANK:DB13924,DRUGBANK:DB15461,Varicella zoster vaccine (recombinant),Yersinia pestis 195/p antigen (formaldehyde inactivated),274,274,1,False,False,False,False,True,False,,,,,e9000453854ab04c72db25653e34530528a4b700,,True,False
DRUGBANK:DB13924,DRUGBANK:DB15483,Varicella zoster vaccine (recombinant),Modified vaccinia ankara,274,274,1,False,False,False,False,True,False,,,,,e9000453854ab04c72db25653e34530528a4b700,,True,False
DRUGBANK:DB13924,DRUGBANK:DB15654,Varicella zoster vaccine (recombinant),Moderna COVID-19 Vaccine,274,274,1,False,False,False,False,True,False,,,,,e9000453854ab04c72db25653e34530528a4b700,,True,False
DRUGBANK:DB13925,DRUGBANK:DB15494,Dotatate gallium Ga-68,Edotreotide gallium Ga-68,5,5,1,False,False,False,False,True,False,,,,,6afc9301001f9c280125d26c5f8794e5d4ea5058,,True,False
DRUGBANK:DB13925,DRUGBANK:DB15873,Dotatate gallium Ga-68,Copper oxodotreotide Cu-64,5,5,1,False,False,False,False,True,False,,,,,6afc9301001f9c280125d26c5f8794e5d4ea5058,,True,False
DRUGBANK:DB13999,DRUGBANK:DB14738,Moroctocog alfa,Turoctocog alfa pegol,96,96,1,False,False,False,False,True,False,,,,,69e11cbd53ab7e2593a35778a44f2d5ee11ee8d4,,False,False
DRUGBANK:DB14051,DRUGBANK:DB14052,Malacidin A,Malacidin B,19,19,1,False,False,False,False,True,False,,,,,a5f75572e455ef1428c04011b389f1c4c27c127d,,True,False
DRUGBANK:DB14051,DRUGBANK:DB15657,Malacidin A,Ala-geninthiocin,19,19,1,False,False,False,False,True,False,,,,,a5f75572e455ef1428c04011b389f1c4c27c127d,,True,False
DRUGBANK:DB14052,DRUGBANK:DB15657,Malacidin B,Ala-geninthiocin,19,19,1,False,False,False,False,True,False,,,,,a5f75572e455ef1428c04011b389f1c4c27c127d,,True,False
DRUGBANK:DB14384,DRUGBANK:DB14385,Influenza A virus A/Victoria/210/2009 X-187 (H3N2) hemagglutinin antigen (formaldehyde inactivated),Influenza B virus B/Brisbane/60/2008 hemagglutinin antigen (formaldehyde inactivated),292,292,1,False,False,False,False,True,False,,,,,eb8206733f7d6b1450ae4228249e99e735f67c3f,,True,False
DRUGBANK:DB14384,DRUGBANK:DB14394,Influenza A virus A/Victoria/210/2009 X-187 (H3N2) hemagglutinin antigen (formaldehyde inactivated),Influenza A virus A/California/7/2009 (H1N1) live (attenuated) antigen,292,292,1,False,False,False,False,True,False,,,,,eb8206733f7d6b1450ae4228249e99e735f67c3f,,True,False
DRUGBANK:DB14384,DRUGBANK:DB14445,Influenza A virus A/Victoria/210/2009 X-187 (H3N2) hemagglutinin antigen (formaldehyde inactivated),Influenza A virus A/Victoria/210/2009 X-187 (H3N2) antigen (formaldehyde inactivated),292,292,1,False,False,False,False,True,False,,,,,eb8206733f7d6b1450ae4228249e99e735f67c3f,,True,False
DRUGBANK:DB14384,DRUGBANK:DB14449,Influenza A virus A/Victoria/210/2009 X-187 (H3N2) hemagglutinin antigen (formaldehyde inactivated),Influenza A virus A/Perth/16/2009 (H3N2) live (attenuated) antigen,292,292,1,False,False,False,False,True,False,,,,,eb8206733f7d6b1450ae4228249e99e735f67c3f,,True,False
DRUGBANK:DB14384,DRUGBANK:DB14619,Influenza A virus A/Victoria/210/2009 X-187 (H3N2) hemagglutinin antigen (formaldehyde inactivated),Influenza A virus A/Uruguay/716/2007(H3N2) antigen (propiolactone inactivated),292,292,1,False,False,False,False,True,False,,,,,eb8206733f7d6b1450ae4228249e99e735f67c3f,,True,False
DRUGBANK:DB14384,DRUGBANK:DB14620,Influenza A virus A/Victoria/210/2009 X-187 (H3N2) hemagglutinin antigen (formaldehyde inactivated),Influenza A virus A/Brisbane/59/2007(H1N1) antigen (propiolactone inactivated),292,292,1,False,False,False,False,True,False,,,,,eb8206733f7d6b1450ae4228249e99e735f67c3f,,True,False
DRUGBANK:DB14385,DRUGBANK:DB14394,Influenza B virus B/Brisbane/60/2008 hemagglutinin antigen (formaldehyde inactivated),Influenza A virus A/California/7/2009 (H1N1) live (attenuated) antigen,292,292,1,False,False,False,False,True,False,,,,,eb8206733f7d6b1450ae4228249e99e735f67c3f,,True,False
DRUGBANK:DB14385,DRUGBANK:DB14445,Influenza B virus B/Brisbane/60/2008 hemagglutinin antigen (formaldehyde inactivated),Influenza A virus A/Victoria/210/2009 X-187 (H3N2) antigen (formaldehyde inactivated),292,292,1,False,False,False,False,True,False,,,,,eb8206733f7d6b1450ae4228249e99e735f67c3f,,True,False
DRUGBANK:DB14385,DRUGBANK:DB14449,Influenza B virus B/Brisbane/60/2008 hemagglutinin antigen (formaldehyde inactivated),Influenza A virus A/Perth/16/2009 (H3N2) live (attenuated) antigen,292,292,1,False,False,False,False,True,False,,,,,eb8206733f7d6b1450ae4228249e99e735f67c3f,,True,False
DRUGBANK:DB14385,DRUGBANK:DB14619,Influenza B virus B/Brisbane/60/2008 hemagglutinin antigen (formaldehyde inactivated),Influenza A virus A/Uruguay/716/2007(H3N2) antigen (propiolactone inactivated),292,292,1,False,False,False,False,True,False,,,,,eb8206733f7d6b1450ae4228249e99e735f67c3f,,True,False
DRUGBANK:DB14385,DRUGBANK:DB14620,Influenza B virus B/Brisbane/60/2008 hemagglutinin antigen (formaldehyde inactivated),Influenza A virus A/Brisbane/59/2007(H1N1) antigen (propiolactone inactivated),292,292,1,False,False,False,False,True,False,,,,,eb8206733f7d6b1450ae4228249e99e735f67c3f,,True,False
DRUGBANK:DB14394,DRUGBANK:DB14445,Influenza A virus A/California/7/2009 (H1N1) live (attenuated) antigen,Influenza A virus A/Victoria/210/2009 X-187 (H3N2) antigen (formaldehyde inactivated),292,292,1,False,False,False,False,True,False,,,,,eb8206733f7d6b1450ae4228249e99e735f67c3f,,True,False
DRUGBANK:DB14394,DRUGBANK:DB14449,Influenza A virus A/California/7/2009 (H1N1) live (attenuated) antigen,Influenza A virus A/Perth/16/2009 (H3N2) live (attenuated) antigen,292,292,1,False,False,False,False,True,False,,,,,eb8206733f7d6b1450ae4228249e99e735f67c3f,,True,False
DRUGBANK:DB14394,DRUGBANK:DB14619,Influenza A virus A/California/7/2009 (H1N1) live (attenuated) antigen,Influenza A virus A/Uruguay/716/2007(H3N2) antigen (propiolactone inactivated),292,292,1,False,False,False,False,True,False,,,,,eb8206733f7d6b1450ae4228249e99e735f67c3f,,True,False
DRUGBANK:DB14394,DRUGBANK:DB14620,Influenza A virus A/California/7/2009 (H1N1) live (attenuated) antigen,Influenza A virus A/Brisbane/59/2007(H1N1) antigen (propiolactone inactivated),292,292,1,False,False,False,False,True,False,,,,,eb8206733f7d6b1450ae4228249e99e735f67c3f,,True,False
DRUGBANK:DB14409,DRUGBANK:DB14685,Human adenovirus e serotype 4 strain cl-68578 antigen,Adenovirus type 7 vaccine live,400,400,1,False,False,False,False,True,False,,,,,5e358dc20dd252b154dba139247ee8236498b5ea,,True,False
DRUGBANK:DB14445,DRUGBANK:DB14449,Influenza A virus A/Victoria/210/2009 X-187 (H3N2) antigen (formaldehyde inactivated),Influenza A virus A/Perth/16/2009 (H3N2) live (attenuated) antigen,292,292,1,False,False,False,False,True,False,,,,,eb8206733f7d6b1450ae4228249e99e735f67c3f,,True,False
DRUGBANK:DB14445,DRUGBANK:DB14619,Influenza A virus A/Victoria/210/2009 X-187 (H3N2) antigen (formaldehyde inactivated),Influenza A virus A/Uruguay/716/2007(H3N2) antigen (propiolactone inactivated),292,292,1,False,False,False,False,True,False,,,,,eb8206733f7d6b1450ae4228249e99e735f67c3f,,True,False
DRUGBANK:DB14445,DRUGBANK:DB14620,Influenza A virus A/Victoria/210/2009 X-187 (H3N2) antigen (formaldehyde inactivated),Influenza A virus A/Brisbane/59/2007(H1N1) antigen (propiolactone inactivated),292,292,1,False,False,False,False,True,False,,,,,eb8206733f7d6b1450ae4228249e99e735f67c3f,,True,False
DRUGBANK:DB14449,DRUGBANK:DB14619,Influenza A virus A/Perth/16/2009 (H3N2) live (attenuated) antigen,Influenza A virus A/Uruguay/716/2007(H3N2) antigen (propiolactone inactivated),292,292,1,False,False,False,False,True,False,,,,,eb8206733f7d6b1450ae4228249e99e735f67c3f,,True,False
DRUGBANK:DB14449,DRUGBANK:DB14620,Influenza A virus A/Perth/16/2009 (H3N2) live (attenuated) antigen,Influenza A virus A/Brisbane/59/2007(H1N1) antigen (propiolactone inactivated),292,292,1,False,False,False,False,True,False,,,,,eb8206733f7d6b1450ae4228249e99e735f67c3f,,True,False
DRUGBANK:DB14473,DRUGBANK:DB14562,Beroctocog alfa,Andexanet alfa,95,95,1,False,False,False,False,True,False,,,,,736779314c3ee9ab091c737a8bfe65868d59a4e7,,True,False
DRUGBANK:DB14479,DRUGBANK:DB14493,Acetylcysteine zinc,Zinc glycinate,60,60,1,False,False,False,False,True,False,,,,,1ec46d4e82be755635c41d75576b8fd64a191c6c,,True,False
DRUGBANK:DB14479,DRUGBANK:DB14548,Acetylcysteine zinc,"Zinc sulfate, unspecified form",60,60,1,False,False,False,False,True,False,,,,,1ec46d4e82be755635c41d75576b8fd64a191c6c,,True,False
DRUGBANK:DB14489,DRUGBANK:DB14520,Ferrous succinate,Tetraferric tricitrate decahydrate,124,124,1,False,False,False,False,True,False,,,,,f279ec0ae0174db07d27df44ea006b72156dc2fe,,True,False
DRUGBANK:DB14489,DRUGBANK:DB14695,Ferrous succinate,Ferric oxyhydroxide,124,124,1,False,False,False,False,True,False,,,,,f279ec0ae0174db07d27df44ea006b72156dc2fe,,True,False
DRUGBANK:DB14493,DRUGBANK:DB14548,Zinc glycinate,"Zinc sulfate, unspecified form",60,60,1,False,False,False,False,True,False,,,,,1ec46d4e82be755635c41d75576b8fd64a191c6c,,True,False
DRUGBANK:DB14520,DRUGBANK:DB14695,Tetraferric tricitrate decahydrate,Ferric oxyhydroxide,124,124,1,False,False,False,False,True,False,,,,,f279ec0ae0174db07d27df44ea006b72156dc2fe,,True,False
DRUGBANK:DB14547,DRUGBANK:DB14752,Chloride ion,Racephedrine,148,148,1,False,False,False,False,True,False,,,,,19b52f29cca151779c0792754c076dee2c16c14d,,True,False
DRUGBANK:DB14619,DRUGBANK:DB14620,Influenza A virus A/Uruguay/716/2007(H3N2) antigen (propiolactone inactivated),Influenza A virus A/Brisbane/59/2007(H1N1) antigen (propiolactone inactivated),292,292,1,False,False,False,False,True,False,,,,,eb8206733f7d6b1450ae4228249e99e735f67c3f,,True,False
DRUGBANK:DB14711,DRUGBANK:DB15274,"Smallpox (Vaccinia) Vaccine, Live",Pertussis vaccine,274,274,1,False,False,False,False,True,False,,,,,e9000453854ab04c72db25653e34530528a4b700,,True,False
DRUGBANK:DB14711,DRUGBANK:DB15461,"Smallpox (Vaccinia) Vaccine, Live",Yersinia pestis 195/p antigen (formaldehyde inactivated),274,274,1,False,False,False,False,True,False,,,,,e9000453854ab04c72db25653e34530528a4b700,,True,False
DRUGBANK:DB14711,DRUGBANK:DB15483,"Smallpox (Vaccinia) Vaccine, Live",Modified vaccinia ankara,274,274,1,False,False,False,False,True,False,,,,,e9000453854ab04c72db25653e34530528a4b700,,True,False
DRUGBANK:DB14711,DRUGBANK:DB15654,"Smallpox (Vaccinia) Vaccine, Live",Moderna COVID-19 Vaccine,274,274,1,False,False,False,False,True,False,,,,,e9000453854ab04c72db25653e34530528a4b700,,True,False
DRUGBANK:DB14865,DRUGBANK:DB14951,Human interleukin-2,Etirinotecan pegol,4,4,1,False,False,False,False,True,False,,,,,0404436fa7aaf7d5c15f1c66099dffc8cc644e0d,,True,False
DRUGBANK:DB14865,DRUGBANK:DB15699,Human interleukin-2,Brexucabtagene autoleucel,4,4,1,False,False,False,False,True,False,,,,,0404436fa7aaf7d5c15f1c66099dffc8cc644e0d,,True,False
DRUGBANK:DB14930,DRUGBANK:DB15332,Alovudine F-18,Radavirsen,12,12,1,False,False,False,False,True,False,,,,,964a1a84ed889b3eaaa3345c7fd8629d3146fa7c,,True,False
DRUGBANK:DB14930,DRUGBANK:DB15686,Alovudine F-18,GS-441524,12,12,1,False,False,False,False,True,False,,,,,964a1a84ed889b3eaaa3345c7fd8629d3146fa7c,,True,False
DRUGBANK:DB14951,DRUGBANK:DB15699,Etirinotecan pegol,Brexucabtagene autoleucel,4,4,1,False,False,False,False,True,False,,,,,0404436fa7aaf7d5c15f1c66099dffc8cc644e0d,,True,False
DRUGBANK:DB15095,DRUGBANK:DB15290,Leridistim,Pegteograstim,8,8,1,False,False,False,False,True,False,,,,,f5d9dc561cd519ec6913e1b2e4671971da27f3a0,,True,False
DRUGBANK:DB15274,DRUGBANK:DB15461,Pertussis vaccine,Yersinia pestis 195/p antigen (formaldehyde inactivated),274,274,1,False,False,False,False,True,False,,,,,e9000453854ab04c72db25653e34530528a4b700,,True,False
DRUGBANK:DB15274,DRUGBANK:DB15483,Pertussis vaccine,Modified vaccinia ankara,274,274,1,False,False,False,False,True,False,,,,,e9000453854ab04c72db25653e34530528a4b700,,True,False
DRUGBANK:DB15274,DRUGBANK:DB15654,Pertussis vaccine,Moderna COVID-19 Vaccine,274,274,1,False,False,False,False,True,False,,,,,e9000453854ab04c72db25653e34530528a4b700,,True,False
DRUGBANK:DB15332,DRUGBANK:DB15686,Radavirsen,GS-441524,12,12,1,False,False,False,False,True,False,,,,,964a1a84ed889b3eaaa3345c7fd8629d3146fa7c,,True,False
DRUGBANK:DB15461,DRUGBANK:DB15483,Yersinia pestis 195/p antigen (formaldehyde inactivated),Modified vaccinia ankara,274,274,1,False,False,False,False,True,False,,,,,e9000453854ab04c72db25653e34530528a4b700,,True,False
DRUGBANK:DB15461,DRUGBANK:DB15654,Yersinia pestis 195/p antigen (formaldehyde inactivated),Moderna COVID-19 Vaccine,274,274,1,False,False,False,False,True,False,,,,,e9000453854ab04c72db25653e34530528a4b700,,True,False
DRUGBANK:DB15483,DRUGBANK:DB15654,Modified vaccinia ankara,Moderna COVID-19 Vaccine,274,274,1,False,False,False,False,True,False,,,,,e9000453854ab04c72db25653e34530528a4b700,,True,False
DRUGBANK:DB15494,DRUGBANK:DB15873,Edotreotide gallium Ga-68,Copper oxodotreotide Cu-64,5,5,1,False,False,False,False,True,False,,,,,6afc9301001f9c280125d26c5f8794e5d4ea5058,,True,False
DRUGBANK:DB15898,DRUGBANK:DB15899,Atoltivimab,Maftivimab,344,344,1,False,False,False,False,True,False,,,,,6355cd8edd50991341a9c5e9c64d9d7aea88eb17,,False,False
RXNORM:276237,RXNORM:300195,emtricitabine,tenofovir disoproxil,4,4,1,False,False,False,False,True,False,,,,,ebfa753c42049ed6f964b0f20066699fb4c384a9,,True,False
RXNORM:519,RXNORM:613391,allopurinol,prasugrel,2,2,1,False,False,False,False,True,False,,,,,51bf440156da87005817569721b6b9346e31b890,,True,False
