id,representante,grupo,tamaño_grupo,fuente
EFO_0000182,EFO_0000182,0,2,sssom
MONDO_0007256,EFO_0000182,0,2,sssom
EFO_0000183,EFO_0000183,1,2,sssom
MONDO_0004952,EFO_0000183,1,2,sssom
EFO_0000222,EFO_0000222,2,2,sssom
MONDO_0018874,EFO_0000222,2,2,sssom
EFO_0000228,EFO_0000228,3,2,sssom
MONDO_0004970,EFO_0000228,3,2,sssom
EFO_0000272,EFO_0000272,4,2,sssom
MONDO_0019781,EFO_0000272,4,2,sssom
EFO_0000274,EFO_0000274,5,2,sssom
MONDO_0004980,EFO_0000274,5,2,sssom
EFO_0000275,EFO_0000275,6,2,sssom
MONDO_0004981,EFO_0000275,6,2,sssom
EFO_0000284,EFO_0000284,7,2,sssom
MONDO_0010811,EFO_0000284,7,2,sssom
EFO_0000309,EFO_0000309,8,2,sssom
MONDO_0007243,EFO_0000309,8,2,sssom
EFO_0000319,EFO_0000319,9,2,sssom
MONDO_0004995,EFO_0000319,9,2,sssom
EFO_0000326,EFO_0000326,10,2,sssom
MONDO_0002714,EFO_0000326,10,2,sssom
EFO_0000341,EFO_0000341,11,2,sssom
MONDO_0005002,EFO_0000341,11,2,sssom
EFO_0000400,EFO_0000400,12,2,sssom
MONDO_0005015,EFO_0000400,12,2,sssom
EFO_0000403,EFO_0000403,13,2,sssom
MONDO_0018905,EFO_0000403,13,2,sssom
EFO_0000407,EFO_0000407,14,2,sssom
MONDO_0005021,EFO_0000407,14,2,sssom
EFO_0000464,EFO_0000464,15,2,sssom
MONDO_0004849,EFO_0000464,15,2,sssom
EFO_0000474,EFO_0000474,16,2,sssom
MONDO_0005027,EFO_0000474,16,2,sssom
EFO_0000495,EFO_0000495,17,2,sssom
MONDO_0005030,EFO_0000495,17,2,sssom
EFO_0000519,EFO_0000519,18,2,sssom
MONDO_0018177,EFO_0000519,18,2,sssom
EFO_0000536,EFO_0000536,19,2,sssom
MONDO_0005043,EFO_0000536,19,2,sssom
EFO_0000537,EFO_0000537,20,2,sssom
MONDO_0005044,EFO_0000537,20,2,sssom
EFO_0000545,EFO_0000545,21,2,sssom
MONDO_0005047,EFO_0000545,21,2,sssom
EFO_0000565,EFO_0000565,22,2,sssom
MONDO_0005059,EFO_0000565,22,2,sssom
EFO_0000574,EFO_0000574,23,2,sssom
MONDO_0005062,EFO_0000574,23,2,sssom
EFO_0000588,EFO_0000588,24,2,sssom
MONDO_0005065,EFO_0000588,24,2,sssom
EFO_0000612,EFO_0000612,25,2,sssom
MONDO_0005068,EFO_0000612,25,2,sssom
EFO_0000616,EFO_0000616,26,2,sssom
MONDO_0005070,EFO_0000616,26,2,sssom
EFO_0000618,EFO_0000618,27,2,sssom
MONDO_0005071,EFO_0000618,27,2,sssom
EFO_0000660,EFO_0000660,28,2,sssom
MONDO_0008487,EFO_0000660,28,2,sssom
EFO_0000668,EFO_0000668,29,2,sssom
MONDO_0005081,EFO_0000668,29,2,sssom
EFO_0000677,EFO_0000677,30,2,sssom
MONDO_0005084,EFO_0000677,30,2,sssom
EFO_0000681,EFO_0000681,31,2,sssom
MONDO_0005086,EFO_0000681,31,2,sssom
EFO_0000684,EFO_0000684,32,2,sssom
MONDO_0005087,EFO_0000684,32,2,sssom
EFO_0000685,EFO_0000685,33,2,sssom
MONDO_0008383,EFO_0000685,33,2,sssom
EFO_0000691,EFO_0000691,34,2,sssom
MONDO_0005089,EFO_0000691,34,2,sssom
EFO_0000701,EFO_0000701,35,2,sssom
MONDO_0005093,EFO_0000701,35,2,sssom
EFO_0000702,EFO_0000702,36,2,sssom
MONDO_0008433,EFO_0000702,36,2,sssom
EFO_0000707,EFO_0000707,37,2,sssom
MONDO_0005096,EFO_0000707,37,2,sssom
EFO_0000712,EFO_0000712,38,2,sssom
MONDO_0005098,EFO_0000712,38,2,sssom
EFO_0000717,EFO_0000717,39,2,sssom
MONDO_0005100,EFO_0000717,39,2,sssom
EFO_0000729,EFO_0000729,40,2,sssom
MONDO_0005101,EFO_0000729,40,2,sssom
EFO_0000756,EFO_0000756,41,2,sssom
MONDO_0005105,EFO_0000756,41,2,sssom
EFO_0001060,EFO_0001060,42,2,sssom
MONDO_0005130,EFO_0001060,42,2,sssom
EFO_0001065,EFO_0001065,43,2,sssom
MONDO_0005133,EFO_0001065,43,2,sssom
EFO_0001358,EFO_0001358,44,2,sssom
MONDO_0005146,EFO_0001358,44,2,sssom
EFO_0001378,EFO_0001378,45,2,sssom
MONDO_0009693,EFO_0001378,45,2,sssom
EFO_0001379,EFO_0001379,46,2,sssom
MONDO_0005151,EFO_0001379,46,2,sssom
EFO_0001421,EFO_0001421,47,2,sssom
MONDO_0005154,EFO_0001421,47,2,sssom
EFO_0001645,EFO_0001645,48,2,sssom
MONDO_0005010,EFO_0001645,48,2,sssom
EFO_0002939,EFO_0002939,49,2,sssom
MONDO_0007959,EFO_0002939,49,2,sssom
EFO_0003035,EFO_0003035,50,2,sssom
MONDO_0005230,EFO_0003035,50,2,sssom
EFO_0003086,EFO_0003086,51,2,sssom
MONDO_0005240,EFO_0003086,51,2,sssom
EFO_0003095,EFO_0003095,52,2,sssom
MONDO_0013209,EFO_0003095,52,2,sssom
EFO_0003105,EFO_0003105,53,2,sssom
MONDO_0008449,EFO_0003105,53,2,sssom
EFO_0003106,EFO_0003106,54,2,sssom
MONDO_0005249,EFO_0003106,54,2,sssom
EFO_0003144,EFO_0003144,55,2,sssom
MONDO_0005252,EFO_0003144,55,2,sssom
EFO_0003758,EFO_0003758,56,2,sssom
MONDO_0005260,EFO_0003758,56,2,sssom
EFO_0003763,EFO_0003763,57,2,sssom
MONDO_0011057,EFO_0003763,57,2,sssom
EFO_0003764,EFO_0003764,58,2,sssom
MONDO_0005264,EFO_0003764,58,2,sssom
EFO_0003767,EFO_0003767,59,2,sssom
MONDO_0005265,EFO_0003767,59,2,sssom
EFO_0003768,EFO_0003768,60,2,sssom
MONDO_0008575,EFO_0003768,60,2,sssom
EFO_0003777,EFO_0003777,61,2,sssom
MONDO_0005267,EFO_0003777,61,2,sssom
EFO_0003781,EFO_0003781,62,2,sssom
MONDO_0005269,EFO_0003781,62,2,sssom
EFO_0003782,EFO_0003782,63,2,sssom
MONDO_0020128,EFO_0003782,63,2,sssom
EFO_0003817,EFO_0003817,64,2,sssom
MONDO_0021071,EFO_0003817,64,2,sssom
EFO_0003818,EFO_0003818,65,2,sssom
MONDO_0005275,EFO_0003818,65,2,sssom
EFO_0003819,EFO_0003819,66,2,sssom
MONDO_0005276,EFO_0003819,66,2,sssom
EFO_0003827,EFO_0003827,67,2,sssom
MONDO_0005279,EFO_0003827,67,2,sssom
EFO_0003839,EFO_0003839,68,2,sssom
MONDO_0005283,EFO_0003839,68,2,sssom
EFO_0003852,EFO_0003852,69,2,sssom
MONDO_0005287,EFO_0003852,69,2,sssom
EFO_0003853,EFO_0003853,70,2,sssom
MONDO_0020641,EFO_0003853,70,2,sssom
EFO_0003860,EFO_0003860,71,2,sssom
MONDO_0021040,EFO_0003860,71,2,sssom
EFO_0003869,EFO_0003869,72,2,sssom
MONDO_0021100,EFO_0003869,72,2,sssom
EFO_0003882,EFO_0003882,73,2,sssom
MONDO_0005298,EFO_0003882,73,2,sssom
EFO_0003884,EFO_0003884,74,2,sssom
MONDO_0005300,EFO_0003884,74,2,sssom
EFO_0003897,EFO_0003897,75,2,sssom
MONDO_0021085,EFO_0003897,75,2,sssom
EFO_0003914,EFO_0003914,76,2,sssom
MONDO_0005311,EFO_0003914,76,2,sssom
EFO_0003928,EFO_0003928,77,2,sssom
MONDO_0005313,EFO_0003928,77,2,sssom
EFO_0003931,EFO_0003931,78,2,sssom
MONDO_0005315,EFO_0003931,78,2,sssom
EFO_0003956,EFO_0003956,79,2,sssom
MONDO_0005324,EFO_0003956,79,2,sssom
EFO_0003966,EFO_0003966,80,2,sssom
MONDO_0005328,EFO_0003966,80,2,sssom
EFO_0004142,EFO_0004142,81,2,sssom
MONDO_0005335,EFO_0004142,81,2,sssom
EFO_0004193,EFO_0004193,82,2,sssom
MONDO_0020804,EFO_0004193,82,2,sssom
EFO_0004198,EFO_0004198,83,2,sssom
MONDO_0002531,EFO_0004198,83,2,sssom
EFO_0004209,EFO_0004209,84,2,sssom
MONDO_0005345,EFO_0004209,84,2,sssom
EFO_0004210,EFO_0004210,85,2,sssom
MONDO_0005346,EFO_0004210,85,2,sssom
EFO_0004211,EFO_0004211,86,2,sssom
MONDO_0005347,EFO_0004211,86,2,sssom
EFO_0004216,EFO_0004216,87,2,sssom
MONDO_0005352,EFO_0004216,87,2,sssom
EFO_0004228,EFO_0004228,88,2,sssom
MONDO_0005359,EFO_0004228,88,2,sssom
EFO_0004234,EFO_0004234,89,2,sssom
MONDO_0005362,EFO_0004234,89,2,sssom
EFO_0004238,EFO_0004238,90,2,sssom
MONDO_0005365,EFO_0004238,90,2,sssom
EFO_0004242,EFO_0004242,91,2,sssom
MONDO_0008114,EFO_0004242,91,2,sssom
EFO_0004244,EFO_0004244,92,2,sssom
MONDO_0015925,EFO_0004244,92,2,sssom
EFO_0004246,EFO_0004246,93,2,sssom
MONDO_0012727,EFO_0004246,93,2,sssom
EFO_0004248,EFO_0004248,94,2,sssom
MONDO_0005372,EFO_0004248,94,2,sssom
EFO_0004255,EFO_0004255,95,2,sssom
MONDO_0005377,EFO_0004255,95,2,sssom
EFO_0004257,EFO_0004257,96,2,sssom
MONDO_0005379,EFO_0004257,96,2,sssom
EFO_0004260,EFO_0004260,97,2,sssom
MONDO_0005381,EFO_0004260,97,2,sssom
EFO_0004262,EFO_0004262,98,2,sssom
MONDO_0005383,EFO_0004262,98,2,sssom
EFO_0004264,EFO_0004264,99,2,sssom
MONDO_0005385,EFO_0004264,99,2,sssom
EFO_0004265,EFO_0004265,100,2,sssom
MONDO_0005386,EFO_0004265,100,2,sssom
EFO_0004288,EFO_0004288,101,2,sssom
MONDO_0005401,EFO_0004288,101,2,sssom
EFO_0004562,EFO_0004562,102,2,sssom
MONDO_0009047,EFO_0004562,102,2,sssom
EFO_0004593,EFO_0004593,103,2,sssom
MONDO_0005406,EFO_0004593,103,2,sssom
EFO_0004610,EFO_0004610,104,2,sssom
MONDO_0015796,EFO_0004610,104,2,sssom
EFO_0004705,EFO_0004705,105,2,sssom
MONDO_0005420,EFO_0004705,105,2,sssom
EFO_0004711,EFO_0004711,106,2,sssom
MONDO_0005424,EFO_0004711,106,2,sssom
EFO_0004718,EFO_0004718,107,2,sssom
MONDO_0004648,EFO_0004718,107,2,sssom
EFO_0004992,EFO_0004992,108,2,sssom
MONDO_0005441,EFO_0004992,108,2,sssom
EFO_0005088,EFO_0005088,109,2,sssom
MONDO_0005447,EFO_0005088,109,2,sssom
EFO_0005207,EFO_0005207,110,2,sssom
MONDO_0005453,EFO_0005207,110,2,sssom
EFO_0005221,EFO_0005221,111,2,sssom
MONDO_0019087,EFO_0005221,111,2,sssom
EFO_0005287,EFO_0005287,112,2,sssom
MONDO_0009975,EFO_0005287,112,2,sssom
EFO_0005297,EFO_0005297,113,2,sssom
MONDO_0012105,EFO_0005297,113,2,sssom
EFO_0005424,EFO_0005424,114,2,sssom
MONDO_0005489,EFO_0005424,114,2,sssom
EFO_0005543,EFO_0005543,115,2,sssom
MONDO_0021042,EFO_0005543,115,2,sssom
EFO_0005556,EFO_0005556,116,2,sssom
MONDO_0007745,EFO_0005556,116,2,sssom
EFO_0005595,EFO_0005595,117,2,sssom
MONDO_0005527,EFO_0005595,117,2,sssom
EFO_0005669,EFO_0005669,118,2,sssom
MONDO_0013792,EFO_0005669,118,2,sssom
EFO_0005771,EFO_0005771,119,2,sssom
MONDO_0005558,EFO_0005771,119,2,sssom
EFO_0005774,EFO_0005774,120,2,sssom
MONDO_0005560,EFO_0005774,120,2,sssom
EFO_0005784,EFO_0005784,121,2,sssom
MONDO_0005564,EFO_0005784,121,2,sssom
EFO_0005803,EFO_0005803,122,2,sssom
MONDO_0005570,EFO_0005803,122,2,sssom
EFO_0005809,EFO_0005809,123,2,sssom
MONDO_0007179,EFO_0005809,123,2,sssom
EFO_0005922,EFO_0005922,124,2,sssom
MONDO_0005580,EFO_0005922,124,2,sssom
EFO_0005952,EFO_0005952,125,2,sssom
MONDO_0018908,EFO_0005952,125,2,sssom
EFO_0006505,EFO_0006505,126,2,sssom
MONDO_0005607,EFO_0006505,126,2,sssom
EFO_0006788,EFO_0006788,127,2,sssom
MONDO_0005618,EFO_0006788,127,2,sssom
EFO_0007153,EFO_0007153,128,2,sssom
MONDO_0016466,EFO_0007153,128,2,sssom
EFO_0007164,EFO_0007164,129,2,sssom
MONDO_0007416,EFO_0007164,129,2,sssom
EFO_0007168,EFO_0007168,130,2,sssom
MONDO_0015274,EFO_0007168,130,2,sssom
EFO_0007211,EFO_0007211,131,2,sssom
MONDO_0005706,EFO_0007211,131,2,sssom
EFO_0007214,EFO_0007214,132,2,sssom
MONDO_0005709,EFO_0007214,132,2,sssom
EFO_0007227,EFO_0007227,133,2,sssom
MONDO_0005722,EFO_0007227,133,2,sssom
EFO_0007328,EFO_0007328,134,2,sssom
MONDO_0005812,EFO_0007328,134,2,sssom
EFO_0007345,EFO_0007345,135,2,sssom
MONDO_0005826,EFO_0007345,135,2,sssom
EFO_0007401,EFO_0007401,136,2,sssom
MONDO_0005881,EFO_0007401,136,2,sssom
EFO_0007441,EFO_0007441,137,2,sssom
MONDO_0005917,EFO_0007441,137,2,sssom
EFO_0007485,EFO_0007485,138,2,sssom
MONDO_0005960,EFO_0007485,138,2,sssom
EFO_0008521,EFO_0008521,139,2,sssom
MONDO_0003014,EFO_0008521,139,2,sssom
EFO_0008524,EFO_0008524,140,2,sssom
MONDO_0000402,EFO_0008524,140,2,sssom
EFO_0008546,EFO_0008546,141,2,sssom
MONDO_0029000,EFO_0008546,141,2,sssom
EFO_0008560,EFO_0008560,142,2,sssom
MONDO_0021124,EFO_0008560,142,2,sssom
EFO_0009189,EFO_0009189,143,2,sssom
MONDO_0004425,EFO_0009189,143,2,sssom
EFO_0009387,EFO_0009387,144,2,sssom
MONDO_0003620,EFO_0009387,144,2,sssom
EFO_0009406,EFO_0009406,145,2,sssom
MONDO_0002908,EFO_0009406,145,2,sssom
EFO_0009448,EFO_0009448,146,2,sssom
MONDO_0002771,EFO_0009448,146,2,sssom
EFO_0009450,EFO_0009450,147,2,sssom
MONDO_0003799,EFO_0009450,147,2,sssom
EFO_0009483,EFO_0009483,148,2,sssom
MONDO_0002657,EFO_0009483,148,2,sssom
EFO_0009551,EFO_0009551,149,2,sssom
MONDO_0002869,EFO_0009551,149,2,sssom
EFO_0009562,EFO_0009562,150,2,sssom
MONDO_0001824,EFO_0009562,150,2,sssom
EFO_0009606,EFO_0009606,151,2,sssom
MONDO_0003004,EFO_0009606,151,2,sssom
EFO_0009608,EFO_0009608,152,2,sssom
MONDO_0004298,EFO_0009608,152,2,sssom
EFO_0009626,EFO_0009626,153,2,sssom
MONDO_0001561,EFO_0009626,153,2,sssom
EFO_0009661,EFO_0009661,154,2,sssom
MONDO_0003781,EFO_0009661,154,2,sssom
EFO_0009662,EFO_0009662,155,2,sssom
MONDO_0001209,EFO_0009662,155,2,sssom
EFO_0009682,EFO_0009682,156,2,sssom
MONDO_0024575,EFO_0009682,156,2,sssom
EFO_0009686,EFO_0009686,157,2,sssom
MONDO_0021113,EFO_0009686,157,2,sssom
EFO_0009687,EFO_0009687,158,2,sssom
MONDO_0003117,EFO_0009687,158,2,sssom
EFO_0009690,EFO_0009690,159,2,sssom
MONDO_0002118,EFO_0009690,159,2,sssom
EFO_0010642,EFO_0010642,160,2,sssom
MONDO_0700092,EFO_0010642,160,2,sssom
EFO_1000018,EFO_1000018,161,2,sssom
MONDO_0006026,EFO_1000018,161,2,sssom
EFO_1000049,EFO_1000049,162,2,sssom
MONDO_0006052,EFO_1000049,162,2,sssom
EFO_1000350,EFO_1000350,163,2,sssom
MONDO_0002129,EFO_1000350,163,2,sssom
EFO_1000566,EFO_1000566,164,2,sssom
MONDO_0010108,EFO_1000566,164,2,sssom
EFO_1000601,EFO_1000601,165,2,sssom
MONDO_0006474,EFO_1000601,165,2,sssom
EFO_1000627,EFO_1000627,166,2,sssom
MONDO_0003240,EFO_1000627,166,2,sssom
EFO_1000632,EFO_1000632,167,2,sssom
MONDO_0006497,EFO_1000632,167,2,sssom
EFO_1000668,EFO_1000668,168,2,sssom
MONDO_0006525,EFO_1000668,168,2,sssom
EFO_1000697,EFO_1000697,169,2,sssom
MONDO_0006547,EFO_1000697,169,2,sssom
EFO_1000718,EFO_1000718,170,2,sssom
MONDO_0006564,EFO_1000718,170,2,sssom
EFO_1000720,EFO_1000720,171,2,sssom
MONDO_0006566,EFO_1000720,171,2,sssom
EFO_1000744,EFO_1000744,172,2,sssom
MONDO_0006589,EFO_1000744,172,2,sssom
EFO_1000825,EFO_1000825,173,2,sssom
MONDO_0006664,EFO_1000825,173,2,sssom
EFO_1000851,EFO_1000851,174,2,sssom
MONDO_0006688,EFO_1000851,174,2,sssom
EFO_1000892,EFO_1000892,175,2,sssom
MONDO_0006722,EFO_1000892,175,2,sssom
EFO_1000906,EFO_1000906,176,2,sssom
MONDO_0006733,EFO_1000906,176,2,sssom
EFO_1000910,EFO_1000910,177,2,sssom
MONDO_0006736,EFO_1000910,177,2,sssom
EFO_1000956,EFO_1000956,178,2,sssom
MONDO_0018935,EFO_1000956,178,2,sssom
EFO_1001121,EFO_1001121,179,2,sssom
MONDO_0006920,EFO_1001121,179,2,sssom
EFO_1001138,EFO_1001138,180,2,sssom
MONDO_0006936,EFO_1001138,180,2,sssom
EFO_1001158,EFO_1001158,181,2,sssom
MONDO_0006952,EFO_1001158,181,2,sssom
EFO_1001175,EFO_1001175,182,2,sssom
MONDO_0006966,EFO_1001175,182,2,sssom
EFO_1001210,EFO_1001210,183,2,sssom
MONDO_0006995,EFO_1001210,183,2,sssom
EFO_1001291,EFO_1001291,184,2,sssom
MONDO_0043230,EFO_1001291,184,2,sssom
EFO_1001375,EFO_1001375,185,2,sssom
MONDO_0024644,EFO_1001375,185,2,sssom
EFO_1001413,EFO_1001413,186,2,sssom
MONDO_0001577,EFO_1001413,186,2,sssom
EFO_1001810,EFO_1001810,187,2,sssom
MONDO_0018020,EFO_1001810,187,2,sssom
EFO_1001908,EFO_1001908,188,2,sssom
MONDO_0003699,EFO_1001908,188,2,sssom
EFO_1002050,EFO_1002050,189,2,sssom
MONDO_0001166,EFO_1002050,189,2,sssom
MONDO_0000050,MONDO_0000050,190,2,sssom
Orphanet_631,MONDO_0000050,190,2,sssom
MONDO_0000133,Orphanet_2268,191,2,ambas
Orphanet_2268,Orphanet_2268,191,2,ambas
MONDO_0000193,Orphanet_168588,192,2,ambas
Orphanet_168588,Orphanet_168588,192,2,ambas
MONDO_0000211,MONDO_0000211,193,2,ambas
Orphanet_228169,MONDO_0000211,193,2,ambas
MONDO_0000212,MONDO_0000212,194,2,ambas
Orphanet_300547,MONDO_0000212,194,2,ambas
MONDO_0000355,MONDO_0000355,195,2,ambas
Orphanet_75840,MONDO_0000355,195,2,ambas
MONDO_0000447,MONDO_0000447,196,3,ambas
MONDO_0008265,MONDO_0000447,196,3,xrefs
Orphanet_2924,MONDO_0000447,196,3,ambas
MONDO_0000453,Orphanet_51083,197,2,ambas
Orphanet_51083,Orphanet_51083,197,2,ambas
MONDO_0000455,Orphanet_1871,198,2,ambas
Orphanet_1871,Orphanet_1871,198,2,ambas
MONDO_0000688,MONDO_0000688,199,2,ambas
Orphanet_289899,MONDO_0000688,199,2,ambas
MONDO_0000698,MONDO_0000698,200,2,ambas
Orphanet_79175,MONDO_0000698,200,2,ambas
MONDO_0000736,MONDO_0000736,201,2,ambas
Orphanet_241,MONDO_0000736,201,2,ambas
MONDO_0000863,Orphanet_2598,202,2,ambas
Orphanet_2598,Orphanet_2598,202,2,ambas
MONDO_0000902,MONDO_0000902,203,2,ambas
Orphanet_1496,MONDO_0000902,203,2,ambas
MONDO_0000914,Orphanet_136,204,2,ambas
Orphanet_136,Orphanet_136,204,2,ambas
MONDO_0000995,MONDO_0000995,205,2,ambas
Orphanet_371433,MONDO_0000995,205,2,ambas
MONDO_0001309,MONDO_0001309,206,2,ambas
Orphanet_98685,MONDO_0001309,206,2,ambas
MONDO_0001347,MONDO_0001347,207,2,ambas
Orphanet_269,MONDO_0001347,207,2,ambas
MONDO_0001703,MONDO_0001703,208,2,ambas
Orphanet_98658,MONDO_0001703,208,2,ambas
MONDO_0001713,MONDO_0001713,209,2,ambas
Orphanet_68383,MONDO_0001713,209,2,ambas
MONDO_0002413,Orphanet_364,210,2,ambas
Orphanet_364,Orphanet_364,210,2,ambas
MONDO_0002525,MONDO_0002525,211,2,ambas
Orphanet_309005,MONDO_0002525,211,2,ambas
MONDO_0002561,MONDO_0002561,212,2,ambas
Orphanet_68366,MONDO_0002561,212,2,ambas
MONDO_0003582,Orphanet_145,213,2,ambas
Orphanet_145,Orphanet_145,213,2,ambas
MONDO_0004739,MONDO_0004739,214,2,ambas
Orphanet_79167,MONDO_0004739,214,2,ambas
MONDO_0005321,Orphanet_98974,215,2,ambas
Orphanet_98974,Orphanet_98974,215,2,ambas
MONDO_0005508,Orphanet_321,216,2,ambas
Orphanet_321,Orphanet_321,216,2,ambas
MONDO_0006037,Orphanet_2189,217,2,ambas
Orphanet_2189,Orphanet_2189,217,2,ambas
MONDO_0007029,Orphanet_107,218,2,ambas
Orphanet_107,Orphanet_107,218,2,ambas
MONDO_0007064,Orphanet_277,219,2,ambas
Orphanet_277,Orphanet_277,219,2,ambas
MONDO_0007073,MONDO_0007073,220,2,ambas
Orphanet_989,MONDO_0007073,220,2,ambas
MONDO_0007095,Orphanet_1028,221,2,sssom
Orphanet_1028,Orphanet_1028,221,2,sssom
MONDO_0007097,Orphanet_85448,222,2,sssom
Orphanet_85448,Orphanet_85448,222,2,sssom
MONDO_0007098,MONDO_0007098,223,2,ambas
Orphanet_100008,MONDO_0007098,223,2,ambas
MONDO_0007099,Orphanet_85450,224,2,sssom
Orphanet_85450,Orphanet_85450,224,2,sssom
MONDO_0007109,Orphanet_98870,225,2,ambas
Orphanet_98870,Orphanet_98870,225,2,ambas
MONDO_0007120,MONDO_0007120,226,2,ambas
Orphanet_1069,MONDO_0007120,226,2,ambas
MONDO_0007123,MONDO_0007123,227,2,sssom
Orphanet_1072,MONDO_0007123,227,2,sssom
MONDO_0007124,Orphanet_1071,228,2,ambas
Orphanet_1071,Orphanet_1071,228,2,ambas
MONDO_0007143,MONDO_0007143,229,2,ambas
Orphanet_1110,MONDO_0007143,229,2,ambas
MONDO_0007154,MONDO_0007154,230,2,ambas
Orphanet_46724,MONDO_0007154,230,2,ambas
MONDO_0007158,MONDO_0007158,231,2,ambas
Orphanet_1154,MONDO_0007158,231,2,ambas
MONDO_0007159,MONDO_0007159,232,2,ambas
Orphanet_1144,MONDO_0007159,232,2,ambas
MONDO_0007163,MONDO_0007163,233,2,ambas
Orphanet_97,MONDO_0007163,233,2,ambas
MONDO_0007165,Orphanet_1182,234,2,ambas
Orphanet_1182,Orphanet_1182,234,2,ambas
MONDO_0007173,MONDO_0007173,235,2,ambas
Orphanet_1479,MONDO_0007173,235,2,ambas
MONDO_0007174,Orphanet_844,236,2,xrefs
Orphanet_844,Orphanet_844,236,2,xrefs
MONDO_0007182,MONDO_0007182,237,2,ambas
Orphanet_98757,MONDO_0007182,237,2,ambas
MONDO_0007188,MONDO_0007188,238,2,ambas
Orphanet_2285,MONDO_0007188,238,2,ambas
MONDO_0007202,MONDO_0007202,239,2,ambas
Orphanet_1259,MONDO_0007202,239,2,ambas
MONDO_0007205,Orphanet_85182,240,2,ambas
Orphanet_85182,Orphanet_85182,240,2,ambas
MONDO_0007211,MONDO_0007211,241,2,ambas
Orphanet_1276,MONDO_0007211,241,2,ambas
MONDO_0007214,MONDO_0007214,242,2,ambas
Orphanet_1278,MONDO_0007214,242,2,ambas
MONDO_0007219,MONDO_0007219,243,2,ambas
Orphanet_93382,MONDO_0007219,243,2,ambas
MONDO_0007225,MONDO_0007225,244,2,ambas
Orphanet_1118,MONDO_0007225,244,2,ambas
MONDO_0007226,MONDO_0007226,245,2,ambas
Orphanet_1246,MONDO_0007226,245,2,ambas
MONDO_0007230,MONDO_0007230,246,2,ambas
Orphanet_1292,MONDO_0007230,246,2,ambas
MONDO_0007235,MONDO_0007235,247,2,ambas
Orphanet_1297,MONDO_0007235,247,2,ambas
MONDO_0007245,Orphanet_2678,248,2,ambas
Orphanet_2678,Orphanet_2678,248,2,ambas
MONDO_0007269,Orphanet_300751,249,2,ambas
Orphanet_300751,Orphanet_300751,249,2,ambas
MONDO_0007293,MONDO_0007293,250,2,ambas
Orphanet_99842,MONDO_0007293,250,2,ambas
MONDO_0007295,Orphanet_1945,251,2,ambas
Orphanet_1945,Orphanet_1945,251,2,ambas
MONDO_0007301,MONDO_0007301,252,2,ambas
Orphanet_1393,MONDO_0007301,252,2,ambas
MONDO_0007308,MONDO_0007308,253,2,ambas
Orphanet_99946,MONDO_0007308,253,2,ambas
MONDO_0007316,MONDO_0007316,254,2,ambas
Orphanet_268882,MONDO_0007316,254,2,ambas
MONDO_0007339,Orphanet_1997,255,2,ambas
Orphanet_1997,Orphanet_1997,255,2,ambas
MONDO_0007346,MONDO_0007346,256,2,ambas
Orphanet_3233,MONDO_0007346,256,2,ambas
MONDO_0007353,MONDO_0007353,257,2,ambas
Orphanet_1471,MONDO_0007353,257,2,ambas
MONDO_0007354,MONDO_0007354,258,2,sssom
Orphanet_98947,MONDO_0007354,258,2,sssom
MONDO_0007355,MONDO_0007355,259,2,ambas
Orphanet_1473,MONDO_0007355,259,2,ambas
MONDO_0007375,MONDO_0007375,260,2,sssom
Orphanet_98956,MONDO_0007375,260,2,sssom
MONDO_0007401,MONDO_0007401,261,2,ambas
Orphanet_1538,MONDO_0007401,261,2,ambas
MONDO_0007404,MONDO_0007404,262,2,ambas
Orphanet_281,MONDO_0007404,262,2,ambas
MONDO_0007405,MONDO_0007405,263,2,ambas
Orphanet_207,MONDO_0007405,263,2,ambas
MONDO_0007412,MONDO_0007412,264,2,ambas
Orphanet_1555,MONDO_0007412,264,2,ambas
MONDO_0007420,Orphanet_79499,265,2,ambas
Orphanet_79499,Orphanet_79499,265,2,ambas
MONDO_0007435,Orphanet_101,266,2,ambas
Orphanet_101,Orphanet_101,266,2,ambas
MONDO_0007438,MONDO_0007438,267,2,ambas
Orphanet_99792,MONDO_0007438,267,2,ambas
MONDO_0007450,MONDO_0007450,268,2,ambas
Orphanet_30925,MONDO_0007450,268,2,ambas
MONDO_0007470,MONDO_0007470,269,2,ambas
Orphanet_85192,MONDO_0007470,269,2,ambas
MONDO_0007471,Orphanet_75376,270,2,ambas
Orphanet_75376,Orphanet_75376,270,2,ambas
MONDO_0007477,Orphanet_2616,271,2,ambas
Orphanet_2616,Orphanet_2616,271,2,ambas
MONDO_0007481,MONDO_0007481,272,2,ambas
Orphanet_240,MONDO_0007481,272,2,ambas
MONDO_0007493,Orphanet_98805,273,2,ambas
Orphanet_98805,Orphanet_98805,273,2,ambas
MONDO_0007496,Orphanet_71517,274,2,ambas
Orphanet_71517,Orphanet_71517,274,2,ambas
MONDO_0007504,MONDO_0007504,275,2,ambas
Orphanet_2405,MONDO_0007504,275,2,ambas
MONDO_0007507,Orphanet_1658,276,2,ambas
Orphanet_1658,Orphanet_1658,276,2,ambas
MONDO_0007525,Orphanet_1899,277,2,ambas
Orphanet_1899,Orphanet_1899,277,2,ambas
MONDO_0007526,MONDO_0007526,278,2,ambas
Orphanet_75496,MONDO_0007526,278,2,ambas
MONDO_0007550,Orphanet_79396,279,2,ambas
Orphanet_79396,Orphanet_79396,279,2,ambas
MONDO_0007551,MONDO_0007551,280,2,ambas
Orphanet_79400,MONDO_0007551,280,2,ambas
MONDO_0007554,Orphanet_79399,281,2,ambas
Orphanet_79399,Orphanet_79399,281,2,ambas
MONDO_0007555,MONDO_0007555,282,2,ambas
Orphanet_79401,MONDO_0007555,282,2,ambas
MONDO_0007556,Orphanet_79397,283,2,ambas
Orphanet_79397,Orphanet_79397,283,2,ambas
MONDO_0007570,MONDO_0007570,284,2,ambas
Orphanet_231031,MONDO_0007570,284,2,ambas
MONDO_0007584,MONDO_0007584,285,2,ambas
Orphanet_1962,MONDO_0007584,285,2,ambas
MONDO_0007612,MONDO_0007612,286,2,ambas
Orphanet_2027,MONDO_0007612,286,2,ambas
MONDO_0007619,MONDO_0007619,287,2,ambas
Orphanet_289465,MONDO_0007619,287,2,ambas
MONDO_0007620,Orphanet_79292,288,2,ambas
Orphanet_79292,Orphanet_79292,288,2,ambas
MONDO_0007640,Orphanet_59181,289,2,ambas
Orphanet_59181,Orphanet_59181,289,2,ambas
MONDO_0007646,Orphanet_324442,290,2,ambas
Orphanet_324442,Orphanet_324442,290,2,ambas
MONDO_0007648,MONDO_0007648,291,2,ambas
Orphanet_26106,MONDO_0007648,291,2,ambas
MONDO_0007666,MONDO_0007666,292,2,ambas
Orphanet_2085,MONDO_0007666,292,2,ambas
MONDO_0007670,Orphanet_69735,293,2,sssom
Orphanet_69735,Orphanet_69735,293,2,sssom
MONDO_0007681,Orphanet_276399,294,2,ambas
Orphanet_276399,Orphanet_276399,294,2,ambas
MONDO_0007693,MONDO_0007693,295,2,ambas
Orphanet_2220,MONDO_0007693,295,2,ambas
MONDO_0007716,MONDO_0007716,296,2,ambas
Orphanet_98791,MONDO_0007716,296,2,ambas
MONDO_0007727,MONDO_0007727,297,2,ambas
Orphanet_32960,MONDO_0007727,297,2,ambas
MONDO_0007737,Orphanet_3265,298,2,ambas
Orphanet_3265,Orphanet_3265,298,2,ambas
MONDO_0007738,Orphanet_263463,299,2,ambas
Orphanet_263463,Orphanet_263463,299,2,ambas
MONDO_0007762,MONDO_0007762,300,2,xrefs
Orphanet_70470,MONDO_0007762,300,2,xrefs
MONDO_0007768,MONDO_0007768,301,2,ambas
Orphanet_99880,MONDO_0007768,301,2,ambas
MONDO_0007787,MONDO_0007787,302,2,ambas
Orphanet_1023,MONDO_0007787,302,2,ambas
MONDO_0007790,MONDO_0007790,303,2,sssom
Orphanet_64748,MONDO_0007790,303,2,sssom
MONDO_0007791,MONDO_0007791,304,2,ambas
Orphanet_93372,MONDO_0007791,304,2,ambas
MONDO_0007792,MONDO_0007792,305,2,ambas
Orphanet_101049,MONDO_0007792,305,2,ambas
MONDO_0007795,Orphanet_2491,306,2,ambas
Orphanet_2491,Orphanet_2491,306,2,ambas
MONDO_0007797,Orphanet_2237,307,2,ambas
Orphanet_2237,Orphanet_2237,307,2,ambas
MONDO_0007800,Orphanet_1598,308,3,ambas
Orphanet_1598,Orphanet_1598,308,3,ambas
Orphanet_261974,Orphanet_1598,308,3,ambas
MONDO_0007818,Orphanet_2314,309,2,ambas
Orphanet_2314,Orphanet_2314,309,2,ambas
MONDO_0007857,MONDO_0007857,310,2,ambas
Orphanet_86919,MONDO_0007857,310,2,ambas
MONDO_0007864,MONDO_0007864,311,2,ambas
Orphanet_90308,MONDO_0007864,311,2,ambas
MONDO_0007866,Orphanet_2698,312,2,sssom
Orphanet_2698,Orphanet_2698,312,2,sssom
MONDO_0007872,Orphanet_2363,313,2,ambas
Orphanet_2363,Orphanet_2363,313,2,ambas
MONDO_0007874,Orphanet_502,314,2,ambas
Orphanet_502,Orphanet_502,314,2,ambas
MONDO_0007875,MONDO_0007875,315,2,ambas
Orphanet_503,MONDO_0007875,315,2,ambas
MONDO_0007885,MONDO_0007885,316,2,ambas
Orphanet_2380,MONDO_0007885,316,2,ambas
MONDO_0007917,MONDO_0007917,317,2,ambas
Orphanet_86914,MONDO_0007917,317,2,ambas
MONDO_0007919,Orphanet_79452,318,2,ambas
Orphanet_79452,Orphanet_79452,318,2,ambas
MONDO_0007920,Orphanet_90186,319,2,ambas
Orphanet_90186,Orphanet_90186,319,2,ambas
MONDO_0007922,MONDO_0007922,320,2,ambas
Orphanet_33001,MONDO_0007922,320,2,ambas
MONDO_0007931,Orphanet_1243,321,2,ambas
Orphanet_1243,Orphanet_1243,321,2,ambas
MONDO_0007935,MONDO_0007935,322,2,ambas
Orphanet_75381,MONDO_0007935,322,2,ambas
MONDO_0007937,Orphanet_34528,323,2,ambas
Orphanet_34528,Orphanet_34528,323,2,ambas
MONDO_0007943,MONDO_0007943,324,2,ambas
Orphanet_245,MONDO_0007943,324,2,ambas
MONDO_0007946,MONDO_0007946,325,2,ambas
Orphanet_91412,MONDO_0007946,325,2,ambas
MONDO_0007953,Orphanet_1248,326,2,ambas
Orphanet_1248,Orphanet_1248,326,2,ambas
MONDO_0007983,Orphanet_174,327,2,ambas
Orphanet_174,Orphanet_174,327,2,ambas
MONDO_0007984,MONDO_0007984,328,2,ambas
Orphanet_2504,MONDO_0007984,328,2,ambas
MONDO_0007988,Orphanet_2514,329,2,ambas
Orphanet_2514,Orphanet_2514,329,2,ambas
MONDO_0007992,MONDO_0007992,330,2,ambas
Orphanet_2536,MONDO_0007992,330,2,ambas
MONDO_0008006,MONDO_0008006,331,2,ambas
Orphanet_570,MONDO_0008006,331,2,ambas
MONDO_0008007,Orphanet_1077,332,2,ambas
Orphanet_1077,Orphanet_1077,332,2,ambas
MONDO_0008013,MONDO_0008013,333,2,ambas
Orphanet_261112,MONDO_0008013,333,2,ambas
MONDO_0008016,MONDO_0008016,334,2,sssom
Orphanet_3377,MONDO_0008016,334,2,sssom
MONDO_0008023,MONDO_0008023,335,2,ambas
Orphanet_2579,MONDO_0008023,335,2,ambas
MONDO_0008038,MONDO_0008038,336,2,ambas
Orphanet_2585,MONDO_0008038,336,2,ambas
MONDO_0008043,MONDO_0008043,337,2,ambas
Orphanet_2589,MONDO_0008043,337,2,ambas
MONDO_0008045,MONDO_0008045,338,2,ambas
Orphanet_2590,MONDO_0008045,338,2,ambas
MONDO_0008050,MONDO_0008050,339,2,ambas
Orphanet_59135,MONDO_0008050,339,2,ambas
MONDO_0008056,MONDO_0008056,340,2,ambas
Orphanet_273,MONDO_0008056,340,2,ambas
MONDO_0008060,Orphanet_79153,341,2,ambas
Orphanet_79153,Orphanet_79153,341,2,ambas
MONDO_0008073,MONDO_0008073,342,2,ambas
Orphanet_88950,MONDO_0008073,342,2,ambas
MONDO_0008083,MONDO_0008083,343,2,ambas
Orphanet_228343,MONDO_0008083,343,2,ambas
MONDO_0008090,MONDO_0008090,344,2,ambas
Orphanet_2686,MONDO_0008090,344,2,ambas
MONDO_0008097,Orphanet_2612,345,2,ambas
Orphanet_2612,Orphanet_2612,345,2,ambas
MONDO_0008130,MONDO_0008130,346,2,sssom
Orphanet_2743,MONDO_0008130,346,2,sssom
MONDO_0008133,Orphanet_67036,347,2,sssom
Orphanet_67036,Orphanet_67036,347,2,sssom
MONDO_0008134,Orphanet_98673,348,2,ambas
Orphanet_98673,Orphanet_98673,348,2,ambas
MONDO_0008137,MONDO_0008137,349,2,xrefs
Orphanet_2756,MONDO_0008137,349,2,xrefs
MONDO_0008145,MONDO_0008145,350,2,ambas
Orphanet_296,MONDO_0008145,350,2,ambas
MONDO_0008156,Orphanet_53,351,2,ambas
Orphanet_53,Orphanet_53,351,2,ambas
MONDO_0008158,MONDO_0008158,352,2,xrefs
Orphanet_1562,MONDO_0008158,352,2,xrefs
MONDO_0008199,Orphanet_411602,353,2,ambas
Orphanet_411602,Orphanet_411602,353,2,ambas
MONDO_0008207,MONDO_0008207,354,2,xrefs
Orphanet_1428,MONDO_0008207,354,2,xrefs
MONDO_0008215,MONDO_0008215,355,2,ambas
Orphanet_99027,MONDO_0008215,355,2,ambas
MONDO_0008218,MONDO_0008218,356,2,ambas
Orphanet_2841,MONDO_0008218,356,2,ambas
MONDO_0008222,MONDO_0008222,357,2,ambas
Orphanet_37553,MONDO_0008222,357,2,ambas
MONDO_0008245,MONDO_0008245,358,2,ambas
Orphanet_2885,MONDO_0008245,358,2,ambas
MONDO_0008247,MONDO_0008247,359,2,ambas
Orphanet_3104,MONDO_0008247,359,2,ambas
MONDO_0008267,Orphanet_2919,360,2,ambas
Orphanet_2919,Orphanet_2919,360,2,ambas
MONDO_0008272,Orphanet_93338,361,2,ambas
Orphanet_93338,Orphanet_93338,361,2,ambas
MONDO_0008297,MONDO_0008297,362,2,ambas
Orphanet_79473,MONDO_0008297,362,2,ambas
MONDO_0008311,MONDO_0008311,363,2,ambas
Orphanet_2959,MONDO_0008311,363,2,ambas
MONDO_0008329,MONDO_0008329,364,2,ambas
Orphanet_171871,MONDO_0008329,364,2,ambas
MONDO_0008335,MONDO_0008335,365,2,ambas
Orphanet_2994,MONDO_0008335,365,2,ambas
MONDO_0008337,MONDO_0008337,366,2,ambas
Orphanet_2989,MONDO_0008337,366,2,ambas
MONDO_0008338,MONDO_0008338,367,2,sssom
Orphanet_65743,MONDO_0008338,367,2,sssom
MONDO_0008340,Orphanet_91411,368,2,ambas
Orphanet_91411,Orphanet_91411,368,2,ambas
MONDO_0008341,MONDO_0008341,369,2,ambas
Orphanet_2999,MONDO_0008341,369,2,ambas
MONDO_0008357,MONDO_0008357,370,2,ambas
Orphanet_2252,MONDO_0008357,370,2,ambas
MONDO_0008392,Orphanet_3115,371,2,sssom
Orphanet_3115,Orphanet_3115,371,2,sssom
MONDO_0008402,MONDO_0008402,372,2,ambas
Orphanet_2013,MONDO_0008402,372,2,ambas
MONDO_0008403,MONDO_0008403,373,2,ambas
Orphanet_1003,MONDO_0008403,373,2,ambas
MONDO_0008407,Orphanet_85146,374,2,sssom
Orphanet_85146,Orphanet_85146,374,2,sssom
MONDO_0008410,MONDO_0008410,375,2,xrefs
Orphanet_3135,MONDO_0008410,375,2,xrefs
MONDO_0008428,Orphanet_3157,376,2,ambas
Orphanet_3157,Orphanet_3157,376,2,ambas
MONDO_0008437,Orphanet_100984,377,2,ambas
Orphanet_100984,Orphanet_100984,377,2,ambas
MONDO_0008438,Orphanet_100985,378,2,ambas
Orphanet_100985,Orphanet_100985,378,2,ambas
MONDO_0008440,MONDO_0008440,379,2,ambas
Orphanet_2820,MONDO_0008440,379,2,ambas
MONDO_0008442,MONDO_0008442,380,2,ambas
Orphanet_2821,MONDO_0008442,380,2,ambas
MONDO_0008445,MONDO_0008445,381,2,ambas
Orphanet_3038,MONDO_0008445,381,2,ambas
MONDO_0008451,MONDO_0008451,382,2,ambas
Orphanet_139518,MONDO_0008451,382,2,ambas
MONDO_0008460,MONDO_0008460,383,2,ambas
Orphanet_2063,MONDO_0008460,383,2,ambas
MONDO_0008473,Orphanet_263482,384,2,ambas
Orphanet_263482,Orphanet_263482,384,2,ambas
MONDO_0008476,MONDO_0008476,385,2,ambas
Orphanet_93346,MONDO_0008476,385,2,ambas
MONDO_0008486,MONDO_0008486,386,2,ambas
Orphanet_3184,MONDO_0008486,386,2,ambas
MONDO_0008488,MONDO_0008488,387,2,ambas
Orphanet_3186,MONDO_0008488,387,2,ambas
MONDO_0008490,MONDO_0008490,388,2,ambas
Orphanet_166100,MONDO_0008490,388,2,ambas
MONDO_0008494,MONDO_0008494,389,2,ambas
Orphanet_398088,MONDO_0008494,389,2,ambas
MONDO_0008497,Orphanet_3204,390,2,ambas
Orphanet_3204,Orphanet_3204,390,2,ambas
MONDO_0008520,MONDO_0008520,391,2,ambas
Orphanet_1275,MONDO_0008520,391,2,ambas
MONDO_0008562,MONDO_0008562,392,2,ambas
Orphanet_2251,MONDO_0008562,392,2,ambas
MONDO_0008563,MONDO_0008563,393,2,ambas
Orphanet_1078,MONDO_0008563,393,2,ambas
MONDO_0008572,MONDO_0008572,394,3,ambas
Orphanet_3332,MONDO_0008572,394,3,xrefs
Orphanet_988,MONDO_0008572,394,3,ambas
MONDO_0008582,MONDO_0008582,395,2,ambas
Orphanet_2228,MONDO_0008582,395,2,ambas
MONDO_0008607,MONDO_0008607,396,2,ambas
Orphanet_2947,MONDO_0008607,396,2,ambas
MONDO_0008610,Orphanet_88629,397,2,ambas
Orphanet_88629,Orphanet_88629,397,2,ambas
MONDO_0008636,MONDO_0008636,398,2,ambas
Orphanet_3411,MONDO_0008636,398,2,ambas
MONDO_0008641,Orphanet_247691,399,2,ambas
Orphanet_247691,Orphanet_247691,399,2,ambas
MONDO_0008645,MONDO_0008645,400,2,ambas
Orphanet_3201,MONDO_0008645,400,2,ambas
MONDO_0008650,MONDO_0008650,401,2,ambas
Orphanet_2064,MONDO_0008650,401,2,ambas
MONDO_0008665,MONDO_0008665,402,2,ambas
Orphanet_2997,MONDO_0008665,402,2,ambas
MONDO_0008668,MONDO_0008668,403,2,ambas
Orphanet_166078,MONDO_0008668,403,2,ambas
MONDO_0008695,Orphanet_2388,404,2,ambas
Orphanet_2388,Orphanet_2388,404,2,ambas
MONDO_0008696,MONDO_0008696,405,2,ambas
Orphanet_90301,MONDO_0008696,405,2,ambas
MONDO_0008699,MONDO_0008699,406,2,ambas
Orphanet_929,MONDO_0008699,406,2,ambas
MONDO_0008700,MONDO_0008700,407,2,ambas
Orphanet_931,MONDO_0008700,407,2,ambas
MONDO_0008701,Orphanet_93299,408,2,ambas
Orphanet_93299,Orphanet_93299,408,2,ambas
MONDO_0008702,Orphanet_93296,409,2,ambas
Orphanet_93296,Orphanet_93296,409,2,ambas
MONDO_0008703,MONDO_0008703,410,2,ambas
Orphanet_2098,MONDO_0008703,410,2,ambas
MONDO_0008714,Orphanet_1788,411,2,ambas
Orphanet_1788,Orphanet_1788,411,2,ambas
MONDO_0008715,Orphanet_1784,412,2,ambas
Orphanet_1784,Orphanet_1784,412,2,ambas
MONDO_0008717,MONDO_0008717,413,2,ambas
Orphanet_968,MONDO_0008717,413,2,ambas
MONDO_0008724,MONDO_0008724,414,2,ambas
Orphanet_2952,MONDO_0008724,414,2,ambas
MONDO_0008737,MONDO_0008737,415,2,ambas
Orphanet_98880,MONDO_0008737,415,2,ambas
MONDO_0008740,MONDO_0008740,416,2,ambas
Orphanet_990,MONDO_0008740,416,2,ambas
MONDO_0008744,MONDO_0008744,417,2,ambas
Orphanet_2007,MONDO_0008744,417,2,ambas
MONDO_0008750,MONDO_0008750,418,2,ambas
Orphanet_2513,MONDO_0008750,418,2,ambas
MONDO_0008754,Orphanet_1005,419,2,ambas
Orphanet_1005,Orphanet_1005,419,2,ambas
MONDO_0008756,Orphanet_2850,420,2,ambas
Orphanet_2850,Orphanet_2850,420,2,ambas
MONDO_0008757,MONDO_0008757,421,2,ambas
Orphanet_701,MONDO_0008757,421,2,ambas
MONDO_0008758,MONDO_0008758,422,2,ambas
Orphanet_726,MONDO_0008758,422,2,ambas
MONDO_0008767,MONDO_0008767,423,2,ambas
Orphanet_228346,MONDO_0008767,423,2,ambas
MONDO_0008768,MONDO_0008768,424,2,xrefs
Orphanet_228340,MONDO_0008768,424,2,xrefs
MONDO_0008769,Orphanet_228349,425,2,ambas
Orphanet_228349,Orphanet_228349,425,2,ambas
MONDO_0008791,MONDO_0008791,426,2,ambas
Orphanet_1048,MONDO_0008791,426,2,ambas
MONDO_0008795,Orphanet_1065,427,2,ambas
Orphanet_1065,Orphanet_1065,427,2,ambas
MONDO_0008796,MONDO_0008796,428,2,ambas
Orphanet_1064,MONDO_0008796,428,2,ambas
MONDO_0008798,MONDO_0008798,429,2,ambas
Orphanet_94150,MONDO_0008798,429,2,ambas
MONDO_0008799,MONDO_0008799,430,2,ambas
Orphanet_77298,MONDO_0008799,430,2,ambas
MONDO_0008808,MONDO_0008808,431,2,ambas
Orphanet_1116,MONDO_0008808,431,2,ambas
MONDO_0008809,Orphanet_2926,432,2,ambas
Orphanet_2926,Orphanet_2926,432,2,ambas
MONDO_0008814,Orphanet_90,433,2,ambas
Orphanet_90,Orphanet_90,433,2,ambas
MONDO_0008816,MONDO_0008816,434,2,xrefs
Orphanet_1136,MONDO_0008816,434,2,xrefs
MONDO_0008823,MONDO_0008823,435,2,ambas
Orphanet_1143,MONDO_0008823,435,2,ambas
MONDO_0008825,MONDO_0008825,436,2,ambas
Orphanet_1150,MONDO_0008825,436,2,ambas
MONDO_0008826,MONDO_0008826,437,2,ambas
Orphanet_1485,MONDO_0008826,437,2,ambas
MONDO_0008832,MONDO_0008832,438,2,ambas
Orphanet_97548,MONDO_0008832,438,2,ambas
MONDO_0008838,Orphanet_1188,439,2,ambas
Orphanet_1188,Orphanet_1188,439,2,ambas
MONDO_0008840,Orphanet_100,440,2,ambas
Orphanet_100,Orphanet_100,440,2,ambas
MONDO_0008842,MONDO_0008842,441,2,ambas
Orphanet_1168,MONDO_0008842,441,2,ambas
MONDO_0008843,MONDO_0008843,442,2,ambas
Orphanet_1192,MONDO_0008843,442,2,ambas
MONDO_0008846,MONDO_0008846,443,2,ambas
Orphanet_1195,MONDO_0008846,443,2,ambas
MONDO_0008855,Orphanet_572,444,2,ambas
Orphanet_572,Orphanet_572,444,2,ambas
MONDO_0008865,Orphanet_41751,445,2,ambas
Orphanet_41751,Orphanet_41751,445,2,ambas
MONDO_0008875,MONDO_0008875,446,2,ambas
Orphanet_2057,MONDO_0008875,446,2,ambas
MONDO_0008885,MONDO_0008885,447,2,ambas
Orphanet_1299,MONDO_0008885,447,2,ambas
MONDO_0008894,MONDO_0008894,448,2,ambas
Orphanet_1375,MONDO_0008894,448,2,ambas
MONDO_0008915,MONDO_0008915,449,2,ambas
Orphanet_2229,MONDO_0008915,449,2,ambas
MONDO_0008919,MONDO_0008919,450,2,ambas
Orphanet_158,MONDO_0008919,450,2,ambas
MONDO_0008922,Orphanet_1369,451,2,ambas
Orphanet_1369,Orphanet_1369,451,2,ambas
MONDO_0008924,MONDO_0008924,452,2,xrefs
Orphanet_1376,MONDO_0008924,452,2,xrefs
MONDO_0008928,MONDO_0008928,453,2,ambas
Orphanet_1368,MONDO_0008928,453,2,ambas
MONDO_0008931,MONDO_0008931,454,2,ambas
Orphanet_3258,MONDO_0008931,454,2,ambas
MONDO_0008935,Orphanet_1173,455,2,ambas
Orphanet_1173,Orphanet_1173,455,2,ambas
MONDO_0008941,MONDO_0008941,456,2,ambas
Orphanet_2031,MONDO_0008941,456,2,ambas
MONDO_0008943,Orphanet_1170,457,2,ambas
Orphanet_1170,Orphanet_1170,457,2,ambas
MONDO_0008960,Orphanet_90103,458,2,ambas
Orphanet_90103,Orphanet_90103,458,2,ambas
MONDO_0008962,Orphanet_79476,459,2,ambas
Orphanet_79476,Orphanet_79476,459,2,ambas
MONDO_0008963,Orphanet_167,460,2,ambas
Orphanet_167,Orphanet_167,460,2,ambas
MONDO_0008964,MONDO_0008964,461,2,ambas
Orphanet_53689,MONDO_0008964,461,2,ambas
MONDO_0008966,Orphanet_1414,462,2,ambas
Orphanet_1414,Orphanet_1414,462,2,ambas
MONDO_0008967,Orphanet_79095,463,2,ambas
Orphanet_79095,Orphanet_79095,463,2,ambas
MONDO_0008970,Orphanet_50945,464,2,ambas
Orphanet_50945,Orphanet_50945,464,2,ambas
MONDO_0008980,MONDO_0008980,465,2,ambas
Orphanet_1180,MONDO_0008980,465,2,ambas
MONDO_0008993,MONDO_0008993,466,2,ambas
Orphanet_2010,MONDO_0008993,466,2,ambas
MONDO_0009001,MONDO_0009001,467,2,ambas
Orphanet_91494,MONDO_0009001,467,2,ambas
MONDO_0009008,Orphanet_1338,468,2,sssom
Orphanet_1338,Orphanet_1338,468,2,sssom
MONDO_0009015,MONDO_0009015,469,2,ambas
Orphanet_1490,MONDO_0009015,469,2,ambas
MONDO_0009018,Orphanet_98972,470,2,ambas
Orphanet_98972,Orphanet_98972,470,2,ambas
MONDO_0009038,MONDO_0009038,471,2,xrefs
Orphanet_1533,MONDO_0009038,471,2,xrefs
MONDO_0009045,MONDO_0009045,472,2,ambas
Orphanet_1380,MONDO_0009045,472,2,ambas
MONDO_0009075,MONDO_0009075,473,2,ambas
Orphanet_1566,MONDO_0009075,473,2,ambas
MONDO_0009080,MONDO_0009080,474,2,ambas
Orphanet_71271,MONDO_0009080,474,2,ambas
MONDO_0009084,MONDO_0009084,475,2,ambas
Orphanet_3236,MONDO_0009084,475,2,ambas
MONDO_0009085,MONDO_0009085,476,2,ambas
Orphanet_3239,MONDO_0009085,476,2,ambas
MONDO_0009086,MONDO_0009086,477,2,ambas
Orphanet_3217,MONDO_0009086,477,2,ambas
MONDO_0009089,MONDO_0009089,478,2,ambas
Orphanet_3230,MONDO_0009089,478,2,ambas
MONDO_0009092,Orphanet_2770,479,2,ambas
Orphanet_2770,Orphanet_2770,479,2,ambas
MONDO_0009099,Orphanet_3145,480,2,ambas
Orphanet_3145,Orphanet_3145,480,2,ambas
MONDO_0009105,Orphanet_84064,481,2,ambas
Orphanet_84064,Orphanet_84064,481,2,ambas
MONDO_0009107,MONDO_0009107,482,2,ambas
Orphanet_628,MONDO_0009107,482,2,ambas
MONDO_0009131,Orphanet_1764,483,2,ambas
Orphanet_1764,Orphanet_1764,483,2,ambas
MONDO_0009133,Orphanet_1766,484,2,ambas
Orphanet_1766,Orphanet_1766,484,2,ambas
MONDO_0009134,MONDO_0009134,485,2,ambas
Orphanet_98873,MONDO_0009134,485,2,ambas
MONDO_0009140,Orphanet_1865,486,2,ambas
Orphanet_1865,Orphanet_1865,486,2,ambas
MONDO_0009145,Orphanet_50944,487,2,ambas
Orphanet_50944,Orphanet_50944,487,2,ambas
MONDO_0009146,MONDO_0009146,488,2,ambas
Orphanet_1883,MONDO_0009146,488,2,ambas
MONDO_0009150,MONDO_0009150,489,2,ambas
Orphanet_1882,MONDO_0009150,489,2,ambas
MONDO_0009151,MONDO_0009151,490,2,ambas
Orphanet_3253,MONDO_0009151,490,2,ambas
MONDO_0009156,MONDO_0009156,491,2,ambas
Orphanet_1892,MONDO_0009156,491,2,ambas
MONDO_0009162,MONDO_0009162,492,2,ambas
Orphanet_289,MONDO_0009162,492,2,ambas
MONDO_0009181,MONDO_0009181,493,2,ambas
Orphanet_257,MONDO_0009181,493,2,ambas
MONDO_0009182,MONDO_0009182,494,2,ambas
Orphanet_79404,MONDO_0009182,494,2,ambas
MONDO_0009183,MONDO_0009183,495,2,ambas
Orphanet_79403,MONDO_0009183,495,2,ambas
MONDO_0009185,MONDO_0009185,496,2,ambas
Orphanet_1946,MONDO_0009185,496,2,ambas
MONDO_0009188,MONDO_0009188,497,2,ambas
Orphanet_1951,MONDO_0009188,497,2,ambas
MONDO_0009209,MONDO_0009209,498,2,ambas
Orphanet_1974,MONDO_0009209,498,2,ambas
MONDO_0009223,MONDO_0009223,499,2,ambas
Orphanet_325448,MONDO_0009223,499,2,ambas
MONDO_0009239,Orphanet_52901,500,2,ambas
Orphanet_52901,Orphanet_52901,500,2,ambas
MONDO_0009265,Orphanet_77259,501,2,ambas
Orphanet_77259,Orphanet_77259,501,2,ambas
MONDO_0009266,Orphanet_77260,502,2,ambas
Orphanet_77260,Orphanet_77260,502,2,ambas
MONDO_0009267,Orphanet_77261,503,2,ambas
Orphanet_77261,Orphanet_77261,503,2,ambas
MONDO_0009268,MONDO_0009268,504,2,ambas
Orphanet_2072,MONDO_0009268,504,2,ambas
MONDO_0009279,Orphanet_869,505,2,ambas
Orphanet_869,Orphanet_869,505,2,ambas
MONDO_0009287,Orphanet_79258,506,2,ambas
Orphanet_79258,Orphanet_79258,506,2,ambas
MONDO_0009288,MONDO_0009288,507,2,ambas
Orphanet_79259,MONDO_0009288,507,2,ambas
MONDO_0009290,Orphanet_365,508,2,ambas
Orphanet_365,Orphanet_365,508,2,ambas
MONDO_0009297,MONDO_0009297,509,2,ambas
Orphanet_69076,MONDO_0009297,509,2,ambas
MONDO_0009299,Orphanet_243,510,2,ambas
Orphanet_243,Orphanet_243,510,2,ambas
MONDO_0009321,MONDO_0009321,511,2,ambas
Orphanet_2110,MONDO_0009321,511,2,ambas
MONDO_0009329,Orphanet_199241,512,2,ambas
Orphanet_199241,Orphanet_199241,512,2,ambas
MONDO_0009331,MONDO_0009331,513,2,ambas
Orphanet_2128,MONDO_0009331,513,2,ambas
MONDO_0009333,Orphanet_1655,514,2,ambas
Orphanet_1655,Orphanet_1655,514,2,ambas
MONDO_0009338,Orphanet_79124,515,2,ambas
Orphanet_79124,Orphanet_79124,515,2,ambas
MONDO_0009339,Orphanet_79303,516,2,ambas
Orphanet_79303,Orphanet_79303,516,2,ambas
MONDO_0009342,Orphanet_2155,517,2,ambas
Orphanet_2155,Orphanet_2155,517,2,ambas
MONDO_0009344,MONDO_0009344,518,2,ambas
Orphanet_2153,MONDO_0009344,518,2,ambas
MONDO_0009352,MONDO_0009352,519,2,ambas
Orphanet_394,MONDO_0009352,519,2,ambas
MONDO_0009363,MONDO_0009363,520,2,ambas
Orphanet_2181,MONDO_0009363,520,2,ambas
MONDO_0009373,MONDO_0009373,521,2,ambas
Orphanet_79156,MONDO_0009373,521,2,ambas
MONDO_0009377,Orphanet_927,522,2,ambas
Orphanet_927,Orphanet_927,522,2,ambas
MONDO_0009393,MONDO_0009393,523,2,ambas
Orphanet_415,MONDO_0009393,523,2,ambas
MONDO_0009402,MONDO_0009402,524,2,ambas
Orphanet_2211,MONDO_0009402,524,2,ambas
MONDO_0009404,MONDO_0009404,525,2,ambas
Orphanet_2213,MONDO_0009404,525,2,ambas
MONDO_0009405,MONDO_0009405,526,2,ambas
Orphanet_2218,MONDO_0009405,526,2,ambas
MONDO_0009406,MONDO_0009406,527,2,ambas
Orphanet_1517,MONDO_0009406,527,2,ambas
MONDO_0009411,MONDO_0009411,528,2,ambas
Orphanet_3453,MONDO_0009411,528,2,ambas
MONDO_0009414,Orphanet_2089,529,2,ambas
Orphanet_2089,Orphanet_2089,529,2,ambas
MONDO_0009417,MONDO_0009417,530,2,ambas
Orphanet_2410,MONDO_0009417,530,2,ambas
MONDO_0009420,MONDO_0009420,531,2,ambas
Orphanet_2232,MONDO_0009420,531,2,ambas
MONDO_0009426,MONDO_0009426,532,2,ambas
Orphanet_2323,MONDO_0009426,532,2,ambas
MONDO_0009443,Orphanet_457,533,2,ambas
Orphanet_457,Orphanet_457,533,2,ambas
MONDO_0009444,MONDO_0009444,534,2,ambas
Orphanet_2269,MONDO_0009444,534,2,ambas
MONDO_0009445,MONDO_0009445,535,2,ambas
Orphanet_2274,MONDO_0009445,535,2,ambas
MONDO_0009446,MONDO_0009446,536,2,ambas
Orphanet_2278,MONDO_0009446,536,2,ambas
MONDO_0009451,Orphanet_83471,537,2,sssom
Orphanet_83471,Orphanet_83471,537,2,sssom
MONDO_0009459,MONDO_0009459,538,2,ambas
Orphanet_88642,MONDO_0009459,538,2,ambas
MONDO_0009461,MONDO_0009461,539,2,ambas
Orphanet_137893,MONDO_0009461,539,2,ambas
MONDO_0009490,MONDO_0009490,540,2,ambas
Orphanet_678,MONDO_0009490,540,2,ambas
MONDO_0009504,MONDO_0009504,541,2,ambas
Orphanet_17,MONDO_0009504,541,2,ambas
MONDO_0009506,Orphanet_169142,542,2,sssom
Orphanet_169142,Orphanet_169142,542,2,sssom
MONDO_0009513,MONDO_0009513,543,2,ambas
Orphanet_2407,MONDO_0009513,543,2,ambas
MONDO_0009515,MONDO_0009515,544,2,ambas
Orphanet_79293,MONDO_0009515,544,2,ambas
MONDO_0009516,MONDO_0009516,545,2,ambas
Orphanet_2310,MONDO_0009516,545,2,ambas
MONDO_0009517,Orphanet_508,546,2,ambas
Orphanet_508,Orphanet_508,546,2,ambas
MONDO_0009524,MONDO_0009524,547,2,ambas
Orphanet_1891,MONDO_0009524,547,2,ambas
MONDO_0009532,MONDO_0009532,548,2,ambas
Orphanet_531,MONDO_0009532,548,2,ambas
MONDO_0009543,MONDO_0009543,549,2,ambas
Orphanet_2083,MONDO_0009543,549,2,ambas
MONDO_0009567,MONDO_0009567,550,2,ambas
Orphanet_559,MONDO_0009567,550,2,ambas
MONDO_0009583,Orphanet_2728,551,2,ambas
Orphanet_2728,Orphanet_2728,551,2,ambas
MONDO_0009589,MONDO_0009589,552,2,ambas
Orphanet_2631,MONDO_0009589,552,2,ambas
MONDO_0009598,Orphanet_166035,553,2,sssom
Orphanet_166035,Orphanet_166035,553,2,sssom
MONDO_0009599,MONDO_0009599,554,2,ambas
Orphanet_2502,MONDO_0009599,554,2,ambas
MONDO_0009603,MONDO_0009603,555,2,ambas
Orphanet_88639,MONDO_0009603,555,2,ambas
MONDO_0009607,Orphanet_168598,556,2,ambas
Orphanet_168598,Orphanet_168598,556,2,ambas
MONDO_0009618,MONDO_0009618,557,2,ambas
Orphanet_2515,MONDO_0009618,557,2,ambas
MONDO_0009621,MONDO_0009621,558,2,ambas
Orphanet_2522,MONDO_0009621,558,2,ambas
MONDO_0009626,MONDO_0009626,559,2,ambas
Orphanet_1229,MONDO_0009626,559,2,ambas
MONDO_0009636,MONDO_0009636,560,2,ambas
Orphanet_279934,MONDO_0009636,560,2,ambas
MONDO_0009637,MONDO_0009637,561,2,ambas
Orphanet_206966,MONDO_0009637,561,2,ambas
MONDO_0009642,Orphanet_2751,562,2,ambas
Orphanet_2751,Orphanet_2751,562,2,ambas
MONDO_0009670,Orphanet_1486,563,2,ambas
Orphanet_1486,Orphanet_1486,563,2,ambas
MONDO_0009672,MONDO_0009672,564,2,ambas
Orphanet_83419,MONDO_0009672,564,2,ambas
MONDO_0009673,MONDO_0009673,565,2,ambas
Orphanet_83418,MONDO_0009673,565,2,ambas
MONDO_0009678,MONDO_0009678,566,2,ambas
Orphanet_272,MONDO_0009678,566,2,ambas
MONDO_0009680,MONDO_0009680,567,2,ambas
Orphanet_1875,MONDO_0009680,567,2,ambas
MONDO_0009698,Orphanet_308,568,2,ambas
Orphanet_308,Orphanet_308,568,2,ambas
MONDO_0009699,MONDO_0009699,569,2,ambas
Orphanet_163696,MONDO_0009699,569,2,ambas
MONDO_0009722,MONDO_0009722,570,2,ambas
Orphanet_168572,MONDO_0009722,570,2,ambas
MONDO_0009726,MONDO_0009726,571,2,sssom
Orphanet_324977,MONDO_0009726,571,2,sssom
MONDO_0009728,MONDO_0009728,572,2,ambas
Orphanet_93592,MONDO_0009728,572,2,ambas
MONDO_0009729,Orphanet_2668,573,2,ambas
Orphanet_2668,Orphanet_2668,573,2,ambas
MONDO_0009731,MONDO_0009731,574,2,ambas
Orphanet_2669,MONDO_0009731,574,2,ambas
MONDO_0009738,MONDO_0009738,575,2,ambas
Orphanet_87876,MONDO_0009738,575,2,ambas
MONDO_0009744,MONDO_0009744,576,2,ambas
Orphanet_228329,MONDO_0009744,576,2,ambas
MONDO_0009745,Orphanet_228360,577,2,ambas
Orphanet_228360,Orphanet_228360,577,2,ambas
MONDO_0009760,MONDO_0009760,578,2,ambas
Orphanet_89844,MONDO_0009760,578,2,ambas
MONDO_0009793,MONDO_0009793,579,2,xrefs
Orphanet_2752,MONDO_0009793,579,2,xrefs
MONDO_0009794,MONDO_0009794,580,2,ambas
Orphanet_2753,MONDO_0009794,580,2,ambas
MONDO_0009795,MONDO_0009795,581,2,ambas
Orphanet_141007,MONDO_0009795,581,2,ambas
MONDO_0009796,Orphanet_414,582,2,ambas
Orphanet_414,Orphanet_414,582,2,ambas
MONDO_0009797,MONDO_0009797,583,2,sssom
Orphanet_30,MONDO_0009797,583,2,sssom
MONDO_0009798,MONDO_0009798,584,2,ambas
Orphanet_3042,MONDO_0009798,584,2,ambas
MONDO_0009803,MONDO_0009803,585,2,ambas
Orphanet_2772,MONDO_0009803,585,2,ambas
MONDO_0009814,MONDO_0009814,586,2,ambas
Orphanet_2324,MONDO_0009814,586,2,ambas
MONDO_0009818,Orphanet_2785,587,2,ambas
Orphanet_2785,Orphanet_2785,587,2,ambas
MONDO_0009820,MONDO_0009820,588,2,ambas
Orphanet_2788,MONDO_0009820,588,2,ambas
MONDO_0009832,MONDO_0009832,589,2,ambas
Orphanet_2805,MONDO_0009832,589,2,ambas
MONDO_0009839,Orphanet_240085,590,2,ambas
Orphanet_240085,Orphanet_240085,590,2,ambas
MONDO_0009843,MONDO_0009843,591,2,ambas
Orphanet_280293,MONDO_0009843,591,2,ambas
MONDO_0009857,Orphanet_2856,592,2,ambas
Orphanet_2856,Orphanet_2856,592,2,ambas
MONDO_0009863,Orphanet_13,593,2,ambas
Orphanet_13,Orphanet_13,593,2,ambas
MONDO_0009871,MONDO_0009871,594,2,ambas
Orphanet_2891,MONDO_0009871,594,2,ambas
MONDO_0009872,MONDO_0009872,595,2,ambas
Orphanet_123,MONDO_0009872,595,2,ambas
MONDO_0009880,Orphanet_85442,596,2,ambas
Orphanet_85442,Orphanet_85442,596,2,ambas
MONDO_0009883,Orphanet_79,597,2,ambas
Orphanet_79,Orphanet_79,597,2,ambas
MONDO_0009892,MONDO_0009892,598,2,ambas
Orphanet_238557,MONDO_0009892,598,2,ambas
MONDO_0009900,MONDO_0009900,599,2,ambas
Orphanet_2934,MONDO_0009900,599,2,ambas
MONDO_0009908,Orphanet_1578,600,2,ambas
Orphanet_1578,Orphanet_1578,600,2,ambas
MONDO_0009915,Orphanet_2975,601,2,sssom
Orphanet_2975,Orphanet_2975,601,2,sssom
MONDO_0009917,MONDO_0009917,602,2,ambas
Orphanet_171876,MONDO_0009917,602,2,ambas
MONDO_0009921,MONDO_0009921,603,2,ambas
Orphanet_2166,MONDO_0009921,603,2,ambas
MONDO_0009924,Orphanet_289157,604,2,ambas
Orphanet_289157,Orphanet_289157,604,2,ambas
MONDO_0009925,Orphanet_758,605,2,ambas
Orphanet_758,Orphanet_758,605,2,ambas
MONDO_0009929,Orphanet_217563,606,2,sssom
Orphanet_217563,Orphanet_217563,606,2,sssom
MONDO_0009934,MONDO_0009934,607,2,ambas
Orphanet_210122,MONDO_0009934,607,2,ambas
MONDO_0009952,MONDO_0009952,608,2,ambas
Orphanet_3270,MONDO_0009952,608,2,ambas
MONDO_0009958,Orphanet_773,609,2,ambas
Orphanet_773,Orphanet_773,609,2,ambas
MONDO_0009974,Orphanet_540,610,3,xrefs
MONDO_0015541,Orphanet_540,610,3,ambas
Orphanet_540,Orphanet_540,610,3,ambas
MONDO_0009978,MONDO_0009978,611,2,ambas
Orphanet_1574,MONDO_0009978,611,2,ambas
MONDO_0009983,Orphanet_3085,612,2,ambas
Orphanet_3085,Orphanet_3085,612,2,ambas
MONDO_0010001,MONDO_0010001,613,2,ambas
Orphanet_1806,MONDO_0010001,613,2,ambas
MONDO_0010007,MONDO_0010007,614,2,ambas
Orphanet_2511,MONDO_0010007,614,2,ambas
MONDO_0010015,MONDO_0010015,615,2,ambas
Orphanet_289499,MONDO_0010015,615,2,ambas
MONDO_0010017,Orphanet_158029,616,2,xrefs
Orphanet_158029,Orphanet_158029,616,2,xrefs
MONDO_0010024,MONDO_0010024,617,2,ambas
Orphanet_93268,MONDO_0010024,617,2,ambas
MONDO_0010029,MONDO_0010029,618,2,ambas
Orphanet_101063,MONDO_0010029,618,2,ambas
MONDO_0010031,MONDO_0010031,619,2,ambas
Orphanet_816,MONDO_0010031,619,2,ambas
MONDO_0010039,MONDO_0010039,620,2,ambas
Orphanet_1355,MONDO_0010039,620,2,ambas
MONDO_0010041,MONDO_0010041,621,2,ambas
Orphanet_98,MONDO_0010041,621,2,ambas
MONDO_0010043,Orphanet_100998,622,2,ambas
Orphanet_100998,Orphanet_100998,622,2,ambas
MONDO_0010044,MONDO_0010044,623,2,ambas
Orphanet_100996,MONDO_0010044,623,2,ambas
MONDO_0010046,MONDO_0010046,624,2,ambas
Orphanet_101003,MONDO_0010046,624,2,ambas
MONDO_0010047,MONDO_0010047,625,2,ambas
Orphanet_100986,MONDO_0010047,625,2,ambas
MONDO_0010049,MONDO_0010049,626,2,ambas
Orphanet_2818,MONDO_0010049,626,2,ambas
MONDO_0010051,MONDO_0010051,627,2,ambas
Orphanet_3011,MONDO_0010051,627,2,ambas
MONDO_0010056,MONDO_0010056,628,2,ambas
Orphanet_83420,MONDO_0010056,628,2,ambas
MONDO_0010064,MONDO_0010064,629,2,ambas
Orphanet_2572,MONDO_0010064,629,2,ambas
MONDO_0010068,Orphanet_93357,630,2,ambas
Orphanet_93357,Orphanet_93357,630,2,ambas
MONDO_0010069,MONDO_0010069,631,2,xrefs
Orphanet_94095,MONDO_0010069,631,2,xrefs
MONDO_0010077,Orphanet_93358,632,2,ambas
Orphanet_93358,Orphanet_93358,632,2,ambas
MONDO_0010078,MONDO_0010078,633,2,ambas
Orphanet_1856,MONDO_0010078,633,2,ambas
MONDO_0010088,Orphanet_585,634,2,ambas
Orphanet_585,Orphanet_585,634,2,ambas
MONDO_0010091,MONDO_0010091,635,2,ambas
Orphanet_1545,MONDO_0010091,635,2,ambas
MONDO_0010094,MONDO_0010094,636,2,ambas
Orphanet_3275,MONDO_0010094,636,2,ambas
MONDO_0010099,Orphanet_309246,637,2,ambas
Orphanet_309246,Orphanet_309246,637,2,ambas
MONDO_0010110,Orphanet_3301,638,2,ambas
Orphanet_3301,Orphanet_3301,638,2,ambas
MONDO_0010121,MONDO_0010121,639,2,ambas
Orphanet_3320,MONDO_0010121,639,2,ambas
MONDO_0010125,MONDO_0010125,640,2,ambas
Orphanet_2489,MONDO_0010125,640,2,ambas
MONDO_0010152,MONDO_0010152,641,2,ambas
Orphanet_3363,MONDO_0010152,641,2,ambas
MONDO_0010160,MONDO_0010160,642,2,ambas
Orphanet_28378,MONDO_0010160,642,2,ambas
MONDO_0010161,Orphanet_882,643,2,ambas
Orphanet_882,Orphanet_882,643,2,ambas
MONDO_0010162,MONDO_0010162,644,2,ambas
Orphanet_69723,MONDO_0010162,644,2,ambas
MONDO_0010165,MONDO_0010165,645,2,ambas
Orphanet_2249,MONDO_0010165,645,2,ambas
MONDO_0010176,Orphanet_2754,646,2,ambas
Orphanet_2754,Orphanet_2754,646,2,ambas
MONDO_0010187,MONDO_0015722,647,3,xrefs
MONDO_0015722,MONDO_0015722,647,3,ambas
Orphanet_98434,MONDO_0015722,647,3,ambas
MONDO_0010188,Orphanet_96,648,2,ambas
Orphanet_96,Orphanet_96,648,2,ambas
MONDO_0010210,MONDO_0010210,649,2,xrefs
Orphanet_276249,MONDO_0010210,649,2,xrefs
MONDO_0010211,MONDO_0010211,650,2,xrefs
Orphanet_276255,MONDO_0010211,650,2,xrefs
MONDO_0010212,MONDO_0010212,651,2,xrefs
Orphanet_276258,MONDO_0010212,651,2,xrefs
MONDO_0010213,MONDO_0010213,652,2,xrefs
Orphanet_276261,MONDO_0010213,652,2,xrefs
MONDO_0010214,Orphanet_90342,653,2,ambas
Orphanet_90342,Orphanet_90342,653,2,ambas
MONDO_0010215,MONDO_0010215,654,2,xrefs
Orphanet_276264,MONDO_0010215,654,2,xrefs
MONDO_0010216,MONDO_0010216,655,2,xrefs
Orphanet_276267,MONDO_0010216,655,2,xrefs
MONDO_0010235,MONDO_0010235,656,2,sssom
Orphanet_3077,MONDO_0010235,656,2,sssom
MONDO_0010263,MONDO_0010263,657,2,sssom
Orphanet_86818,MONDO_0010263,657,2,sssom
MONDO_0010264,Orphanet_95702,658,2,ambas
Orphanet_95702,Orphanet_95702,658,2,ambas
MONDO_0010277,MONDO_0010277,659,2,ambas
Orphanet_85286,MONDO_0010277,659,2,ambas
MONDO_0010279,MONDO_0010279,660,2,ambas
Orphanet_88630,MONDO_0010279,660,2,ambas
MONDO_0010285,Orphanet_85273,661,2,ambas
Orphanet_85273,Orphanet_85273,661,2,ambas
MONDO_0010286,Orphanet_85287,662,2,sssom
Orphanet_85287,Orphanet_85287,662,2,sssom
MONDO_0010287,Orphanet_100997,663,2,ambas
Orphanet_100997,Orphanet_100997,663,2,ambas
MONDO_0010293,Orphanet_98813,664,2,sssom
Orphanet_98813,Orphanet_98813,664,2,sssom
MONDO_0010295,MONDO_0010295,665,2,ambas
Orphanet_69088,MONDO_0010295,665,2,ambas
MONDO_0010305,MONDO_0010305,666,2,ambas
Orphanet_52503,MONDO_0010305,666,2,ambas
MONDO_0010310,MONDO_0010310,667,2,ambas
Orphanet_2780,MONDO_0010310,667,2,ambas
MONDO_0010319,Orphanet_93952,668,2,ambas
Orphanet_93952,Orphanet_93952,668,2,ambas
MONDO_0010327,MONDO_0010327,669,2,ambas
Orphanet_391417,MONDO_0010327,669,2,ambas
MONDO_0010328,MONDO_0010328,670,2,ambas
Orphanet_231401,MONDO_0010328,670,2,ambas
MONDO_0010332,MONDO_0010332,671,2,ambas
Orphanet_85280,MONDO_0010332,671,2,ambas
MONDO_0010333,MONDO_0010333,672,2,ambas
Orphanet_52055,MONDO_0010333,672,2,ambas
MONDO_0010336,MONDO_0010336,673,2,ambas
Orphanet_2755,MONDO_0010336,673,2,ambas
MONDO_0010337,MONDO_0010337,674,2,ambas
Orphanet_137831,MONDO_0010337,674,2,ambas
MONDO_0010339,MONDO_0010339,675,2,ambas
Orphanet_85294,MONDO_0010339,675,2,ambas
MONDO_0010353,MONDO_0010353,676,2,ambas
Orphanet_85321,MONDO_0010353,676,2,ambas
MONDO_0010355,MONDO_0010355,677,2,sssom
Orphanet_85279,MONDO_0010355,677,2,sssom
MONDO_0010371,Orphanet_178333,678,2,ambas
Orphanet_178333,Orphanet_178333,678,2,ambas
MONDO_0010375,MONDO_0010375,679,2,sssom
Orphanet_163985,MONDO_0010375,679,2,sssom
MONDO_0010378,Orphanet_139583,680,2,ambas
Orphanet_139583,Orphanet_139583,680,2,ambas
MONDO_0010379,Orphanet_3057,681,2,ambas
Orphanet_3057,Orphanet_3057,681,2,ambas
MONDO_0010403,Orphanet_998,682,2,ambas
Orphanet_998,Orphanet_998,682,2,ambas
MONDO_0010407,MONDO_0010407,683,2,xrefs
Orphanet_85328,MONDO_0010407,683,2,xrefs
MONDO_0010408,MONDO_0010408,684,2,ambas
Orphanet_140952,MONDO_0010408,684,2,ambas
MONDO_0010409,MONDO_0010409,685,2,ambas
Orphanet_85324,MONDO_0010409,685,2,ambas
MONDO_0010412,MONDO_0010412,686,2,ambas
Orphanet_163979,MONDO_0010412,686,2,ambas
MONDO_0010417,MONDO_0010417,687,2,ambas
Orphanet_163937,MONDO_0010417,687,2,ambas
MONDO_0010418,Orphanet_171607,688,2,ambas
Orphanet_171607,Orphanet_171607,688,2,ambas
MONDO_0010421,Orphanet_47,689,2,ambas
Orphanet_47,Orphanet_47,689,2,ambas
MONDO_0010428,Orphanet_217377,690,2,ambas
Orphanet_217377,Orphanet_217377,690,2,ambas
MONDO_0010448,MONDO_0010448,691,2,ambas
Orphanet_280679,MONDO_0010448,691,2,ambas
MONDO_0010457,MONDO_0010457,692,2,ambas
Orphanet_276432,MONDO_0010457,692,2,ambas
MONDO_0010460,MONDO_0010460,693,2,ambas
Orphanet_289483,MONDO_0010460,693,2,ambas
MONDO_0010461,Orphanet_163956,694,2,ambas
Orphanet_163956,Orphanet_163956,694,2,ambas
MONDO_0010466,MONDO_0010466,695,2,ambas
Orphanet_300496,MONDO_0010466,695,2,ambas
MONDO_0010472,Orphanet_324422,696,2,sssom
Orphanet_324422,Orphanet_324422,696,2,sssom
MONDO_0010473,MONDO_0010473,697,2,ambas
Orphanet_324410,MONDO_0010473,697,2,ambas
MONDO_0010477,Orphanet_293707,698,2,ambas
Orphanet_293707,Orphanet_293707,698,2,ambas
MONDO_0010479,Orphanet_352675,699,2,ambas
Orphanet_352675,Orphanet_352675,699,2,ambas
MONDO_0010519,MONDO_0010519,700,2,ambas
Orphanet_847,MONDO_0010519,700,2,ambas
MONDO_0010523,Orphanet_85453,701,2,ambas
Orphanet_85453,Orphanet_85453,701,2,ambas
MONDO_0010532,MONDO_0010532,702,2,ambas
Orphanet_1145,MONDO_0010532,702,2,ambas
MONDO_0010533,MONDO_0010533,703,2,ambas
Orphanet_1187,MONDO_0010533,703,2,ambas
MONDO_0010535,Orphanet_113,704,3,ambas
Orphanet_113,Orphanet_113,704,3,ambas
Orphanet_166113,Orphanet_113,704,3,ambas
MONDO_0010549,MONDO_0010549,705,2,ambas
Orphanet_101075,MONDO_0010549,705,2,ambas
MONDO_0010550,Orphanet_101076,706,2,ambas
Orphanet_101076,Orphanet_101076,706,2,ambas
MONDO_0010551,Orphanet_101077,707,2,ambas
Orphanet_101077,Orphanet_101077,707,2,ambas
MONDO_0010558,Orphanet_1435,708,2,ambas
Orphanet_1435,Orphanet_1435,708,2,ambas
MONDO_0010563,MONDO_0010563,709,2,ambas
Orphanet_16,MONDO_0010563,709,2,ambas
MONDO_0010570,MONDO_0010570,710,2,ambas
Orphanet_1520,MONDO_0010570,710,2,ambas
MONDO_0010574,MONDO_0010574,711,2,ambas
Orphanet_1568,MONDO_0010574,711,2,ambas
MONDO_0010576,Orphanet_383,712,2,xrefs
Orphanet_383,Orphanet_383,712,2,xrefs
MONDO_0010578,Orphanet_52368,713,2,ambas
Orphanet_52368,Orphanet_52368,713,2,ambas
MONDO_0010611,Orphanet_2182,714,2,ambas
Orphanet_2182,Orphanet_2182,714,2,ambas
MONDO_0010613,MONDO_0010613,715,2,ambas
Orphanet_308993,MONDO_0010613,715,2,ambas
MONDO_0010617,MONDO_0010617,716,2,ambas
Orphanet_2234,MONDO_0010617,716,2,ambas
MONDO_0010619,Orphanet_89936,717,2,ambas
Orphanet_89936,Orphanet_89936,717,2,ambas
MONDO_0010626,Orphanet_101088,718,2,ambas
Orphanet_101088,Orphanet_101088,718,2,ambas
MONDO_0010627,Orphanet_2442,719,2,ambas
Orphanet_2442,Orphanet_2442,719,2,ambas
MONDO_0010638,MONDO_0010638,720,2,ambas
Orphanet_2339,MONDO_0010638,720,2,ambas
MONDO_0010639,MONDO_0010639,721,2,ambas
Orphanet_2375,MONDO_0010639,721,2,ambas
MONDO_0010641,Orphanet_1018,722,2,ambas
Orphanet_1018,Orphanet_1018,722,2,ambas
MONDO_0010650,MONDO_0010650,723,2,ambas
Orphanet_2484,MONDO_0010650,723,2,ambas
MONDO_0010652,MONDO_0010652,724,2,ambas
Orphanet_3052,MONDO_0010652,724,2,ambas
MONDO_0010658,MONDO_0010658,725,2,ambas
Orphanet_85290,MONDO_0010658,725,2,ambas
MONDO_0010662,MONDO_0010662,726,2,ambas
Orphanet_2824,MONDO_0010662,726,2,ambas
MONDO_0010663,MONDO_0010663,727,2,xrefs
Orphanet_73220,MONDO_0010663,727,2,xrefs
MONDO_0010664,Orphanet_3063,728,2,ambas
Orphanet_3063,Orphanet_3063,728,2,ambas
MONDO_0010667,MONDO_0010667,729,2,ambas
Orphanet_2958,MONDO_0010667,729,2,ambas
MONDO_0010668,Orphanet_1436,730,2,ambas
Orphanet_1436,Orphanet_1436,730,2,ambas
MONDO_0010672,Orphanet_2556,731,2,ambas
Orphanet_2556,Orphanet_2556,731,2,ambas
MONDO_0010689,Orphanet_101078,732,2,ambas
Orphanet_101078,Orphanet_101078,732,2,ambas
MONDO_0010698,MONDO_0010698,733,2,ambas
Orphanet_98890,MONDO_0010698,733,2,ambas
MONDO_0010699,Orphanet_99014,734,2,ambas
Orphanet_99014,Orphanet_99014,734,2,ambas
MONDO_0010702,MONDO_0010702,735,2,ambas
Orphanet_2750,MONDO_0010702,735,2,ambas
MONDO_0010708,Orphanet_2804,736,2,ambas
Orphanet_2804,Orphanet_2804,736,2,ambas
MONDO_0010709,MONDO_0010709,737,2,ambas
Orphanet_2379,MONDO_0010709,737,2,ambas
MONDO_0010710,MONDO_0010710,738,2,ambas
Orphanet_2888,MONDO_0010710,738,2,ambas
MONDO_0010713,MONDO_0010713,739,2,ambas
Orphanet_2966,MONDO_0010713,739,2,ambas
MONDO_0010718,MONDO_0010718,740,2,ambas
Orphanet_3016,MONDO_0010718,740,2,ambas
MONDO_0010732,MONDO_0010732,741,2,ambas
Orphanet_2815,MONDO_0010732,741,2,ambas
MONDO_0010733,MONDO_0010733,742,2,ambas
Orphanet_99015,MONDO_0010733,742,2,ambas
MONDO_0010742,MONDO_0010742,743,2,ambas
Orphanet_1335,MONDO_0010742,743,2,ambas
MONDO_0010743,MONDO_0010743,744,2,sssom
Orphanet_852,MONDO_0010743,744,2,sssom
MONDO_0010745,MONDO_0010745,745,2,ambas
Orphanet_231393,MONDO_0010745,745,2,ambas
MONDO_0010748,MONDO_0010748,746,2,ambas
Orphanet_3341,MONDO_0010748,746,2,ambas
MONDO_0010749,MONDO_0010749,747,2,ambas
Orphanet_3369,MONDO_0010749,747,2,ambas
MONDO_0010758,Orphanet_3454,748,2,ambas
Orphanet_3454,Orphanet_3454,748,2,ambas
MONDO_0010779,Orphanet_90641,749,2,sssom
Orphanet_90641,Orphanet_90641,749,2,sssom
MONDO_0010789,Orphanet_550,750,2,ambas
Orphanet_550,Orphanet_550,750,2,ambas
MONDO_0010790,Orphanet_551,751,2,ambas
Orphanet_551,Orphanet_551,751,2,ambas
MONDO_0010798,MONDO_0010798,752,2,xrefs
Orphanet_3390,MONDO_0010798,752,2,xrefs
MONDO_0010802,MONDO_0010802,753,2,ambas
Orphanet_2255,MONDO_0010802,753,2,ambas
MONDO_0010814,Orphanet_1422,754,2,ambas
Orphanet_1422,Orphanet_1422,754,2,ambas
MONDO_0010816,Orphanet_3010,755,2,ambas
Orphanet_3010,Orphanet_3010,755,2,ambas
MONDO_0010824,Orphanet_2983,756,2,ambas
Orphanet_2983,Orphanet_2983,756,2,ambas
MONDO_0010829,Orphanet_199354,757,2,ambas
Orphanet_199354,Orphanet_199354,757,2,ambas
MONDO_0010830,Orphanet_228354,758,2,ambas
Orphanet_228354,Orphanet_228354,758,2,ambas
MONDO_0010840,MONDO_0010840,759,2,ambas
Orphanet_2798,MONDO_0010840,759,2,ambas
MONDO_0010842,MONDO_0010842,760,2,ambas
Orphanet_2451,MONDO_0010842,760,2,ambas
MONDO_0010855,MONDO_0010855,761,2,ambas
Orphanet_2832,MONDO_0010855,761,2,ambas
MONDO_0010878,Orphanet_100988,762,2,ambas
Orphanet_100988,Orphanet_100988,762,2,ambas
MONDO_0010882,MONDO_0010882,763,2,ambas
Orphanet_1113,MONDO_0010882,763,2,ambas
MONDO_0010890,MONDO_0010890,764,2,ambas
Orphanet_2008,MONDO_0010890,764,2,ambas
MONDO_0010907,Orphanet_2224,765,2,ambas
Orphanet_2224,Orphanet_2224,765,2,ambas
MONDO_0010926,MONDO_0010926,766,2,ambas
Orphanet_101050,MONDO_0010926,766,2,ambas
MONDO_0010949,Orphanet_99936,767,2,ambas
Orphanet_99936,Orphanet_99936,767,2,ambas
MONDO_0010966,Orphanet_93298,768,2,ambas
Orphanet_93298,Orphanet_93298,768,2,ambas
MONDO_0010971,MONDO_0010971,769,2,xrefs
Orphanet_1849,MONDO_0010971,769,2,xrefs
MONDO_0010976,Orphanet_89838,770,2,ambas
Orphanet_89838,Orphanet_89838,770,2,ambas
MONDO_0010983,Orphanet_53583,771,2,ambas
Orphanet_53583,Orphanet_53583,771,2,ambas
MONDO_0010988,MONDO_0010988,772,2,ambas
Orphanet_1117,MONDO_0010988,772,2,ambas
MONDO_0010989,MONDO_0010989,773,2,ambas
Orphanet_2578,MONDO_0010989,773,2,ambas
MONDO_0010997,MONDO_0010997,774,2,ambas
Orphanet_240071,MONDO_0010997,774,2,ambas
MONDO_0010999,MONDO_0010999,775,2,ambas
Orphanet_3304,MONDO_0010999,775,2,ambas
MONDO_0011007,MONDO_0011007,776,2,ambas
Orphanet_2141,MONDO_0011007,776,2,ambas
MONDO_0011011,MONDO_0011011,777,2,ambas
Orphanet_1858,MONDO_0011011,777,2,ambas
MONDO_0011025,Orphanet_94122,778,2,ambas
Orphanet_94122,Orphanet_94122,778,2,ambas
MONDO_0011038,MONDO_0011038,779,2,ambas
Orphanet_1171,MONDO_0011038,779,2,ambas
MONDO_0011048,MONDO_0011048,780,2,ambas
Orphanet_1948,MONDO_0011048,780,2,ambas
MONDO_0011050,MONDO_0011050,781,2,ambas
Orphanet_2516,MONDO_0011050,781,2,ambas
MONDO_0011053,MONDO_0011053,782,2,ambas
Orphanet_3051,MONDO_0011053,782,2,ambas
MONDO_0011059,MONDO_0011059,783,2,ambas
Orphanet_2163,MONDO_0011059,783,2,ambas
MONDO_0011076,Orphanet_98909,784,3,ambas
Orphanet_363543,Orphanet_98909,784,3,xrefs
Orphanet_98909,Orphanet_98909,784,3,ambas
MONDO_0011091,MONDO_0011091,785,2,ambas
Orphanet_99938,MONDO_0011091,785,2,ambas
MONDO_0011093,Orphanet_67041,786,2,ambas
Orphanet_67041,Orphanet_67041,786,2,ambas
MONDO_0011099,MONDO_0011099,787,2,ambas
Orphanet_69739,MONDO_0011099,787,2,ambas
MONDO_0011107,Orphanet_1573,788,2,ambas
Orphanet_1573,Orphanet_1573,788,2,ambas
MONDO_0011116,MONDO_0011116,789,2,ambas
Orphanet_1120,MONDO_0011116,789,2,ambas
MONDO_0011124,MONDO_0011124,790,2,ambas
Orphanet_168451,MONDO_0011124,790,2,ambas
MONDO_0011132,Orphanet_169095,791,2,ambas
Orphanet_169095,Orphanet_169095,791,2,ambas
MONDO_0011144,MONDO_0011144,792,2,ambas
Orphanet_228363,MONDO_0011144,792,2,ambas
MONDO_0011145,Orphanet_363741,793,2,sssom
Orphanet_363741,Orphanet_363741,793,2,sssom
MONDO_0011152,MONDO_0011152,794,2,ambas
Orphanet_79351,MONDO_0011152,794,2,ambas
MONDO_0011157,MONDO_0011157,795,2,ambas
Orphanet_1532,MONDO_0011157,795,2,ambas
MONDO_0011166,MONDO_0011166,796,2,ambas
Orphanet_86915,MONDO_0011166,796,2,ambas
MONDO_0011174,MONDO_0011174,797,2,sssom
Orphanet_251523,MONDO_0011174,797,2,sssom
MONDO_0011176,Orphanet_30924,798,2,ambas
Orphanet_30924,Orphanet_30924,798,2,ambas
MONDO_0011190,MONDO_0011190,799,2,ambas
Orphanet_93591,MONDO_0011190,799,2,ambas
MONDO_0011218,Orphanet_91132,800,2,sssom
Orphanet_91132,Orphanet_91132,800,2,sssom
MONDO_0011235,MONDO_0011235,801,2,sssom
Orphanet_2840,MONDO_0011235,801,2,sssom
MONDO_0011246,Orphanet_280671,802,2,sssom
Orphanet_280671,Orphanet_280671,802,2,sssom
MONDO_0011255,MONDO_0011255,803,2,sssom
Orphanet_357158,MONDO_0011255,803,2,sssom
MONDO_0011261,Orphanet_163649,804,2,ambas
Orphanet_163649,Orphanet_163649,804,2,ambas
MONDO_0011264,Orphanet_98806,805,2,ambas
Orphanet_98806,Orphanet_98806,805,2,ambas
MONDO_0011266,MONDO_0011266,806,2,ambas
Orphanet_606,MONDO_0011266,806,2,ambas
MONDO_0011275,Orphanet_40,807,2,ambas
Orphanet_40,Orphanet_40,807,2,ambas
MONDO_0011287,MONDO_0011287,808,2,ambas
Orphanet_85199,MONDO_0011287,808,2,ambas
MONDO_0011323,MONDO_0011323,809,2,sssom
Orphanet_2250,MONDO_0011323,809,2,sssom
MONDO_0011339,Orphanet_100989,810,2,ambas
Orphanet_100989,Orphanet_100989,810,2,ambas
MONDO_0011359,MONDO_0011359,811,2,ambas
Orphanet_1827,MONDO_0011359,811,2,ambas
MONDO_0011362,Orphanet_178464,812,2,sssom
Orphanet_178464,Orphanet_178464,812,2,sssom
MONDO_0011365,MONDO_0011365,813,2,ambas
Orphanet_3047,MONDO_0011365,813,2,ambas
MONDO_0011396,Orphanet_79395,814,2,ambas
Orphanet_79395,Orphanet_79395,814,2,ambas
MONDO_0011399,MONDO_0011399,815,2,ambas
Orphanet_846,MONDO_0011399,815,2,ambas
MONDO_0011402,Orphanet_48431,816,2,ambas
Orphanet_48431,Orphanet_48431,816,2,ambas
MONDO_0011408,MONDO_0011408,817,2,ambas
Orphanet_100991,MONDO_0011408,817,2,ambas
MONDO_0011432,Orphanet_293725,818,2,sssom
Orphanet_293725,Orphanet_293725,818,2,sssom
MONDO_0011436,Orphanet_98920,819,2,ambas
Orphanet_98920,Orphanet_98920,819,2,ambas
MONDO_0011445,Orphanet_2822,820,2,ambas
Orphanet_2822,Orphanet_2822,820,2,ambas
MONDO_0011454,MONDO_0011454,821,2,ambas
Orphanet_228190,MONDO_0011454,821,2,ambas
MONDO_0011462,MONDO_0011462,822,2,ambas
Orphanet_69126,MONDO_0011462,822,2,ambas
MONDO_0011476,Orphanet_34592,823,2,ambas
Orphanet_34592,Orphanet_34592,823,2,ambas
MONDO_0011481,MONDO_0011481,824,2,ambas
Orphanet_1541,MONDO_0011481,824,2,ambas
MONDO_0011486,MONDO_0011486,825,2,ambas
Orphanet_98893,MONDO_0011486,825,2,ambas
MONDO_0011489,Orphanet_100993,826,2,ambas
Orphanet_100993,Orphanet_100993,826,2,ambas
MONDO_0011522,MONDO_0011522,827,2,ambas
Orphanet_100995,MONDO_0011522,827,2,ambas
MONDO_0011532,Orphanet_100994,828,2,ambas
Orphanet_100994,Orphanet_100994,828,2,ambas
MONDO_0011539,MONDO_0011539,829,2,ambas
Orphanet_98902,MONDO_0011539,829,2,ambas
MONDO_0011541,MONDO_0011541,830,2,ambas
Orphanet_217622,MONDO_0011541,830,2,ambas
MONDO_0011551,Orphanet_101150,831,2,ambas
Orphanet_101150,Orphanet_101150,831,2,ambas
MONDO_0011555,Orphanet_71289,832,2,ambas
Orphanet_71289,Orphanet_71289,832,2,ambas
MONDO_0011575,MONDO_0011575,833,2,ambas
Orphanet_66625,MONDO_0011575,833,2,ambas
MONDO_0011582,MONDO_0011582,834,2,ambas
Orphanet_401869,MONDO_0011582,834,2,ambas
MONDO_0011595,MONDO_0011595,835,2,sssom
Orphanet_79144,MONDO_0011595,835,2,sssom
MONDO_0011603,MONDO_0011603,836,2,ambas
Orphanet_602,MONDO_0011603,836,2,ambas
MONDO_0011621,MONDO_0011621,837,2,ambas
Orphanet_85203,MONDO_0011621,837,2,ambas
MONDO_0011633,MONDO_0011633,838,2,ambas
Orphanet_99937,MONDO_0011633,838,2,ambas
MONDO_0011652,MONDO_0011652,839,2,ambas
Orphanet_48652,MONDO_0011652,839,2,ambas
MONDO_0011669,MONDO_0011669,840,3,ambas
Orphanet_163690,MONDO_0011669,840,3,ambas
Orphanet_238517,MONDO_0011669,840,3,ambas
MONDO_0011674,Orphanet_100044,841,2,ambas
Orphanet_100044,Orphanet_100044,841,2,ambas
MONDO_0011675,MONDO_0011675,842,2,ambas
Orphanet_100043,MONDO_0011675,842,2,ambas
MONDO_0011686,Orphanet_99812,843,2,ambas
Orphanet_99812,Orphanet_99812,843,2,ambas
MONDO_0011687,Orphanet_99940,844,2,ambas
Orphanet_99940,Orphanet_99940,844,2,ambas
MONDO_0011744,Orphanet_140436,845,2,ambas
Orphanet_140436,Orphanet_140436,845,2,ambas
MONDO_0011766,MONDO_0011766,846,2,sssom
Orphanet_168563,MONDO_0011766,846,2,sssom
MONDO_0011785,Orphanet_100999,847,2,ambas
Orphanet_100999,Orphanet_100999,847,2,ambas
MONDO_0011801,MONDO_0011801,848,2,ambas
Orphanet_94124,MONDO_0011801,848,2,ambas
MONDO_0011803,MONDO_0011803,849,2,ambas
Orphanet_99013,MONDO_0011803,849,2,ambas
MONDO_0011804,MONDO_0011804,850,2,ambas
Orphanet_275517,MONDO_0011804,850,2,ambas
MONDO_0011811,Orphanet_95434,851,2,ambas
Orphanet_95434,Orphanet_95434,851,2,ambas
MONDO_0011812,MONDO_0011812,852,2,ambas
Orphanet_93293,MONDO_0011812,852,2,ambas
MONDO_0011823,MONDO_0011823,853,2,ambas
Orphanet_79107,MONDO_0011823,853,2,ambas
MONDO_0011835,MONDO_0011835,854,2,ambas
Orphanet_70595,MONDO_0011835,854,2,ambas
MONDO_0011841,MONDO_0011841,855,2,sssom
Orphanet_199348,MONDO_0011841,855,2,sssom
MONDO_0011862,Orphanet_101004,856,2,ambas
Orphanet_101004,Orphanet_101004,856,2,ambas
MONDO_0011868,MONDO_0011868,857,2,ambas
Orphanet_137776,MONDO_0011868,857,2,ambas
MONDO_0011872,MONDO_0011872,858,2,ambas
Orphanet_79477,MONDO_0011872,858,2,ambas
MONDO_0011877,Orphanet_2783,859,2,ambas
Orphanet_2783,Orphanet_2783,859,2,ambas
MONDO_0011883,MONDO_0011883,860,2,ambas
Orphanet_307766,MONDO_0011883,860,2,ambas
MONDO_0011886,Orphanet_98807,861,2,ambas
Orphanet_98807,Orphanet_98807,861,2,ambas
MONDO_0011888,MONDO_0011888,862,2,ambas
Orphanet_70592,MONDO_0011888,862,2,ambas
MONDO_0011889,MONDO_0011889,863,2,ambas
Orphanet_99942,MONDO_0011889,863,2,ambas
MONDO_0011894,Orphanet_99939,864,2,ambas
Orphanet_99939,Orphanet_99939,864,2,ambas
MONDO_0011897,Orphanet_137639,865,2,xrefs
Orphanet_137639,Orphanet_137639,865,2,xrefs
MONDO_0011901,MONDO_0011901,866,2,ambas
Orphanet_101102,MONDO_0011901,866,2,ambas
MONDO_0011903,MONDO_0011903,867,2,ambas
Orphanet_99943,MONDO_0011903,867,2,ambas
MONDO_0011904,MONDO_0011904,868,2,ambas
Orphanet_140927,MONDO_0011904,868,2,ambas
MONDO_0011906,Orphanet_79301,869,2,ambas
Orphanet_79301,Orphanet_79301,869,2,ambas
MONDO_0011909,MONDO_0011909,870,2,ambas
Orphanet_100046,MONDO_0011909,870,2,ambas
MONDO_0011916,Orphanet_101097,871,2,ambas
Orphanet_101097,Orphanet_101097,871,2,ambas
MONDO_0011925,Orphanet_258,872,2,ambas
Orphanet_258,Orphanet_258,872,2,ambas
MONDO_0011929,Orphanet_1606,873,2,ambas
Orphanet_1606,Orphanet_1606,873,2,ambas
MONDO_0011970,Orphanet_163727,874,2,ambas
Orphanet_163727,Orphanet_163727,874,2,ambas
MONDO_0011976,MONDO_0011976,875,2,ambas
Orphanet_50811,MONDO_0011976,875,2,ambas
MONDO_0011992,Orphanet_101005,876,2,ambas
Orphanet_101005,Orphanet_101005,876,2,ambas
MONDO_0011995,MONDO_0011995,877,2,ambas
Orphanet_314993,MONDO_0011995,877,2,ambas
MONDO_0011997,MONDO_0011997,878,2,ambas
Orphanet_183678,MONDO_0011997,878,2,ambas
MONDO_0012012,Orphanet_100045,879,2,ambas
Orphanet_100045,Orphanet_100045,879,2,ambas
MONDO_0012013,Orphanet_2084,880,2,ambas
Orphanet_2084,Orphanet_2084,880,2,ambas
MONDO_0012014,MONDO_0012014,881,2,ambas
Orphanet_217055,MONDO_0012014,881,2,ambas
MONDO_0012016,Orphanet_137667,882,2,ambas
Orphanet_137667,Orphanet_137667,882,2,ambas
MONDO_0012020,Orphanet_1727,883,2,ambas
Orphanet_1727,Orphanet_1727,883,2,ambas
MONDO_0012043,MONDO_0012043,884,2,ambas
Orphanet_98961,MONDO_0012043,884,2,ambas
MONDO_0012055,MONDO_0012055,885,2,ambas
Orphanet_2370,MONDO_0012055,885,2,ambas
MONDO_0012063,MONDO_0012063,886,2,ambas
Orphanet_52056,MONDO_0012063,886,2,ambas
MONDO_0012064,Orphanet_1200,887,2,ambas
Orphanet_1200,Orphanet_1200,887,2,ambas
MONDO_0012072,Orphanet_79084,888,2,ambas
Orphanet_79084,Orphanet_79084,888,2,ambas
MONDO_0012096,Orphanet_99945,889,2,ambas
Orphanet_99945,Orphanet_99945,889,2,ambas
MONDO_0012123,MONDO_0012123,890,2,ambas
Orphanet_79322,MONDO_0012123,890,2,ambas
MONDO_0012124,MONDO_0012124,891,2,ambas
Orphanet_168593,MONDO_0012124,891,2,ambas
MONDO_0012125,Orphanet_280282,892,2,ambas
Orphanet_280282,Orphanet_280282,892,2,ambas
MONDO_0012130,Orphanet_399058,893,2,ambas
Orphanet_399058,Orphanet_399058,893,2,ambas
MONDO_0012137,MONDO_0012137,894,2,ambas
Orphanet_319340,MONDO_0012137,894,2,ambas
MONDO_0012160,Orphanet_85167,895,2,ambas
Orphanet_85167,Orphanet_85167,895,2,ambas
MONDO_0012177,Orphanet_88628,896,2,ambas
Orphanet_88628,Orphanet_88628,896,2,ambas
MONDO_0012181,Orphanet_101007,897,2,ambas
Orphanet_101007,Orphanet_101007,897,2,ambas
MONDO_0012188,MONDO_0012188,898,2,xrefs
Orphanet_228357,MONDO_0012188,898,2,xrefs
MONDO_0012190,MONDO_0012190,899,2,sssom
Orphanet_300333,MONDO_0012190,899,2,sssom
MONDO_0012191,MONDO_0012191,900,2,ambas
Orphanet_137681,MONDO_0012191,900,2,ambas
MONDO_0012192,MONDO_0012192,901,2,ambas
Orphanet_65288,MONDO_0012192,901,2,ambas
MONDO_0012195,MONDO_0012195,902,2,ambas
Orphanet_65720,MONDO_0012195,902,2,ambas
MONDO_0012198,MONDO_0012198,903,2,ambas
Orphanet_163746,MONDO_0012198,903,2,ambas
MONDO_0012213,Orphanet_101006,904,2,ambas
Orphanet_101006,Orphanet_101006,904,2,ambas
MONDO_0012215,MONDO_0012215,905,2,ambas
Orphanet_98911,MONDO_0012215,905,2,ambas
MONDO_0012216,Orphanet_397618,906,2,sssom
Orphanet_397618,Orphanet_397618,906,2,sssom
MONDO_0012220,MONDO_0012220,907,2,ambas
Orphanet_79478,MONDO_0012220,907,2,ambas
MONDO_0012231,Orphanet_99947,908,2,ambas
Orphanet_99947,Orphanet_99947,908,2,ambas
MONDO_0012235,Orphanet_284324,909,2,ambas
Orphanet_284324,Orphanet_284324,909,2,ambas
MONDO_0012256,MONDO_0012256,910,2,ambas
Orphanet_101008,MONDO_0012256,910,2,ambas
MONDO_0012258,Orphanet_158681,911,2,ambas
Orphanet_158681,Orphanet_158681,911,2,ambas
MONDO_0012269,Orphanet_65286,912,2,ambas
Orphanet_65286,Orphanet_65286,912,2,ambas
MONDO_0012276,Orphanet_79137,913,2,ambas
Orphanet_79137,Orphanet_79137,913,2,ambas
MONDO_0012277,Orphanet_98912,914,2,ambas
Orphanet_98912,Orphanet_98912,914,2,ambas
MONDO_0012289,Orphanet_171445,915,2,ambas
Orphanet_171445,Orphanet_171445,915,2,ambas
MONDO_0012297,Orphanet_320406,916,2,ambas
Orphanet_320406,Orphanet_320406,916,2,ambas
MONDO_0012324,MONDO_0012324,917,2,ambas
Orphanet_264200,MONDO_0012324,917,2,ambas
MONDO_0012334,Orphanet_101009,918,2,ambas
Orphanet_101009,Orphanet_101009,918,2,ambas
MONDO_0012354,MONDO_0012354,919,2,ambas
Orphanet_36355,MONDO_0012354,919,2,ambas
MONDO_0012359,MONDO_0012359,920,2,ambas
Orphanet_231154,MONDO_0012359,920,2,ambas
MONDO_0012382,MONDO_0012382,921,2,ambas
Orphanet_71212,MONDO_0012382,921,2,ambas
MONDO_0012383,MONDO_0012383,922,2,ambas
Orphanet_75391,MONDO_0012383,922,2,ambas
MONDO_0012387,MONDO_0012387,923,2,ambas
Orphanet_75325,MONDO_0012387,923,2,ambas
MONDO_0012391,Orphanet_1947,924,2,ambas
Orphanet_1947,Orphanet_1947,924,2,ambas
MONDO_0012399,Orphanet_300573,925,2,ambas
Orphanet_300573,Orphanet_300573,925,2,ambas
MONDO_0012400,Orphanet_163681,926,2,ambas
Orphanet_163681,Orphanet_163681,926,2,ambas
MONDO_0012414,MONDO_0012414,927,2,ambas
Orphanet_228337,MONDO_0012414,927,2,ambas
MONDO_0012435,MONDO_0012435,928,2,ambas
Orphanet_66634,MONDO_0012435,928,2,ambas
MONDO_0012453,Orphanet_101011,929,2,ambas
Orphanet_101011,Orphanet_101011,929,2,ambas
MONDO_0012476,MONDO_0012476,930,2,ambas
Orphanet_101010,MONDO_0012476,930,2,ambas
MONDO_0012479,Orphanet_83620,931,2,ambas
Orphanet_83620,Orphanet_83620,931,2,ambas
MONDO_0012504,Orphanet_85164,932,2,ambas
Orphanet_85164,Orphanet_85164,932,2,ambas
MONDO_0012512,MONDO_0012512,933,2,ambas
Orphanet_168566,MONDO_0012512,933,2,ambas
MONDO_0012514,Orphanet_85163,934,2,ambas
Orphanet_85163,Orphanet_85163,934,2,ambas
MONDO_0012521,MONDO_0012521,935,2,ambas
Orphanet_1930,MONDO_0012521,935,2,ambas
MONDO_0012530,MONDO_0012530,936,2,ambas
Orphanet_85112,MONDO_0012530,936,2,ambas
MONDO_0012531,MONDO_0012531,937,2,xrefs
Orphanet_276252,MONDO_0012531,937,2,xrefs
MONDO_0012557,MONDO_0012557,938,2,ambas
Orphanet_91130,MONDO_0012557,938,2,ambas
MONDO_0012580,MONDO_0012580,939,2,ambas
Orphanet_264675,MONDO_0012580,939,2,ambas
MONDO_0012588,MONDO_0012588,940,2,ambas
Orphanet_228366,MONDO_0012588,940,2,ambas
MONDO_0012596,Orphanet_284417,941,2,ambas
Orphanet_284417,Orphanet_284417,941,2,ambas
MONDO_0012605,Orphanet_251279,942,2,ambas
Orphanet_251279,Orphanet_251279,942,2,ambas
MONDO_0012622,MONDO_0012622,943,2,ambas
Orphanet_137898,MONDO_0012622,943,2,ambas
MONDO_0012634,MONDO_0012634,944,2,sssom
Orphanet_314555,MONDO_0012634,944,2,sssom
MONDO_0012639,MONDO_0012639,945,2,ambas
Orphanet_209951,MONDO_0012639,945,2,ambas
MONDO_0012643,Orphanet_171622,946,2,ambas
Orphanet_171622,Orphanet_171622,946,2,ambas
MONDO_0012656,MONDO_0012656,947,2,ambas
Orphanet_137783,MONDO_0012656,947,2,ambas
MONDO_0012664,Orphanet_314603,948,2,ambas
Orphanet_314603,Orphanet_314603,948,2,ambas
MONDO_0012679,Orphanet_210110,949,2,ambas
Orphanet_210110,Orphanet_210110,949,2,ambas
MONDO_0012682,MONDO_0012682,950,2,ambas
Orphanet_331226,MONDO_0012682,950,2,ambas
MONDO_0012700,MONDO_0012700,951,2,ambas
Orphanet_93610,MONDO_0012700,951,2,ambas
MONDO_0012724,MONDO_0012724,952,2,ambas
Orphanet_247868,MONDO_0012724,952,2,ambas
MONDO_0012726,MONDO_0012726,953,2,ambas
Orphanet_73229,MONDO_0012726,953,2,ambas
MONDO_0012739,MONDO_0012739,954,2,ambas
Orphanet_139450,MONDO_0012739,954,2,ambas
MONDO_0012740,MONDO_0012740,955,2,ambas
Orphanet_261330,MONDO_0012740,955,2,ambas
MONDO_0012750,MONDO_0012750,956,2,sssom
Orphanet_53696,MONDO_0012750,956,2,sssom
MONDO_0012757,MONDO_0012757,957,2,ambas
Orphanet_137631,MONDO_0012757,957,2,ambas
MONDO_0012761,MONDO_0012761,958,2,ambas
Orphanet_251038,MONDO_0012761,958,2,ambas
MONDO_0012766,Orphanet_171612,959,2,ambas
Orphanet_171612,Orphanet_171612,959,2,ambas
MONDO_0012774,Orphanet_199318,960,2,ambas
Orphanet_199318,Orphanet_199318,960,2,ambas
MONDO_0012786,MONDO_0012786,961,2,ambas
Orphanet_247794,MONDO_0012786,961,2,ambas
MONDO_0012787,MONDO_0012787,962,2,ambas
Orphanet_139480,MONDO_0012787,962,2,ambas
MONDO_0012792,MONDO_0012792,963,2,ambas
Orphanet_255235,MONDO_0012792,963,2,ambas
MONDO_0012802,MONDO_0012802,964,2,ambas
Orphanet_157962,MONDO_0012802,964,2,ambas
MONDO_0012805,Orphanet_98811,965,2,ambas
Orphanet_98811,Orphanet_98811,965,2,ambas
MONDO_0012807,Orphanet_158684,966,2,ambas
Orphanet_158684,Orphanet_158684,966,2,ambas
MONDO_0012824,MONDO_0012824,967,2,ambas
Orphanet_280288,MONDO_0012824,967,2,ambas
MONDO_0012833,MONDO_0012833,968,2,ambas
Orphanet_93262,MONDO_0012833,968,2,ambas
MONDO_0012853,MONDO_0012853,969,2,ambas
Orphanet_2963,MONDO_0012853,969,2,ambas
MONDO_0012854,Orphanet_140963,970,2,ambas
Orphanet_140963,Orphanet_140963,970,2,ambas
MONDO_0012859,Orphanet_178389,971,2,ambas
Orphanet_178389,Orphanet_178389,971,2,ambas
MONDO_0012866,Orphanet_171629,972,2,ambas
Orphanet_171629,Orphanet_171629,972,2,ambas
MONDO_0012867,Orphanet_171617,973,2,ambas
Orphanet_171617,Orphanet_171617,973,2,ambas
MONDO_0012892,MONDO_0012892,974,2,ambas
Orphanet_300284,MONDO_0012892,974,2,ambas
MONDO_0012901,MONDO_0012901,975,2,ambas
Orphanet_749,MONDO_0012901,975,2,ambas
MONDO_0012905,Orphanet_139441,976,2,ambas
Orphanet_139441,Orphanet_139441,976,2,ambas
MONDO_0012907,Orphanet_171844,977,2,ambas
Orphanet_171844,Orphanet_171844,977,2,ambas
MONDO_0012912,MONDO_0012912,978,2,xrefs
Orphanet_665,MONDO_0012912,978,2,xrefs
MONDO_0012914,Orphanet_250989,979,2,ambas
Orphanet_250989,Orphanet_250989,979,2,ambas
MONDO_0012915,MONDO_0012915,980,2,ambas
Orphanet_250994,MONDO_0012915,980,2,ambas
MONDO_0012928,Orphanet_171863,981,2,ambas
Orphanet_171863,Orphanet_171863,981,2,ambas
MONDO_0012929,MONDO_0012929,982,2,sssom
Orphanet_210163,MONDO_0012929,982,2,sssom
MONDO_0012984,Orphanet_171848,983,2,ambas
Orphanet_171848,Orphanet_171848,983,2,ambas
MONDO_0012992,Orphanet_199337,984,2,ambas
Orphanet_199337,Orphanet_199337,984,2,ambas
MONDO_0012996,MONDO_0012996,985,2,ambas
Orphanet_35704,MONDO_0012996,985,2,ambas
MONDO_0013016,Orphanet_99844,986,2,ambas
Orphanet_99844,Orphanet_99844,986,2,ambas
MONDO_0013035,MONDO_0013035,987,2,ambas
Orphanet_141000,MONDO_0013035,987,2,ambas
MONDO_0013038,MONDO_0013038,988,2,ambas
Orphanet_140944,MONDO_0013038,988,2,ambas
MONDO_0013053,MONDO_0013053,989,2,ambas
Orphanet_217026,MONDO_0013053,989,2,ambas
MONDO_0013056,Orphanet_353217,990,2,ambas
Orphanet_353217,Orphanet_353217,990,2,ambas
MONDO_0013060,Orphanet_199351,991,2,ambas
Orphanet_199351,Orphanet_199351,991,2,ambas
MONDO_0013082,MONDO_0013082,992,2,ambas
Orphanet_2151,MONDO_0013082,992,2,ambas
MONDO_0013090,Orphanet_217346,993,2,ambas
Orphanet_217346,Orphanet_217346,993,2,ambas
MONDO_0013099,MONDO_0013099,994,2,ambas
Orphanet_95494,MONDO_0013099,994,2,ambas
MONDO_0013115,MONDO_0013115,995,2,ambas
Orphanet_217335,MONDO_0013115,995,2,ambas
MONDO_0013116,MONDO_0013116,996,2,sssom
Orphanet_330054,MONDO_0013116,996,2,sssom
MONDO_0013127,Orphanet_93271,997,2,ambas
Orphanet_93271,Orphanet_93271,997,2,ambas
MONDO_0013128,Orphanet_217330,998,2,ambas
Orphanet_217330,Orphanet_217330,998,2,ambas
MONDO_0013132,MONDO_0013132,999,2,ambas
Orphanet_320365,MONDO_0013132,999,2,ambas
MONDO_0013150,MONDO_0013150,1000,2,ambas
Orphanet_238455,MONDO_0013150,1000,2,ambas
MONDO_0013165,Orphanet_320396,1001,2,ambas
Orphanet_320396,Orphanet_320396,1001,2,ambas
MONDO_0013166,Orphanet_2066,1002,2,ambas
Orphanet_2066,Orphanet_2066,1002,2,ambas
MONDO_0013169,MONDO_0013169,1003,2,ambas
Orphanet_329802,MONDO_0013169,1003,2,ambas
MONDO_0013176,MONDO_0013176,1004,2,sssom
Orphanet_363992,MONDO_0013176,1004,2,sssom
MONDO_0013177,Orphanet_34520,1005,2,ambas
Orphanet_34520,Orphanet_34520,1005,2,ambas
MONDO_0013179,Orphanet_320401,1006,2,ambas
Orphanet_320401,Orphanet_320401,1006,2,ambas
MONDO_0013182,MONDO_0013182,1007,2,ambas
Orphanet_217385,MONDO_0013182,1007,2,ambas
MONDO_0013184,Orphanet_92050,1008,2,ambas
Orphanet_92050,Orphanet_92050,1008,2,ambas
MONDO_0013208,Orphanet_309854,1009,2,sssom
Orphanet_309854,Orphanet_309854,1009,2,sssom
MONDO_0013212,MONDO_0013212,1010,2,ambas
Orphanet_228174,MONDO_0013212,1010,2,ambas
MONDO_0013222,MONDO_0013222,1011,2,sssom
Orphanet_399096,MONDO_0013222,1011,2,sssom
MONDO_0013223,Orphanet_401979,1012,2,ambas
Orphanet_401979,Orphanet_401979,1012,2,ambas
MONDO_0013225,Orphanet_228429,1013,2,ambas
Orphanet_228429,Orphanet_228429,1013,2,ambas
MONDO_0013226,Orphanet_221139,1014,2,ambas
Orphanet_221139,Orphanet_221139,1014,2,ambas
MONDO_0013239,Orphanet_320355,1015,2,ambas
Orphanet_320355,Orphanet_320355,1015,2,ambas
MONDO_0013254,MONDO_0013254,1016,2,xrefs
Orphanet_228418,MONDO_0013254,1016,2,xrefs
MONDO_0013256,Orphanet_94065,1017,2,ambas
Orphanet_94065,Orphanet_94065,1017,2,ambas
MONDO_0013271,Orphanet_306542,1018,2,sssom
Orphanet_306542,Orphanet_306542,1018,2,sssom
MONDO_0013273,MONDO_0013273,1019,2,ambas
Orphanet_96078,MONDO_0013273,1019,2,ambas
MONDO_0013282,MONDO_0013282,1020,2,ambas
Orphanet_60,MONDO_0013282,1020,2,ambas
MONDO_0013291,MONDO_0013291,1021,2,ambas
Orphanet_263297,MONDO_0013291,1021,2,ambas
MONDO_0013292,MONDO_0013292,1022,2,ambas
Orphanet_238750,MONDO_0013292,1022,2,ambas
MONDO_0013304,MONDO_0013304,1023,2,ambas
Orphanet_166081,MONDO_0013304,1023,2,ambas
MONDO_0013308,MONDO_0013308,1024,2,ambas
Orphanet_363972,MONDO_0013308,1024,2,ambas
MONDO_0013311,Orphanet_247820,1025,2,ambas
Orphanet_247820,Orphanet_247820,1025,2,ambas
MONDO_0013313,MONDO_0013313,1026,2,sssom
Orphanet_247827,MONDO_0013313,1026,2,sssom
MONDO_0013336,MONDO_0013336,1027,2,ambas
Orphanet_357001,MONDO_0013336,1027,2,ambas
MONDO_0013338,Orphanet_254334,1028,2,ambas
Orphanet_254334,Orphanet_254334,1028,2,ambas
MONDO_0013342,Orphanet_306511,1029,2,ambas
Orphanet_306511,Orphanet_306511,1029,2,ambas
MONDO_0013354,Orphanet_254343,1030,2,ambas
Orphanet_254343,Orphanet_254343,1030,2,ambas
MONDO_0013355,MONDO_0013355,1031,2,ambas
Orphanet_293825,MONDO_0013355,1031,2,ambas
MONDO_0013357,MONDO_0013357,1032,3,ambas
Orphanet_137634,MONDO_0013357,1032,3,ambas
Orphanet_97685,MONDO_0013357,1032,3,ambas
MONDO_0013361,Orphanet_325,1033,2,ambas
Orphanet_325,Orphanet_325,1033,2,ambas
MONDO_0013391,Orphanet_163684,1034,2,ambas
Orphanet_163684,Orphanet_163684,1034,2,ambas
MONDO_0013392,Orphanet_284289,1035,2,ambas
Orphanet_284289,Orphanet_284289,1035,2,ambas
MONDO_0013400,Orphanet_168558,1036,2,ambas
Orphanet_168558,Orphanet_168558,1036,2,ambas
MONDO_0013404,Orphanet_88618,1037,2,ambas
Orphanet_88618,Orphanet_88618,1037,2,ambas
MONDO_0013426,Orphanet_284984,1038,2,sssom
Orphanet_284984,Orphanet_284984,1038,2,sssom
MONDO_0013427,MONDO_0013427,1039,2,sssom
Orphanet_391311,MONDO_0013427,1039,2,sssom
MONDO_0013439,Orphanet_79302,1040,2,ambas
Orphanet_79302,Orphanet_79302,1040,2,ambas
MONDO_0013531,MONDO_0013531,1041,2,ambas
Orphanet_79350,MONDO_0013531,1041,2,ambas
MONDO_0013539,MONDO_0013539,1042,2,ambas
Orphanet_79507,MONDO_0013539,1042,2,ambas
MONDO_0013540,Orphanet_3226,1043,2,xrefs
Orphanet_3226,Orphanet_3226,1043,2,xrefs
MONDO_0013541,Orphanet_300570,1044,2,ambas
Orphanet_300570,Orphanet_300570,1044,2,ambas
MONDO_0013546,Orphanet_1194,1045,2,ambas
Orphanet_1194,Orphanet_1194,1045,2,ambas
MONDO_0013559,MONDO_0013559,1046,2,ambas
Orphanet_231531,MONDO_0013559,1046,2,ambas
MONDO_0013560,MONDO_0013560,1047,2,xrefs
Orphanet_231537,MONDO_0013560,1047,2,xrefs
MONDO_0013563,MONDO_0013563,1048,2,ambas
Orphanet_280633,MONDO_0013563,1048,2,ambas
MONDO_0013574,Orphanet_171719,1049,2,sssom
Orphanet_171719,Orphanet_171719,1049,2,sssom
MONDO_0013579,MONDO_0013579,1050,2,sssom
Orphanet_289307,MONDO_0013579,1050,2,sssom
MONDO_0013599,Orphanet_391487,1051,2,ambas
Orphanet_391487,Orphanet_391487,1051,2,ambas
MONDO_0013606,MONDO_0013606,1052,2,xrefs
Orphanet_280663,MONDO_0013606,1052,2,xrefs
MONDO_0013623,MONDO_0013623,1053,2,ambas
Orphanet_98885,MONDO_0013623,1053,2,ambas
MONDO_0013644,MONDO_0013644,1054,2,ambas
Orphanet_284232,MONDO_0013644,1054,2,ambas
MONDO_0013645,Orphanet_284271,1055,2,ambas
Orphanet_284271,Orphanet_284271,1055,2,ambas
MONDO_0013646,MONDO_0013646,1056,2,ambas
Orphanet_284160,MONDO_0013646,1056,2,ambas
MONDO_0013675,Orphanet_401874,1057,2,ambas
Orphanet_401874,Orphanet_401874,1057,2,ambas
MONDO_0013722,MONDO_0013722,1058,2,ambas
Orphanet_85186,MONDO_0013722,1058,2,ambas
MONDO_0013726,Orphanet_330050,1059,2,sssom
Orphanet_330050,Orphanet_330050,1059,2,sssom
MONDO_0013737,Orphanet_320391,1060,2,ambas
Orphanet_320391,Orphanet_320391,1060,2,ambas
MONDO_0013743,MONDO_0013743,1061,2,ambas
Orphanet_300345,MONDO_0013743,1061,2,ambas
MONDO_0013758,Orphanet_93114,1062,2,ambas
Orphanet_93114,Orphanet_93114,1062,2,ambas
MONDO_0013759,MONDO_0013759,1063,2,ambas
Orphanet_293822,MONDO_0013759,1063,2,ambas
MONDO_0013760,MONDO_0013760,1064,2,sssom
Orphanet_352333,MONDO_0013760,1064,2,sssom
MONDO_0013766,Orphanet_300359,1065,2,ambas
Orphanet_300359,Orphanet_300359,1065,2,ambas
MONDO_0013767,MONDO_0013767,1066,2,ambas
Orphanet_268114,MONDO_0013767,1066,2,ambas
MONDO_0013776,Orphanet_313772,1067,2,ambas
Orphanet_313772,Orphanet_313772,1067,2,ambas
MONDO_0013796,MONDO_0013796,1068,2,ambas
Orphanet_261272,MONDO_0013796,1068,2,ambas
MONDO_0013797,Orphanet_261265,1069,2,ambas
Orphanet_261265,Orphanet_261265,1069,2,ambas
MONDO_0013813,Orphanet_306734,1070,2,ambas
Orphanet_306734,Orphanet_306734,1070,2,ambas
MONDO_0013825,MONDO_0013825,1071,2,ambas
Orphanet_314373,MONDO_0013825,1071,2,ambas
MONDO_0013837,MONDO_0013837,1072,2,ambas
Orphanet_254898,MONDO_0013837,1072,2,ambas
MONDO_0013840,MONDO_0013840,1073,2,ambas
Orphanet_319678,MONDO_0013840,1073,2,ambas
MONDO_0013847,MONDO_0013847,1074,2,ambas
Orphanet_370079,MONDO_0013847,1074,2,ambas
MONDO_0013866,MONDO_0013866,1075,2,ambas
Orphanet_314629,MONDO_0013866,1075,2,ambas
MONDO_0013875,Orphanet_352328,1076,2,ambas
Orphanet_352328,Orphanet_352328,1076,2,ambas
MONDO_0013881,MONDO_0013881,1077,2,ambas
Orphanet_306504,MONDO_0013881,1077,2,ambas
MONDO_0013886,Orphanet_314647,1078,2,ambas
Orphanet_314647,Orphanet_314647,1078,2,ambas
MONDO_0013889,Orphanet_391677,1079,2,sssom
Orphanet_391677,Orphanet_391677,1079,2,sssom
MONDO_0013905,Orphanet_324262,1080,2,ambas
Orphanet_324262,Orphanet_324262,1080,2,ambas
MONDO_0013922,MONDO_0013922,1081,2,ambas
Orphanet_319675,MONDO_0013922,1081,2,ambas
MONDO_0013931,Orphanet_95433,1082,2,ambas
Orphanet_95433,Orphanet_95433,1082,2,ambas
MONDO_0013962,Orphanet_319199,1083,2,ambas
Orphanet_319199,Orphanet_319199,1083,2,ambas
MONDO_0013971,MONDO_0013971,1084,2,ambas
Orphanet_314051,MONDO_0013971,1084,2,ambas
MONDO_0013981,Orphanet_319189,1085,2,ambas
Orphanet_319189,Orphanet_319189,1085,2,ambas
MONDO_0014006,MONDO_0014006,1086,2,ambas
Orphanet_329224,MONDO_0014006,1086,2,ambas
MONDO_0014012,Orphanet_329258,1087,2,ambas
Orphanet_329258,Orphanet_329258,1087,2,ambas
MONDO_0014015,Orphanet_320411,1088,2,ambas
Orphanet_320411,Orphanet_320411,1088,2,ambas
MONDO_0014016,Orphanet_320385,1089,2,ambas
Orphanet_320385,Orphanet_320385,1089,2,ambas
MONDO_0014018,MONDO_0014018,1090,2,ambas
Orphanet_320380,MONDO_0014018,1090,2,ambas
MONDO_0014020,Orphanet_320375,1091,2,sssom
Orphanet_320375,Orphanet_320375,1091,2,sssom
MONDO_0014024,Orphanet_320370,1092,2,ambas
Orphanet_320370,Orphanet_320370,1092,2,ambas
MONDO_0014033,Orphanet_329466,1093,2,ambas
Orphanet_329466,Orphanet_329466,1093,2,ambas
MONDO_0014039,MONDO_0014039,1094,2,ambas
Orphanet_352447,MONDO_0014039,1094,2,ambas
MONDO_0014044,MONDO_0014044,1095,2,ambas
Orphanet_289553,MONDO_0014044,1095,2,ambas
MONDO_0014058,Orphanet_352712,1096,2,ambas
Orphanet_352712,Orphanet_352712,1096,2,ambas
MONDO_0014067,MONDO_0014067,1097,2,sssom
Orphanet_357175,MONDO_0014067,1097,2,sssom
MONDO_0014069,MONDO_0014069,1098,2,sssom
Orphanet_357332,MONDO_0014069,1098,2,sssom
MONDO_0014074,Orphanet_352670,1099,2,ambas
Orphanet_352670,Orphanet_352670,1099,2,ambas
MONDO_0014082,MONDO_0014082,1100,2,sssom
Orphanet_357329,MONDO_0014082,1100,2,sssom
MONDO_0014089,MONDO_0014089,1101,2,sssom
Orphanet_352662,MONDO_0014089,1101,2,sssom
MONDO_0014096,MONDO_0014096,1102,2,xrefs
Orphanet_137658,MONDO_0014096,1102,2,xrefs
MONDO_0014118,Orphanet_369852,1103,2,sssom
Orphanet_369852,Orphanet_369852,1103,2,sssom
MONDO_0014132,MONDO_0014132,1104,2,ambas
Orphanet_363424,MONDO_0014132,1104,2,ambas
MONDO_0014144,MONDO_0014144,1105,2,ambas
Orphanet_369840,MONDO_0014144,1105,2,ambas
MONDO_0014147,MONDO_0014147,1106,2,ambas
Orphanet_352709,MONDO_0014147,1106,2,ambas
MONDO_0014154,Orphanet_369867,1107,2,ambas
Orphanet_369867,Orphanet_369867,1107,2,ambas
MONDO_0014159,Orphanet_352403,1108,2,ambas
Orphanet_352403,Orphanet_352403,1108,2,ambas
MONDO_0014165,MONDO_0014165,1109,2,ambas
Orphanet_369837,MONDO_0014165,1109,2,ambas
MONDO_0014195,Orphanet_369970,1110,2,sssom
Orphanet_369970,Orphanet_369970,1110,2,sssom
MONDO_0014198,MONDO_0014198,1111,2,ambas
Orphanet_369897,MONDO_0014198,1111,2,ambas
MONDO_0014205,MONDO_0014205,1112,2,sssom
Orphanet_352577,MONDO_0014205,1112,2,sssom
MONDO_0014209,MONDO_0014209,1113,2,ambas
Orphanet_352654,MONDO_0014209,1113,2,ambas
MONDO_0014210,Orphanet_356996,1114,2,sssom
Orphanet_356996,Orphanet_356996,1114,2,sssom
MONDO_0014225,MONDO_0014225,1115,2,ambas
Orphanet_247790,MONDO_0014225,1115,2,ambas
MONDO_0014238,MONDO_0014238,1116,2,sssom
Orphanet_391307,MONDO_0014238,1116,2,sssom
MONDO_0014243,MONDO_0014243,1117,2,sssom
Orphanet_398069,MONDO_0014243,1117,2,sssom
MONDO_0014248,MONDO_0014248,1118,2,ambas
Orphanet_370943,MONDO_0014248,1118,2,ambas
MONDO_0014250,MONDO_0014250,1119,2,ambas
Orphanet_397685,MONDO_0014250,1119,2,ambas
MONDO_0014258,MONDO_0014258,1120,2,sssom
Orphanet_391376,MONDO_0014258,1120,2,sssom
MONDO_0014282,MONDO_0014282,1121,2,ambas
Orphanet_401849,MONDO_0014282,1121,2,ambas
MONDO_0014290,MONDO_0014290,1122,2,ambas
Orphanet_397725,MONDO_0014290,1122,2,ambas
MONDO_0014294,Orphanet_261183,1123,2,ambas
Orphanet_261183,Orphanet_261183,1123,2,ambas
MONDO_0014302,MONDO_0014302,1124,2,ambas
Orphanet_401785,MONDO_0014302,1124,2,ambas
MONDO_0014303,Orphanet_401810,1125,2,ambas
Orphanet_401810,Orphanet_401810,1125,2,ambas
MONDO_0014304,Orphanet_401780,1126,2,ambas
Orphanet_401780,Orphanet_401780,1126,2,ambas
MONDO_0014305,Orphanet_401805,1127,2,ambas
Orphanet_401805,Orphanet_401805,1127,2,ambas
MONDO_0014320,MONDO_0014320,1128,2,ambas
Orphanet_401777,MONDO_0014320,1128,2,ambas
MONDO_0014327,MONDO_0014327,1129,2,sssom
Orphanet_402003,MONDO_0014327,1129,2,sssom
MONDO_0014335,MONDO_0014335,1130,2,sssom
Orphanet_404437,MONDO_0014335,1130,2,sssom
MONDO_0014375,MONDO_0014375,1131,2,ambas
Orphanet_329242,MONDO_0014375,1131,2,ambas
MONDO_0014379,MONDO_0014379,1132,2,ambas
Orphanet_404448,MONDO_0014379,1132,2,ambas
MONDO_0014401,Orphanet_329191,1133,2,ambas
Orphanet_329191,Orphanet_329191,1133,2,ambas
MONDO_0014419,Orphanet_370022,1134,2,ambas
Orphanet_370022,Orphanet_370022,1134,2,ambas
MONDO_0014471,Orphanet_254913,1135,2,ambas
Orphanet_254913,Orphanet_254913,1135,2,ambas
MONDO_0014474,Orphanet_352479,1136,2,ambas
Orphanet_352479,Orphanet_352479,1136,2,ambas
MONDO_0014476,Orphanet_401953,1137,2,sssom
Orphanet_401953,Orphanet_401953,1137,2,sssom
MONDO_0014530,Orphanet_363432,1138,2,ambas
Orphanet_363432,Orphanet_363432,1138,2,ambas
MONDO_0014566,Orphanet_397735,1139,2,ambas
Orphanet_397735,Orphanet_397735,1139,2,ambas
MONDO_0014601,Orphanet_397709,1140,2,ambas
Orphanet_397709,Orphanet_397709,1140,2,ambas
MONDO_0014658,Orphanet_85165,1141,2,ambas
Orphanet_85165,Orphanet_85165,1141,2,ambas
MONDO_0014733,MONDO_0014733,1142,2,ambas
Orphanet_391351,MONDO_0014733,1142,2,ambas
MONDO_0014773,Orphanet_369891,1143,2,sssom
Orphanet_369891,Orphanet_369891,1143,2,sssom
MONDO_0014804,MONDO_0014804,1144,2,sssom
Orphanet_255132,MONDO_0014804,1144,2,sssom
MONDO_0014846,MONDO_0014846,1145,2,sssom
Orphanet_404493,MONDO_0014846,1145,2,sssom
MONDO_0015033,Orphanet_100006,1146,2,ambas
Orphanet_100006,Orphanet_100006,1146,2,ambas
MONDO_0015047,Orphanet_100031,1147,2,sssom
Orphanet_100031,Orphanet_100031,1147,2,sssom
MONDO_0015048,Orphanet_100033,1148,2,sssom
Orphanet_100033,Orphanet_100033,1148,2,sssom
MONDO_0015131,MONDO_0015131,1149,2,ambas
Orphanet_101972,MONDO_0015131,1149,2,ambas
MONDO_0015151,MONDO_0015151,1150,2,ambas
Orphanet_102014,MONDO_0015151,1150,2,ambas
MONDO_0015199,Orphanet_1068,1151,2,ambas
Orphanet_1068,Orphanet_1068,1151,2,ambas
MONDO_0015201,Orphanet_1074,1152,2,ambas
Orphanet_1074,Orphanet_1074,1152,2,ambas
MONDO_0015253,Orphanet_124,1153,2,ambas
Orphanet_124,Orphanet_124,1153,2,ambas
MONDO_0015279,Orphanet_1334,1154,2,sssom
Orphanet_1334,Orphanet_1334,1154,2,sssom
MONDO_0015281,MONDO_0015281,1155,2,ambas
Orphanet_1344,MONDO_0015281,1155,2,ambas
MONDO_0015293,MONDO_0015293,1156,2,ambas
Orphanet_137608,MONDO_0015293,1156,2,ambas
MONDO_0015300,Orphanet_1377,1157,2,ambas
Orphanet_1377,Orphanet_1377,1157,2,ambas
MONDO_0015356,MONDO_0015356,1158,2,ambas
Orphanet_140162,MONDO_0015356,1158,2,ambas
MONDO_0015426,Orphanet_1425,1159,2,ambas
Orphanet_1425,Orphanet_1425,1159,2,ambas
MONDO_0015448,Orphanet_1460,1160,2,ambas
Orphanet_1460,Orphanet_1460,1160,2,ambas
MONDO_0015463,Orphanet_1514,1161,2,ambas
Orphanet_1514,Orphanet_1514,1161,2,ambas
MONDO_0015587,Orphanet_163721,1162,2,ambas
Orphanet_163721,Orphanet_163721,1162,2,ambas
MONDO_0015609,Orphanet_164736,1163,2,ambas
Orphanet_164736,Orphanet_164736,1163,2,ambas
MONDO_0015653,Orphanet_166472,1164,2,sssom
Orphanet_166472,Orphanet_166472,1164,2,sssom
MONDO_0015700,Orphanet_169150,1165,2,ambas
Orphanet_169150,Orphanet_169150,1165,2,ambas
MONDO_0015748,Orphanet_171723,1166,2,ambas
Orphanet_171723,Orphanet_171723,1166,2,ambas
MONDO_0015830,MONDO_0015830,1167,2,sssom
Orphanet_180068,MONDO_0015830,1167,2,sssom
MONDO_0015951,MONDO_0015951,1168,2,ambas
Orphanet_183490,MONDO_0015951,1168,2,ambas
MONDO_0015962,MONDO_0015962,1169,2,sssom
Orphanet_183592,MONDO_0015962,1169,2,sssom
MONDO_0015993,Orphanet_1872,1170,2,ambas
Orphanet_1872,Orphanet_1872,1170,2,ambas
MONDO_0016002,MONDO_0016002,1171,2,ambas
Orphanet_1900,MONDO_0016002,1171,2,ambas
MONDO_0016027,Orphanet_1949,1172,2,ambas
Orphanet_1949,Orphanet_1949,1172,2,ambas
MONDO_0016146,MONDO_0016146,1173,2,ambas
Orphanet_207078,MONDO_0016146,1173,2,ambas
MONDO_0016160,Orphanet_2076,1174,2,sssom
Orphanet_2076,Orphanet_2076,1174,2,sssom
MONDO_0016215,Orphanet_210141,1175,2,ambas
Orphanet_210141,Orphanet_210141,1175,2,ambas
MONDO_0016294,MONDO_0016294,1176,2,ambas
Orphanet_2150,MONDO_0016294,1176,2,ambas
MONDO_0016297,Orphanet_216445,1177,2,xrefs
Orphanet_216445,Orphanet_216445,1177,2,xrefs
MONDO_0016298,Orphanet_216452,1178,2,xrefs
Orphanet_216452,Orphanet_216452,1178,2,xrefs
MONDO_0016366,MONDO_0016366,1179,2,ambas
Orphanet_2209,MONDO_0016366,1179,2,ambas
MONDO_0016390,MONDO_0016390,1180,2,ambas
Orphanet_2238,MONDO_0016390,1180,2,ambas
MONDO_0016395,MONDO_0016395,1181,2,sssom
Orphanet_2253,MONDO_0016395,1181,2,sssom
MONDO_0016419,Orphanet_227535,1182,2,ambas
Orphanet_227535,Orphanet_227535,1182,2,ambas
MONDO_0016424,Orphanet_228012,1183,2,ambas
Orphanet_228012,Orphanet_228012,1183,2,ambas
MONDO_0016433,MONDO_0016433,1184,2,ambas
Orphanet_2282,MONDO_0016433,1184,2,ambas
MONDO_0016483,Orphanet_231160,1185,2,ambas
Orphanet_231160,Orphanet_231160,1185,2,ambas
MONDO_0016491,MONDO_0016491,1186,2,ambas
Orphanet_231249,MONDO_0016491,1186,2,ambas
MONDO_0016521,Orphanet_2349,1187,2,ambas
Orphanet_2349,Orphanet_2349,1187,2,ambas
MONDO_0016539,Orphanet_238523,1188,2,ambas
Orphanet_238523,Orphanet_238523,1188,2,ambas
MONDO_0016542,Orphanet_238569,1189,2,ambas
Orphanet_238569,Orphanet_238569,1189,2,ambas
MONDO_0016543,Orphanet_238583,1190,2,ambas
Orphanet_238583,Orphanet_238583,1190,2,ambas
MONDO_0016576,Orphanet_2440,1191,2,ambas
Orphanet_2440,Orphanet_2440,1191,2,ambas
MONDO_0016587,MONDO_0016587,1192,2,ambas
Orphanet_247,MONDO_0016587,1192,2,ambas
MONDO_0016620,MONDO_0016620,1193,2,ambas
Orphanet_2796,MONDO_0016620,1193,2,ambas
MONDO_0016624,MONDO_0016624,1194,2,sssom
Orphanet_248296,MONDO_0016624,1194,2,sssom
MONDO_0016639,Orphanet_2487,1195,2,ambas
Orphanet_2487,Orphanet_2487,1195,2,ambas
MONDO_0016649,Orphanet_2510,1196,2,ambas
Orphanet_2510,Orphanet_2510,1196,2,ambas
MONDO_0016669,MONDO_0016669,1197,2,ambas
Orphanet_251365,MONDO_0016669,1197,2,ambas
MONDO_0016750,Orphanet_2521,1198,2,ambas
Orphanet_2521,Orphanet_2521,1198,2,ambas
MONDO_0016758,Orphanet_2523,1199,2,ambas
Orphanet_2523,Orphanet_2523,1199,2,ambas
MONDO_0016764,MONDO_0016764,1200,2,ambas
Orphanet_2542,MONDO_0016764,1200,2,ambas
MONDO_0016811,Orphanet_254902,1201,2,ambas
Orphanet_254902,Orphanet_254902,1201,2,ambas
MONDO_0016817,Orphanet_2554,1202,2,ambas
Orphanet_2554,Orphanet_2554,1202,2,ambas
MONDO_0016825,MONDO_0016825,1203,2,ambas
Orphanet_2597,MONDO_0016825,1203,2,ambas
MONDO_0016981,Orphanet_263410,1204,2,sssom
Orphanet_263410,Orphanet_263410,1204,2,sssom
MONDO_0017079,MONDO_0017079,1205,2,ambas
Orphanet_268820,MONDO_0017079,1205,2,ambas
MONDO_0017123,Orphanet_2697,1206,2,ambas
Orphanet_2697,Orphanet_2697,1206,2,ambas
MONDO_0017162,Orphanet_2759,1207,2,ambas
Orphanet_2759,Orphanet_2759,1207,2,ambas
MONDO_0017232,MONDO_0017232,1208,2,ambas
Orphanet_280384,MONDO_0017232,1208,2,ambas
MONDO_0017279,Orphanet_2828,1209,2,ambas
Orphanet_2828,Orphanet_2828,1209,2,ambas
MONDO_0017283,Orphanet_284169,1210,2,sssom
Orphanet_284169,Orphanet_284169,1210,2,sssom
MONDO_0017338,Orphanet_289573,1211,2,ambas
Orphanet_289573,Orphanet_289573,1211,2,ambas
MONDO_0017350,MONDO_0017350,1212,2,ambas
Orphanet_289829,MONDO_0017350,1212,2,ambas
MONDO_0017351,MONDO_0017351,1213,2,sssom
Orphanet_289832,MONDO_0017351,1213,2,sssom
MONDO_0017355,MONDO_0017355,1214,2,ambas
Orphanet_289866,MONDO_0017355,1214,2,ambas
MONDO_0017356,MONDO_0017356,1215,2,ambas
Orphanet_289869,MONDO_0017356,1215,2,ambas
MONDO_0017393,MONDO_0017393,1216,2,sssom
Orphanet_293642,MONDO_0017393,1216,2,sssom
MONDO_0017400,MONDO_0017400,1217,2,ambas
Orphanet_293864,MONDO_0017400,1217,2,ambas
MONDO_0017407,Orphanet_293978,1218,2,sssom
Orphanet_293978,Orphanet_293978,1218,2,sssom
MONDO_0017408,Orphanet_293987,1219,2,ambas
Orphanet_293987,Orphanet_293987,1219,2,ambas
MONDO_0017454,Orphanet_2950,1220,2,xrefs
Orphanet_2950,Orphanet_2950,1220,2,xrefs
MONDO_0017573,Orphanet_2973,1221,2,ambas
Orphanet_2973,Orphanet_2973,1221,2,ambas
MONDO_0017579,Orphanet_2995,1222,2,ambas
Orphanet_2995,Orphanet_2995,1222,2,ambas
MONDO_0017627,Orphanet_306530,1223,2,ambas
Orphanet_306530,Orphanet_306530,1223,2,ambas
MONDO_0017686,MONDO_0017686,1224,2,ambas
Orphanet_308448,MONDO_0017686,1224,2,ambas
MONDO_0017748,MONDO_0017748,1225,2,sssom
Orphanet_309515,MONDO_0017748,1225,2,sssom
MONDO_0017754,MONDO_0017754,1226,2,ambas
Orphanet_309813,MONDO_0017754,1226,2,ambas
MONDO_0017755,MONDO_0017755,1227,2,ambas
Orphanet_309816,MONDO_0017755,1227,2,ambas
MONDO_0017758,Orphanet_309827,1228,2,sssom
Orphanet_309827,Orphanet_309827,1228,2,sssom
MONDO_0017771,MONDO_0017771,1229,2,ambas
Orphanet_3109,MONDO_0017771,1229,2,ambas
MONDO_0017813,Orphanet_314679,1230,2,ambas
Orphanet_314679,Orphanet_314679,1230,2,ambas
MONDO_0017836,Orphanet_315,1231,2,ambas
Orphanet_315,Orphanet_315,1231,2,ambas
MONDO_0017856,Orphanet_3175,1232,2,sssom
Orphanet_3175,Orphanet_3175,1232,2,sssom
MONDO_0017924,Orphanet_3240,1233,2,ambas
Orphanet_3240,Orphanet_3240,1233,2,ambas
MONDO_0017939,Orphanet_324604,1234,2,sssom
Orphanet_324604,Orphanet_324604,1234,2,sssom
MONDO_0017945,MONDO_0017945,1235,2,ambas
Orphanet_324703,MONDO_0017945,1235,2,ambas
MONDO_0017946,MONDO_0017946,1236,2,ambas
Orphanet_324708,MONDO_0017946,1236,2,ambas
MONDO_0017947,MONDO_0017947,1237,2,ambas
Orphanet_324713,MONDO_0017947,1237,2,ambas
MONDO_0017948,Orphanet_324718,1238,2,ambas
Orphanet_324718,Orphanet_324718,1238,2,ambas
MONDO_0017949,Orphanet_324723,1239,2,ambas
Orphanet_324723,Orphanet_324723,1239,2,ambas
MONDO_0018023,MONDO_0018023,1240,2,sssom
Orphanet_330041,MONDO_0018023,1240,2,sssom
MONDO_0018050,MONDO_0018050,1241,2,ambas
Orphanet_3329,MONDO_0018050,1241,2,ambas
MONDO_0018098,MONDO_0018098,1242,2,xrefs
Orphanet_34517,MONDO_0018098,1242,2,xrefs
MONDO_0018155,Orphanet_35689,1243,2,ambas
Orphanet_35689,Orphanet_35689,1243,2,ambas
MONDO_0018160,MONDO_0018160,1244,2,ambas
Orphanet_357027,MONDO_0018160,1244,2,ambas
MONDO_0018189,Orphanet_363429,1245,2,ambas
Orphanet_363429,Orphanet_363429,1245,2,ambas
MONDO_0018208,Orphanet_363700,1246,2,sssom
Orphanet_363700,Orphanet_363700,1246,2,sssom
MONDO_0018212,MONDO_0018212,1247,2,xrefs
Orphanet_36382,MONDO_0018212,1247,2,xrefs
MONDO_0018214,Orphanet_36387,1248,2,ambas
Orphanet_36387,Orphanet_36387,1248,2,ambas
MONDO_0018216,MONDO_0018216,1249,2,sssom
Orphanet_363958,MONDO_0018216,1249,2,sssom
MONDO_0018230,MONDO_0018230,1250,2,ambas
Orphanet_364526,MONDO_0018230,1250,2,ambas
MONDO_0018266,MONDO_0018266,1251,2,ambas
Orphanet_370109,MONDO_0018266,1251,2,ambas
MONDO_0018276,MONDO_0018276,1252,2,sssom
Orphanet_370953,MONDO_0018276,1252,2,sssom
MONDO_0018306,MONDO_0018306,1253,2,ambas
Orphanet_381,MONDO_0018306,1253,2,ambas
MONDO_0018424,MONDO_0018424,1254,2,ambas
Orphanet_401854,MONDO_0018424,1254,2,ambas
MONDO_0018431,MONDO_0018431,1255,2,sssom
Orphanet_401993,MONDO_0018431,1255,2,sssom
MONDO_0018445,MONDO_0018445,1256,2,sssom
Orphanet_404476,MONDO_0018445,1256,2,sssom
MONDO_0018446,MONDO_0018446,1257,2,sssom
Orphanet_404481,MONDO_0018446,1257,2,sssom
MONDO_0018544,MONDO_0018544,1258,2,ambas
Orphanet_43,MONDO_0018544,1258,2,ambas
MONDO_0018749,MONDO_0018749,1259,2,ambas
Orphanet_46532,MONDO_0018749,1259,2,ambas
MONDO_0018768,MONDO_0018768,1260,2,ambas
Orphanet_47045,MONDO_0018768,1260,2,ambas
MONDO_0018866,MONDO_0018866,1261,2,ambas
Orphanet_51,MONDO_0018866,1261,2,ambas
MONDO_0018870,MONDO_0018870,1262,2,ambas
Orphanet_51608,MONDO_0018870,1262,2,ambas
MONDO_0018878,Orphanet_52429,1263,2,ambas
Orphanet_52429,Orphanet_52429,1263,2,ambas
MONDO_0018911,Orphanet_552,1264,2,ambas
Orphanet_552,Orphanet_552,1264,2,ambas
MONDO_0018940,Orphanet_590,1265,2,ambas
Orphanet_590,Orphanet_590,1265,2,ambas
MONDO_0018950,Orphanet_6,1266,2,ambas
Orphanet_6,Orphanet_6,1266,2,ambas
MONDO_0018994,MONDO_0018994,1267,2,ambas
Orphanet_64747,MONDO_0018994,1267,2,ambas
MONDO_0018996,Orphanet_64753,1268,2,ambas
Orphanet_64753,Orphanet_64753,1268,2,ambas
MONDO_0019004,Orphanet_654,1269,2,ambas
Orphanet_654,Orphanet_654,1269,2,ambas
MONDO_0019026,Orphanet_667,1270,2,ambas
Orphanet_667,Orphanet_667,1270,2,ambas
MONDO_0019040,MONDO_0019040,1271,2,ambas
Orphanet_68335,MONDO_0019040,1271,2,ambas
MONDO_0019078,Orphanet_7,1272,2,ambas
Orphanet_7,Orphanet_7,1272,2,ambas
MONDO_0019128,MONDO_0019128,1273,2,sssom
Orphanet_73217,MONDO_0019128,1273,2,sssom
MONDO_0019130,Orphanet_73224,1274,2,ambas
Orphanet_73224,Orphanet_73224,1274,2,ambas
MONDO_0019171,MONDO_0019171,1275,2,ambas
Orphanet_101016,MONDO_0019171,1275,2,ambas
MONDO_0019181,Orphanet_777,1276,2,ambas
Orphanet_777,Orphanet_777,1276,2,ambas
MONDO_0019182,MONDO_0019182,1277,2,sssom
Orphanet_77828,MONDO_0019182,1277,2,sssom
MONDO_0019189,MONDO_0019189,1278,2,sssom
Orphanet_79062,MONDO_0019189,1278,2,sssom
MONDO_0019195,Orphanet_79091,1279,2,ambas
Orphanet_79091,Orphanet_79091,1279,2,ambas
MONDO_0019211,Orphanet_79143,1280,2,ambas
Orphanet_79143,Orphanet_79143,1280,2,ambas
MONDO_0019214,MONDO_0019214,1281,2,ambas
Orphanet_79161,MONDO_0019214,1281,2,ambas
MONDO_0019216,MONDO_0019216,1282,2,sssom
Orphanet_79166,MONDO_0019216,1282,2,sssom
MONDO_0019218,MONDO_0019218,1283,2,ambas
Orphanet_79168,MONDO_0019218,1283,2,ambas
MONDO_0019219,Orphanet_79169,1284,2,sssom
Orphanet_79169,Orphanet_79169,1284,2,sssom
MONDO_0019222,MONDO_0019222,1285,2,ambas
Orphanet_79173,MONDO_0019222,1285,2,ambas
MONDO_0019223,MONDO_0019223,1286,2,sssom
Orphanet_79174,MONDO_0019223,1286,2,sssom
MONDO_0019229,MONDO_0019229,1287,2,ambas
Orphanet_79183,MONDO_0019229,1287,2,ambas
MONDO_0019230,MONDO_0019230,1288,2,sssom
Orphanet_79185,MONDO_0019230,1288,2,sssom
MONDO_0019233,Orphanet_79188,1289,2,sssom
Orphanet_79188,Orphanet_79188,1289,2,sssom
MONDO_0019234,MONDO_0019234,1290,2,ambas
Orphanet_79189,MONDO_0019234,1290,2,ambas
MONDO_0019235,MONDO_0019235,1291,2,sssom
Orphanet_79190,MONDO_0019235,1291,2,sssom
MONDO_0019236,Orphanet_79191,1292,2,ambas
Orphanet_79191,Orphanet_79191,1292,2,ambas
MONDO_0019237,MONDO_0019237,1293,2,ambas
Orphanet_79192,MONDO_0019237,1293,2,ambas
MONDO_0019238,MONDO_0019238,1294,2,ambas
Orphanet_79193,MONDO_0019238,1294,2,ambas
MONDO_0019239,MONDO_0019239,1295,2,ambas
Orphanet_79194,MONDO_0019239,1295,2,ambas
MONDO_0019241,MONDO_0019241,1296,2,sssom
Orphanet_79196,MONDO_0019241,1296,2,sssom
MONDO_0019242,MONDO_0019242,1297,2,ambas
Orphanet_79197,MONDO_0019242,1297,2,ambas
MONDO_0019243,MONDO_0019243,1298,2,ambas
Orphanet_79200,MONDO_0019243,1298,2,ambas
MONDO_0019245,MONDO_0019245,1299,2,ambas
Orphanet_79204,MONDO_0019245,1299,2,ambas
MONDO_0019246,MONDO_0019246,1300,2,sssom
Orphanet_79207,MONDO_0019246,1300,2,sssom
MONDO_0019250,MONDO_0019250,1301,2,sssom
Orphanet_79214,MONDO_0019250,1301,2,sssom
MONDO_0019254,MONDO_0019254,1302,2,sssom
Orphanet_79224,MONDO_0019254,1302,2,sssom
MONDO_0019259,MONDO_0019259,1303,2,ambas
Orphanet_79254,MONDO_0019259,1303,2,ambas
MONDO_0019284,Orphanet_79369,1304,2,ambas
Orphanet_79369,Orphanet_79369,1304,2,ambas
MONDO_0019307,Orphanet_79402,1305,2,ambas
Orphanet_79402,Orphanet_79402,1305,2,ambas
MONDO_0019346,Orphanet_812,1306,2,ambas
Orphanet_812,Orphanet_812,1306,2,ambas
MONDO_0019375,MONDO_0019375,1307,2,ambas
Orphanet_83473,MONDO_0019375,1307,2,ambas
MONDO_0019402,MONDO_0019402,1308,2,ambas
Orphanet_848,MONDO_0019402,1308,2,ambas
MONDO_0019416,MONDO_0019416,1309,2,ambas
Orphanet_85317,MONDO_0019416,1309,2,ambas
MONDO_0019443,Orphanet_860,1310,2,ambas
Orphanet_860,Orphanet_860,1310,2,ambas
MONDO_0019489,Orphanet_86918,1311,2,ambas
Orphanet_86918,Orphanet_86918,1311,2,ambas
MONDO_0019490,Orphanet_871,1312,2,ambas
Orphanet_871,Orphanet_871,1312,2,ambas
MONDO_0019497,MONDO_0019497,1313,2,ambas
Orphanet_87884,MONDO_0019497,1313,2,ambas
MONDO_0019503,MONDO_0019503,1314,2,ambas
Orphanet_88632,MONDO_0019503,1314,2,ambas
MONDO_0019516,MONDO_0019516,1315,2,ambas
Orphanet_891,MONDO_0019516,1315,2,ambas
MONDO_0019565,Orphanet_903,1316,2,ambas
Orphanet_903,Orphanet_903,1316,2,ambas
MONDO_0019567,MONDO_0019567,1317,2,xrefs
Orphanet_90309,MONDO_0019567,1317,2,xrefs
MONDO_0019568,Orphanet_90318,1318,2,xrefs
Orphanet_90318,Orphanet_90318,1318,2,xrefs
MONDO_0019577,Orphanet_90390,1319,2,sssom
Orphanet_90390,Orphanet_90390,1319,2,sssom
MONDO_0019609,Orphanet_912,1320,2,ambas
Orphanet_912,Orphanet_912,1320,2,ambas
MONDO_0019629,MONDO_0019629,1321,2,ambas
Orphanet_91490,MONDO_0019629,1321,2,ambas
MONDO_0019636,MONDO_0019636,1322,2,ambas
Orphanet_93100,MONDO_0019636,1322,2,ambas
MONDO_0019642,Orphanet_93160,1323,2,ambas
Orphanet_93160,Orphanet_93160,1323,2,ambas
MONDO_0019666,MONDO_0019666,1324,2,ambas
Orphanet_93282,MONDO_0019666,1324,2,ambas
MONDO_0019732,Orphanet_93561,1325,2,sssom
Orphanet_93561,Orphanet_93561,1325,2,sssom
MONDO_0019772,MONDO_0019772,1326,2,ambas
Orphanet_93964,MONDO_0019772,1326,2,ambas
MONDO_0019792,MONDO_0019792,1327,2,ambas
Orphanet_94145,MONDO_0019792,1327,2,ambas
MONDO_0019793,MONDO_0019793,1328,2,ambas
Orphanet_94148,MONDO_0019793,1328,2,ambas
MONDO_0019794,MONDO_0019794,1329,2,sssom
Orphanet_94149,MONDO_0019794,1329,2,sssom
MONDO_0019804,MONDO_0019804,1330,2,ambas
Orphanet_95430,MONDO_0019804,1330,2,ambas
MONDO_0019852,Orphanet_95710,1331,2,ambas
Orphanet_95710,Orphanet_95710,1331,2,ambas
MONDO_0019980,MONDO_0019980,1332,2,ambas
Orphanet_97362,MONDO_0019980,1332,2,ambas
MONDO_0020074,MONDO_0020074,1333,2,ambas
Orphanet_98261,MONDO_0020074,1333,2,ambas
MONDO_0020099,MONDO_0020099,1334,2,sssom
Orphanet_98362,MONDO_0020099,1334,2,sssom
MONDO_0020135,Orphanet_98523,1335,2,ambas
Orphanet_98523,Orphanet_98523,1335,2,ambas
MONDO_0020249,MONDO_0020249,1336,2,sssom
Orphanet_98671,MONDO_0020249,1336,2,sssom
MONDO_0020337,Orphanet_98869,1337,2,ambas
Orphanet_98869,Orphanet_98869,1337,2,ambas
MONDO_0020344,Orphanet_98913,1338,2,sssom
Orphanet_98913,Orphanet_98913,1338,2,sssom
MONDO_0020367,Orphanet_98977,1339,2,ambas
Orphanet_98977,Orphanet_98977,1339,2,ambas
MONDO_0020372,Orphanet_98985,1340,2,sssom
Orphanet_98985,Orphanet_98985,1340,2,sssom
MONDO_0020373,Orphanet_98988,1341,2,sssom
Orphanet_98988,Orphanet_98988,1341,2,sssom
MONDO_0020377,Orphanet_98992,1342,2,sssom
Orphanet_98992,Orphanet_98992,1342,2,sssom
MONDO_0020378,Orphanet_98993,1343,2,sssom
Orphanet_98993,Orphanet_98993,1343,2,sssom
MONDO_0020488,MONDO_0020488,1344,2,ambas
Orphanet_99750,MONDO_0020488,1344,2,ambas
MONDO_0020603,MONDO_0020603,1345,2,ambas
Orphanet_35173,MONDO_0020603,1345,2,ambas
MONDO_0021018,Orphanet_34516,1346,2,ambas
Orphanet_34516,Orphanet_34516,1346,2,ambas
MONDO_0021055,Orphanet_733,1347,2,ambas
Orphanet_733,Orphanet_733,1347,2,ambas
MONDO_0021181,MONDO_0021181,1348,2,ambas
Orphanet_183654,MONDO_0021181,1348,2,ambas
MONDO_0021548,Orphanet_98994,1349,2,sssom
Orphanet_98994,Orphanet_98994,1349,2,sssom
MONDO_0021569,MONDO_0021569,1350,2,xrefs
Orphanet_264,MONDO_0021569,1350,2,xrefs
MONDO_0021651,Orphanet_93403,1351,2,ambas
Orphanet_93403,Orphanet_93403,1351,2,ambas
MONDO_0022754,MONDO_0022754,1352,2,ambas
Orphanet_261965,MONDO_0022754,1352,2,ambas
MONDO_0022756,MONDO_0022756,1353,2,ambas
Orphanet_262001,MONDO_0022756,1353,2,ambas
MONDO_0022760,MONDO_0022760,1354,2,sssom
Orphanet_262182,MONDO_0022760,1354,2,sssom
MONDO_0022800,MONDO_0022800,1355,2,ambas
Orphanet_93421,MONDO_0022800,1355,2,ambas
MONDO_0024237,MONDO_0024237,1356,2,ambas
Orphanet_183500,MONDO_0024237,1356,2,ambas
MONDO_0024257,MONDO_0024257,1357,2,ambas
Orphanet_98505,MONDO_0024257,1357,2,ambas
MONDO_0024568,Orphanet_370088,1358,2,ambas
Orphanet_370088,Orphanet_370088,1358,2,ambas
MONDO_0031213,Orphanet_1662,1359,2,ambas
Orphanet_1662,Orphanet_1662,1359,2,ambas
MONDO_0031219,MONDO_0031219,1360,2,ambas
Orphanet_252202,MONDO_0031219,1360,2,ambas
MONDO_0031415,Orphanet_1358,1361,2,sssom
Orphanet_1358,Orphanet_1358,1361,2,sssom
MONDO_0033885,MONDO_0033885,1362,2,sssom
Orphanet_254905,MONDO_0033885,1362,2,sssom
MONDO_0044807,MONDO_0044807,1363,2,ambas
Orphanet_391799,MONDO_0044807,1363,2,ambas
MONDO_0100176,Orphanet_280763,1364,2,sssom
Orphanet_280763,Orphanet_280763,1364,2,sssom
MONDO_0100234,MONDO_0100234,1365,2,ambas
Orphanet_228140,MONDO_0100234,1365,2,ambas
MONDO_0100350,Orphanet_139536,1366,2,sssom
Orphanet_139536,Orphanet_139536,1366,2,sssom
MONDO_0700275,Orphanet_1331,1367,2,ambas
Orphanet_1331,Orphanet_1331,1367,2,ambas
MONDO_0700282,Orphanet_289494,1368,2,xrefs
Orphanet_289494,Orphanet_289494,1368,2,xrefs
MONDO_0800025,MONDO_0800025,1369,2,ambas
Orphanet_1519,MONDO_0800025,1369,2,ambas
MONDO_0800026,MONDO_0800026,1370,2,ambas
Orphanet_661,MONDO_0800026,1370,2,ambas
MONDO_0800027,Orphanet_313808,1371,2,ambas
Orphanet_313808,Orphanet_313808,1371,2,ambas
MONDO_0800028,Orphanet_324588,1372,2,ambas
Orphanet_324588,Orphanet_324588,1372,2,ambas
MONDO_0800044,MONDO_0800044,1373,2,ambas
Orphanet_404454,MONDO_0800044,1373,2,ambas
MONDO_0800378,Orphanet_90796,1374,2,sssom
Orphanet_90796,Orphanet_90796,1374,2,sssom
MONDO_0800445,Orphanet_122,1375,2,ambas
Orphanet_122,Orphanet_122,1375,2,ambas
MONDO_0800448,Orphanet_135,1376,2,ambas
Orphanet_135,Orphanet_135,1376,2,ambas
MONDO_0968955,Orphanet_100032,1377,2,sssom
Orphanet_100032,Orphanet_100032,1377,2,sssom
MONDO_8000011,Orphanet_99811,1378,2,ambas
Orphanet_99811,Orphanet_99811,1378,2,ambas
MONDO_8000015,Orphanet_983,1379,2,ambas
Orphanet_983,Orphanet_983,1379,2,ambas
